dataset,method,seed,param1_name,param1_value,param2_name,param2_value,AUROC_kNN,AUROC_LOF,AUROC_IF,AUROC_centroid,AUROC_linear,AUPRC_kNN,AUPRC_LOF,AUPRC_IF,AUPRC_centroid,AUPRC_linear
cifar,HIGH-D,0,,,,,0.6081575203025508,0.5786907269539115,0.5946506586719569,0.6018926138094495,0.9902141891239254,0.12591099931240118,0.11541981264762449,0.12083387131148497,0.12399262388603596,0.9344474922089493
cifar,HIGH-D,1,,,,,0.6081575203025508,0.5786907269539115,0.5946506586719569,0.6018926138094495,0.9902141891239254,0.12591099931240118,0.11541981264762449,0.12083387131148497,0.12399262388603596,0.9344474922089493
cifar,HIGH-D,2,,,,,0.6081575203025508,0.5786907269539115,0.5946506586719569,0.6018926138094495,0.9902141891239254,0.12591099931240118,0.11541981264762449,0.12083387131148497,0.12399262388603596,0.9344474922089493
cifar,HIGH-D,3,,,,,0.6081575203025508,0.5786907269539115,0.5946506586719569,0.6018926138094495,0.9902141891239254,0.12591099931240118,0.11541981264762449,0.12083387131148497,0.12399262388603596,0.9344474922089493
cifar,HIGH-D,4,,,,,0.6081575203025508,0.5786907269539115,0.5946506586719569,0.6018926138094495,0.9902141891239254,0.12591099931240118,0.11541981264762449,0.12083387131148497,0.12399262388603596,0.9344474922089493
cifar,DR-SNE,0,lambda,0.0,k_density,40.0,0.5901183417664148,0.516444508838018,0.571371685278886,0.5453480132105892,0.7396778339983209,0.12813175168589355,0.10920017377781092,0.12580143624680465,0.12492983599619115,0.21862041404828483
cifar,DR-SNE,0,lambda,0.0,k_density,80.0,0.5884451924005676,0.48058046162762186,0.5717833552519151,0.5608472832103665,0.7070112527769729,0.12008073155200055,0.0973031177044813,0.1203296773587935,0.11777281063615619,0.17167856554989191
cifar,DR-SNE,0,lambda,0.0,k_density,300.0,0.6345819494906716,0.506349655246714,0.5631166923002624,0.5232552901797324,0.7868487580708676,0.12530624302655505,0.09646397466797753,0.1081643302458497,0.09891896193195937,0.25825030676117217
cifar,DR-SNE,0,lambda,5e-05,k_density,40.0,0.5898536470291034,0.5091356834510993,0.559659175341224,0.5364326765188835,0.7483008455371538,0.12435165628649181,0.10043948349969438,0.12096502741626287,0.12022103331076534,0.2193154296782664
cifar,DR-SNE,0,lambda,5e-05,k_density,80.0,0.5840568322819844,0.5003088105268633,0.5559332486310173,0.544090248831628,0.7294531871103879,0.11815131806632628,0.0995392236524967,0.11472216336004629,0.11461274991014789,0.19512851747183738
cifar,DR-SNE,0,lambda,5e-05,k_density,300.0,0.6536850151201065,0.5116969533171358,0.6049846662803051,0.5580930648121317,0.8131919213308666,0.132601300234844,0.10269388459954018,0.11786420876021539,0.1061740056971494,0.3063901162972774
cifar,DR-SNE,0,lambda,0.0001,k_density,40.0,0.587092927356619,0.5243660793229759,0.5443256878348156,0.522671800815817,0.7149915669185446,0.1251925330415342,0.11284533993526624,0.125723936829023,0.12065224516141047,0.20203311957998946
cifar,DR-SNE,0,lambda,0.0001,k_density,80.0,0.5921235204957315,0.5064657494297453,0.5710979351952983,0.5483894486176434,0.7351692003061171,0.12433301427828622,0.1019832514117433,0.12248432486567538,0.12067918775638276,0.19191022524524712
cifar,DR-SNE,0,lambda,0.0001,k_density,300.0,0.6669299682737817,0.5374273714790956,0.6106730490604729,0.5830786226957627,0.8188354917563841,0.13746630367322435,0.108850728751543,0.12341671113060043,0.11539700915401718,0.3163036621967196
cifar,DR-SNE,0,lambda,0.0002,k_density,40.0,0.5739649971394393,0.48963696884589375,0.5620035812733581,0.5337574021651101,0.7027547756503132,0.11592660139978092,0.09552736220377567,0.11940888991058346,0.11387250250768448,0.18511628571967412
cifar,DR-SNE,0,lambda,0.0002,k_density,80.0,0.5757542406883177,0.5078342676593184,0.5517803275156217,0.5365817414498956,0.7136513756696312,0.11327128964461067,0.10008012059396668,0.11110134060324237,0.11028505923174398,0.18505199939242764
cifar,DR-SNE,0,lambda,0.0002,k_density,300.0,0.6755116502834556,0.5158222440169702,0.5971151059893454,0.5524541381539353,0.8179536403420784,0.1428698142088432,0.09891269951871265,0.1225468482091503,0.1100146588425692,0.2932296880932993
cifar,DR-SNE,0,lambda,0.0005,k_density,40.0,0.5897719167242493,0.5063241145264471,0.5721037751970814,0.5423534798534798,0.7533769475960146,0.12248755203020856,0.09658109220779221,0.12368023548030446,0.12222556708479537,0.22156695491193407
cifar,DR-SNE,0,lambda,0.0005,k_density,80.0,0.6023425948628789,0.5254408792694796,0.5912121811589357,0.5705782976320501,0.7464600561710095,0.13449346961368075,0.11331856626635173,0.13176998248474348,0.1329346585829818,0.2447914932578695
cifar,DR-SNE,0,lambda,0.0005,k_density,300.0,0.5951029616090469,0.515075990608445,0.5110907094933465,0.4781153177451352,0.7780005238169538,0.11718136576418703,0.09761068666505288,0.09892344581789364,0.09138256639492069,0.24135901105842789
cifar,DR-SNE,0,lambda,0.001,k_density,40.0,0.5817683837460714,0.5229074720073705,0.5547804333935166,0.537892676964685,0.721038680724279,0.12220130732787586,0.1029244146640555,0.12058185077791625,0.11915425945191113,0.20542782079464791
cifar,DR-SNE,0,lambda,0.001,k_density,80.0,0.565107475350883,0.4997972995564274,0.5420674237864908,0.5240914004859238,0.7194282222172689,0.11027612694127592,0.09757666562626223,0.11110935617549757,0.10730901802719144,0.19620621734653243
cifar,DR-SNE,0,lambda,0.001,k_density,300.0,0.6517522791610012,0.5174926071224246,0.5941242876460929,0.5549051185460921,0.794523976699433,0.1346095580832436,0.10020232396615465,0.11702802293871051,0.10933413954274554,0.25178071682945313
cifar,DR-SNE,0,lambda,0.002,k_density,40.0,0.6022775821203813,0.519871376932736,0.5851444025886217,0.5644299496987124,0.725166061119408,0.12490556184361112,0.10796683529051246,0.12463146411864398,0.12470333638002581,0.2163549810931229
cifar,DR-SNE,0,lambda,0.002,k_density,80.0,0.6055732637882739,0.5180893312232054,0.5944667654860354,0.5671869543573398,0.713353245807607,0.12463915203242351,0.10102777906687888,0.12361576498530855,0.12007549017385727,0.1816677634673774
cifar,DR-SNE,0,lambda,0.002,k_density,300.0,0.6596977650476635,0.5384202089323793,0.6025348468299787,0.5902590479162487,0.8074303992153891,0.14070287279092597,0.1042651137778559,0.12538054244111424,0.1237733701676901,0.30065953372183934
cifar,DR-SNE,0,lambda,0.005,k_density,40.0,0.5928693095275246,0.5170005999747379,0.5680154024474512,0.5500403079003484,0.7403251751629034,0.1251799344182984,0.10205603700008326,0.1246977072388249,0.1252078454316634,0.2208595312559992
cifar,DR-SNE,0,lambda,0.005,k_density,80.0,0.5638360118583242,0.49702380952380953,0.5583507938984612,0.5443577298293323,0.7332062798594239,0.10908752334793742,0.09504504929059296,0.11070407073507786,0.10862835863720142,0.18724897410657268
cifar,DR-SNE,0,lambda,0.005,k_density,300.0,0.6123387683986062,0.506983761674431,0.5463341172012571,0.5174545282303903,0.7704037848561176,0.12399192644757738,0.09826974949936346,0.10919965688132306,0.10413368131478823,0.24630528682723865
cifar,DR-SNE,0,lambda,0.01,k_density,40.0,0.5882965918462876,0.517712953881818,0.5680590538602709,0.5486351039089377,0.7348037358179347,0.11755116421306376,0.09893587365318086,0.11436706527203691,0.11321587889515744,0.19929755688016365
cifar,DR-SNE,0,lambda,0.01,k_density,80.0,0.542005661681118,0.49380428563998546,0.5009682254864811,0.490108775605733,0.7043596616365378,0.10448725693222957,0.09351698371898307,0.10124284888879312,0.09917831660404541,0.17785785555582762
cifar,DR-SNE,0,lambda,0.01,k_density,300.0,0.5690983289867672,0.5085394237270504,0.47684431862930854,0.4473108872196093,0.7579501296539836,0.10899279353534484,0.10034557350422127,0.0916529550690692,0.08595467078505505,0.2115806529634171
cifar,DR-SNE,0,lambda,0.1,k_density,40.0,0.5685879789581615,0.5388985169664682,0.5599157434857233,0.5395867232834778,0.6849315322946155,0.12966252318708285,0.11829807786799801,0.12245085823532918,0.1283964442240436,0.18872930247898512
cifar,DR-SNE,0,lambda,0.1,k_density,80.0,0.5219840588755397,0.49988669207736147,0.5083689974663606,0.5128948130976528,0.7091617814234448,0.09921500010200746,0.09198769363500685,0.09790247305536656,0.09942827222105305,0.16986424275037817
cifar,DR-SNE,0,lambda,0.1,k_density,300.0,0.540321831650432,0.49073893483122694,0.4763704221741747,0.4499752487201777,0.7553236148570834,0.10052303322771843,0.0943825711893122,0.09094607043758313,0.08434100155932633,0.20722918046398928
cifar,DR-SNE,0,lambda,1.0,k_density,40.0,0.49377920929645075,0.500300219557319,0.496320975339738,0.49259783488992415,0.6334758041147494,0.09267553749641683,0.09192494978788746,0.09348499799002474,0.09375712534964409,0.17824885729831316
cifar,DR-SNE,0,lambda,1.0,k_density,80.0,0.4850187422449086,0.49456563129230474,0.4882043666272875,0.48560942944817187,0.6343019303212001,0.09151939802332126,0.09355920577132455,0.09144172264175776,0.0901525631693108,0.16099943278390919
cifar,DR-SNE,0,lambda,1.0,k_density,300.0,0.4826197720467498,0.4586985656331498,0.4664104700235532,0.46391746353713903,0.7523353505858578,0.09046398049033562,0.08574483100524292,0.08460157954324504,0.08369268217539268,0.21055732678258243
cifar,DR-SNE,1,lambda,0.0,k_density,40.0,0.6048163297149098,0.5514378496756793,0.5781104882271211,0.5566829848650335,0.6407985608036318,0.13286007944208564,0.11224489630237565,0.1289839387067895,0.12487882141964225,0.16292963312752307
cifar,DR-SNE,1,lambda,0.0,k_density,80.0,0.6690335948703088,0.6124472003655573,0.6643540705406832,0.6525380045917571,0.6491322656383508,0.1773362553723673,0.15265281103624656,0.1710619670416367,0.1669507744345498,0.18851766187093838
cifar,DR-SNE,1,lambda,0.0,k_density,300.0,0.8057637511237917,0.6438571781497745,0.7987574671778525,0.7935000260050971,0.7344535957619123,0.24370592088877457,0.1654686977410106,0.24387350355529552,0.24280589007941564,0.34654700341543
cifar,DR-SNE,1,lambda,5e-05,k_density,40.0,0.6348276047819658,0.5685550082101807,0.6113740257376159,0.5961993550735945,0.6495841041987087,0.1603348041189349,0.12987368137031674,0.15508984783644653,0.1508875286049722,0.1882931403828313
cifar,DR-SNE,1,lambda,5e-05,k_density,80.0,0.652103347970488,0.5920984441521967,0.6297150491496333,0.6210402596051683,0.6661656041727035,0.1704154425233088,0.14558010121377524,0.16124999780141192,0.15886092313868916,0.20827273591527345
cifar,DR-SNE,1,lambda,5e-05,k_density,300.0,0.8003811604217284,0.6103549509989672,0.794242100023033,0.7920674237864906,0.7113763940589497,0.24586114045477947,0.16194877161730484,0.24521622697192072,0.2423937326972416,0.34176273156506076
cifar,DR-SNE,1,lambda,0.0001,k_density,40.0,0.6493834934504306,0.5683745978497499,0.6374227741494476,0.6263643388389838,0.664857454918307,0.15794391514242356,0.13227430550829533,0.15418084706972265,0.15233741509908094,0.19963134539827251
cifar,DR-SNE,1,lambda,0.0001,k_density,80.0,0.663659827326156,0.6153894913403026,0.6545912463128487,0.6405612642935158,0.6766252256870918,0.1767342759964481,0.17141698225163116,0.163415220103017,0.16341202898548424,0.23556127725568454
cifar,DR-SNE,1,lambda,0.0001,k_density,300.0,0.8032328979337093,0.6133350886773807,0.7994911824146105,0.7923511579698193,0.7349026480618773,0.25097190028751165,0.14834167922323038,0.2503720194558011,0.2486341978333909,0.3748421945188924
cifar,DR-SNE,1,lambda,0.0002,k_density,40.0,0.6545979797754645,0.5847540939452704,0.6380023163111399,0.6334497990177502,0.6664730215693705,0.1648005261751278,0.13496239197776894,0.1642884748659044,0.15878596727654168,0.20082103424617148
cifar,DR-SNE,1,lambda,0.0002,k_density,80.0,0.6716758984761014,0.618899250681705,0.6647336985191956,0.6548561732385263,0.6555183744585367,0.1654535429243562,0.15441476918667316,0.16282788607993925,0.15464618003255853,0.20566154761985697
cifar,DR-SNE,1,lambda,0.0002,k_density,300.0,0.7909329514299088,0.6058119534285863,0.7878499543053297,0.7830060406125315,0.7274043569682515,0.23046256560998044,0.13829546148664512,0.23034722419013015,0.2257790922707639,0.3461735914377977
cifar,DR-SNE,1,lambda,0.0005,k_density,40.0,0.596950716626173,0.5562743333407634,0.5768657263966595,0.5662958154083915,0.5995814108136623,0.14435370796197788,0.13161101563851732,0.14276250353640682,0.1391781996190693,0.14530859386533496
cifar,DR-SNE,1,lambda,0.0005,k_density,80.0,0.6880247457073014,0.5836335528906522,0.681606827080965,0.6716615027974056,0.7227141519737869,0.1705610465753695,0.14216318359279728,0.16329482019539693,0.16809203639715295,0.25119138228915866
cifar,DR-SNE,1,lambda,0.0005,k_density,300.0,0.7964274569244143,0.6364004487736739,0.7831360660975266,0.7793639339024734,0.725844979901775,0.23334428909301352,0.15707220665243266,0.2220778078531348,0.22572424164566468,0.3172368730902
cifar,DR-SNE,1,lambda,0.001,k_density,40.0,0.6122607531076092,0.5337492755722979,0.5977501411705266,0.5701250659414959,0.636074456307722,0.12648393336525734,0.10433681282224519,0.12575375619437879,0.11930295095638299,0.15243640356554813
cifar,DR-SNE,1,lambda,0.001,k_density,80.0,0.6696865085556769,0.6027842171351299,0.6599311143555566,0.6558717651516841,0.6897977360705555,0.17780389831536686,0.15057656812135392,0.1671293297121991,0.1719379451639258,0.21780654689780302
cifar,DR-SNE,1,lambda,0.001,k_density,300.0,0.8194219995690584,0.6374120934846087,0.8174089264352955,0.81396835922698,0.7550844608400389,0.2756418401336819,0.16431602200636375,0.28855722606965667,0.28630671129585844,0.4217437044364229
cifar,DR-SNE,1,lambda,0.002,k_density,40.0,0.6392642600806901,0.5769862321586459,0.6254924715244188,0.6079267250666845,0.6281294347977918,0.15432783691914975,0.13486205833036513,0.14933752550716206,0.14599682552113957,0.1806154375934471
cifar,DR-SNE,1,lambda,0.002,k_density,80.0,0.6630310612308583,0.6030999933129751,0.6547718888616455,0.6411867797516885,0.6610337769059879,0.16860062321053423,0.14776399038600727,0.16666582914534622,0.15771123582968838,0.20387963705595355
cifar,DR-SNE,1,lambda,0.002,k_density,300.0,0.7777896967805691,0.5775095847357511,0.7700921880688615,0.7656443877285661,0.751145617398153,0.1983216152328085,0.1240351413652856,0.198921518564994,0.19440485070130742,0.3555071525204288
cifar,DR-SNE,1,lambda,0.005,k_density,40.0,0.6574004933538403,0.5803348527740009,0.6521135642585947,0.6367956333727125,0.6001512010639799,0.1734895381260673,0.1449809346640825,0.17058192296026503,0.16805250690354523,0.15836156143354796
cifar,DR-SNE,1,lambda,0.005,k_density,80.0,0.6659078750863741,0.5940634542941845,0.6500034363878177,0.6423769773161254,0.6799366961638768,0.17519905892502857,0.150999346558705,0.16296711538958275,0.1615982224955715,0.2416789687039085
cifar,DR-SNE,1,lambda,0.005,k_density,300.0,0.7966652178112624,0.6140499966564875,0.7924718959201719,0.7879804441670568,0.7309178313235108,0.24604559370272644,0.1482886457458569,0.2454016484884972,0.24965999092916247,0.3549552953295326
cifar,DR-SNE,1,lambda,0.01,k_density,40.0,0.6490765404304959,0.5915086857023977,0.6289913180126162,0.6104510769825171,0.6498631946147159,0.15504847853971626,0.13989188228754926,0.15019483358759844,0.14410965934050296,0.18521315706152264
cifar,DR-SNE,1,lambda,0.01,k_density,80.0,0.6516984114600748,0.6000002786260392,0.6364875194109475,0.6384253635141058,0.7024784714946987,0.1598172745957294,0.1349581370615881,0.15325982256607842,0.15452345782110277,0.23552803743874914
cifar,DR-SNE,1,lambda,0.01,k_density,300.0,0.7982088060688466,0.6145926208679758,0.7874487328087734,0.7834054046021592,0.7375226615845277,0.24197655854661224,0.14622120620936993,0.239188928020171,0.23158346119638631,0.3557575969278902
cifar,DR-SNE,1,lambda,0.1,k_density,40.0,0.6001340191248914,0.5583064459205433,0.5946032922452801,0.5951480061520629,0.6531528393850908,0.13597131358195486,0.12549885116524193,0.13145755795056646,0.1312425764448815,0.171164563566511
cifar,DR-SNE,1,lambda,0.1,k_density,80.0,0.5789500813588035,0.5532013203159247,0.5735609893824903,0.5794776133264977,0.6228982309104013,0.13192152818892294,0.12071263117713132,0.12720080253821442,0.12772412831740249,0.14825767146956542
cifar,DR-SNE,1,lambda,0.1,k_density,300.0,0.7256694454970317,0.6230842137916175,0.7215840911961602,0.730384262458299,0.6825255964454747,0.22560961402585336,0.15914858230143908,0.22327058424507978,0.22694390801476305,0.33004869020785194
cifar,DR-SNE,1,lambda,1.0,k_density,40.0,0.5372745915342265,0.4952466397699663,0.5398360935886292,0.543029147998722,0.6101715221897778,0.10235883495007567,0.09262819991591036,0.10189053878777388,0.10261777326052542,0.13701975115652387
cifar,DR-SNE,1,lambda,1.0,k_density,80.0,0.5441543328206615,0.48665172302342685,0.5540051564392335,0.5497579668472163,0.6406169895013708,0.10428037641767762,0.09451803612201687,0.1047850688047188,0.10444732383002442,0.15548686047540128
cifar,DR-SNE,1,lambda,1.0,k_density,300.0,0.4975058325717555,0.4510865022401534,0.48597164329922954,0.47810231519663565,0.6271765337434708,0.09088487124819691,0.08511134625682239,0.08756395052321721,0.08680833953277009,0.13720371667761366
cifar,DR-SNE,2,lambda,0.0,k_density,40.0,0.6742870888408413,0.5357063913098395,0.6511875970547369,0.6395582105521254,0.8184723491518624,0.14852000410848454,0.11245592516835574,0.1409883187416761,0.14158176329651792,0.3418468697988404
cifar,DR-SNE,2,lambda,0.0,k_density,80.0,0.7653857298887726,0.6159486009257815,0.7476920476413376,0.7416546857469779,0.8537450125938971,0.20785675893103914,0.1458799355308335,0.19689421247933353,0.1998766947491097,0.4746561403165518
cifar,DR-SNE,2,lambda,0.0,k_density,300.0,0.7997523943264306,0.5934379388360118,0.7900829098217537,0.7683219839660004,0.8591187801380499,0.24590791709230286,0.1454777716095199,0.23848701820877388,0.22066501808635067,0.5632057733170035
cifar,DR-SNE,2,lambda,5e-05,k_density,40.0,0.6419725051824443,0.5370642288745737,0.6094995690583926,0.590931465424366,0.7893396748619874,0.15074184054119896,0.11405818237523331,0.1407459959258537,0.14342452766021854,0.2980291096502182
cifar,DR-SNE,2,lambda,5e-05,k_density,80.0,0.7702175697865352,0.6135189818633023,0.7492699997770991,0.7444437324001218,0.8499162264375246,0.2237101322733629,0.15763719828773393,0.21680145078590338,0.21275812066045216,0.5319911751386457
cifar,DR-SNE,2,lambda,5e-05,k_density,300.0,0.7653258252903283,0.6041211577469183,0.7627489988037657,0.7621327708802353,0.8575998038472684,0.21709583690222561,0.1498358475332512,0.22602015919521187,0.20415066327775339,0.5337923738251251
cifar,DR-SNE,2,lambda,0.0001,k_density,40.0,0.7073623215864595,0.5711680560818492,0.6790346443617234,0.6759946020848657,0.8310824993127224,0.17554910016523206,0.12921093668767278,0.1698392440053988,0.17184388524220906,0.39770889691722
cifar,DR-SNE,2,lambda,0.0001,k_density,80.0,0.720634208590598,0.536360465937038,0.7019351507181122,0.7012618044565306,0.8473732994524069,0.16351630824300714,0.1086952667793399,0.1612151568827651,0.16157589133764064,0.41547070099036165
cifar,DR-SNE,2,lambda,0.0001,k_density,300.0,0.7714453818662744,0.5822183647995007,0.7566343181835068,0.7661709909427962,0.862049461694492,0.2063114963992313,0.14187852482331312,0.20771725810707406,0.19732527889764803,0.5328650391181853
cifar,DR-SNE,2,lambda,0.0002,k_density,40.0,0.7118742059157881,0.5701225118694693,0.6854435076417835,0.6839196553953147,0.830595832497455,0.1630791618946307,0.11632178618682898,0.15730931513423815,0.1598805184722331,0.3705921456688292
cifar,DR-SNE,2,lambda,0.0002,k_density,80.0,0.743361270237538,0.5608807183350795,0.7288541411259464,0.7241049602865018,0.8648171470179583,0.17821881930763173,0.12567881495851285,0.17547189370967237,0.17454457617964714,0.4623098992510633
cifar,DR-SNE,2,lambda,0.0002,k_density,300.0,0.7513564444345378,0.5650879715281338,0.745471398108315,0.7307905920989085,0.8553954074998701,0.19821239572481728,0.13830594468542068,0.20369103085685905,0.18561518960204682,0.5119729121312372
cifar,DR-SNE,2,lambda,0.0005,k_density,40.0,0.6643053109838098,0.5774596642370475,0.6499370305151239,0.6527133068081343,0.828810768339166,0.16081453081964564,0.12945139339400275,0.15936318455922424,0.15750578031593446,0.38755008594669227
cifar,DR-SNE,2,lambda,0.0005,k_density,80.0,0.7684970539940114,0.5980180865449627,0.7568214620065532,0.7480120032097721,0.8398234625415153,0.2121967742980473,0.14551298632826648,0.2070276845987696,0.20730621502455995,0.4746458592490813
cifar,DR-SNE,2,lambda,0.0005,k_density,300.0,0.7476437524611966,0.5868769921761808,0.7538924057686737,0.7578595761912191,0.8602407143228644,0.20357677816214073,0.14289903416373723,0.21920647327434506,0.19973504342283643,0.565013317804154
cifar,DR-SNE,2,lambda,0.001,k_density,40.0,0.6927019481532668,0.5407945671637355,0.6715129022431254,0.655771459777545,0.8321937528326981,0.1598168014039133,0.11739834022038723,0.15234259973301542,0.15255886780424738,0.3637560226254153
cifar,DR-SNE,2,lambda,0.001,k_density,80.0,0.7288959350318377,0.5563683696290187,0.6994711677774559,0.6761831390381086,0.848100049038183,0.17688125758025156,0.11608312280582478,0.16732857290589456,0.162068713427438,0.40650669035879206
cifar,DR-SNE,2,lambda,0.001,k_density,300.0,0.7947970302179226,0.5887045468054596,0.7879028932527918,0.776814505643106,0.8650823061320019,0.22933796293342779,0.13981638715537048,0.23910549827322106,0.2176406378869041,0.6011490793854208
cifar,DR-SNE,2,lambda,0.002,k_density,40.0,0.6716772916062976,0.5606099867002504,0.630035933471532,0.619348070793304,0.8231648760299876,0.16712054092916717,0.12916009326813788,0.1493887167777225,0.15459019112666159,0.33175445176761975
cifar,DR-SNE,2,lambda,0.002,k_density,80.0,0.6731405426892243,0.5381587648321928,0.6522222284139121,0.624803104265579,0.8245259642318467,0.14969460546225954,0.11583560014251015,0.14632273411047547,0.1372065707148234,0.3456089961533258
cifar,DR-SNE,2,lambda,0.002,k_density,300.0,0.7837671540764848,0.551077028954818,0.7710443925580842,0.782469685486927,0.8684044572736255,0.22528884405217633,0.14187518876530092,0.2292557469483486,0.22307063365947974,0.5975977567180711
cifar,DR-SNE,2,lambda,0.005,k_density,40.0,0.6810739547808513,0.5600845444278506,0.6674426401860479,0.6659570990199792,0.8407364271968736,0.14794346302568046,0.11784812784068881,0.14577458954491593,0.14641232473255034,0.3494139990242225
cifar,DR-SNE,2,lambda,0.005,k_density,80.0,0.7122039133955969,0.5044810032766422,0.6952132975205997,0.6780824398725007,0.8521638098210106,0.1592148475772942,0.1019336978934635,0.15779527763814394,0.15340951239887451,0.3908635829969446
cifar,DR-SNE,2,lambda,0.005,k_density,300.0,0.8072910861957513,0.5674275015045805,0.8038203344998477,0.7950905163126257,0.874595992243051,0.25006211539004475,0.14364983859184668,0.2589227618446277,0.2401919850871524,0.607908929202187
cifar,DR-SNE,2,lambda,0.01,k_density,40.0,0.6998296666146565,0.5563179847535832,0.6810107995452824,0.6548385269227054,0.8158518712524798,0.1737669049123705,0.12267831014957753,0.17172734630646475,0.16363014932963946,0.3536224562105075
cifar,DR-SNE,2,lambda,0.01,k_density,80.0,0.7200430570106028,0.5672417508117304,0.7109723863020009,0.6945478456634644,0.8571465721567142,0.1729759559633297,0.12470319837463496,0.17288036807289575,0.16667754123423925,0.445405609876811
cifar,DR-SNE,2,lambda,0.01,k_density,300.0,0.7762103515146113,0.5669041489274755,0.7572851421735803,0.7515036518586214,0.8705043688562958,0.22414242506668208,0.14600013057816513,0.2226002697221845,0.2068213250482944,0.5563032634929681
cifar,DR-SNE,2,lambda,0.1,k_density,40.0,0.647189777767871,0.5769723008566822,0.6396545687240414,0.638878363016294,0.7797614403851727,0.1760342058142303,0.14051343039113162,0.1693548886182914,0.16635197830185303,0.3585932646150345
cifar,DR-SNE,2,lambda,0.1,k_density,80.0,0.7618527517107638,0.5873908250302773,0.7401895771571227,0.7392886862967999,0.8540505724836354,0.2159984844452834,0.1418118826548318,0.19473801507250826,0.21074692626022273,0.4992147379594073
cifar,DR-SNE,2,lambda,0.1,k_density,300.0,0.7793179606059931,0.5302878114110365,0.760010104837691,0.732843137254902,0.8593221771467209,0.21464276965234233,0.1279553731104764,0.21315840282988383,0.1926345028418747,0.4919650774238222
cifar,DR-SNE,2,lambda,1.0,k_density,40.0,0.6025000185750692,0.546534031384437,0.6074047656197757,0.6162269947766905,0.7903269397944854,0.13632419386719777,0.1271430211640192,0.13561161654904078,0.1407065413640415,0.3242863792503016
cifar,DR-SNE,2,lambda,1.0,k_density,80.0,0.6978607092704456,0.5718249169694403,0.6804391517880362,0.6779199080162569,0.8410057657015061,0.18275431001477438,0.13117098816924574,0.17230983607126235,0.1778873187596146,0.4694137990689385
cifar,DR-SNE,2,lambda,1.0,k_density,300.0,0.7575897733098546,0.5226646029764691,0.740777013723261,0.7204853758479519,0.8461826375112378,0.1874995156539377,0.10780829127775816,0.1889577916372912,0.18156965676963618,0.4986657688489263
cifar,DR-SNE,3,lambda,0.0,k_density,40.0,0.6568042336297915,0.5647608181203516,0.6492780799322382,0.6503921197126066,0.8128236705822911,0.15514984972814636,0.1213184579898984,0.15223990834345552,0.15220652740272234,0.3352780822673813
cifar,DR-SNE,3,lambda,0.0,k_density,80.0,0.6711859810237092,0.5699502281018508,0.6686374815178061,0.6671839823462542,0.832285699425659,0.15808531575690218,0.12910271008985708,0.1648482464900812,0.15825307160942878,0.37751112528977604
cifar,DR-SNE,3,lambda,0.0,k_density,300.0,0.7150356827080965,0.5215828373789835,0.705884210448105,0.7239331408956154,0.8830434693771407,0.15957597330651047,0.11314647816636929,0.15795455015640308,0.17058281214293367,0.4127362370950515
cifar,DR-SNE,3,lambda,5e-05,k_density,40.0,0.6282371701996448,0.5444220460067316,0.6378948130976528,0.6381358246216258,0.8009602382066885,0.14746648831107767,0.1201299949642425,0.15154848986932046,0.14874701233802437,0.3268299498190831
cifar,DR-SNE,3,lambda,5e-05,k_density,80.0,0.6476722651925492,0.5570373043116451,0.6427693756547712,0.6376865401332947,0.7884211376858435,0.1493267656434725,0.12486903158202445,0.15293732537713564,0.14501800322414474,0.3073848297534541
cifar,DR-SNE,3,lambda,5e-05,k_density,300.0,0.7150969804367371,0.5212236419766846,0.6946778711484594,0.7184219178387536,0.8758809226608414,0.15853716521534783,0.1079158685507924,0.15582917295557946,0.16806420194627522,0.41001821522436277
cifar,DR-SNE,3,lambda,0.0001,k_density,40.0,0.6090045434619472,0.5362432108121763,0.6001523620058103,0.6008226898186331,0.7771047411006842,0.13099248054110307,0.10771845477569972,0.1325790175719055,0.1322777135889864,0.28706871261544153
cifar,DR-SNE,3,lambda,0.0001,k_density,80.0,0.6771959446908736,0.5889230360579245,0.6667479325947886,0.664416529211154,0.8231384065562566,0.17551666803199897,0.1336258678700682,0.17702627990045267,0.1747567650379555,0.36268791217963714
cifar,DR-SNE,3,lambda,0.0001,k_density,300.0,0.6762128591489647,0.519296710726731,0.6801340562750299,0.7058939623594795,0.8708898015439598,0.15115991233424209,0.11917330487730828,0.1533735030628833,0.1624079836938649,0.3955467351291515
cifar,DR-SNE,3,lambda,0.0002,k_density,40.0,0.6337799708742915,0.5382990066052946,0.6338185141430579,0.6353579230100529,0.7914442302119786,0.13927747090512865,0.11009075517916964,0.1394661971493087,0.1416802777762926,0.29221925738721866
cifar,DR-SNE,3,lambda,0.0002,k_density,80.0,0.652782731129587,0.5861813558314573,0.6494503636998565,0.6518665158371041,0.812325858725453,0.1544169068093759,0.13896410668526873,0.149070552447576,0.15234217595030708,0.3389535967513054
cifar,DR-SNE,3,lambda,0.0002,k_density,300.0,0.7329680545958436,0.5527901147196278,0.7279820416230153,0.7392510717814977,0.8739180022141483,0.17354969919542287,0.12513350214814772,0.17349841117872428,0.18004835485072834,0.42695935296769927
cifar,DR-SNE,3,lambda,0.0005,k_density,40.0,0.6668398791877495,0.5812201870137976,0.6581244566792234,0.664821233533201,0.82133430295195,0.17251829126173385,0.13901008172354817,0.16096839415216088,0.17033345703500835,0.34526777270081876
cifar,DR-SNE,3,lambda,0.0005,k_density,80.0,0.6592440689803774,0.5823449074590048,0.6514490411549234,0.6476527613697999,0.8076723394928262,0.17518621527665268,0.1338392196585613,0.18161033250045358,0.18065453795933226,0.3549239945094978
cifar,DR-SNE,3,lambda,0.0005,k_density,300.0,0.6770775286241818,0.5395435362473902,0.693033280951638,0.7028908380328259,0.8694706662505852,0.14664284553897253,0.1229789077458274,0.15087191730585828,0.15587589003430735,0.37690246109010445
cifar,DR-SNE,3,lambda,0.001,k_density,40.0,0.65398732437272,0.5251940630363552,0.6504747787709247,0.6576363967337598,0.8137677484787017,0.14708754432506999,0.11079249883837207,0.13901142935115773,0.15062459538753212,0.3038889159610204
cifar,DR-SNE,3,lambda,0.001,k_density,80.0,0.6646220159151194,0.5700133833374199,0.666478594090156,0.6633454442785072,0.8268580641805793,0.16292945385813287,0.13068869278148337,0.1713319812230683,0.16329533589817138,0.355199990333127
cifar,DR-SNE,3,lambda,0.001,k_density,300.0,0.7130541871921182,0.537476595412701,0.7138125143956786,0.7259624672150027,0.8808669356336699,0.16220833914300226,0.12013734903980344,0.16137486966537948,0.16863700157750713,0.41933548559630296
cifar,DR-SNE,3,lambda,0.002,k_density,40.0,0.6671421884403629,0.5745171410739361,0.66610802145792,0.6574799017750337,0.8191312997347479,0.16112268485740883,0.13033301138172212,0.16645358298540314,0.16099106389010692,0.3692281786630288
cifar,DR-SNE,3,lambda,0.002,k_density,80.0,0.6621343497611246,0.5560558440882986,0.6506600650870428,0.6654260842267942,0.8275211941540541,0.16637937113628043,0.11870242552191493,0.1606203640531748,0.1722481717846272,0.3647971265078988
cifar,DR-SNE,3,lambda,0.002,k_density,300.0,0.72420944505123,0.5477562709433906,0.7346699953190824,0.7294624746450304,0.8745913484757298,0.1653566578289212,0.1254636399154171,0.17275056849389966,0.17445682097232543,0.4270947838706022
cifar,DR-SNE,3,lambda,0.005,k_density,40.0,0.6333132722585055,0.5531516320055874,0.6366057032892732,0.6283068267094637,0.8036155443609806,0.14444694593491503,0.11728526309960596,0.14763287828726815,0.14527162742771776,0.312255971313923
cifar,DR-SNE,3,lambda,0.005,k_density,80.0,0.6801507738373864,0.5826618445786803,0.6768922423080638,0.668455445838813,0.8395267258096872,0.18724113776136028,0.14143043002790487,0.18787551818035345,0.18460449653531458,0.3978494394809902
cifar,DR-SNE,3,lambda,0.005,k_density,300.0,0.6830735609893825,0.5279610517947231,0.6666376431209088,0.6929907904806486,0.8587036273395301,0.1497781634246066,0.11473827346772054,0.14733260275502594,0.15279551927249974,0.3824270500789795
cifar,DR-SNE,3,lambda,0.01,k_density,40.0,0.6406337070637274,0.5573516873592939,0.6363050193552221,0.6320599194584996,0.7771451418763792,0.14640431937060344,0.11433991548231412,0.14867577711172741,0.14596564115020144,0.2906372384958093
cifar,DR-SNE,3,lambda,0.01,k_density,80.0,0.6730936406392796,0.5724717937572907,0.6734145249611782,0.6765049521134714,0.8329632250778295,0.15917526651465086,0.12891419254291872,0.16174076001119192,0.15982999085285662,0.377234353659915
cifar,DR-SNE,3,lambda,0.01,k_density,300.0,0.6842084977226965,0.5237352235323838,0.6946820505390486,0.7035274985325696,0.8590472661213024,0.1493416622210865,0.10778584113122552,0.15239451389103215,0.1585316598948486,0.38413095301951716
cifar,DR-SNE,3,lambda,0.1,k_density,40.0,0.5531781014793186,0.522508108017743,0.5533350608147769,0.5517645387067294,0.7562087169085141,0.11708124178209461,0.11045651233018432,0.1186358811774792,0.11511760418169696,0.24963268408937778
cifar,DR-SNE,3,lambda,0.1,k_density,80.0,0.6094183031302707,0.5631954041563575,0.6135168921680078,0.6214266210462965,0.8300079315545847,0.13794479901328482,0.1286717664692604,0.14185644844593887,0.14582856673293382,0.3631606662928161
cifar,DR-SNE,3,lambda,0.1,k_density,300.0,0.6962442138659177,0.534754651197349,0.686042553626225,0.6955039973549102,0.867734361649169,0.16297346709074825,0.1169098241485392,0.16065139650137358,0.164928368513282,0.4109289209874765
cifar,DR-SNE,3,lambda,1.0,k_density,40.0,0.6063116227923531,0.5578803802688184,0.6150414409795748,0.61342123056119,0.7724201086270053,0.1427179170547233,0.13541725157832823,0.1455238596652855,0.14210887593353494,0.31641079912387676
cifar,DR-SNE,3,lambda,1.0,k_density,80.0,0.592069652794805,0.5243897625363142,0.6115869424692953,0.6147493480150681,0.817355058734369,0.12310736909121132,0.1107452351583306,0.12877552476706608,0.13519961026265953,0.3212674941504506
cifar,DR-SNE,3,lambda,1.0,k_density,300.0,0.7111562794879226,0.5216875543320776,0.6952787746398295,0.7008248259516008,0.862215708564593,0.1693550294510332,0.10888596129272751,0.16451222896735707,0.17520773758267014,0.3714423283765125
cifar,DR-SNE,4,lambda,0.0,k_density,40.0,0.6237215708564593,0.5443711967545639,0.6157445073520125,0.6166342531707643,0.7118872084642877,0.12845910020826964,0.10946450968369086,0.1283266585094831,0.1284918279585762,0.19793540721430725
cifar,DR-SNE,4,lambda,0.0,k_density,80.0,0.6235084219364139,0.563182633796224,0.618821003202342,0.6255846503057456,0.7670723461798512,0.13051987601472637,0.12081343844391512,0.12905752956908015,0.1309341202017078,0.2436082264183404
cifar,DR-SNE,4,lambda,0.0,k_density,300.0,0.5988769513110284,0.5315667049313094,0.6193299601007513,0.6440951712249886,0.8272727526023672,0.1178158246496955,0.11070191672182411,0.12293021620624435,0.13129324875403728,0.30841024972932
cifar,DR-SNE,4,lambda,5e-05,k_density,40.0,0.5777454881156706,0.5190570923329544,0.5635167528549881,0.5470910512746212,0.6468972204266323,0.11426320042421595,0.103958894876101,0.11190638139805273,0.10949899663482701,0.15475748071429077
cifar,DR-SNE,4,lambda,5e-05,k_density,80.0,0.6756583933308071,0.5940030853190083,0.6846986473634548,0.6839010803260297,0.7909171626210166,0.15236845211770628,0.13348266563696354,0.15691783843811488,0.15301757652366557,0.3147700821526548
cifar,DR-SNE,4,lambda,5e-05,k_density,300.0,0.545116985786357,0.49725251506438123,0.5772291011895474,0.6126923912801194,0.8156034297007927,0.10083269273243105,0.09636599961303516,0.10711693694336837,0.11670247631013533,0.29191518907868974
cifar,DR-SNE,4,lambda,0.0001,k_density,40.0,0.5715488450021919,0.4999349872575025,0.554796918767507,0.5453552110499372,0.707374859758227,0.10979343820906418,0.09739594262464885,0.10788298338748811,0.10731843578044276,0.17769519169546683
cifar,DR-SNE,4,lambda,0.0001,k_density,80.0,0.6590151312514396,0.5771209014109623,0.6682193102705273,0.6859215834875064,0.810604878556197,0.14400189218553067,0.12636698439982938,0.15018440748406675,0.14827158246511823,0.33635826242629857
cifar,DR-SNE,4,lambda,0.0001,k_density,300.0,0.6305163312009154,0.557000154173075,0.648227659764171,0.6686212283321815,0.8384196516803007,0.1327296825839187,0.12109141645862985,0.14269279759168435,0.14899233711929533,0.35503407371217316
cifar,DR-SNE,4,lambda,0.0002,k_density,40.0,0.5431912154782338,0.49243832148243916,0.5308097708579453,0.5136995779744258,0.6629414365215582,0.10231383899640857,0.09245967487194934,0.1010904079144645,0.09922714208806316,0.15031959590538835
cifar,DR-SNE,4,lambda,0.0002,k_density,80.0,0.5881219861950084,0.5360867158534501,0.6028998469414291,0.6006192928099621,0.7849968236631523,0.11336216992634543,0.1065463772102656,0.1169642704283158,0.1150856749381342,0.2423162180147373
cifar,DR-SNE,4,lambda,0.0002,k_density,300.0,0.6130051490092059,0.5470787452912199,0.6394435094992904,0.656142032409781,0.830187180973185,0.12326172459358106,0.11051950796711256,0.13169951116666206,0.13740942730114822,0.328624874241332
cifar,DR-SNE,4,lambda,0.0005,k_density,40.0,0.5963024467081263,0.5191567011419953,0.5925660715214468,0.5798449353216087,0.7193516000564681,0.11978992739834567,0.09859207677477617,0.12124382973326128,0.12011092546022045,0.19663042748990256
cifar,DR-SNE,4,lambda,0.0005,k_density,80.0,0.663559986328749,0.5927318540148154,0.6774671407024349,0.6780225352740565,0.8038681653032566,0.1481007891718429,0.13350878087544948,0.15325057475812479,0.14808058538417496,0.3246701019477936
cifar,DR-SNE,4,lambda,0.0005,k_density,300.0,0.5725760463336529,0.500578845596594,0.609478439917081,0.6325814145286762,0.8250302773629345,0.11407561336518271,0.10039947164049268,0.12025079337243857,0.12872818804858877,0.29322487468393527
cifar,DR-SNE,4,lambda,0.001,k_density,40.0,0.5453909680583109,0.5142744763687968,0.5500707245763027,0.5474212231311623,0.6965706707086017,0.10228621938926163,0.1028234819878245,0.10455120799942366,0.1034310610621364,0.17083115617514794
cifar,DR-SNE,4,lambda,0.001,k_density,80.0,0.6916236653812718,0.6054757446745276,0.6957865705964084,0.7019123962582381,0.7961042507188553,0.16278152502045531,0.13658836725123588,0.16174601152758944,0.16015655864876116,0.35169301166260153
cifar,DR-SNE,4,lambda,0.001,k_density,300.0,0.603407410709642,0.5369704247746844,0.624614567312336,0.644690037818841,0.8179568909792033,0.1182491234454133,0.11105847617382059,0.12412412805843351,0.13105893799414187,0.30224298392825777
cifar,DR-SNE,4,lambda,0.002,k_density,40.0,0.5222259991529768,0.4865553648515109,0.5262776861407694,0.5112616001307685,0.6793543677417917,0.09680873364063915,0.0900277163052369,0.0979066085845177,0.09670490609386378,0.15122536168667072
cifar,DR-SNE,4,lambda,0.002,k_density,80.0,0.6414277912756614,0.5895699128457749,0.6554891187244128,0.6394105387513096,0.7858874982353684,0.14281691999415466,0.13678082677941655,0.14772949139633257,0.13778929598148265,0.2828962879169495
cifar,DR-SNE,4,lambda,0.002,k_density,300.0,0.6174724531722504,0.5508302127216935,0.6334309917600992,0.6556716187801379,0.830031150391191,0.1262558616778926,0.11762299947297439,0.1309119614813273,0.13662517062798554,0.3268595087252443
cifar,DR-SNE,4,lambda,0.005,k_density,40.0,0.5522790681259241,0.516129661413637,0.5478256952648433,0.5383742356358988,0.6453364502299594,0.10696410589291076,0.09847009502133267,0.10722313044431375,0.10596561518044939,0.1487634088847316
cifar,DR-SNE,4,lambda,0.005,k_density,80.0,0.6478204013700971,0.5582822983304727,0.658909021168149,0.6556669750128168,0.775724149076076,0.14250155454740895,0.11749683667570533,0.15134293085213973,0.14318346932086967,0.2953156478417723
cifar,DR-SNE,4,lambda,0.005,k_density,300.0,0.6048553373604084,0.5517081169337762,0.6257966382839608,0.648209084694886,0.8248686742601549,0.12549481153129843,0.11894540535361103,0.1294284913096995,0.14096736388930925,0.3081241474306882
cifar,DR-SNE,4,lambda,0.01,k_density,40.0,0.572995378522762,0.5277704251461858,0.5681177975168847,0.5621071372846221,0.6866613356217818,0.11402043240033705,0.10525262747475009,0.11460593141692943,0.11294762270986625,0.16731233517194882
cifar,DR-SNE,4,lambda,0.01,k_density,80.0,0.6842488984983913,0.5866482866356092,0.6967606007920409,0.7040796424670666,0.7918528817362489,0.1614642582069819,0.13968038965095408,0.17324046752088448,0.16222651943950073,0.3805730607140546
cifar,DR-SNE,4,lambda,0.01,k_density,300.0,0.5785084590865525,0.5344609329142798,0.6120445857388048,0.633749322009971,0.8237444181916799,0.11558397363936385,0.10866859576925282,0.12473584204340925,0.1272475444568472,0.3054707573078134
cifar,DR-SNE,4,lambda,0.1,k_density,40.0,0.5560897435897435,0.48756770612754385,0.5616766600539419,0.5605537971156632,0.7180179100818046,0.11918407506274999,0.10425380312725419,0.11539608830472017,0.12300890781552762,0.19776730628315556
cifar,DR-SNE,4,lambda,0.1,k_density,80.0,0.5910071588317024,0.5513526365453343,0.5851392944445682,0.5794109752654377,0.7578326423407559,0.1351252132448728,0.12455105496802647,0.13491549713051235,0.13141845822812023,0.25910596137525865
cifar,DR-SNE,4,lambda,0.1,k_density,300.0,0.6118051995333943,0.5586967545638946,0.643554868897161,0.6755267425272498,0.8495484400656814,0.1251187575438364,0.11351766155699113,0.13553043531823977,0.1449604580102837,0.3628254885282834
cifar,DR-SNE,4,lambda,1.0,k_density,40.0,0.5491059819153126,0.4991759634888438,0.5565622469146809,0.5526914346640512,0.7278301904316103,0.10465845291554683,0.0975278596946837,0.10765335428540088,0.10639391154979853,0.20991093435860497
cifar,DR-SNE,4,lambda,1.0,k_density,80.0,0.5384378552482001,0.5114236676102801,0.5678396358543418,0.5625153244321601,0.7489323978928443,0.10209455835132514,0.09978691078058319,0.10880237128589136,0.1051937976185214,0.23478488340174067
cifar,DR-SNE,4,lambda,1.0,k_density,300.0,0.47069736382616706,0.506527279346752,0.5069767960234491,0.5543487952210062,0.7720676466873222,0.09208873482423888,0.10024663422869298,0.09812885437655638,0.1066021591903954,0.25073834417798796
cifar,DenSNE,0,perplexity,5.0,dens_lambda,0.0,0.617664240762618,0.5534595137789864,0.5818463990370684,0.5790313472869253,0.6855723721849483,0.1398447922402135,0.12456184478622599,0.12414509203481194,0.12854063902324198,0.23154260263428533
cifar,DenSNE,0,perplexity,5.0,dens_lambda,0.01,0.6202224921798959,0.5485705555431721,0.5938681838783259,0.5834610369346678,0.6883205536856654,0.1419354459525587,0.12429713119317753,0.12856747473761362,0.13037225795735483,0.23720666650378633
cifar,DenSNE,0,perplexity,5.0,dens_lambda,0.05,0.6127399898951623,0.554136807242791,0.5865554112891842,0.5860118583242315,0.685593733514626,0.145614076751849,0.1336887150249895,0.13645786094993984,0.13446948782718898,0.2328915804668589
cifar,DenSNE,0,perplexity,5.0,dens_lambda,0.1,0.6156065874625714,0.5498204255176872,0.5954173446566956,0.5876213880777775,0.6839047953398866,0.14185563865887474,0.1275694982856826,0.13902107442600528,0.14139841691129984,0.2308674263862099
cifar,DenSNE,0,perplexity,5.0,dens_lambda,0.2,0.6171325294043347,0.5627300986707681,0.5930186066469028,0.5865653953889248,0.681421308576481,0.1361143336781646,0.12260118442094488,0.13141240850504055,0.1314540553592696,0.22707947292477176
cifar,DenSNE,0,perplexity,5.0,dens_lambda,0.5,0.6155188202601996,0.5554029304029304,0.5871804623706246,0.571397458187519,0.6753514403108724,0.13603274190357895,0.11047813444404594,0.12935351306425363,0.12428282207864777,0.2053908302516087
cifar,DenSNE,0,perplexity,5.0,dens_lambda,1.0,0.6200000557252079,0.556495608853621,0.5938407856511305,0.575569883125664,0.6760740105060591,0.1370385321469181,0.10720658834657999,0.13262095000900023,0.12487957586751045,0.20865991647388815
cifar,DenSNE,0,perplexity,10.0,dens_lambda,0.0,0.5795351960412812,0.526106098938249,0.5328353821634755,0.4678372675330079,0.7368767135501415,0.1201302820221055,0.12694118483439243,0.10339142970496085,0.08398454444947293,0.20044682067347058
cifar,DenSNE,0,perplexity,10.0,dens_lambda,0.01,0.5781244195290849,0.5181148719434724,0.5190299262941251,0.46526554919049845,0.737483189562297,0.1210531710058125,0.12673173044919395,0.09841706718440958,0.0836356897293552,0.19964658360339557
cifar,DenSNE,0,perplexity,10.0,dens_lambda,0.05,0.5919605242627555,0.5243635252509492,0.5456447499424173,0.4757033449984768,0.7377139847981633,0.12334790850089745,0.12817602863702954,0.10595824492350646,0.08575117015048209,0.20498454343577477
cifar,DenSNE,0,perplexity,10.0,dens_lambda,0.1,0.6032485938672552,0.529314245592136,0.5522038390953199,0.4886394876252888,0.7431323325086003,0.13103095340148763,0.13158564301897444,0.1017708837318834,0.0879898470070855,0.21409518170704536
cifar,DenSNE,0,perplexity,10.0,dens_lambda,0.2,0.611871141029356,0.520631793831591,0.5510301269048734,0.47882813602894736,0.7372287111130923,0.12625191445146122,0.1092499079986656,0.1062835300638531,0.08627286319798363,0.2076568350649105
cifar,DenSNE,0,perplexity,10.0,dens_lambda,0.5,0.6133822229156914,0.5247169159440964,0.5650742724145361,0.48127215077012236,0.7401742527249626,0.12461550327861261,0.10208336445567354,0.10699671336093948,0.08788084665978149,0.2085692338257102
cifar,DenSNE,0,perplexity,10.0,dens_lambda,1.0,0.6165780635861772,0.5116398349790845,0.5511575983178417,0.47907007630638465,0.7384894939408124,0.12353846550686111,0.09272282875458968,0.10256533661751821,0.08670676357838335,0.20768177026469298
cifar,DenSNE,0,perplexity,15.0,dens_lambda,0.0,0.6119417262926392,0.5332663237708877,0.5981188562958341,0.5533178788756882,0.7760213501846362,0.1316166900130921,0.1090799366604956,0.1200751554027363,0.1130779671536442,0.25869112364844293
cifar,DenSNE,0,perplexity,15.0,dens_lambda,0.01,0.6140188834154352,0.5274790287467772,0.61236802413273,0.5558756659162339,0.7759359048659252,0.13223059452690536,0.108166260169668,0.1257214740349355,0.11418179649672076,0.2574506783438616
cifar,DenSNE,0,perplexity,15.0,dens_lambda,0.05,0.629703207542964,0.5404221370245712,0.637376336476235,0.566835885547853,0.7786692263112142,0.1425438421200298,0.11082017462254651,0.13598608321242064,0.11842387343972106,0.26779529682966174
cifar,DenSNE,0,perplexity,15.0,dens_lambda,0.1,0.6287944222781952,0.5346643299229507,0.636656552541441,0.5823432821404423,0.7790894872537873,0.14162028448702887,0.11835134822695205,0.13178494507793972,0.12289338224844143,0.2748512910656323
cifar,DenSNE,0,perplexity,15.0,dens_lambda,0.2,0.6426463158207579,0.5376846361886929,0.6358970643960502,0.59291203218688,0.7819519054306072,0.13691264998194055,0.10798649280427508,0.1409162299931663,0.12511098533155424,0.29223948557355045
cifar,DenSNE,0,perplexity,15.0,dens_lambda,0.5,0.644901329231958,0.5518049394824243,0.6482049053042969,0.5951438267614739,0.7821989538520978,0.13919727166513135,0.10681408458810188,0.14115401625903878,0.1264432033312548,0.29278382244162654
cifar,DenSNE,0,perplexity,15.0,dens_lambda,1.0,0.6414825877300523,0.5250847023159396,0.6548083424351173,0.5943854995579134,0.7822226370654363,0.13551683535090553,0.09566660309616706,0.14159162374424913,0.12574970921319403,0.29888164557078695
cifar,DenSNE,0,perplexity,30.0,dens_lambda,0.0,0.6267771697538432,0.5324936008886313,0.6115353966520294,0.5661434998402544,0.7908428623438767,0.15654051875268377,0.11877018931890865,0.12161238171873673,0.1054281355077785,0.3352742961400267
cifar,DenSNE,0,perplexity,30.0,dens_lambda,0.01,0.6263341543513956,0.5283973337345549,0.6194430358350237,0.5684277689855783,0.7911790710979351,0.15647911790231123,0.12011231880876463,0.11958537399558654,0.10604712108061753,0.333065063627645
cifar,DenSNE,0,perplexity,30.0,dens_lambda,0.05,0.6365518355883467,0.5459287163141118,0.6364187916545928,0.5774013849571659,0.7908442554740729,0.15488063924078452,0.1177965531786358,0.13130956533009336,0.10995754893389283,0.3461807831792672
cifar,DenSNE,0,perplexity,30.0,dens_lambda,0.1,0.6448771816418876,0.5420839091604812,0.6261669787278308,0.5773312640706152,0.7904504640052307,0.15352933005337124,0.11113344973769439,0.13020402729511388,0.10967970976122401,0.3382980571021019
cifar,DenSNE,0,perplexity,30.0,dens_lambda,0.2,0.6491164768294585,0.5390870539197111,0.6268537919146439,0.5782744132135613,0.7924073475544063,0.14800232640079905,0.10798786198305915,0.1262559523892106,0.10985529690047674,0.3513335023681426
cifar,DenSNE,0,perplexity,30.0,dens_lambda,0.5,0.653490441269346,0.5320132031592478,0.6299864773495605,0.5724111925937484,0.7892788415100789,0.14745818161272184,0.10062474798268695,0.12505181875799184,0.10776811874497425,0.3227268793859791
cifar,DenSNE,0,perplexity,30.0,dens_lambda,1.0,0.6444620288433676,0.5121406652846815,0.6198173234811166,0.5642743834934505,0.7889732816203404,0.13939371186105842,0.09351317165848863,0.11985445355383094,0.1048315181993765,0.3110107288278139
cifar,DenSNE,0,perplexity,50.0,dens_lambda,0.0,0.6283904145212461,0.5254387895741852,0.6565502195573188,0.6663629642838569,0.8307704381487343,0.14118040306801743,0.11272990868335624,0.15715757372719916,0.17523074707858494,0.5891640233327327
cifar,DenSNE,0,perplexity,50.0,dens_lambda,0.01,0.6303644800095105,0.5190914562111317,0.6737739525518431,0.6640638350831048,0.8308582053511059,0.14268725839855212,0.11248250484271845,0.16188808313536981,0.1709000483770593,0.5965618804388827
cifar,DenSNE,0,perplexity,50.0,dens_lambda,0.05,0.6370561487194348,0.5223936391532741,0.6841081923485575,0.6715142953733217,0.8314730401444397,0.1431422954468023,0.1171772747342205,0.1672155559494657,0.17929900933975026,0.5991896946272219
cifar,DenSNE,0,perplexity,50.0,dens_lambda,0.1,0.6438797004212826,0.5323215493093789,0.6836363855887182,0.662135742891321,0.8304398019154611,0.14332959338976373,0.108869204526431,0.1599810463902899,0.16951203213668936,0.5969216025474617
cifar,DenSNE,0,perplexity,50.0,dens_lambda,0.2,0.646841030842045,0.5328537250443943,0.6797446763851429,0.6723079152085236,0.8301802153222032,0.13896154432342597,0.10315947315610965,0.16124292055294104,0.19120645010834014,0.5970816288117538
cifar,DenSNE,0,perplexity,50.0,dens_lambda,0.5,0.6468424239722415,0.5275607590516312,0.6954642931443134,0.6782161803713528,0.8322912719464444,0.1384859965083234,0.09977228972927545,0.1623460663882427,0.20172884032443095,0.6002164835384091
cifar,DenSNE,0,perplexity,50.0,dens_lambda,1.0,0.6413655647935567,0.5271263346187282,0.69007404022617,0.669675363514106,0.8314609663494044,0.13808465770667516,0.10026946768813884,0.1601339220246116,0.1836826345460521,0.582995134445632
cifar,DenSNE,0,perplexity,75.0,dens_lambda,0.0,0.6417458893371673,0.5326271091991173,0.6746223688414359,0.6531324068088774,0.8301588539925255,0.15733862241704505,0.11135475094370803,0.1490418776440127,0.1313677957287075,0.4618593193988602
cifar,DenSNE,0,perplexity,75.0,dens_lambda,0.01,0.6433233770961965,0.5300623565075897,0.6732422411935596,0.6533673814353328,0.8300748018040108,0.15581380488483318,0.11186527892136795,0.15089884459825412,0.13165849361905935,0.4672484454115819
cifar,DenSNE,0,perplexity,75.0,dens_lambda,0.05,0.6519454598815654,0.5357026762959826,0.6936515985704625,0.6679019087741198,0.834414866742453,0.15631206062482444,0.1118671063344443,0.16223475523589476,0.1399513852074419,0.49405931866251596
cifar,DenSNE,0,perplexity,75.0,dens_lambda,0.1,0.6532819361166217,0.5488763476212766,0.6981955248943078,0.6674013106568888,0.831047671057813,0.15225565487464748,0.11103975525173876,0.16102383536091017,0.13815076599680423,0.4627862657017799
cifar,DenSNE,0,perplexity,75.0,dens_lambda,0.2,0.6498316169969315,0.5479647760961148,0.7005020841227737,0.6838695027082451,0.8321319907273254,0.14360878601408075,0.10816031378266175,0.15655507609454392,0.14925066666506975,0.4678578865085394
cifar,DenSNE,0,perplexity,75.0,dens_lambda,0.5,0.6473249113969196,0.5370212740268522,0.7010026822400047,0.6823347376085713,0.8318747260177279,0.13883322534233183,0.10834589276324198,0.15417173157234548,0.14656920149040803,0.45069919256590046
cifar,DenSNE,0,perplexity,75.0,dens_lambda,1.0,0.6429537332174249,0.5311694306369763,0.6982173506007178,0.6874428816619486,0.8326251588168423,0.13886412386602867,0.10449819336638055,0.15540014338159241,0.15190483807164812,0.4468284741727133
cifar,DenSNE,0,perplexity,100.0,dens_lambda,0.0,0.6469236899003633,0.5426873667238779,0.6779598444152197,0.6554217840982547,0.8339407380989531,0.15898784715819542,0.11293428787574933,0.15324233650983884,0.1297480080267846,0.45865067833399575
cifar,DenSNE,0,perplexity,100.0,dens_lambda,0.01,0.6449013292319581,0.5425930982472564,0.6710127685026265,0.6554756517991811,0.8336769721151059,0.1609830746430127,0.11496069662978992,0.14866695614177455,0.13249742595268502,0.45957851672661865
cifar,DenSNE,0,perplexity,100.0,dens_lambda,0.05,0.644634312610986,0.5401750886030805,0.68505923589595,0.656906396510859,0.8330003752163996,0.1504867263302423,0.11319924148928408,0.15739960068661685,0.13878890968519686,0.4518789104348457
cifar,DenSNE,0,perplexity,100.0,dens_lambda,0.1,0.6434891595895652,0.5383554283782479,0.6932183350793898,0.6629460802888796,0.8330955724464851,0.14328101057381554,0.1100578814569243,0.15439265471938268,0.1385157327796685,0.43306349827865875
cifar,DenSNE,0,perplexity,100.0,dens_lambda,0.2,0.6443417552697471,0.5446837222952842,0.6984760084405114,0.6757173691757871,0.833725731671979,0.1410181794200333,0.10803701220496932,0.1541263243151946,0.14413121972963205,0.4293167274159388
cifar,DenSNE,0,perplexity,100.0,dens_lambda,0.5,0.6372976246201398,0.5380531191256344,0.7043856667335369,0.6738180683413949,0.8323274933315501,0.1348579396946078,0.10881518228561202,0.15350496280526865,0.14217116778179184,0.4175229658672167
cifar,DenSNE,0,perplexity,100.0,dens_lambda,1.0,0.6359537183573695,0.5135672306057701,0.6935429344151454,0.6862796179479749,0.8348615971587573,0.13401495791634938,0.10040208817598975,0.1466039663721533,0.1496024081045973,0.4152558140302571
cifar,DenSNE,1,perplexity,5.0,dens_lambda,0.0,0.6624148333073282,0.5322470168438729,0.7072028081789745,0.6916519923619315,0.7274034282147873,0.1709223629131705,0.11806869037145754,0.18786556766206167,0.16779569932674454,0.2667563801513212
cifar,DenSNE,1,perplexity,5.0,dens_lambda,0.01,0.6553177637102586,0.5412194718736301,0.669442014206213,0.6814083060279815,0.7262587395700986,0.1762565796780574,0.11742752431541373,0.16794093547886116,0.1670958103151744,0.2637135888283379
cifar,DenSNE,1,perplexity,5.0,dens_lambda,0.05,0.6609097883185104,0.5418624014592575,0.7032600175348653,0.7065380528869372,0.7305384355333646,0.17014536796361984,0.12448481822356947,0.18825104013337557,0.17915147859749994,0.2797589521697411
cifar,DenSNE,1,perplexity,5.0,dens_lambda,0.1,0.6690001597455958,0.5404198151409105,0.7093786453573472,0.7054778808074954,0.7310747906589693,0.17946641997053514,0.12531936716372427,0.17924400494180373,0.17311149069834686,0.27454809885978815
cifar,DenSNE,1,perplexity,5.0,dens_lambda,0.2,0.6734943977591037,0.5433820743151372,0.7015552905512338,0.7030231854014816,0.729004599187155,0.17681894615634108,0.11285107610831402,0.18116751382012258,0.16908600778909624,0.2708886402138467
cifar,DenSNE,1,perplexity,5.0,dens_lambda,0.5,0.6730369866779603,0.558253739161447,0.6985760816262845,0.6982131712101286,0.7274178238934831,0.17705401271453503,0.10976623985810813,0.17453557137065795,0.16175226491054295,0.26678096288850084
cifar,DenSNE,1,perplexity,5.0,dens_lambda,1.0,0.663781958406705,0.5725707060012334,0.70651901344092,0.6966811923708476,0.7294048919302469,0.17008217355958175,0.10986743392167009,0.17223019196102418,0.15949127545549213,0.2657399273116807
cifar,DenSNE,1,perplexity,10.0,dens_lambda,0.0,0.650363792731947,0.5281839526261433,0.7075039564897576,0.7138278388278388,0.7839612635505131,0.15462394321688558,0.11819458381295439,0.15271236453723905,0.1579841456720265,0.36396803509216974
cifar,DenSNE,1,perplexity,10.0,dens_lambda,0.01,0.6459661450787211,0.5277223621544108,0.7286920736464347,0.7170645446507515,0.7854639866556702,0.15361797312666295,0.11862064925472175,0.16507222973577576,0.16060021320159235,0.39163818709972237
cifar,DenSNE,1,perplexity,10.0,dens_lambda,0.05,0.6540444427107713,0.5229620362733953,0.7152451166142849,0.7150849066417017,0.7849113783444411,0.15868334939049528,0.1197830486516725,0.15505297959849948,0.16068605129332944,0.3706721923111596
cifar,DenSNE,1,perplexity,10.0,dens_lambda,0.1,0.6445776586496669,0.5233363239194881,0.7151273971126912,0.7105618772708022,0.7825569883125664,0.1490369028898466,0.1100802439616527,0.15433760725346973,0.15618210870679328,0.3437585947989053
cifar,DenSNE,1,perplexity,10.0,dens_lambda,0.2,0.6521404981090579,0.5403083647252004,0.7059478300604061,0.713353710184339,0.7831964350727029,0.1493345374037115,0.11050569789421989,0.14908778876698825,0.15607556130569916,0.34765952664606964
cifar,DenSNE,1,perplexity,10.0,dens_lambda,0.5,0.6530242070302922,0.5465830231296763,0.7066383582610763,0.7033942224104496,0.7830756971223503,0.14851326228126052,0.10497512862517344,0.1493126734415209,0.15109613012154405,0.3465876622924147
cifar,DenSNE,1,perplexity,10.0,dens_lambda,1.0,0.6605466457139885,0.5425861325962746,0.7099839604276723,0.7083704834719032,0.7856873518638224,0.14973467647535832,0.10339577433310479,0.15036960783785747,0.15304338356331187,0.35426601331593227
cifar,DenSNE,1,perplexity,15.0,dens_lambda,0.0,0.6355603912652594,0.5496302632458819,0.7770427468069455,0.7895189242805876,0.7979993721626581,0.17917997265977373,0.11849659369857043,0.25034003048312564,0.3064477782152757,0.6444506344305012
cifar,DenSNE,1,perplexity,15.0,dens_lambda,0.01,0.6418856667335369,0.5517385336097304,0.7666581221347955,0.788088643945642,0.7981345057917066,0.1862905761305428,0.12233620860821515,0.2329793124210508,0.3030360396604259,0.6419574327595701
cifar,DenSNE,1,perplexity,15.0,dens_lambda,0.05,0.6550126681972523,0.5414168319847833,0.7644574408012542,0.7916439122067924,0.7989285900036407,0.1886129805245964,0.11937129265577517,0.20777841230469157,0.32835231208159327,0.6442569607828089
cifar,DenSNE,1,perplexity,15.0,dens_lambda,0.1,0.657492439946801,0.5532384704544948,0.7743551664697709,0.7829976818313532,0.7991863190899702,0.1823621564542005,0.12042800009256939,0.22548118615635532,0.28138281216032907,0.6439250593178826
cifar,DenSNE,1,perplexity,15.0,dens_lambda,0.2,0.6620981283760188,0.5517417842468553,0.7791238511319649,0.7932302231237321,0.8008167457964618,0.17598886401517858,0.11316017218684102,0.21174724277262919,0.2699328932690385,0.658847105554186
cifar,DenSNE,1,perplexity,15.0,dens_lambda,0.5,0.6750156959335457,0.5604783358966929,0.7630650071699768,0.7681696683978632,0.799007998424834,0.17625335040444756,0.10764978600917914,0.2057216611410595,0.2234690437919129,0.6332234500748223
cifar,DenSNE,1,perplexity,15.0,dens_lambda,1.0,0.6710006947075913,0.5583494007682648,0.7600335558626634,0.7738424945575046,0.79817676407433,0.17071345511819558,0.1050447249166542,0.20192599740642544,0.23552071725002544,0.626769573649365
cifar,DenSNE,1,perplexity,30.0,dens_lambda,0.0,0.650719969685487,0.5720578019006011,0.7218970811136126,0.6257945485886662,0.7816138391696201,0.1986421031848697,0.1315565530537323,0.17778773469557838,0.12076186046388251,0.48508304681740433
cifar,DenSNE,1,perplexity,30.0,dens_lambda,0.01,0.6536543662557861,0.5717708170801477,0.7301778470008693,0.6272480477602183,0.7826814412767759,0.20038192412447448,0.1307485087183084,0.20007184797160404,0.12328277754504058,0.4932812699267609
cifar,DenSNE,1,perplexity,30.0,dens_lambda,0.05,0.6599749979567424,0.5665999821679335,0.7387212179301428,0.6473653121726144,0.7863072948012098,0.19236880380496046,0.12821097612507876,0.20762078236423873,0.14140124277539912,0.5152323763911293
cifar,DenSNE,1,perplexity,30.0,dens_lambda,0.1,0.6633612330873995,0.5653011204481793,0.7166082945114386,0.6298160510888706,0.7817299333526514,0.18587928278292332,0.12463089427850119,0.18283503424906147,0.12755082081155417,0.44352969139522935
cifar,DenSNE,1,perplexity,30.0,dens_lambda,0.2,0.6612687515324432,0.5575395277474385,0.7191277704715839,0.6286504654912364,0.7802573947350825,0.17556828659560045,0.11249448893992944,0.1695906157152133,0.12448299564975646,0.4114823194519881
cifar,DenSNE,1,perplexity,30.0,dens_lambda,0.5,0.660630233525771,0.5612940136266709,0.7203697460416528,0.6396190439040338,0.7804129609403444,0.16423474379567854,0.10861466359171257,0.16637507055121176,0.12554122057955597,0.41192697098192427
cifar,DenSNE,1,perplexity,30.0,dens_lambda,1.0,0.6621408510353743,0.5374970279889143,0.7140407555595183,0.6304411021703111,0.776988182540921,0.15375149720936337,0.09816386051016526,0.15282944558821024,0.11824533074088647,0.3844420849549509
cifar,DenSNE,1,perplexity,50.0,dens_lambda,0.0,0.6467551211466018,0.545102125730929,0.7374267677893438,0.6227547385001747,0.7908697961943397,0.16864487378533,0.1125657435227022,0.16083335696707435,0.11265683221758341,0.4979323902359491
cifar,DenSNE,1,perplexity,50.0,dens_lambda,0.01,0.6482480923403845,0.5402052730906686,0.7399671407024349,0.6231276330160711,0.7907016918173104,0.16685000441524594,0.11088928000959235,0.16257465381589126,0.11262706123358505,0.4915432567512402
cifar,DenSNE,1,perplexity,50.0,dens_lambda,0.05,0.6525742259768629,0.5396477888237523,0.7444107616521408,0.6297185319751243,0.7930964826248802,0.16138657429153053,0.10914213232206146,0.16487697065144297,0.11432697473861625,0.49523251070836644
cifar,DenSNE,1,perplexity,50.0,dens_lambda,0.1,0.6554993350125196,0.5266231824294704,0.7497757060383834,0.6305609113671993,0.7927491288292505,0.1539365307016785,0.1042928845908361,0.16767422347910518,0.11530153246117089,0.4677060669972771
cifar,DenSNE,1,perplexity,50.0,dens_lambda,0.2,0.653665046920625,0.5368979820044728,0.7177836320204474,0.6206399668620765,0.7893104191278633,0.14976711973083434,0.10106154605380627,0.1476024614796906,0.11224698915298731,0.4210172180341847
cifar,DenSNE,1,perplexity,50.0,dens_lambda,0.5,0.6544377698028814,0.5312400159002593,0.7229375171819391,0.6467955219222967,0.7937545044543016,0.14747344551826003,0.10147717217367383,0.15339994690256056,0.12325072964437374,0.44753057518223827
cifar,DenSNE,1,perplexity,50.0,dens_lambda,1.0,0.6417133829659183,0.48947025759906093,0.692948300009659,0.61011301072153,0.7857128925840892,0.13891948547747107,0.08831114269471532,0.1368042617569655,0.11032259783605254,0.3695365996793482
cifar,DenSNE,1,perplexity,75.0,dens_lambda,0.0,0.6245031168966261,0.5328760151275365,0.647749816106814,0.5162285736575798,0.8430114088075549,0.14280287869880876,0.10993974179637692,0.12827471777570418,0.08899464627890072,0.44527116460857197
cifar,DenSNE,1,perplexity,75.0,dens_lambda,0.01,0.6262296695866676,0.5284430748426692,0.6503103894077525,0.5111009257814532,0.8420269301354494,0.14568177716623995,0.11111410739539909,0.13133067390245634,0.08813380611187349,0.4464006887072774
cifar,DenSNE,1,perplexity,75.0,dens_lambda,0.05,0.6289838879849021,0.541671542622354,0.6357224587447712,0.5141175170333385,0.8438417144045947,0.14298478829922673,0.10928321444647593,0.12629602735939663,0.08860771335012647,0.4361255683668227
cifar,DenSNE,1,perplexity,75.0,dens_lambda,0.1,0.6315760389036251,0.5377287519782449,0.6646749548625817,0.5336431654890073,0.8480503607278455,0.14198882932707965,0.1063866562690102,0.13637696333168248,0.09263981715865238,0.45722615420758994
cifar,DenSNE,1,perplexity,75.0,dens_lambda,0.2,0.6279678316950122,0.53469915817786,0.636459888995386,0.518822117706499,0.8383620689655172,0.13742280728713369,0.10246910525652392,0.12399492891811964,0.0900315608567895,0.3836901306611804
cifar,DenSNE,1,perplexity,75.0,dens_lambda,0.5,0.624009484430377,0.5317863551256046,0.6375804300500042,0.5283915290254032,0.8330347390945768,0.13401377897439487,0.09950533382771522,0.12532777087452684,0.09196881557241551,0.3495645097438658
cifar,DenSNE,1,perplexity,75.0,dens_lambda,1.0,0.6239198597210768,0.5005981172309774,0.6477653727273402,0.5474783414692138,0.8330296309505234,0.1313427839116734,0.09082046490385672,0.12709660895218722,0.09643019901041203,0.33857429995668537
cifar,DenSNE,1,perplexity,100.0,dens_lambda,0.0,0.6180845017051912,0.5462825713839913,0.6156421122825788,0.46924154277095453,0.8293875242404655,0.1405868856958922,0.10865100454318816,0.12964355423891294,0.08149381316831013,0.37542401815919363
cifar,DenSNE,1,perplexity,100.0,dens_lambda,0.01,0.6184346417612139,0.5418584542570344,0.6175913336156744,0.4700179806670679,0.8293406221905208,0.1402783349701724,0.10778648845869385,0.13454019291343142,0.08158112724368455,0.3702420745626856
cifar,DenSNE,1,perplexity,100.0,dens_lambda,0.05,0.623427156008292,0.5390136823960353,0.6098190602500947,0.4718787382326936,0.8292542481183455,0.13754920158104395,0.10462548705274288,0.11746719809748159,0.0818504060312774,0.36282841848847613
cifar,DenSNE,1,perplexity,100.0,dens_lambda,0.1,0.6244264947358253,0.5388153935314178,0.6207583829287684,0.5004917749593206,0.8404875212684544,0.13713221806831888,0.10427567329176432,0.1283555886277754,0.08672847652022106,0.41826912988860243
cifar,DenSNE,1,perplexity,100.0,dens_lambda,0.2,0.6198974284674081,0.520906240480277,0.5892297568894931,0.4673287750113308,0.8267540437925832,0.13161211601057654,0.09766736533498065,0.11489290031780922,0.08156575291813137,0.3337968434033439
cifar,DenSNE,1,perplexity,100.0,dens_lambda,0.5,0.6152220835283715,0.5078326423407559,0.6105597411378344,0.48534612784105685,0.8297260548781846,0.13044554278070192,0.0959112672012615,0.12201161356540954,0.08536134338370323,0.34368083143382594
cifar,DenSNE,1,perplexity,100.0,dens_lambda,1.0,0.6168097875755078,0.4980756228220731,0.6245964566197832,0.5029399690910847,0.8328615265734942,0.13157718395439028,0.09360391983228686,0.12505559877073147,0.0896313775716801,0.34442601895360986
cifar,DenSNE,2,perplexity,5.0,dens_lambda,0.0,0.6274026852120158,0.5579630393271366,0.6752207182607791,0.6835741591066136,0.8231151877196502,0.14096543603976258,0.11874766240228721,0.15076552747358896,0.14514676292897277,0.35568418210321334
cifar,DenSNE,2,perplexity,5.0,dens_lambda,0.01,0.6300960702583421,0.541271017690896,0.6863599551226326,0.6883758145167882,0.8245872619604869,0.14096192517319686,0.11058628645400201,0.1463677561218095,0.14647989949877563,0.3590975396181824
cifar,DenSNE,2,perplexity,5.0,dens_lambda,0.05,0.6413799604722525,0.5526891127803907,0.6827779851993848,0.6905843902547757,0.8248491704374057,0.14313020273150578,0.12421254836202472,0.14556928988185133,0.14955457023986404,0.36810543555050707
cifar,DenSNE,2,perplexity,5.0,dens_lambda,0.1,0.6597390945768228,0.5422933430666697,0.69348604826546,0.7044980459027113,0.8280310798059276,0.14915467547525643,0.11678653690482325,0.1610687128210983,0.1628055208556537,0.38547522530725936
cifar,DenSNE,2,perplexity,5.0,dens_lambda,0.2,0.6442108010312878,0.5581227849229878,0.6880142972308287,0.6968056453350571,0.8271989167019592,0.1443631452640043,0.11218242243779146,0.14667166478352406,0.15180391382336317,0.3748450955178052
cifar,DenSNE,2,perplexity,5.0,dens_lambda,0.5,0.6513296963347673,0.5616450824361575,0.6848031321281829,0.7037058191977057,0.8266221608006596,0.14253682246026045,0.11115027022984983,0.14483455776963178,0.15497847964893907,0.38404429225174436
cifar,DenSNE,2,perplexity,5.0,dens_lambda,1.0,0.6537086983334448,0.5438522557564139,0.691980074523178,0.7070948405887553,0.8277403799716173,0.1404538760719953,0.0998432701214516,0.14551018711811226,0.15478068915028365,0.3891282059109051
cifar,DenSNE,2,perplexity,10.0,dens_lambda,0.0,0.5843192051356352,0.5379655841116288,0.5946875766221609,0.6409685226875896,0.8876714478895007,0.11687365440800637,0.1052385128961755,0.10984150487346979,0.12552261977935253,0.43942617522716065
cifar,DenSNE,2,perplexity,10.0,dens_lambda,0.01,0.5912286665329262,0.5401969143094905,0.5883887706276144,0.6476300069099258,0.8903290759274531,0.1181008769281594,0.10588626770529357,0.10760896470914141,0.12802613157299692,0.44923402733224327
cifar,DenSNE,2,perplexity,10.0,dens_lambda,0.05,0.5994551003425244,0.542046526833545,0.620085733232285,0.6557092332954402,0.8939493569311013,0.12037253645939244,0.10530728504749357,0.1170960867314854,0.1333689074286573,0.4644341901497908
cifar,DenSNE,2,perplexity,10.0,dens_lambda,0.1,0.5996297059938034,0.5435030444538558,0.6159411708980675,0.6448256358246216,0.8933777091738553,0.11754722462016426,0.10618313037314032,0.114278122411738,0.12679171720348012,0.4608920067427934
cifar,DenSNE,2,perplexity,10.0,dens_lambda,0.2,0.609571547451872,0.5351161684833085,0.6256819372311259,0.6543267837639034,0.8943668316132819,0.12018942878571968,0.09978197815769094,0.11913554852348526,0.1329144422735008,0.4709119258288872
cifar,DenSNE,2,perplexity,10.0,dens_lambda,0.5,0.6242639628795816,0.5460383092228934,0.6707747754274123,0.6726311214140828,0.898076272949498,0.12537500100911275,0.10089881521558025,0.13710745596613313,0.14284709361419906,0.4928720292916928
cifar,DenSNE,2,perplexity,10.0,dens_lambda,1.0,0.6242421371731717,0.5205565648009867,0.6521660388293248,0.6723418147099689,0.8965972330576794,0.12408826223942518,0.09385961271631932,0.12685771770924145,0.1420337978210074,0.4906272674732068
cifar,DenSNE,2,perplexity,15.0,dens_lambda,0.0,0.598452510977866,0.52342409112186,0.6232924867559755,0.6877605153467222,0.9240841562089026,0.13469259168510356,0.11163411836946774,0.12020599245556088,0.14884982385070633,0.5555355880838038
cifar,DenSNE,2,perplexity,15.0,dens_lambda,0.01,0.5986596230003938,0.5207878244135851,0.6409580742111167,0.6962980815668443,0.9246200469577751,0.13309304139355685,0.11077917552611408,0.12813990956363147,0.15407437191269804,0.5530946978907145
cifar,DenSNE,2,perplexity,15.0,dens_lambda,0.05,0.6027057374674007,0.5260552496860813,0.6322152534753954,0.6791472557192638,0.9224955234083022,0.1272754435695222,0.1100539903039814,0.12334450231663699,0.1419847402495642,0.5457299654202389
cifar,DenSNE,2,perplexity,15.0,dens_lambda,0.1,0.6120424960435102,0.526847476391087,0.6306103674891708,0.6849919012697918,0.9217218717725817,0.12579948104441482,0.10827376153488916,0.12051162746285252,0.14538602020379632,0.5468349743319596
cifar,DenSNE,2,perplexity,15.0,dens_lambda,0.2,0.6188497945597338,0.5223472014800615,0.6633391751926235,0.6994080125418868,0.92319208850649,0.1309154577878875,0.104734329322537,0.1316351348675484,0.1536506214298666,0.5543564130706619
cifar,DenSNE,2,perplexity,15.0,dens_lambda,0.5,0.6277765084813767,0.5191550758234329,0.6695365148712005,0.7064461062939765,0.9235984181470996,0.12964599437055604,0.09740830851387339,0.13320071866046787,0.15728247975609247,0.5573949005468524
cifar,DenSNE,2,perplexity,15.0,dens_lambda,1.0,0.6287386970703401,0.5186530845760056,0.6721588502775115,0.704972638922943,0.9224077562059305,0.13066760600170127,0.09467406277959653,0.13516907059649183,0.1587798167948494,0.5615913973385528
cifar,DenSNE,2,perplexity,30.0,dens_lambda,0.0,0.6077901983074396,0.5166051831873333,0.70776447183648,0.7777479028746777,0.9252228079560738,0.13661793359035085,0.1024082840089505,0.14922545642557736,0.21127575480665822,0.7006394670923966
cifar,DenSNE,2,perplexity,30.0,dens_lambda,0.01,0.6121372288968638,0.5250489453075661,0.7454648968340652,0.7855796164619695,0.9278818291242226,0.13973502570585386,0.10446716693306432,0.1762938665730845,0.23118788688507097,0.7114558739927777
cifar,DenSNE,2,perplexity,30.0,dens_lambda,0.05,0.6223219393858339,0.5135646765337435,0.7308124178053184,0.7839974849356187,0.9281042655789106,0.1410055745862247,0.09925382907718155,0.16709463196853802,0.23232221443779874,0.7242052528583792
cifar,DenSNE,2,perplexity,30.0,dens_lambda,0.1,0.6241919844861021,0.5081303078260482,0.7331535731003278,0.7755959810980095,0.9265295640802741,0.13749020638686443,0.09504040667793709,0.16618674521321297,0.22054122004510518,0.7112763584421534
cifar,DenSNE,2,perplexity,30.0,dens_lambda,0.2,0.6333504223970755,0.5106291190216139,0.7388136288998358,0.7825969247115292,0.9271109637488949,0.13574036523721517,0.09354132236299764,0.16633894637271746,0.2192291658961248,0.7156886638028065
cifar,DenSNE,2,perplexity,30.0,dens_lambda,0.5,0.6269564191724435,0.5084978620095253,0.7221480767373263,0.7659638789202684,0.9267473567676406,0.1295535919109392,0.09037475396225525,0.15600413656772597,0.1985016062949112,0.688432624481221
cifar,DenSNE,2,perplexity,30.0,dens_lambda,1.0,0.6303960576272949,0.4891131518920566,0.7133077368878585,0.7638258884455639,0.9258887241899413,0.13199594876312004,0.0867771208448329,0.15613024110548965,0.20104615825322825,0.674846157482335
cifar,DenSNE,2,perplexity,50.0,dens_lambda,0.0,0.6213007749518906,0.5232169790993321,0.6694229747601959,0.568437985273685,0.8927600881201287,0.14588330276446246,0.1062377914985893,0.14324066544281883,0.11420190912393416,0.5004499191667074
cifar,DenSNE,2,perplexity,50.0,dens_lambda,0.01,0.6215106732348112,0.5237496192110797,0.6525909435392194,0.5703154604016673,0.8935523148251344,0.14263065510509693,0.10514808623057403,0.1369656109847623,0.11407381004141179,0.5008935192668044
cifar,DenSNE,2,perplexity,50.0,dens_lambda,0.05,0.6313596393464548,0.5294168728499358,0.6562270133517598,0.567866801893171,0.8945089308933123,0.14177769307193488,0.10273678691540893,0.1389450968921635,0.11371213490480973,0.5043117160619776
cifar,DenSNE,2,perplexity,50.0,dens_lambda,0.1,0.6321969105944765,0.5213669021985452,0.6704378701082554,0.5813601965985333,0.8946027349932016,0.13414846918135423,0.09864538044197263,0.1331765440206686,0.10805330866256174,0.505923862989332
cifar,DenSNE,2,perplexity,50.0,dens_lambda,0.2,0.6345262242828165,0.5255316649206101,0.6875808015513899,0.6024958391844801,0.8988638558871824,0.13369725234506313,0.09709077975987666,0.13858154113269788,0.1116413113425615,0.5388844536518382
cifar,DenSNE,2,perplexity,50.0,dens_lambda,0.5,0.6243600888631314,0.5255565090757788,0.6656427159723306,0.6129902889537778,0.899933779877999,0.12703584798871842,0.09627652658583516,0.12836663293217457,0.11323421884288747,0.5215688246108533
cifar,DenSNE,2,perplexity,50.0,dens_lambda,1.0,0.6166249656361219,0.5060954089858756,0.6650455274948175,0.6147279866853904,0.900133461872813,0.12638010853730294,0.09005171775930987,0.12797486258768148,0.11411057338149343,0.5036203581134403
cifar,DenSNE,2,perplexity,75.0,dens_lambda,0.0,0.636475213427546,0.5352201888713044,0.6441499676793794,0.5332006144632919,0.8900253735446433,0.1504605915744937,0.11072777040273016,0.1371206473729544,0.10149336562611154,0.5162480100953627
cifar,DenSNE,2,perplexity,75.0,dens_lambda,0.01,0.6360772425681148,0.533349215017572,0.6737075466791491,0.540047385001746,0.8916232938798864,0.15027618756042338,0.11130255243348938,0.1470984470707006,0.10405061770753224,0.5222026582574442
cifar,DenSNE,2,perplexity,75.0,dens_lambda,0.05,0.6388495716589023,0.5369523140821316,0.665021379904747,0.5521485782641969,0.8937793950471434,0.14673973845489208,0.10816548123336736,0.14519833774960636,0.10694407738130111,0.5341526513999842
cifar,DenSNE,2,perplexity,75.0,dens_lambda,0.1,0.6371480953123956,0.5375615763546797,0.6595723833299897,0.5632300002229008,0.8930057434114229,0.14421636047761757,0.10692911629688584,0.13684497520106212,0.10740028332988036,0.5408355054267903
cifar,DenSNE,2,perplexity,75.0,dens_lambda,0.2,0.6360006204073141,0.5357263595093209,0.7033923649035212,0.575043279911434,0.8990393902919258,0.13749273486853986,0.10304592647719053,0.14908945708096846,0.10832267749294484,0.5552967387820665
cifar,DenSNE,2,perplexity,75.0,dens_lambda,0.5,0.624726017728046,0.5238715181032625,0.6755566948264717,0.5811646939943086,0.8983614002630229,0.13192208248158732,0.09996776909972963,0.13751826023243371,0.10920992939723596,0.5227855812005608
cifar,DenSNE,2,perplexity,75.0,dens_lambda,1.0,0.6259180727994116,0.5100941570262058,0.6688241609641203,0.5873186144484319,0.8974516862447898,0.13278009694756848,0.095603288060972,0.13366970279619314,0.11270891392911356,0.5005889669815512
cifar,DenSNE,2,perplexity,100.0,dens_lambda,0.0,0.6323524767997385,0.537117167822036,0.6476434738351575,0.52727423860791,0.8832078587403133,0.14436439037696713,0.10291452516086305,0.12930361682776642,0.09355713370737245,0.5258919822825173
cifar,DenSNE,2,perplexity,100.0,dens_lambda,0.01,0.6336160458878513,0.5380905014525704,0.645977290120292,0.528015848249114,0.8830174642801418,0.14341502780421955,0.10199373687587306,0.12930662483975588,0.09371002827426822,0.5311673423836251
cifar,DenSNE,2,perplexity,100.0,dens_lambda,0.05,0.6301151097043591,0.5328295774543239,0.6482750261908476,0.5366560417270356,0.884705473701417,0.13640239215013888,0.09856549323283786,0.12641319936435372,0.09549664458893935,0.5328388985528968
cifar,DenSNE,2,perplexity,100.0,dens_lambda,0.1,0.6298220879863883,0.5391957180750284,0.6576468452102326,0.5304380372838792,0.8827146906507961,0.13410712255062,0.09991407541397923,0.13265556984657365,0.0935050475183514,0.5153165814522676
cifar,DenSNE,2,perplexity,100.0,dens_lambda,0.2,0.6274324053228718,0.5456728447347108,0.6550716440422323,0.536227422003284,0.8837743983535058,0.13150822655807637,0.10207007815033921,0.13138263216544657,0.09464706078402385,0.5111648727460716
cifar,DenSNE,2,perplexity,100.0,dens_lambda,0.5,0.6222532116294794,0.5314810274242323,0.6601839674861988,0.558961913677938,0.8842949646702183,0.13058443158826163,0.10059811683957703,0.13234094906457863,0.09977222557079643,0.5139281247073132
cifar,DenSNE,2,perplexity,100.0,dens_lambda,1.0,0.6204263535652987,0.5155598711633195,0.6695026153697553,0.5716259315397246,0.8854401176916391,0.12939247362451917,0.09597103467252611,0.13412463791593268,0.10337342436320288,0.4824777549128517
cifar,DenSNE,3,perplexity,5.0,dens_lambda,0.0,0.6504543461947113,0.5343104748530713,0.7186113835454606,0.7126720051415791,0.8575547593042523,0.14582067374510957,0.11441405767040305,0.1583312953054202,0.15834907540864115,0.4490905620360244
cifar,DenSNE,3,perplexity,5.0,dens_lambda,0.01,0.6617484526967286,0.5359552972382586,0.7395487372667902,0.7194570135746606,0.8583785636270423,0.14182450404613922,0.11410173314162114,0.17087921390106214,0.16456483184533063,0.4712148949880315
cifar,DenSNE,3,perplexity,5.0,dens_lambda,0.05,0.6524177310181367,0.534803178565856,0.720174011249062,0.7138942447005326,0.8572078698853547,0.1425319731364415,0.11057867584132991,0.16162351251428328,0.15877947480338095,0.46416797846579566
cifar,DenSNE,3,perplexity,5.0,dens_lambda,0.1,0.6501562163326869,0.5423627673881224,0.7260938858301942,0.7084907570455237,0.8569914703281843,0.14408713212611496,0.11236432997618326,0.16557604337495305,0.1553580862305728,0.45218650161472107
cifar,DenSNE,3,perplexity,5.0,dens_lambda,0.2,0.6496909108470974,0.5410030723164597,0.7092959862990289,0.7078150889002817,0.8561792754236974,0.14360450899777663,0.10908509253919146,0.15531394622744166,0.15473643367224538,0.44772403031490987
cifar,DenSNE,3,perplexity,5.0,dens_lambda,0.5,0.6667168193537363,0.5612090326846919,0.7225523166826412,0.7293152672209468,0.8576703891105514,0.1490760876409647,0.11033722187631853,0.16441207783754003,0.1742856755841989,0.49907880742915034
cifar,DenSNE,3,perplexity,5.0,dens_lambda,1.0,0.6695588049543425,0.5625092875346425,0.7275485459435764,0.727865947439984,0.8571187095527865,0.15214322788249587,0.10861434077674552,0.16441150558546147,0.17116053658532784,0.5109985531001543
cifar,DenSNE,3,perplexity,10.0,dens_lambda,0.0,0.5974684966824926,0.5325644183402803,0.6710016234610555,0.6925482394549332,0.9042171908551219,0.13454385201567942,0.11910101707360926,0.13579012939274204,0.1495071443069694,0.4614342867761624
cifar,DenSNE,3,perplexity,10.0,dens_lambda,0.01,0.6060622524872018,0.53748077480329,0.6676109767514433,0.6921683792880547,0.9059117015506468,0.13720279469366875,0.12113752498156898,0.1354115266450484,0.14975510110072673,0.4851852807946194
cifar,DenSNE,3,perplexity,10.0,dens_lambda,0.05,0.614196275327107,0.5274126228740833,0.6773440808684216,0.6912609871534819,0.9049917712443067,0.14309090679096037,0.11802687054075388,0.13882284341595097,0.14858781052582584,0.4735121572750093
cifar,DenSNE,3,perplexity,10.0,dens_lambda,0.1,0.6242778941815452,0.5365589869900215,0.6819780962782992,0.6963942075503942,0.904199080162569,0.14873046209415847,0.11323428831412469,0.14722599955528332,0.15380643452527326,0.47924656065917676
cifar,DenSNE,3,perplexity,10.0,dens_lambda,0.2,0.6351535972479176,0.5420929645067576,0.6794402774372348,0.7013546798029556,0.9037732466992103,0.15243145936546476,0.10807442241948739,0.14424446941775593,0.15714725060561544,0.47979191286785033
cifar,DenSNE,3,perplexity,10.0,dens_lambda,0.5,0.6463051400931725,0.5431350258936466,0.6979914313205388,0.7012622688332627,0.904844563820223,0.15196563999182194,0.10561724175281909,0.15201218534555502,0.1592472384242727,0.4963480257377608
cifar,DenSNE,3,perplexity,10.0,dens_lambda,1.0,0.6537328459235153,0.5416093161402492,0.6972853464993425,0.7003985281115098,0.9036761919621961,0.1599365484945996,0.09936514382527933,0.1583535965761787,0.16203173967253975,0.4980301741770195
cifar,DenSNE,3,perplexity,15.0,dens_lambda,0.0,0.6162423192088506,0.5106894879967903,0.6628155904271523,0.7152687998276234,0.9211989835722086,0.12742528651431143,0.09547145520511635,0.1256401573239205,0.15880752364513537,0.5184448549752456
cifar,DenSNE,3,perplexity,15.0,dens_lambda,0.01,0.6024610109295707,0.5054531759653464,0.6490565722310143,0.7001115432910564,0.919311756532852,0.12101485131452086,0.09381493192123591,0.12025796583173926,0.14774461503065078,0.49466132343357117
cifar,DenSNE,3,perplexity,15.0,dens_lambda,0.05,0.624321081217633,0.5115908432338454,0.6803119125634338,0.7244379184034356,0.9223808223554675,0.12952917926806007,0.09687631706038165,0.13249206690586426,0.16612554202381447,0.5548716202532656
cifar,DenSNE,3,perplexity,15.0,dens_lambda,0.1,0.6319925848323416,0.5120765812956483,0.6875808015513898,0.7223398643276939,0.9221021963161923,0.13287770645206376,0.09404764273266897,0.13745426880852749,0.16575341351365316,0.558005068661772
cifar,DenSNE,3,perplexity,15.0,dens_lambda,0.2,0.6412160354858123,0.5231737920632443,0.685812687143823,0.7239150302030627,0.922026967285588,0.13526081510160165,0.09585106471969662,0.13733834313699386,0.1670938204506699,0.5702172966363782
cifar,DenSNE,3,perplexity,15.0,dens_lambda,0.5,0.6451911003128041,0.5093251491578064,0.70265354152271,0.725477657906664,0.9211065726025159,0.13658937992560277,0.0906273826804295,0.14529162024006692,0.16682055888760644,0.5604614092608452
cifar,DenSNE,3,perplexity,15.0,dens_lambda,1.0,0.6493398420376109,0.5100017460565128,0.6885332382289786,0.7212002838270587,0.92065519841889,0.1407907476932293,0.0900316082692186,0.14179752379201876,0.16450489646132418,0.5581939233186803
cifar,DenSNE,3,perplexity,30.0,dens_lambda,0.0,0.6084259300537191,0.4944047247546233,0.6109112743240532,0.6648091597381658,0.9238533609730364,0.12373662101739717,0.09921634078528432,0.10952809465393262,0.12735417611415925,0.4982502794883211
cifar,DenSNE,3,perplexity,30.0,dens_lambda,0.01,0.6092910639056685,0.497982747475648,0.5994360608965071,0.6700840150383761,0.9244751614173522,0.12311572810828778,0.0963322292320243,0.1065851138521782,0.13007444875367002,0.5006268986839413
cifar,DenSNE,3,perplexity,30.0,dens_lambda,0.05,0.6138210589275498,0.4943608411534375,0.6138791060190654,0.6676376784135405,0.9253245064604091,0.12478522003438483,0.09404539227245046,0.11038955476138448,0.1287329998899295,0.5008053435250192
cifar,DenSNE,3,perplexity,30.0,dens_lambda,0.1,0.6227951392758695,0.5110804932052396,0.6059340845091352,0.6779175861325963,0.9261278782069857,0.12832389166800534,0.0962384163055075,0.10958886226030107,0.1336273484656973,0.5077878899116286
cifar,DenSNE,3,perplexity,30.0,dens_lambda,0.2,0.6273729651011597,0.5074344392929586,0.6138730691215478,0.6684772715452229,0.9251698690086114,0.12861412402586786,0.09329986004546353,0.11033364912321332,0.12876358378852534,0.49790909131276706
cifar,DenSNE,3,perplexity,30.0,dens_lambda,0.5,0.6361269308784521,0.5188838798118718,0.6084445051230041,0.6852691341788706,0.9252985013634101,0.1331299645426342,0.09399538538641325,0.11075006289355127,0.13749874496660563,0.5022771084260532
cifar,DenSNE,3,perplexity,30.0,dens_lambda,1.0,0.6288116042172838,0.5002619084769185,0.623305489304475,0.6817264040894873,0.9256045256298806,0.13011569246686508,0.08876170741493791,0.11619031601438157,0.13607659697541358,0.4993898458317316
cifar,DenSNE,3,perplexity,50.0,dens_lambda,0.0,0.6182038465253475,0.49180467943145434,0.6687563619612301,0.684295800548336,0.9302803349456494,0.12618496088780512,0.09274675232765481,0.1336736651290009,0.13825629955470048,0.6361055754547617
cifar,DenSNE,3,perplexity,50.0,dens_lambda,0.01,0.6194488405441753,0.4849532651256789,0.683902937832958,0.6821726701290596,0.9302979812614702,0.1262500444036566,0.09204033623103738,0.1420617948552144,0.13720537761974494,0.6348287273893491
cifar,DenSNE,3,perplexity,50.0,dens_lambda,0.05,0.620757454175304,0.4848789648485389,0.6713118271181151,0.6866924488628342,0.9314459205432837,0.12792798239003159,0.09213625790520716,0.1362425220113323,0.14093660518136072,0.6462285539525211
cifar,DenSNE,3,perplexity,50.0,dens_lambda,0.1,0.6285849883720067,0.49288760597077025,0.695863424945575,0.6965056579661042,0.9320941904613305,0.12974609857953157,0.09347678418000906,0.1475280852026989,0.14833727332747848,0.6590780884952732
cifar,DenSNE,3,perplexity,50.0,dens_lambda,0.2,0.6340325918165675,0.4951333318473278,0.6951787014540565,0.7068361827489615,0.9322697248660738,0.13138103312401192,0.09157774624950825,0.14868175255882687,0.15663851096356862,0.6646070059183392
cifar,DenSNE,3,perplexity,50.0,dens_lambda,0.5,0.6294083283180646,0.4950316333429924,0.6752372036347696,0.6899454078713713,0.930872415279109,0.13123916132858887,0.09065258873475412,0.1406855662529814,0.14644575447458422,0.6388903416992072
cifar,DenSNE,3,perplexity,50.0,dens_lambda,1.0,0.624291825483509,0.4788926843947127,0.6611874856043213,0.7019537257873971,0.9310335540051565,0.1292451750475197,0.08715366611242326,0.1352218405586327,0.15642883833983887,0.640821851044536
cifar,DenSNE,3,perplexity,75.0,dens_lambda,0.0,0.6173865434768073,0.47174406898037724,0.6672796439530718,0.6499788244210151,0.918789332709211,0.12583210087386631,0.08746422262669468,0.12849616980547746,0.12174703838369635,0.5627800164581629
cifar,DenSNE,3,perplexity,75.0,dens_lambda,0.01,0.6187912830914859,0.47149748493561877,0.6620521550795385,0.6456229706736806,0.9175740588012392,0.12571253908329588,0.08826539469228684,0.12728752724321563,0.12060460775768513,0.5592173876578439
cifar,DenSNE,3,perplexity,75.0,dens_lambda,0.05,0.6269160183967487,0.4784698693801128,0.6741510264583288,0.6517360259753769,0.9197691676139952,0.13010593275569962,0.08830487368153647,0.13194007238699088,0.12280237516618173,0.5891686608675538
cifar,DenSNE,3,perplexity,75.0,dens_lambda,0.1,0.628678792471896,0.47638226378084386,0.6582247620533626,0.657411174018679,0.9209226794165943,0.12944201855317788,0.08685329950349494,0.1252020630082701,0.12573117251992846,0.5931439167028217
cifar,DenSNE,3,perplexity,75.0,dens_lambda,0.2,0.6353407410709642,0.4832039579757632,0.6984151750886031,0.6715351923262673,0.9241292007519188,0.13348996124596618,0.08787662370083701,0.1462863323528913,0.1342431918418492,0.6287795640247766
cifar,DenSNE,3,perplexity,75.0,dens_lambda,0.5,0.6295527494817557,0.4860020599751837,0.6880279963444264,0.6583445712502509,0.9225377816909257,0.13371511480254006,0.0882207964088414,0.14471730320060094,0.12832064708282667,0.6020775990735996
cifar,DenSNE,3,perplexity,75.0,dens_lambda,1.0,0.6263155792821108,0.4777679639495055,0.6599873039401436,0.6560635527420517,0.9224713758182318,0.13325183602201612,0.08612493752594867,0.13280081143414235,0.12812604934472344,0.5773511422006795
cifar,DenSNE,3,perplexity,100.0,dens_lambda,0.0,0.6159005379340066,0.47979311087830356,0.6521442131229149,0.6412503993639896,0.9200259679468604,0.12590792911169746,0.08976297036362199,0.12474593100009033,0.12058222806495479,0.5648396651466143
cifar,DenSNE,3,perplexity,100.0,dens_lambda,0.01,0.6173359264130056,0.4813093009086924,0.6436008421936413,0.6404809271188582,0.9202976283351537,0.1268333213531681,0.09218923313537836,0.12331403551154325,0.12012826469074649,0.5653155814980944
cifar,DenSNE,3,perplexity,100.0,dens_lambda,0.05,0.6201690888557015,0.4879554606988684,0.6747598243541448,0.6436391532740416,0.92032084717176,0.12920041028696944,0.09264841238398666,0.1381299047203512,0.12226979415757155,0.5716880395637034
cifar,DenSNE,3,perplexity,100.0,dens_lambda,0.1,0.6248862277006293,0.4963476770018352,0.6529016115730112,0.6474846569927706,0.919449676422293,0.1317195655321613,0.0914006198340783,0.1304152147483745,0.12632169883159786,0.5659977247447067
cifar,DenSNE,3,perplexity,100.0,dens_lambda,0.2,0.6238079449286347,0.5013884864290543,0.6680932319877554,0.6352464725943427,0.9188761711581186,0.13003959335309034,0.09135907007339084,0.1404994617081794,0.1209879194418373,0.5508077371992472
cifar,DenSNE,3,perplexity,100.0,dens_lambda,0.5,0.6214177978883861,0.4852527881178997,0.6684289763650818,0.6466803564927297,0.919816998417404,0.1295580284892325,0.08885563754837043,0.1390525295425442,0.12771727081936704,0.5311032585465476
cifar,DenSNE,3,perplexity,100.0,dens_lambda,1.0,0.6248486131853273,0.4800146185795273,0.6724551226326074,0.6649893379102304,0.9215105803594648,0.13182131559816507,0.08697236789947091,0.13922337640176982,0.13747519539692335,0.5319754077647613
cifar,DenSNE,4,perplexity,5.0,dens_lambda,0.0,0.6442502730535186,0.5614277541255229,0.639630885510703,0.6367287631232865,0.7678664303917854,0.1397761521636307,0.13315017055248302,0.1289229855894365,0.13201880416078426,0.31321595848591105
cifar,DenSNE,4,perplexity,5.0,dens_lambda,0.01,0.6391388783630163,0.5703728109280847,0.6239442394995133,0.6329923879366071,0.7682792613066447,0.13377264019130677,0.13638891356563412,0.12160628826233583,0.12674481447123342,0.31096769592107576
cifar,DenSNE,4,perplexity,5.0,dens_lambda,0.05,0.6659961066654778,0.5629634479786609,0.6547844270334129,0.6595487001166513,0.7703475952715303,0.14370993197720722,0.1292105352516143,0.134863947387471,0.14179800820042793,0.32686923244963223
cifar,DenSNE,4,perplexity,5.0,dens_lambda,0.1,0.6514578643128339,0.5600371780011739,0.6462331616996932,0.6576048191159752,0.7697620162123204,0.13789682598018724,0.12311730847677006,0.13051175495234874,0.14083805731305607,0.3269968439595745
cifar,DenSNE,4,perplexity,5.0,dens_lambda,0.2,0.6529192578888319,0.5499418600331378,0.6646333931450564,0.6672745358090186,0.7704887657980963,0.1384886657013908,0.12940074037770646,0.1411308856095726,0.14422045777140596,0.3352937748206266
cifar,DenSNE,4,perplexity,5.0,dens_lambda,0.5,0.6579921093105677,0.547472304571696,0.665240101345578,0.6643271366902198,0.7701920290662683,0.13978822370381547,0.11328225678323249,0.14097092943979456,0.14386745215390542,0.3345824549331074
cifar,DenSNE,4,perplexity,5.0,dens_lambda,1.0,0.6592547496452161,0.5391381353602449,0.6663736449486957,0.6622629821159233,0.7697513355474815,0.13863940366490524,0.10210980261341529,0.14148420567915226,0.14347554268879228,0.3345497690708607
cifar,DenSNE,4,perplexity,10.0,dens_lambda,0.0,0.6194400173862649,0.5378903550810246,0.6432277154893788,0.6567457221615437,0.8076026829830075,0.13846186713216752,0.1268523979977071,0.13497228930546723,0.14089395801861876,0.434727813553612
cifar,DenSNE,4,perplexity,10.0,dens_lambda,0.01,0.6293474949661562,0.5289032721842053,0.6680813903810862,0.6638381479912919,0.8074968050880829,0.1416578436514395,0.12386424489844541,0.1413178173252181,0.14862249379073472,0.4487706642404077
cifar,DenSNE,4,perplexity,10.0,dens_lambda,0.05,0.6365978088848272,0.5347465246045369,0.6698555416861705,0.6717288374235637,0.807675590129951,0.1432300848069854,0.12333077943493163,0.15964150018465745,0.1601977527839552,0.4556211139517301
cifar,DenSNE,4,perplexity,10.0,dens_lambda,0.1,0.6362202706016094,0.531553934571176,0.6842040861437413,0.6674291732608163,0.8067417285216474,0.14142199163664582,0.12038411664478903,0.16101443092363357,0.15686816572586623,0.4515345774070561
cifar,DenSNE,4,perplexity,10.0,dens_lambda,0.2,0.6374025737616001,0.5302253527405658,0.6793457767722474,0.6700960888334113,0.8038073319513481,0.13816759172984608,0.1145512947802893,0.14771791838037823,0.15511491894455565,0.4637042889252428
cifar,DenSNE,4,perplexity,10.0,dens_lambda,0.5,0.6475348096798401,0.5342696097006442,0.7034332300559479,0.6850021175578984,0.8035477453580903,0.14319561962029126,0.11403267357231932,0.16040319036716127,0.16071719153784214,0.47875493846610767
cifar,DenSNE,4,perplexity,10.0,dens_lambda,1.0,0.6489316548900728,0.5454648039587188,0.689080274019422,0.6891856875376146,0.80373999732519,0.1467690162077392,0.10334955173697923,0.15961793911949237,0.1671058919273524,0.4994253606506804
cifar,DenSNE,4,perplexity,15.0,dens_lambda,0.0,0.5834220292891692,0.525464098106086,0.5599475532918737,0.518506341528654,0.8458631463195359,0.1278073976668745,0.11528050327383907,0.10224890455448951,0.09133523562513168,0.3519966627987239
cifar,DenSNE,4,perplexity,15.0,dens_lambda,0.01,0.579449286345838,0.5266412931220233,0.5482875179249418,0.5178529634665537,0.8456755381197572,0.12819932345970547,0.11315822565172641,0.10004368460766755,0.09158329811517343,0.3498445089165895
cifar,DenSNE,4,perplexity,15.0,dens_lambda,0.05,0.586722354724383,0.5256507775524003,0.5483901451827415,0.5205482060198084,0.8449056014978936,0.12755407952091186,0.10935366488175784,0.10579574624409123,0.0990181048155183,0.35552965433587963
cifar,DenSNE,4,perplexity,15.0,dens_lambda,0.1,0.595341186872627,0.5216557445259271,0.5867026187132678,0.558765482320249,0.8517454063853659,0.127736286556088,0.10378776685754501,0.11698772415366515,0.10967214654753826,0.4214301091680899
cifar,DenSNE,4,perplexity,15.0,dens_lambda,0.2,0.5960851183974916,0.5121926754786795,0.5733599142574802,0.5445137604113264,0.8476444954639681,0.12058554575103606,0.09516410955133564,0.1066283039192196,0.09728072381236538,0.39104543472523795
cifar,DenSNE,4,perplexity,15.0,dens_lambda,0.5,0.6053192497158015,0.49765861251662463,0.5999185483211853,0.5678333667684581,0.8503346298731693,0.12353675299387258,0.08967238032268456,0.11370610233360659,0.10498050499905257,0.42421241226945455
cifar,DenSNE,4,perplexity,15.0,dens_lambda,1.0,0.6077572275594588,0.48296480395871877,0.5952501690331305,0.569242750150458,0.8497030775174792,0.12355046910977457,0.08527393783194395,0.11337315621880692,0.10640309469300442,0.4283440018802555
cifar,DenSNE,4,perplexity,30.0,dens_lambda,0.0,0.5982765121963906,0.5407773852246469,0.6334221686021888,0.6081259426847662,0.9013752052545156,0.129904533807663,0.1182863382350851,0.11759923447058684,0.10930422440437268,0.48855677201702896
cifar,DenSNE,4,perplexity,30.0,dens_lambda,0.01,0.6007641783503852,0.5400269524255326,0.6252544784492047,0.6080511780308941,0.9010436402677784,0.1294691802002848,0.11703346098759593,0.11551161248337709,0.10924476684095515,0.48784104319086596
cifar,DenSNE,4,perplexity,30.0,dens_lambda,0.05,0.6082104592500129,0.5418549714315435,0.6304958986247018,0.6104947283953369,0.9014457905177986,0.13296850999678367,0.11662372136253497,0.11698239246665049,0.11016751175549402,0.49014404791644106
cifar,DenSNE,4,perplexity,30.0,dens_lambda,0.1,0.6099602307766607,0.5375550750804301,0.6345030054462102,0.6106934816366865,0.9019853962805283,0.12794708640246177,0.11027591661886613,0.11873439294611389,0.11041758879241709,0.49823501331227416
cifar,DenSNE,4,perplexity,30.0,dens_lambda,0.2,0.6140388516149164,0.5370066461597902,0.6403889805258973,0.6319062107601662,0.9039478523504894,0.126234234341006,0.1041454973626354,0.1198343131366307,0.11750051986029283,0.5115062737782399
cifar,DenSNE,4,perplexity,30.0,dens_lambda,0.5,0.6144637563248111,0.5242397688518378,0.6406109526038533,0.6259830855419091,0.9003586845878937,0.12428511362579799,0.09611664910958398,0.12005977248786587,0.11581085912099481,0.4907523670775612
cifar,DenSNE,4,perplexity,30.0,dens_lambda,1.0,0.6199345786059782,0.5147894701647237,0.6317415892086277,0.6363554042306577,0.9017313822080556,0.1267405526728559,0.0936691877004889,0.11979073430846604,0.12088305477308686,0.5016389966335595
cifar,DenSNE,4,perplexity,50.0,dens_lambda,0.0,0.6112210136043807,0.5220825067427501,0.6321137871594261,0.5979537703675634,0.9054812243199667,0.12656079485375424,0.10166198427683268,0.11701884552311749,0.10971711384841804,0.5708180921732242
cifar,DenSNE,4,perplexity,50.0,dens_lambda,0.01,0.6131960078461093,0.5263584876921591,0.6304343687076952,0.5946590174531351,0.9046704225456762,0.12788277156355454,0.10305761070340269,0.11742523966455615,0.11043833379019899,0.5660983560507189
cifar,DenSNE,4,perplexity,50.0,dens_lambda,0.05,0.6221868057567855,0.528835937558047,0.6437245985927528,0.6039744146995668,0.9044247672543819,0.12897371547077613,0.10272920146158038,0.12054184966490958,0.11310016854748316,0.5631246837501216
cifar,DenSNE,4,perplexity,50.0,dens_lambda,0.1,0.6180580322314602,0.5252504848093082,0.6483709199860316,0.6189603162219794,0.9087736553507345,0.12494857317160366,0.09899054666979684,0.12311164589464489,0.11576752511269764,0.5789963567709698
cifar,DenSNE,4,perplexity,50.0,dens_lambda,0.2,0.6243856295833983,0.5272141018210998,0.661698067821293,0.6305019355222196,0.9081736806128288,0.1265787929437826,0.09714077100429991,0.12625131012015853,0.11916181085759875,0.5771318872789951
cifar,DenSNE,4,perplexity,50.0,dens_lambda,0.5,0.6172690561635794,0.499165747200737,0.6424737998647734,0.6316108671585345,0.9061722168973689,0.12301565863881633,0.08850876123571955,0.12029227162923334,0.12083883251076535,0.5585505050468587
cifar,DenSNE,4,perplexity,50.0,dens_lambda,1.0,0.6123248370966424,0.48109824168394144,0.6634805779075555,0.642475425183336,0.9080352963466554,0.1222803337107936,0.08575196949007768,0.12982049346389163,0.12622044890097137,0.5594146885754694
cifar,DenSNE,4,perplexity,75.0,dens_lambda,0.0,0.6153832222544191,0.5118903662260661,0.5992398617271842,0.5163832111093773,0.8887023642348185,0.1274394655091387,0.10010854504083587,0.10691724078677022,0.09005331196007332,0.48685456359593177
cifar,DenSNE,4,perplexity,75.0,dens_lambda,0.01,0.6179340436439827,0.5133805511594558,0.5992308063809078,0.5166883066223837,0.8874555127090624,0.12817098330403767,0.09838524382993663,0.10715387183737936,0.09054474011471703,0.4822148197105372
cifar,DenSNE,4,perplexity,75.0,dens_lambda,0.05,0.6213518563924243,0.5220272459116273,0.6064063556457066,0.5305652765084814,0.8882198768101405,0.1271717544074559,0.09775663800822339,0.10933709705837552,0.09505782626972706,0.4828599511467034
cifar,DenSNE,4,perplexity,75.0,dens_lambda,0.1,0.621981086864454,0.5238343679646925,0.6096056791416833,0.561721240220226,0.8926997191449523,0.1272425802128176,0.09741457969020208,0.11149477422808325,0.09958166079723457,0.5058166741621302
cifar,DenSNE,4,perplexity,75.0,dens_lambda,0.2,0.6220897510197713,0.5081581704299757,0.6085898550401594,0.5812840388144648,0.8949236193151,0.12663567586992702,0.09262123577039047,0.11214032835861909,0.10457046689240038,0.5164124927884638
cifar,DenSNE,4,perplexity,75.0,dens_lambda,0.5,0.6191265630920804,0.49051696275327106,0.6362009989672262,0.6033600442829652,0.8971451976015871,0.12649804657896016,0.08954341656175283,0.12213586640189572,0.1133272355984642,0.5312052208713907
cifar,DenSNE,4,perplexity,75.0,dens_lambda,1.0,0.6188200744488777,0.47765860322909004,0.6564125318562438,0.6058857893289942,0.8953350570997629,0.1282226014113927,0.08633765998490275,0.12882895949758888,0.11582412102263163,0.5124857324976939
cifar,DenSNE,4,perplexity,100.0,dens_lambda,0.0,0.6119505494505495,0.4934583249745521,0.5645961965688132,0.4982349040411921,0.8786063497016844,0.12317883008185684,0.09039065226133462,0.09866428384413325,0.08903238315013676,0.4579342058731377
cifar,DenSNE,4,perplexity,100.0,dens_lambda,0.01,0.6115214653500657,0.4902415873511209,0.5501150725542205,0.4920238652490173,0.8771435629954899,0.12300134376778342,0.09021335737636874,0.09566759177255423,0.08750958496551202,0.44476303556978825
cifar,DenSNE,4,perplexity,100.0,dens_lambda,0.05,0.6141795577647504,0.5072972159686155,0.5689604090973259,0.4991107185579802,0.8787526283723038,0.12332779319309214,0.09379713835756676,0.10103693257893412,0.08703852116341967,0.4471127400946764
cifar,DenSNE,4,perplexity,100.0,dens_lambda,0.1,0.617296918767507,0.505548373195432,0.5861781051943323,0.5221001530585709,0.8829844935321609,0.124824611338796,0.09240996567020605,0.10400303270032699,0.09078430441670793,0.46235891581934146
cifar,DenSNE,4,perplexity,100.0,dens_lambda,0.2,0.6156623126704263,0.4924534137262332,0.6130102571532592,0.543207004287126,0.8865783050620779,0.12314165438307287,0.089506416763114,0.11157627321610347,0.09550725425693318,0.4731223509587887
cifar,DenSNE,4,perplexity,100.0,dens_lambda,0.5,0.6121599833567379,0.48431010335168545,0.6295416044401845,0.5584882494111703,0.8874202200774209,0.12333760043611637,0.08778208746862595,0.11841318486201771,0.10052295948087839,0.4619583497956269
cifar,DenSNE,4,perplexity,100.0,dens_lambda,1.0,0.6133984761013158,0.48620150978163146,0.6568144499178983,0.5913442963392254,0.8936312588695956,0.12650706706451578,0.08856702657630003,0.12944663859426472,0.11265359861603534,0.4845759186951347
cifar,t-SNE,0,perplexity,1.0,learning_rate,50.0,0.5421526369168357,0.5136382802457853,0.5312653244321601,0.5258465123449911,0.5273775624308079,0.10219738508227226,0.09785680016930606,0.10099986880223485,0.10037628294485117,0.1140479243654465
cifar,t-SNE,0,perplexity,1.0,learning_rate,200.0,0.5594683165043206,0.5037489133584467,0.5701889177421631,0.5677439742475239,0.5298457247620534,0.11062405495973096,0.09980828264339642,0.11043481071111197,0.109066479778197,0.11378254240034888
cifar,t-SNE,0,perplexity,1.0,learning_rate,500.0,0.48060066201546936,0.5344929749087964,0.47218963845485146,0.4643895024853443,0.5651306941874893,0.09104165416250994,0.10543037043973397,0.09231875082989148,0.08869677689738303,0.12223494695667672
cifar,t-SNE,0,perplexity,2.0,learning_rate,50.0,0.6588493487580709,0.5552989100149344,0.6600207390648567,0.6722470818566153,0.9028742133458157,0.1538570207470353,0.11205426491915266,0.14193678284897981,0.1564765698390593,0.61759707980033
cifar,t-SNE,0,perplexity,2.0,learning_rate,200.0,0.5421728373046832,0.5279940225427041,0.5185335075674833,0.5033639450475151,0.8700330264731889,0.12891367022658975,0.1065881661908854,0.09226645323364323,0.08834570436493977,0.3945955830522713
cifar,t-SNE,0,perplexity,2.0,learning_rate,500.0,0.6458992748292951,0.5942088042113398,0.6454047136095817,0.6369758115447771,0.8652179041377823,0.17033706583389466,0.15546246858601714,0.15447176181400105,0.12891138831127782,0.545883178262672
cifar,t-SNE,0,perplexity,3.0,learning_rate,50.0,0.5739362057820476,0.5414630374696296,0.5678043432227001,0.5131153920454123,0.8751527799448693,0.143364016594779,0.11619593768766903,0.11562847411112234,0.09155301580899729,0.47149232828407284
cifar,t-SNE,0,perplexity,3.0,learning_rate,200.0,0.5702323369666169,0.532967265155399,0.5641483052106784,0.49595760054685,0.8763476212766274,0.1286264189927501,0.11744709229248583,0.10623700236151509,0.08626215448638788,0.4234552682764346
cifar,t-SNE,0,perplexity,3.0,learning_rate,500.0,0.5735331267785628,0.5580712391057219,0.5546803602077436,0.5196357057411823,0.8871095520436291,0.1405236688809688,0.12306089061249234,0.10315708383492592,0.09301721106604856,0.4761405658982374
cifar,t-SNE,0,perplexity,5.0,learning_rate,50.0,0.5791344389214571,0.5319616573419819,0.5307461512456442,0.4789706996857098,0.8804308858822043,0.11746509513382003,0.10600236839642278,0.09810445158831646,0.08331381810798491,0.4477454515727692
cifar,t-SNE,0,perplexity,5.0,learning_rate,200.0,0.5760152204117722,0.5217028787642377,0.5187343505041274,0.4483750065012742,0.8721389749533766,0.11466295527065479,0.0992607530115581,0.09114190110295359,0.07815677647838233,0.4010456349713055
cifar,t-SNE,0,perplexity,5.0,learning_rate,500.0,0.5695752438906598,0.5281031510747535,0.5135967185282602,0.4755942164664274,0.8747492365646523,0.12264606711722703,0.10785614234270126,0.09947711387056168,0.08282745355376342,0.39170609916981636
cifar,t-SNE,0,perplexity,10.0,learning_rate,50.0,0.5772936495553128,0.5081270571889234,0.5552833533944082,0.4628911909591423,0.8787400902005363,0.11520683467984175,0.09688663210187955,0.10916330020511943,0.08087803694637058,0.4396226280920584
cifar,t-SNE,0,perplexity,10.0,learning_rate,200.0,0.5746657416282162,0.5112026242857886,0.5151433252346032,0.4290715623119274,0.8726980845388554,0.1210540751211906,0.10234746769032221,0.09165005830450876,0.07573738042846477,0.3932662757052697
cifar,t-SNE,0,perplexity,10.0,learning_rate,500.0,0.5753534835684937,0.5146805738210404,0.5081258962470929,0.43451127135204215,0.8749688867589476,0.12400803269774889,0.1091810074510586,0.10084320459378954,0.07771564467036494,0.4324117741703437
cifar,t-SNE,0,perplexity,15.0,learning_rate,50.0,0.5871514388248669,0.5072236122565736,0.5268739458648181,0.46621519960769453,0.8785390150755261,0.12807832638183275,0.10090665779202274,0.11433908415879562,0.0817837229336968,0.5315958720077756
cifar,t-SNE,0,perplexity,15.0,learning_rate,200.0,0.6038991856689626,0.5216262566034371,0.5453333853435274,0.4900154358825758,0.8877680382497827,0.1373973758150685,0.11271038693796614,0.11894510317717658,0.08598556706625987,0.5841417541520457
cifar,t-SNE,0,perplexity,15.0,learning_rate,500.0,0.6032453432301303,0.5242762224253096,0.5752515528757922,0.5082847130894798,0.895605788734592,0.1408168844065772,0.11425237659361334,0.13067879366601393,0.08916247714324135,0.6088342298163464
cifar,t-SNE,0,perplexity,30.0,learning_rate,50.0,0.5700865226727296,0.5107273347004584,0.289505689543722,0.16334962366909628,0.7056692040211311,0.11642184487679612,0.0998385981478924,0.062202797232942295,0.05407189984049297,0.1378022452419733
cifar,t-SNE,0,perplexity,30.0,learning_rate,200.0,0.559054789024363,0.5159752561502055,0.2589996210685866,0.12928573286078357,0.6789615050264138,0.11011979049362598,0.09809944021546446,0.060119315302517996,0.05277570399463835,0.12858737892238234
cifar,t-SNE,0,perplexity,30.0,learning_rate,500.0,0.599190869981945,0.5287251837074352,0.4786992714857826,0.28775382832177965,0.7919434351990132,0.13203098102813374,0.10488174300847537,0.08462430492181333,0.06195530100663077,0.2565032063531245
cifar,t-SNE,0,perplexity,50.0,learning_rate,50.0,0.5707881959149708,0.5249112576064908,0.26640573338088547,0.16957459376323475,0.6836865382757877,0.10977698729377089,0.10205108402442367,0.06081772101959688,0.05403337267841927,0.12933399824876868
cifar,t-SNE,0,perplexity,50.0,learning_rate,200.0,0.5827825825290328,0.5208800031949118,0.3775821668189822,0.21948255429492752,0.738220619812912,0.12054426941479904,0.09954792797727369,0.06958801442371797,0.05731807667945688,0.1553712565451366
cifar,t-SNE,0,perplexity,50.0,learning_rate,500.0,0.5746592403539665,0.5021507608348379,0.39367537465914754,0.29459502633944823,0.8167978066558189,0.10885850309765213,0.09322645699235511,0.07325813653251158,0.06279604801704367,0.21822327673542063
cifar,t-SNE,0,perplexity,75.0,learning_rate,50.0,0.5999413027810594,0.5058604343594202,0.49595574303992157,0.3166222722510755,0.7854593428883488,0.12232267949001406,0.09489297828273621,0.08615243102533321,0.06448795947842291,0.20207535439370303
cifar,t-SNE,0,perplexity,75.0,learning_rate,200.0,0.5726494178573286,0.5122114827363307,0.367842097051022,0.22651786178662447,0.7837095713617013,0.11520867801732393,0.0947765730601797,0.06949073830654666,0.05791884354323105,0.20219248977422916
cifar,t-SNE,0,perplexity,75.0,learning_rate,500.0,0.6209654949512962,0.5074706606780643,0.7324349501073638,0.8244442339269926,0.9341866720162867,0.13788816366904882,0.10040526058512916,0.17112845803552187,0.5501438724255111,0.790803726255667
cifar,t-SNE,0,perplexity,100.0,learning_rate,50.0,0.570236516357206,0.5011732478137143,0.30251961527316495,0.15049521134713834,0.6994957797442584,0.11095869703887011,0.09165353224337798,0.06333752642565403,0.053555903449714067,0.1357037294502638
cifar,t-SNE,0,perplexity,100.0,learning_rate,200.0,0.5661328191754156,0.5003180980615057,0.3025623379325205,0.2079571881803119,0.7890703363573546,0.10857916123398043,0.09228170789300039,0.06589780712736276,0.056667871962166314,0.20037049134725965
cifar,t-SNE,0,perplexity,100.0,learning_rate,500.0,0.6439075630252101,0.5476327467326453,0.6669856934816367,0.5023269918046794,0.8346201212580523,0.1548475891757778,0.10997213194726084,0.15276812522660957,0.09653199743623128,0.31742770804874126
cifar,t-SNE,1,perplexity,1.0,learning_rate,50.0,0.5869238942261255,0.5313633079226385,0.5984611019474102,0.602929102675553,0.5579347123464771,0.11338540601684093,0.10533621729066804,0.1183094193125846,0.11735282517532908,0.11581803430860609
cifar,t-SNE,1,perplexity,1.0,learning_rate,200.0,0.5613615804411951,0.49677629672558676,0.5879712959454338,0.5863963622584312,0.6052437884968311,0.10769172302650959,0.09894134929692694,0.11483569389166785,0.11287924778735689,0.13083183508369295
cifar,t-SNE,1,perplexity,1.0,learning_rate,500.0,0.5985586210611565,0.5499137652408443,0.5750040400775696,0.579987034601639,0.5164015539902964,0.11973786988070213,0.11393288872513968,0.11331834020376086,0.11598971724545612,0.11765003563818284
cifar,t-SNE,1,perplexity,2.0,learning_rate,50.0,0.543693206725661,0.5298036986677961,0.5000197360111154,0.46598533312529256,0.8104474548440066,0.11994430595157636,0.10027330038440571,0.0935584726157831,0.08376597737340558,0.36331883032198503
cifar,t-SNE,1,perplexity,2.0,learning_rate,200.0,0.6073114258966186,0.5466798456783244,0.6306231378493041,0.642190065681445,0.7632830320457096,0.15042084770589703,0.11320405319233505,0.14582052756214126,0.15269209715146922,0.2492403426220699
cifar,t-SNE,1,perplexity,2.0,learning_rate,500.0,0.5891868020417717,0.5543357926725067,0.5925848787790979,0.5637120232708468,0.8745444464257851,0.129007357676443,0.10960740051415005,0.13355500502828677,0.104867546943118,0.4952673881971081
cifar,t-SNE,1,perplexity,3.0,learning_rate,50.0,0.5497742200328407,0.5255637069151268,0.5170096553210144,0.503189339396236,0.8787837416133563,0.12534194777920682,0.10657235754120209,0.10415180332610371,0.08952945943515941,0.44915612780051234
cifar,t-SNE,1,perplexity,3.0,learning_rate,200.0,0.5573254500739288,0.5361445307565997,0.5323721663731806,0.4631995371092734,0.8655680441938047,0.12169045223870634,0.11199199274406224,0.13055026544217502,0.08192889294218336,0.39866063169523486
cifar,t-SNE,1,perplexity,3.0,learning_rate,500.0,0.5307700666473486,0.531602229751317,0.4431637708133651,0.44453948688228606,0.8632610205886069,0.11276053845347069,0.11024135512328422,0.07835824153216095,0.07832090941518921,0.3264557615996339
cifar,t-SNE,1,perplexity,5.0,learning_rate,50.0,0.5779832490025187,0.5271423556159864,0.5255957489096434,0.4782393063326126,0.8769006939645884,0.11922979286045615,0.10490821988180568,0.09238303709694513,0.08335232486144696,0.42384623104322944
cifar,t-SNE,1,perplexity,5.0,learning_rate,200.0,0.5666701030544844,0.5146366902198546,0.5380902692642043,0.47838883564035695,0.8797203894820528,0.11193226302683573,0.0980950873761964,0.09992728323927492,0.08301739750753007,0.4219284802198166
cifar,t-SNE,1,perplexity,5.0,learning_rate,500.0,0.5813690197564437,0.5345997815571852,0.5544711584899211,0.4776671941986344,0.8727904955085484,0.140491710844259,0.1271237133661208,0.10383701570542403,0.08277543454388303,0.395007968758105
cifar,t-SNE,1,perplexity,10.0,learning_rate,50.0,0.583105788734592,0.5115574081091323,0.5244269126748843,0.47366008737712595,0.884587057634725,0.12309632582283864,0.10420672583163368,0.0999373394823999,0.08324270736453714,0.47203248203347387
cifar,t-SNE,1,perplexity,10.0,learning_rate,200.0,0.5800413666792976,0.5223829584884352,0.49392316608340947,0.44928727459153417,0.8775814702538841,0.11917978837659088,0.10077955862512412,0.08676394054516243,0.07851852886542926,0.4155230949888632
cifar,t-SNE,1,perplexity,10.0,learning_rate,500.0,0.5827157122796068,0.5238965944467973,0.532915254961401,0.46776250287913573,0.8857823633432151,0.1342806469471875,0.10987554948267836,0.10536622333685897,0.08181872998025881,0.4626676994259919
cifar,t-SNE,1,perplexity,15.0,learning_rate,50.0,0.6002041400114423,0.5178011854609218,0.5378910516461226,0.4831812035158891,0.88003663003663,0.1380830094196299,0.10814732766852451,0.13870801548906012,0.08509586392228105,0.5714033495180604
cifar,t-SNE,1,perplexity,15.0,learning_rate,200.0,0.6084677239596104,0.5397599358045605,0.5632762057077473,0.4465760110410212,0.8742853242092593,0.13927944010210408,0.11763034538550304,0.1139445173432139,0.07847793038144052,0.4939376903654395
cifar,t-SNE,1,perplexity,15.0,learning_rate,500.0,0.5946427642675107,0.5295675630995104,0.5697558864394564,0.45739482795770825,0.8763179011657714,0.13076171514995882,0.11025739048987887,0.10169550684976178,0.07999028739925494,0.5428454755366783
cifar,t-SNE,1,perplexity,30.0,learning_rate,50.0,0.532600175348654,0.5017999242137173,0.22077073534984282,0.12419802138361977,0.6530952566703074,0.09782111946913834,0.09275715037263868,0.057442331386213255,0.052290303744541876,0.12080341852596782
cifar,t-SNE,1,perplexity,30.0,learning_rate,200.0,0.5469401288366805,0.5044700904234373,0.2821761993922237,0.17928517560870502,0.6940885770753924,0.10797214464784392,0.09861739574802077,0.061797247434959825,0.05469048651090063,0.13351220288370325
cifar,t-SNE,1,perplexity,30.0,learning_rate,500.0,0.6134003336082443,0.5172427724405412,0.5307849267027767,0.2996706640215768,0.7509282890875182,0.13497404721597783,0.10186324777013592,0.09275576696444421,0.06329804415552946,0.21861433826605897
cifar,t-SNE,1,perplexity,50.0,learning_rate,50.0,0.5634956237136765,0.49113853100922067,0.2622172874454822,0.13895591393055895,0.6942617895964751,0.10908454672750885,0.08924349419120912,0.05969354350787266,0.05305627762305336,0.13468019699946288
cifar,t-SNE,1,perplexity,50.0,learning_rate,200.0,0.5537850418682062,0.4861522858480263,0.16386647497195164,0.1454683332218829,0.716591344760716,0.10458743257240427,0.08987558152394587,0.05383720921609523,0.0535915397473712,0.14163702280608623
cifar,t-SNE,1,perplexity,50.0,learning_rate,500.0,0.5367294132507114,0.5151635256224506,0.22628567342056186,0.12961218970346758,0.6628606349701684,0.10234314523367102,0.0981735291344904,0.058349365118281274,0.05247236424171364,0.12323933903642184
cifar,t-SNE,1,perplexity,75.0,learning_rate,50.0,0.5952613140747015,0.5044591775702323,0.44257285142173586,0.2810185081990356,0.8271287958154083,0.11990423395538005,0.09794381165551944,0.08211745664316367,0.0613600138040693,0.23700542318178847
cifar,t-SNE,1,perplexity,75.0,learning_rate,200.0,0.5467543781438305,0.47271600948071535,0.26640410806232306,0.14279445199830598,0.6373041258943896,0.09852764170315916,0.08452294687060982,0.06122669001192944,0.05317778355608629,0.1154793759530289
cifar,t-SNE,1,perplexity,75.0,learning_rate,500.0,0.6193294957240191,0.5135897528772783,0.6690108404104348,0.7497473790577239,0.9514535920468983,0.13800580317743957,0.09913803078337921,0.14236272565376834,0.20139234914338916,0.7926858651361289
cifar,t-SNE,1,perplexity,100.0,learning_rate,50.0,0.5944384385053756,0.4846353992525392,0.41477293835306006,0.2742051727852945,0.7890889114266397,0.11939997434170817,0.0885929749574102,0.07498406145230146,0.060911567144565665,0.19980876209030488
cifar,t-SNE,1,perplexity,100.0,learning_rate,200.0,0.6338714530905201,0.5552742980481318,0.6277978698110545,0.5126907195238839,0.8880633818514143,0.14980018408089074,0.10901258515631844,0.1277592954096404,0.08911963598107356,0.6594270567857
cifar,t-SNE,1,perplexity,100.0,learning_rate,500.0,0.6604486622235102,0.5384373908714679,0.699794606171381,0.6889335309720706,0.9374099109139675,0.16427433706015557,0.11175928063040352,0.17956385770353475,0.15492239198051544,0.8005752509410922
cifar,t-SNE,2,perplexity,1.0,learning_rate,50.0,0.535470720118286,0.5064887360779856,0.5307247899159663,0.530957210470395,0.5486399798646249,0.10243522878431909,0.09777291036746337,0.10274665928182981,0.1000541328555199,0.11682331725844187
cifar,t-SNE,2,perplexity,1.0,learning_rate,200.0,0.5189535363216905,0.5308246309133733,0.5046646642741978,0.49920730891826226,0.573299545282304,0.09980972545659561,0.10299867926496115,0.09918308057281228,0.09738380094768583,0.10965027577161351
cifar,t-SNE,2,perplexity,1.0,learning_rate,500.0,0.49024599893007603,0.5212603277385225,0.46662988802948235,0.47389622294541156,0.5537708783778763,0.09307941961569655,0.10233458989351665,0.09051122585241772,0.09179787446527571,0.11308761148378352
cifar,t-SNE,2,perplexity,2.0,learning_rate,50.0,0.5983540631106554,0.5431141289407009,0.5680936499268142,0.5679550334722748,0.893914528676192,0.13669069270604373,0.10709529689945048,0.11025001876842233,0.10697275809056842,0.5478669672568839
cifar,t-SNE,2,perplexity,2.0,learning_rate,200.0,0.5374306221162205,0.5271994739540379,0.5473794292252709,0.5128910980837958,0.8782808216124647,0.1138239116288444,0.10041331572719574,0.12889171643306618,0.09168698782836307,0.4677167017844838
cifar,t-SNE,2,perplexity,2.0,learning_rate,500.0,0.495731449078305,0.5229527487387529,0.40784931346543923,0.3856416571933813,0.7628739161447072,0.09824227674711405,0.09880946673889715,0.07541103061411443,0.07103215813052366,0.20996033895091964
cifar,t-SNE,2,perplexity,3.0,learning_rate,50.0,0.563275044765917,0.5500131418615191,0.5053800366300366,0.5020404713609582,0.876731660834095,0.13014168641674187,0.11379319784758378,0.09037611498399489,0.08811430162166567,0.4366643807936806
cifar,t-SNE,2,perplexity,3.0,learning_rate,200.0,0.4407836078728574,0.5085944523698073,0.27114794856934815,0.2454690762246543,0.760247401347807,0.07868185802068817,0.0984360440543095,0.06089099902340804,0.061444342983510494,0.16623958385390136
cifar,t-SNE,2,perplexity,3.0,learning_rate,500.0,0.5541955508994048,0.5500848880666325,0.553695649347272,0.5168552500575827,0.8819893341952165,0.1282165345003471,0.11969004192140137,0.10889749143368692,0.09223546641553923,0.5066086605137247
cifar,t-SNE,2,perplexity,5.0,learning_rate,50.0,0.5840540460215917,0.5334081908625519,0.49796022520414,0.4692345771199727,0.8779083914733001,0.11799892059110138,0.1029368114042265,0.08789080332707738,0.08162742511356322,0.4316436603582561
cifar,t-SNE,2,perplexity,5.0,learning_rate,200.0,0.5782298330472773,0.5298617457593118,0.49827251855649424,0.45766277333214445,0.8753770739064857,0.11809007695126938,0.10396274936093561,0.09108859584317514,0.07956085864248535,0.4154353908636495
cifar,t-SNE,2,perplexity,5.0,learning_rate,500.0,0.5832548536656041,0.5312147073683584,0.49024135516275474,0.4271327894553047,0.858844333489364,0.12160832515594078,0.10702526862852738,0.08621455771279454,0.07565672484642624,0.3693783809713757
cifar,t-SNE,2,perplexity,10.0,learning_rate,50.0,0.581036526016242,0.506075208598028,0.47610224461137246,0.4489998253943487,0.8788413243281398,0.12350584405140762,0.10359306774173455,0.09978225001045388,0.07940782636031708,0.44206566760747196
cifar,t-SNE,2,perplexity,10.0,learning_rate,200.0,0.5795226578695138,0.5219668769364509,0.5331727518593644,0.4340710422099874,0.8749493829361984,0.1246701076648809,0.10691787515392162,0.09698615357388983,0.0765214719359789,0.3892904964927189
cifar,t-SNE,2,perplexity,10.0,learning_rate,500.0,0.5793754504454302,0.5330072015543619,0.550487270505019,0.43285251766489086,0.8780727808364726,0.13042490028720066,0.11186833184056755,0.10048765221796369,0.07642896054679704,0.42634106794309656
cifar,t-SNE,2,perplexity,15.0,learning_rate,50.0,0.6001080140278923,0.536379273194689,0.4730094955754185,0.37669172443513216,0.839255065421394,0.13105699205577956,0.10644124046838971,0.08161665638594352,0.0694880919105587,0.3239583485916383
cifar,t-SNE,2,perplexity,15.0,learning_rate,200.0,0.5965453157390278,0.5305532027134461,0.49808653567527805,0.37085543766578244,0.8431474711900676,0.1286448147958145,0.1103117526608511,0.08676487951237336,0.06893676097647754,0.3122506638056663
cifar,t-SNE,2,perplexity,15.0,learning_rate,500.0,0.5894389586073157,0.5373841844430081,0.5453164355928047,0.45301296911337485,0.8819749385165206,0.13462395657732268,0.11894911304589724,0.1374477511955681,0.07911696661545943,0.5051331673554914
cifar,t-SNE,2,perplexity,30.0,learning_rate,50.0,0.5402089881045256,0.4983465866452682,0.2365161250176463,0.12487183202193344,0.6777717718387091,0.10365526191700311,0.09343166312152762,0.058200717254235645,0.052372508637071526,0.12762843395045562
cifar,t-SNE,2,perplexity,30.0,learning_rate,200.0,0.5378968563552742,0.49246363001433996,0.23951112275148784,0.12288987212922306,0.6635051898743584,0.10188633975834538,0.0937074524201967,0.05922752456723826,0.052322569885750764,0.12237790815428362
cifar,t-SNE,2,perplexity,30.0,learning_rate,500.0,0.5835697010899851,0.5221909387097015,0.5104928244507352,0.28508134022839904,0.7929478820706003,0.12326898966449168,0.10846311105596709,0.08716052857975892,0.061937255837008466,0.2119053406625828
cifar,t-SNE,2,perplexity,50.0,learning_rate,50.0,0.560608593570054,0.5019645457652557,0.3554302357547794,0.17100812473530527,0.7142313822080555,0.11061358996371727,0.0946329913304888,0.06845363293240496,0.054716661192148804,0.1431125270443724
cifar,t-SNE,2,perplexity,50.0,learning_rate,200.0,0.5986303672662698,0.5294679542904696,0.614930687128963,0.49937912830914855,0.9054640423808781,0.13195354450496502,0.10712621684961038,0.11224712854204016,0.08582849486765229,0.5869997312221522
cifar,t-SNE,2,perplexity,50.0,learning_rate,500.0,0.5819587782062428,0.49001148868035277,0.3679626028130085,0.33245821538164333,0.8402195758940181,0.11283253178863714,0.09174855083167263,0.06876505975546324,0.06616966260956338,0.23942552757063287
cifar,t-SNE,2,perplexity,75.0,learning_rate,50.0,0.6026295796833323,0.5303841695829525,0.4747207238332999,0.33093343438171025,0.8480735795644517,0.12666094916282272,0.10426661349656652,0.0818195217071111,0.0651104158596579,0.29014550728204896
cifar,t-SNE,2,perplexity,75.0,learning_rate,200.0,0.5759455639019533,0.5082347925907764,0.26532211027647135,0.2378667647430325,0.762227968110321,0.11576941258785797,0.09714176135341497,0.061469094035370174,0.0583040497652689,0.16684202422883965
cifar,t-SNE,2,perplexity,75.0,learning_rate,500.0,0.6283295811693378,0.5166746075087859,0.6381047113805735,0.47156760582216967,0.9011132967775969,0.14160586439247147,0.10586178401146404,0.12042793185922353,0.08100468341393552,0.5760438287573363
cifar,t-SNE,2,perplexity,100.0,learning_rate,50.0,0.6193281025938228,0.5550709010394609,0.5936849872575025,0.4742349857714969,0.8930832943256879,0.1451512489209263,0.11247366127564198,0.1235506814351358,0.08293135042712596,0.4932480233239421
cifar,t-SNE,2,perplexity,100.0,learning_rate,200.0,0.6123387683986061,0.5264984972768949,0.5202380023627488,0.3510126199020722,0.8671617851384588,0.12976214252736756,0.10443610376818649,0.09068066366309083,0.06729439325521498,0.41122748020341865
cifar,t-SNE,2,perplexity,100.0,learning_rate,500.0,0.6331911411779566,0.5513303464621924,0.7285581009592165,0.6289049439404408,0.9270654548291466,0.14550409093292344,0.11252493505359146,0.18877459851069914,0.11540034331378202,0.7766018281405112
cifar,t-SNE,3,perplexity,1.0,learning_rate,50.0,0.5870834076336104,0.5170976547117521,0.6024115548075994,0.5952227708059351,0.6593998673740054,0.11240435068277899,0.1004142327567892,0.11689858255341445,0.11502673294907198,0.17643829256127444
cifar,t-SNE,3,perplexity,1.0,learning_rate,200.0,0.5953344534100111,0.48713862202706015,0.6270342022750746,0.6235360523519753,0.6304394768517487,0.11249677944805889,0.09184657682311775,0.12489376380382088,0.12122653797186764,0.15909544904625395
cifar,t-SNE,3,perplexity,1.0,learning_rate,500.0,0.47472420665879084,0.4999089821605034,0.43265330004680913,0.4318007043666273,0.5966918265980132,0.0896181924891265,0.0930321173974164,0.08271819511038032,0.08159626965674435,0.1312980432150652
cifar,t-SNE,3,perplexity,2.0,learning_rate,50.0,0.602091367050799,0.5206259891224394,0.6036579419566235,0.6097963057902206,0.8785854527487389,0.14029942040194113,0.1029350028330068,0.14248754939936498,0.16072838327160457,0.6447795650525511
cifar,t-SNE,3,perplexity,2.0,learning_rate,200.0,0.6069696446217745,0.5528746312848747,0.6263111677031555,0.5970900296458106,0.8931464495612569,0.13758319902868532,0.1121060808864883,0.16073552836180077,0.12035151053625252,0.6133933544159883
cifar,t-SNE,3,perplexity,2.0,learning_rate,500.0,0.5849637600398249,0.5299255975599789,0.5564303639227575,0.5660942759066492,0.8891458440139981,0.12280749674922489,0.10451232566658619,0.11347184706805943,0.10344367887387312,0.5058771746544685
cifar,t-SNE,3,perplexity,3.0,learning_rate,50.0,0.5768408822414908,0.5404170288805177,0.5262475016531812,0.5037795622227671,0.8736983520198529,0.12945077140901867,0.11147761508474743,0.09775959123472003,0.08996733855213508,0.4684083120499933
cifar,t-SNE,3,perplexity,3.0,learning_rate,200.0,0.5408925506542139,0.5327587600026749,0.48659924845269675,0.4354850693593087,0.8540691475529204,0.11831957868603385,0.10641438891110247,0.08993934641954304,0.07709776173093744,0.32203105301973034
cifar,t-SNE,3,perplexity,3.0,learning_rate,500.0,0.5640946696981181,0.5380840001783207,0.506290447213368,0.4612705161640253,0.8640838961579327,0.12923934954125937,0.11377254658394495,0.09133484668473303,0.08059502886132734,0.3574192223991559
cifar,t-SNE,3,perplexity,5.0,learning_rate,50.0,0.5826534857975021,0.5269733224854929,0.5278205778332553,0.4792613995200202,0.877826196791714,0.11838942860298482,0.10303864271603305,0.09260186084967578,0.08343930426336715,0.4430684717097235
cifar,t-SNE,3,perplexity,5.0,learning_rate,200.0,0.5700674832267124,0.5192402889537778,0.5324585404453559,0.4704168802799635,0.8772791610012706,0.11047508784679193,0.1009930764263154,0.09671309069258346,0.08172861120093572,0.4105582790040746
cifar,t-SNE,3,perplexity,5.0,learning_rate,500.0,0.6005347762447154,0.525279043978334,0.5319816255414632,0.4221555996403866,0.8455914859312426,0.12251315494097631,0.105664735851382,0.09588759803758545,0.07475469105218022,0.36837105729467684
cifar,t-SNE,3,perplexity,10.0,learning_rate,50.0,0.5799740320531396,0.5090908710964492,0.53354216354977,0.45651158341320613,0.8768384674824836,0.11586105532712015,0.10057634082844857,0.096634119174689,0.07975111162835861,0.4354504760537449
cifar,t-SNE,3,perplexity,10.0,learning_rate,200.0,0.5756088907711625,0.5258474410984553,0.5651023672068296,0.47111530288507986,0.887231683124178,0.12722549067439362,0.10886006529187571,0.13302469669950776,0.08220160706085267,0.478818362543662
cifar,t-SNE,3,perplexity,10.0,learning_rate,500.0,0.5762279049550856,0.5209684669623817,0.5492469202535125,0.4362870479756889,0.874009484430377,0.1267493041751441,0.10936889638357133,0.09846299297921168,0.07699897051907353,0.44565450582145255
cifar,t-SNE,3,perplexity,15.0,learning_rate,50.0,0.5981093365728254,0.5160235513303464,0.5058478961876528,0.43732910936257796,0.8689575299615867,0.1259757652099566,0.09912391466596923,0.10083510748618778,0.07703020659779705,0.47294674046159857
cifar,t-SNE,3,perplexity,15.0,learning_rate,200.0,0.5918560394980273,0.5406900823990073,0.4950214170548856,0.4015460958919377,0.8572106561457473,0.128458795847604,0.11888127924788772,0.08789944367633522,0.07230593968635775,0.3687536307860464
cifar,t-SNE,3,perplexity,15.0,learning_rate,500.0,0.5904638380551159,0.5408939437844102,0.5977041678740461,0.5192103366545557,0.9002128702940061,0.13243712168166172,0.10984819901178938,0.11336574198447949,0.09042438618044923,0.5984575279520373
cifar,t-SNE,3,perplexity,30.0,learning_rate,50.0,0.5483820185899293,0.502399666763257,0.23307114623037545,0.14872732912793765,0.6962669683257918,0.10282055512562502,0.09092268306256385,0.05850696202648628,0.05374632689798553,0.1351787123384922
cifar,t-SNE,3,perplexity,30.0,learning_rate,200.0,0.5552315753887762,0.5129786330978015,0.2172561000527532,0.13029946726701291,0.6701072338749824,0.1139573233993859,0.10100638016298205,0.05709513939271246,0.052622841624702765,0.1258246809583633
cifar,t-SNE,3,perplexity,30.0,learning_rate,500.0,0.5871690851406877,0.5112915524299906,0.3321052890652282,0.24524524663977,0.7718196695123672,0.12528032630386363,0.10402772746206895,0.06611904235859747,0.05951584219560977,0.18224180302047815
cifar,t-SNE,3,perplexity,50.0,learning_rate,50.0,0.5552334328957047,0.5221363744436767,0.28542149618468077,0.15387773146393835,0.6660569400173864,0.11433060681077625,0.1018984665309417,0.06279356410512944,0.05348192332345555,0.12329174789897883
cifar,t-SNE,3,perplexity,50.0,learning_rate,200.0,0.5691847030589424,0.5141291264516417,0.32075708267391834,0.19572736256306233,0.7571560454420495,0.11942549877892544,0.10598805035084102,0.06836036786462682,0.05589600215621676,0.18177766152291058
cifar,t-SNE,3,perplexity,50.0,learning_rate,500.0,0.6282812859891967,0.5341804493680761,0.6099825208598029,0.4450974355259345,0.8759027483672513,0.1377908256315128,0.10216183904744572,0.11993138046206477,0.07781806719342788,0.41609337395802043
cifar,t-SNE,3,perplexity,75.0,learning_rate,50.0,0.5776619003038881,0.5159522695019653,0.427823782032707,0.23565354523772372,0.7815469689201939,0.11547715820914997,0.09949305565490946,0.0760628896877728,0.05855624812966348,0.1919939960019427
cifar,t-SNE,3,perplexity,75.0,learning_rate,200.0,0.566345968095461,0.49417555483731945,0.43831521335324586,0.20762515881684235,0.805694558990705,0.10680205157371117,0.09077191256151251,0.07718782821312802,0.05694748644673592,0.20294420080017506
cifar,t-SNE,3,perplexity,75.0,learning_rate,500.0,0.6227830654808343,0.5289072193864284,0.562162398115745,0.4591993959387468,0.8700274539524032,0.12989483195905,0.10260466692394073,0.09738938967346088,0.0796016500969437,0.3367634081061113
cifar,t-SNE,3,perplexity,100.0,learning_rate,50.0,0.627173283106346,0.5378408989590532,0.6049496058370298,0.5095030054462103,0.9027474384979456,0.13755565315739965,0.10974058500191095,0.1262135707514106,0.0953549181351543,0.5027487084028932
cifar,t-SNE,3,perplexity,100.0,learning_rate,200.0,0.6188474726760731,0.5237382419811427,0.6126355051304341,0.4783516855017869,0.8955175571554881,0.13502452947062155,0.10451865263418053,0.11955126988180892,0.0836881047685926,0.5483842576244672
cifar,t-SNE,3,perplexity,100.0,learning_rate,500.0,0.6199721931212804,0.5299697133495308,0.6377155636790526,0.7026363595836213,0.9336308130679327,0.13282091534308751,0.10588421965304584,0.15416747895465388,0.1873275110784205,0.7323840961784022
cifar,t-SNE,4,perplexity,1.0,learning_rate,50.0,0.5458859936547563,0.48508979188492374,0.5143768714382304,0.5161967638514292,0.5454638752052545,0.10750783972516446,0.09268790823176949,0.10307365991351966,0.10280332815130852,0.12881633519030394
cifar,t-SNE,4,perplexity,1.0,learning_rate,200.0,0.5799118055710348,0.4808971665589312,0.5845379265764661,0.5832711068512286,0.5324975480908544,0.11345542432375674,0.091624341513191,0.11473482965550655,0.11329582246969866,0.10985625475921074
cifar,t-SNE,4,perplexity,1.0,learning_rate,500.0,0.5049627941362221,0.4956525050338438,0.5028621859884538,0.49990224869788763,0.576422943182578,0.09548923709864106,0.09159423894498966,0.09609715906780292,0.09524514565259634,0.12686816052954245
cifar,t-SNE,4,perplexity,2.0,learning_rate,50.0,0.5583308256989798,0.5521358079040635,0.5215331490686461,0.5300029162858778,0.879862024385351,0.12114608163282792,0.11213248972214825,0.12265807567257461,0.09758671387729416,0.4658480768169774
cifar,t-SNE,4,perplexity,2.0,learning_rate,200.0,0.5139141200246676,0.5343866326371398,0.5003659288649147,0.4808379585255853,0.8706636500754147,0.11587673110020522,0.10835183764338897,0.11935838692544967,0.08826234069037009,0.432522220128628
cifar,t-SNE,4,perplexity,2.0,learning_rate,500.0,0.5673462355764587,0.5369571900378189,0.5586131667521119,0.53360880161083,0.8723609470313325,0.12670111070496726,0.10476191128709862,0.10940392229809265,0.09837003729621498,0.4649140028269152
cifar,t-SNE,4,perplexity,3.0,learning_rate,50.0,0.5752657163661221,0.5463905389742103,0.5619404260377892,0.5396531291561718,0.8863809449509246,0.1377563918594766,0.11820066490219351,0.1139417818329788,0.0974013551134893,0.5203427071161854
cifar,t-SNE,4,perplexity,3.0,learning_rate,200.0,0.5596659088038398,0.522401069180988,0.5009549907496155,0.45283046905764957,0.8629001998677455,0.12382006304443943,0.11006984307086431,0.11317849498238632,0.07994226304292662,0.38837074850493614
cifar,t-SNE,4,perplexity,3.0,learning_rate,500.0,0.5770661049565715,0.5431837854505197,0.5988056694826472,0.5433895043428512,0.8927707687849675,0.14267072133397926,0.11312942839334279,0.13883072863905338,0.09758751237231109,0.5292146554113512
cifar,t-SNE,4,perplexity,5.0,learning_rate,50.0,0.49345275245376663,0.5049175174048399,0.1983392494929006,0.2365479348237969,0.7681854572067555,0.08998221340573148,0.0936384208927505,0.05584885581377758,0.05854277768091901,0.1730427787000443
cifar,t-SNE,4,perplexity,5.0,learning_rate,200.0,0.5765255704403778,0.5273717577216562,0.5217242400939156,0.4670211254262978,0.8735785428229645,0.11621645018843281,0.10507053351224274,0.09098003671768333,0.08107724939209117,0.4056367961578788
cifar,t-SNE,4,perplexity,5.0,learning_rate,500.0,0.5855679141683198,0.5368199667134759,0.5717594398502106,0.5130132291643448,0.8914426513310895,0.13693040147079621,0.11280313292724381,0.12869886483464354,0.0908074305400198,0.5532801327751864
cifar,t-SNE,4,perplexity,10.0,learning_rate,50.0,0.5815422322775263,0.5131077298293323,0.4972998814910579,0.4608869409832899,0.8773868964031235,0.11641315529713295,0.10101519351554802,0.08915797677784291,0.08056187430321396,0.44296509890048963
cifar,t-SNE,4,perplexity,10.0,learning_rate,200.0,0.5739041637875308,0.5238647846406468,0.539650575084145,0.4633959684669624,0.8861315746457735,0.1285682860176943,0.11093076311724069,0.12673690638188406,0.0807556314053483,0.46107237810227575
cifar,t-SNE,4,perplexity,10.0,learning_rate,500.0,0.5660334425547408,0.5241359806522078,0.518621739146587,0.4478960019020871,0.8813206317009563,0.12130254177959195,0.10462439920792134,0.11694705825342772,0.07817618988046014,0.40819444329440857
cifar,t-SNE,4,perplexity,15.0,learning_rate,50.0,0.5732967590219111,0.5200754705065049,0.410214616350519,0.32985375847951914,0.8255229810757193,0.11772746844324164,0.1035219036826428,0.08844944492252148,0.06512035982133718,0.27550462204947596
cifar,t-SNE,4,perplexity,15.0,learning_rate,200.0,0.5925182407180379,0.533726985489156,0.4924462158868853,0.4081982925796313,0.8571632897190706,0.12990085347264924,0.11406609629030602,0.0853998769129122,0.07305240856855996,0.3770597310087001
cifar,t-SNE,4,perplexity,15.0,learning_rate,500.0,0.593798527368507,0.5252249440890415,0.5706379700421282,0.4694449397796253,0.8860368417924198,0.13062856132604306,0.10574899865268013,0.10547846907530055,0.08205777179040659,0.5755040386714487
cifar,t-SNE,4,perplexity,30.0,learning_rate,50.0,0.5482041623015254,0.5178850054610704,0.2347396518289013,0.10388293248333816,0.6454943383188819,0.11243974001179118,0.10192101228886508,0.05875676413655399,0.05111150875718659,0.11846605367007855
cifar,t-SNE,4,perplexity,30.0,learning_rate,200.0,0.5509788132759735,0.48692315122335406,0.18897555706632788,0.15494742326638877,0.700825290328333,0.10577307981691314,0.08931806290196542,0.05588792939782741,0.053826005069805,0.13522936668292548
cifar,t-SNE,4,perplexity,30.0,learning_rate,500.0,0.5676601542473754,0.49727317982896074,0.33798220879863883,0.21950716626173017,0.7837587952953063,0.1106686285752722,0.09343762597890065,0.06629931391597166,0.05784160827291263,0.1870558942188794
cifar,t-SNE,4,perplexity,50.0,learning_rate,50.0,0.6127492774298049,0.5514062720578947,0.5448416103842068,0.4307477301265334,0.8502937647207426,0.13425660708081327,0.11423644820532675,0.09967593222272307,0.07579439746517731,0.46445780829066013
cifar,t-SNE,4,perplexity,50.0,learning_rate,200.0,0.6043380216808208,0.5326099272600286,0.5169653073430963,0.3296183194763317,0.8283533572580226,0.13441063399230108,0.11107900145292336,0.09214471666976842,0.06560707223645926,0.2853737793885584
cifar,t-SNE,4,perplexity,50.0,learning_rate,500.0,0.5948693801127878,0.5657165054350652,0.4613378507901834,0.3322894144395159,0.8202388382408666,0.1313311494461754,0.11258251643887554,0.08017163863627051,0.06595069761377877,0.2590151169004857
cifar,t-SNE,4,perplexity,75.0,learning_rate,50.0,0.5986591586236617,0.5253498614299831,0.3867464094391072,0.2217203857670389,0.7264208070496103,0.1264933215755345,0.10177570206968606,0.07102744834816795,0.05718666187450671,0.147027700368253
cifar,t-SNE,4,perplexity,75.0,learning_rate,200.0,0.6019710934771787,0.5177505683971202,0.6144769910616767,0.4668230687500464,0.8956434032498941,0.122173847607982,0.10799705988789529,0.10957261649978373,0.08084491488869072,0.48133076501321825
cifar,t-SNE,4,perplexity,75.0,learning_rate,500.0,0.5539680063006635,0.49636509112928995,0.28762473159024887,0.23632224773198404,0.7821943100847766,0.1035564780399241,0.08977210939954579,0.062496862194251525,0.05849446046457424,0.18244618566819143
cifar,t-SNE,4,perplexity,100.0,learning_rate,50.0,0.61686272652297,0.5189616629145027,0.601579159515265,0.4703723001136795,0.9098198961282126,0.13239302544689555,0.09802993673411595,0.10955194285332585,0.08089086559100078,0.6185306369840531
cifar,t-SNE,4,perplexity,100.0,learning_rate,200.0,0.5964217915282823,0.5366632395663835,0.48354248861348254,0.31615000111450414,0.8173629531388151,0.1203283618251059,0.1013425373983376,0.08305604165601416,0.06493088152615685,0.23185080916877632
cifar,t-SNE,4,perplexity,100.0,learning_rate,500.0,0.611143927066848,0.5396898149180096,0.5036878478181723,0.3178138629457088,0.7783984946763851,0.13474611781712847,0.10251421628899296,0.09074508879573398,0.06468727977601142,0.21380715685858778
cifar,UMAP,0,n_neighbors,5.0,min_dist,0.0,0.5836412151067323,0.48756747393917776,0.6386145970324469,0.4059065934065934,0.8386629850879344,0.11742431506581066,0.09113911008772574,0.11543094958786634,0.0728519888376471,0.243741996246628
cifar,UMAP,0,n_neighbors,5.0,min_dist,0.1,0.5964510472624063,0.5046511973489661,0.6260100193923723,0.36416609083951884,0.8648547615332605,0.12228390892651818,0.10285038697882565,0.11247022862434913,0.06918344836167371,0.279211521702445
cifar,UMAP,0,n_neighbors,5.0,min_dist,0.5,0.5968773451024972,0.5325611677031555,0.5167245280074895,0.31635572000683565,0.8271733759816925,0.12704190228019452,0.10980955533823555,0.08821385966911593,0.06435635346768175,0.22549381555529233
cifar,UMAP,0,n_neighbors,8.0,min_dist,0.0,0.5321376561234573,0.4953710927341759,0.6699075518801686,0.5050435956876119,0.8866502834555572,0.11339279845710708,0.09475215655937025,0.13190249782288868,0.08653861259642426,0.33324595978112914
cifar,UMAP,0,n_neighbors,8.0,min_dist,0.1,0.5442876089427813,0.4847737835187125,0.5754788652861675,0.4196266039572328,0.8700646040909732,0.11356536216741528,0.09330192719175087,0.09992581377648876,0.07468052845376745,0.28666228500067603
cifar,UMAP,0,n_neighbors,8.0,min_dist,0.5,0.5942573315798467,0.4622949312350936,0.5698835900407908,0.3902378258995906,0.8563464510472624,0.11049936515214492,0.0869693614573351,0.09787632414169095,0.07154549006501872,0.2691373616234909
cifar,UMAP,0,n_neighbors,10.0,min_dist,0.0,0.571534449323496,0.4890574266842015,0.6409415888371264,0.4246383898386941,0.877017716901084,0.11389759233461683,0.0955118544294957,0.1430661870786598,0.07535789721306096,0.28889060577099024
cifar,UMAP,0,n_neighbors,10.0,min_dist,0.1,0.5900691178328096,0.4969320951192148,0.603348434864662,0.41966189658887426,0.8763285818306104,0.12236972126919071,0.09572318812221965,0.1095002769505351,0.07452369048405713,0.288542521617391
cifar,UMAP,0,n_neighbors,10.0,min_dist,0.5,0.6027377794619174,0.49761983705949225,0.5727376494364325,0.38314702538840467,0.8625296272355097,0.1169979617801158,0.09818153117796526,0.09841896194394445,0.0708456721470827,0.27460128331962275
cifar,UMAP,0,n_neighbors,15.0,min_dist,0.0,0.5748426691631561,0.4982242233763532,0.6781729933352649,0.5390403840581326,0.9056980882538691,0.11470268105211488,0.09577836763725786,0.174167618814356,0.092013226954053,0.42011876472731247
cifar,UMAP,0,n_neighbors,15.0,min_dist,0.1,0.5890382014874915,0.49600125195966976,0.5883328132313933,0.4429132395663836,0.8857531076090914,0.11833560991338836,0.09642770957183684,0.10618120381585155,0.07758855538543746,0.3114249611397029
cifar,UMAP,0,n_neighbors,15.0,min_dist,0.5,0.612408889285157,0.5292462144008797,0.5467295339886618,0.36026904130352405,0.8586896960375661,0.14086845843920573,0.10942199761421192,0.09570267322133535,0.06868231582291631,0.27791975260946034
cifar,UMAP,0,n_neighbors,20.0,min_dist,0.0,0.5502209504491451,0.48448981714701794,0.5764610220746124,0.39133677343616496,0.8682331022594715,0.10298809863258376,0.09286723831615852,0.10021221945700327,0.07165248144883905,0.2794101270899316
cifar,UMAP,0,n_neighbors,20.0,min_dist,0.1,0.5782015060666176,0.4987341090282267,0.5498912429693363,0.42389213643016893,0.8780425963488844,0.11705631025930036,0.09813499258580452,0.09535458391626646,0.07510573681504766,0.2961854893874283
cifar,UMAP,0,n_neighbors,20.0,min_dist,0.5,0.5843512471301517,0.508663644502894,0.5499223562103888,0.38804805741925413,0.8627664593688935,0.12844587017712453,0.11297190956439593,0.0987201491002708,0.07122111718518376,0.2721737833953951
cifar,UMAP,0,n_neighbors,30.0,min_dist,0.0,0.5730692144231697,0.4876473467371033,0.5676522598429292,0.39467006961935974,0.8689691393798898,0.112752423622605,0.09002463960745505,0.09720823557352645,0.0723623795344239,0.2809183525197119
cifar,UMAP,0,n_neighbors,30.0,min_dist,0.1,0.583873867849527,0.5042813212818283,0.5536475863554972,0.3362208278536879,0.8548423348119089,0.11696986463593836,0.09748485836767935,0.09576837979034135,0.06674210467583758,0.2554113232583603
cifar,UMAP,0,n_neighbors,30.0,min_dist,0.5,0.564595732192081,0.5131462730980987,0.5407657758063438,0.3745258713565002,0.8571502871705713,0.12675974724017963,0.12215820657052498,0.09347252364848256,0.06995237123435716,0.2582741848047235
cifar,UMAP,0,n_neighbors,40.0,min_dist,0.0,0.5801783578152747,0.48595144291138204,0.5749137188031711,0.36883957827162694,0.86532006701885,0.11562690016842478,0.08787880086448933,0.09855600844503827,0.0697652850900634,0.27677443008347763
cifar,UMAP,0,n_neighbors,40.0,min_dist,0.1,0.5852758212038132,0.5054392446633826,0.529636523044231,0.364522732169791,0.8630088640230628,0.1204408319283149,0.10035344313860209,0.090577240327104,0.06955165117125091,0.2740426386839469
cifar,UMAP,0,n_neighbors,40.0,min_dist,0.5,0.5787053548209734,0.5474632492254197,0.5550917979924066,0.3530920989085289,0.8479950998967225,0.1316272868517519,0.13002828406159767,0.09792843469675717,0.06807790265128014,0.25442889382861006
cifar,UMAP,0,n_neighbors,60.0,min_dist,0.0,0.5703744362466472,0.4752138919228169,0.479286475863555,0.3663774528378991,0.8650516572676815,0.11198677858896751,0.08837540750545086,0.08198361518827134,0.06957503453263773,0.27535378244019065
cifar,UMAP,0,n_neighbors,60.0,min_dist,0.1,0.5726902830097556,0.49933988847528404,0.5200638610882019,0.3570337286108077,0.860703233548061,0.11454377162367646,0.10035530079261812,0.08852615253509227,0.06881281232087863,0.26744685752697506
cifar,UMAP,0,n_neighbors,60.0,min_dist,0.5,0.5820623342175066,0.5155758921605778,0.603026157412567,0.3948107757691936,0.8629851808097243,0.128039551855313,0.11266266268028284,0.10781172064269424,0.07177449005195927,0.27327550651868
cifar,UMAP,0,n_neighbors,80.0,min_dist,0.0,0.6221626581667149,0.5112323443966446,0.47686335807532565,0.3593212483932565,0.8650897361597158,0.13341765003463385,0.09786847283040204,0.08160281356978721,0.06873707980983884,0.273456964040594
cifar,UMAP,0,n_neighbors,80.0,min_dist,0.1,0.6100628580344604,0.4945421802673324,0.5274051928463693,0.3799330740253661,0.8624557913351016,0.13127183670983822,0.09898464355461897,0.08968221645629985,0.07084155748365302,0.2705502877454709
cifar,UMAP,0,n_neighbors,80.0,min_dist,0.5,0.5753260853412983,0.5309293478664675,0.5488004220255741,0.3704412136207268,0.8504056795131846,0.12036286001197788,0.12254364108305504,0.09608760894561025,0.06933696598373003,0.2616658406141285
cifar,UMAP,0,n_neighbors,120.0,min_dist,0.0,0.5952710659860762,0.49275316890682,0.5744042975280297,0.4093508756287661,0.8620127759326542,0.12135640494335939,0.09509743408776586,0.0985309377539807,0.07406595430318953,0.2681778716584001
cifar,UMAP,0,n_neighbors,120.0,min_dist,0.1,0.5908515926264406,0.51228346112981,0.5123278091077279,0.35352884522509265,0.851872645609968,0.12351478289672049,0.10325783520539704,0.08718271920945851,0.06830400451121041,0.25203376949183903
cifar,UMAP,0,n_neighbors,120.0,min_dist,0.5,0.5589094391072079,0.5208607315605287,0.48744557504699493,0.36498803765538046,0.8499352658835418,0.11086608442453513,0.1195103566416072,0.08393926319457362,0.06874574299297119,0.2601514593256663
cifar,UMAP,1,n_neighbors,5.0,min_dist,0.0,0.49430023998989514,0.503464018233288,0.6135832980407017,0.3702401384957165,0.8594155168698778,0.09842778398388269,0.09723241762416458,0.11118872832988026,0.07155702567131086,0.2653422130477265
cifar,UMAP,1,n_neighbors,5.0,min_dist,0.1,0.559128624924771,0.5136549978081418,0.6183364260823693,0.33497815571852085,0.8548195803520345,0.11091991205511956,0.1006455982591741,0.10879626851327587,0.06819408473214708,0.2591679113156805
cifar,UMAP,1,n_neighbors,5.0,min_dist,0.5,0.6442660618624106,0.49121561754675336,0.6244562148466815,0.43515582625623184,0.8764214571770353,0.12316684905946432,0.09633072568713102,0.1142283397972117,0.07662653704578756,0.3305333569804697
cifar,UMAP,1,n_neighbors,8.0,min_dist,0.0,0.5296769238199259,0.5035905608927922,0.7077219813654906,0.3871297524314765,0.8794566234982057,0.10500592214320834,0.10352221055390978,0.14674363396744608,0.0716594697010771,0.31246919346099755
cifar,UMAP,1,n_neighbors,8.0,min_dist,0.1,0.5554359011509113,0.5084481736991879,0.6513710258639265,0.45667783028330705,0.8817529664385648,0.11462369375159609,0.10181747648010211,0.12595490095492146,0.07919442559376202,0.32031572315498147
cifar,UMAP,1,n_neighbors,8.0,min_dist,0.5,0.5797808513325755,0.5043272945783088,0.5820939118352911,0.36951222796811034,0.8505575307045895,0.11532156600882237,0.09723518890297221,0.10071885017665555,0.06921683849805998,0.251667666198194
cifar,UMAP,1,n_neighbors,10.0,min_dist,0.0,0.5211319275720898,0.4885333775419982,0.6369474845641174,0.45913113255912447,0.902300243704909,0.09797267479311181,0.09104336152049486,0.11961771364689244,0.07952130986557826,0.3692822423891067
cifar,UMAP,1,n_neighbors,10.0,min_dist,0.1,0.5535379934467156,0.47945156179182546,0.6468596059113301,0.4193098990259233,0.8883684773644206,0.10550766027353323,0.09266738818984421,0.12511415646316482,0.07464911259905088,0.32783528384898925
cifar,UMAP,1,n_neighbors,10.0,min_dist,0.5,0.598767822778979,0.5109864569169842,0.5285865672528959,0.37057170348245394,0.8596983222997422,0.1312319026483538,0.10275272272640079,0.09408928031989558,0.06920616174948473,0.2679203919111092
cifar,UMAP,1,n_neighbors,15.0,min_dist,0.0,0.5564867856957106,0.49214785383649484,0.6711692634613527,0.472414164604834,0.8913251640178617,0.10761932936575488,0.09326313649469717,0.14586519058131506,0.08171977032335177,0.34862297222520194
cifar,UMAP,1,n_neighbors,15.0,min_dist,0.1,0.5924105053161848,0.49825974819636076,0.6203887390499966,0.4186897239001702,0.8721570856459295,0.12131745320655041,0.09437154439938822,0.11347444018829317,0.07426722704832654,0.28038791795867096
cifar,UMAP,1,n_neighbors,15.0,min_dist,0.5,0.5761833247888015,0.5577974890221341,0.5376665254961401,0.33806161721983224,0.8509281033368256,0.13752844002181464,0.12133415984528279,0.09613582968933551,0.06653995891134044,0.25648993820561955
cifar,UMAP,1,n_neighbors,20.0,min_dist,0.0,0.5489634182585501,0.48103880146222944,0.5466208698333446,0.3514967326453128,0.861281382579557,0.10702088923638564,0.09121217680379815,0.09335682711838475,0.06789121695872928,0.26798914250097455
cifar,UMAP,1,n_neighbors,20.0,min_dist,0.1,0.5780552273959982,0.49432508414506393,0.5246047689632882,0.42539021576800484,0.8783235442718201,0.1191903759416851,0.09785878502728995,0.08920999267434648,0.07531933242631596,0.2956025569155792
cifar,UMAP,1,n_neighbors,20.0,min_dist,0.5,0.5635731746279413,0.5162705997518371,0.5537692530593139,0.3700534590494023,0.8571043138740908,0.12309637689073849,0.10983102849910198,0.09581580285943755,0.06938710673877058,0.25780507554217114
cifar,UMAP,1,n_neighbors,30.0,min_dist,0.0,0.5678528705912074,0.4929143076328674,0.5701529285454235,0.39248006895065723,0.8635605435808276,0.11432916669414452,0.09608775208615244,0.09913851089345248,0.07202523910314115,0.271081999140069
cifar,UMAP,1,n_neighbors,30.0,min_dist,0.1,0.5772179561479764,0.5146729116049602,0.5977677874863474,0.40454968459532353,0.8782980035515533,0.11888262839906633,0.10058711400635195,0.10803462571052345,0.07343223786329978,0.31327974721407936
cifar,UMAP,1,n_neighbors,30.0,min_dist,0.5,0.5677739265467461,0.5174445441306497,0.5584171997711551,0.3873719248972799,0.863706357874715,0.12926313957757624,0.12772684693374325,0.1015936231846811,0.07116695174390841,0.27541272540107253
cifar,UMAP,1,n_neighbors,40.0,min_dist,0.0,0.560668033791766,0.498256729747602,0.49448854475477194,0.4099838211146528,0.869273770516164,0.10959480172208114,0.09962636630201996,0.08413032575952076,0.07385123241566013,0.28370173345418215
cifar,UMAP,1,n_neighbors,40.0,min_dist,0.1,0.5792598206391311,0.49954142797702633,0.5816230338289161,0.3726567550096962,0.8595348616900341,0.11742311885353317,0.09574938307108993,0.10212272094055258,0.07014016395925565,0.2651007847775791
cifar,UMAP,1,n_neighbors,40.0,min_dist,0.5,0.5627660878675078,0.5124192913239566,0.5689216336401935,0.36551231898594977,0.8518638224520578,0.12628349309740072,0.12260667035174524,0.10316304121583439,0.06909779014267523,0.26587427214278037
cifar,UMAP,1,n_neighbors,60.0,min_dist,0.0,0.5728806774699269,0.48282038279502787,0.45425982063913095,0.39174867559756,0.8677204303472051,0.11330937971128352,0.08925490586611824,0.07851333553513895,0.07198908154200585,0.2822450384388506
cifar,UMAP,1,n_neighbors,60.0,min_dist,0.1,0.5802150435771126,0.5166142385336097,0.587022342093336,0.37803284443750973,0.86361348252829,0.12337164790448792,0.10499481702978267,0.10248922589774906,0.0707393256400117,0.27340629663577753
cifar,UMAP,1,n_neighbors,60.0,min_dist,0.5,0.5819624932200996,0.54056609381153,0.5906769869751615,0.396510858985504,0.8640578910609336,0.12963613285788417,0.12633015714192147,0.10381205498956601,0.0719520147709642,0.27302935896989516
cifar,UMAP,1,n_neighbors,80.0,min_dist,0.0,0.5903774639829407,0.4805897491622644,0.5219947395403784,0.37342251224097067,0.8657960531692783,0.11961218306378768,0.09009064522804913,0.0886296800065611,0.07017315525331229,0.2747687663201015
cifar,UMAP,1,n_neighbors,80.0,min_dist,0.1,0.5916823626002125,0.5069974607880288,0.5643403249894122,0.35641657193381326,0.8545702100468835,0.12397510604821384,0.09673752274634559,0.09751379528070657,0.06855989862262439,0.25561327713931964
cifar,UMAP,1,n_neighbors,80.0,min_dist,0.5,0.5905845760054685,0.5160962262889242,0.5805052790346908,0.4031932401607858,0.86605424663234,0.12345530199834354,0.11606428592670712,0.10202936677127293,0.0726993031778766,0.2783723961963572
cifar,UMAP,1,n_neighbors,120.0,min_dist,0.0,0.5899650974448135,0.49382355727436866,0.46500921323436534,0.3495809464369302,0.8564476851748657,0.12177516713126055,0.09279281395777815,0.08007867795160892,0.06804427319045761,0.26005975323960756
cifar,UMAP,1,n_neighbors,120.0,min_dist,0.1,0.5878368588814836,0.5100179992421372,0.4111712324186969,0.3420631515205552,0.8522186062754014,0.12083094819601689,0.09939931779142969,0.07325828684545821,0.06748908894772104,0.2523801976123737
cifar,UMAP,1,n_neighbors,120.0,min_dist,0.5,0.5688814650528646,0.5240779335606922,0.5074049513704686,0.36165288396525724,0.8490413406742007,0.11399673220302808,0.11164877336001956,0.08697075160215287,0.06839978020012362,0.2575617936610757
cifar,UMAP,2,n_neighbors,5.0,min_dist,0.0,0.561594929749088,0.46712700332122237,0.7030612642935159,0.3575877300522331,0.8619449769297639,0.11115896683304283,0.08546655601237238,0.13907265151839676,0.06887438424083524,0.268554262157454
cifar,UMAP,2,n_neighbors,5.0,min_dist,0.1,0.5776795466197089,0.47480315070325213,0.6222327790532658,0.34259161224171364,0.854560922512241,0.11583834087439268,0.08721729334086539,0.11310976037422275,0.06676319975884498,0.2593309514123585
cifar,UMAP,2,n_neighbors,5.0,min_dist,0.5,0.607943442629041,0.5011660499743664,0.5301236542362304,0.35272756317381065,0.8363545683525399,0.119689152374898,0.09529169814009303,0.09097507759563339,0.06756239266973559,0.23527117635126296
cifar,UMAP,2,n_neighbors,8.0,min_dist,0.0,0.5517329610889449,0.4768747353052626,0.6538503332367429,0.4300792598206392,0.8810099636671644,0.1149717392508306,0.08958406571875543,0.12123489893160651,0.07932088564591824,0.29828119326701846
cifar,UMAP,2,n_neighbors,8.0,min_dist,0.1,0.5787545787545787,0.4850551958183804,0.5992373076551576,0.41763303464621926,0.8743396562869179,0.12306158902407721,0.0907383319325577,0.1077054949163455,0.074428338476352,0.2900154700343052
cifar,UMAP,2,n_neighbors,8.0,min_dist,0.5,0.6205424477483301,0.4960948238711931,0.5841102356061788,0.3633223183172473,0.8549686452830471,0.12662949415548425,0.0958671648783945,0.10166927724468036,0.06888313142097806,0.25794414923448267
cifar,UMAP,2,n_neighbors,10.0,min_dist,0.0,0.5447998164783155,0.4649664905750098,0.6919424600078757,0.4720055130805638,0.896707290343193,0.1065144895694588,0.08547949947348846,0.17569691252548403,0.08126875237900089,0.3567827211812642
cifar,UMAP,2,n_neighbors,10.0,min_dist,0.1,0.5653043710853042,0.49400907577885267,0.5766439865070697,0.4209324313279688,0.8842657089360944,0.11182552146586226,0.09343464498349907,0.10199775407056665,0.07494879197014603,0.3144293446408762
cifar,UMAP,2,n_neighbors,10.0,min_dist,0.5,0.5928084761756162,0.5019116068177933,0.5504698563775643,0.3737345734049588,0.8581621640698722,0.13409618891480846,0.09903471514374335,0.0966459954369775,0.06962965752807125,0.26302983599347707
cifar,UMAP,2,n_neighbors,15.0,min_dist,0.0,0.5615127350675018,0.4851654852922601,0.663266500234046,0.5015644852105299,0.8932569712235027,0.11210305828404832,0.09190580595370806,0.14217811144394338,0.0857030932186977,0.337863140840278
cifar,UMAP,2,n_neighbors,15.0,min_dist,0.1,0.5922688704128867,0.49240651167628857,0.6188005706261284,0.42013184584178503,0.8706799032610393,0.1212421873354524,0.09691516169919549,0.11254814618827069,0.07446663706572658,0.27778358833883127
cifar,UMAP,2,n_neighbors,15.0,min_dist,0.5,0.617267198656651,0.5181267135501415,0.5704879763576518,0.3842155562490248,0.8630260459621514,0.1351113714445113,0.11866650294086122,0.1006449244339218,0.07081257042177358,0.27085055736727276
cifar,UMAP,2,n_neighbors,20.0,min_dist,0.0,0.5566409587707762,0.4695712502507634,0.6078891105513823,0.37977356061788115,0.8695458952811895,0.10748696956619085,0.09305728545216134,0.10686993558622829,0.07088676174503845,0.2839729854036463
cifar,UMAP,2,n_neighbors,20.0,min_dist,0.1,0.5680390856607895,0.4854650082844809,0.6072603444560848,0.4331151227069077,0.8862588138703756,0.10965352894844456,0.09450948531999942,0.10888506312848176,0.07704207826374354,0.32953410516844767
cifar,UMAP,2,n_neighbors,20.0,min_dist,0.5,0.5818607947157642,0.5178202249069389,0.5561589357228303,0.3939170827482187,0.8642612880696046,0.12907497428085515,0.1065525673014103,0.09879134295524239,0.07166007278562551,0.27029836880110275
cifar,UMAP,2,n_neighbors,30.0,min_dist,0.0,0.5726006583004555,0.4987886732942514,0.5831420101196977,0.3689932869699605,0.8808655425034736,0.11642955546579191,0.09648123586909543,0.10104089439942678,0.07071272341151674,0.32523846464828043
cifar,UMAP,2,n_neighbors,30.0,min_dist,0.1,0.5744581652289563,0.5032072179004228,0.5678844482089919,0.412150602946749,0.8875400292743091,0.11488113869571448,0.09567618883264481,0.09890188423297216,0.07468891274779224,0.3425304488076628
cifar,UMAP,2,n_neighbors,30.0,min_dist,0.5,0.5583396488568902,0.5308580660380864,0.5416536641181672,0.34931160793229765,0.8484385796759022,0.12580694175564483,0.11950773442407968,0.0960997195966067,0.06770211552123367,0.257670959558403
cifar,UMAP,2,n_neighbors,40.0,min_dist,0.0,0.5732317462794136,0.46878273855961483,0.5648548544086069,0.41419711120522484,0.8713695027082452,0.11522351725887796,0.0896637670744202,0.09696858943903082,0.07427792150831583,0.2842456971116724
cifar,UMAP,2,n_neighbors,40.0,min_dist,0.1,0.5668451730824956,0.4814627774186598,0.5585267926799367,0.37966141363707284,0.8620541054618133,0.1167282281035792,0.0932034234359777,0.09673190008021898,0.07081532317772284,0.2663645758052462
cifar,UMAP,2,n_neighbors,40.0,min_dist,0.5,0.5638341543513957,0.5226613523393442,0.5907619679171403,0.3999138116785176,0.8661043993194095,0.1346832653888739,0.12106705007058047,0.10636722933393064,0.07248789128731228,0.27685585155708703
cifar,UMAP,2,n_neighbors,60.0,min_dist,0.0,0.5747316831241781,0.4975641118516372,0.5347151791751183,0.39243502440764105,0.8679851250845165,0.1146052058869119,0.09350777010752814,0.09098249195936253,0.072083111326823,0.28089648499580266
cifar,UMAP,2,n_neighbors,60.0,min_dist,0.1,0.5884377623728536,0.5133682451760545,0.5814827920558143,0.36004892673249667,0.8535165392416914,0.12092714365618368,0.09934084095252295,0.10170338608662671,0.06886086425741725,0.25632309403974984
cifar,UMAP,2,n_neighbors,60.0,min_dist,0.5,0.5835144402588622,0.5381522635579431,0.5615262019927334,0.3684546099606952,0.8512285550825104,0.12962008930772265,0.1234366075784921,0.0977441486951636,0.06938790506566236,0.2595113908574159
cifar,UMAP,2,n_neighbors,80.0,min_dist,0.0,0.5815947068482565,0.47384235524448504,0.5068091560231519,0.37859474028338125,0.8650637310627167,0.11762551780511019,0.08700773519728787,0.08607863982287246,0.07059659586743802,0.2731408537744681
cifar,UMAP,2,n_neighbors,80.0,min_dist,0.1,0.591376338333742,0.4952067033710036,0.5358768175705295,0.36326287809553526,0.8615943724970094,0.12307796559399138,0.09971630758284167,0.09097904497867657,0.06936193493752041,0.266518455261166
cifar,UMAP,2,n_neighbors,80.0,min_dist,0.5,0.5836867240264807,0.5237092184353849,0.5470696899449435,0.3747719910245266,0.8553169278321409,0.11930100403092248,0.11405145208476379,0.09542551415377,0.06980887071812435,0.26636094031926744
cifar,UMAP,2,n_neighbors,120.0,min_dist,0.0,0.5883917890763732,0.4993073821040353,0.4209565789180394,0.3510827407886231,0.8565470617955404,0.12267350399069324,0.09847542117686992,0.07451283015583851,0.06810027832931642,0.25984547637347427
cifar,UMAP,2,n_neighbors,120.0,min_dist,0.1,0.6007539620622785,0.4998156424373463,0.5709846272726598,0.35391590323131905,0.852068612590925,0.1261650988957396,0.09795944778806732,0.09866646789366751,0.06818501907172081,0.25265038060880624
cifar,UMAP,2,n_neighbors,120.0,min_dist,0.5,0.5762622688332627,0.524845083922163,0.5487126548232025,0.3693527145606253,0.8492739934169955,0.11573498672531132,0.11769843908796014,0.09487330154848608,0.06913310505440667,0.26027881800629404
cifar,UMAP,3,n_neighbors,5.0,min_dist,0.0,0.5992447376828716,0.49471539278841514,0.6559072899716917,0.39320681853643313,0.8791227366278076,0.13006627366467477,0.10140239104215672,0.1206558683842891,0.07175821281671738,0.3116351989487051
cifar,UMAP,3,n_neighbors,5.0,min_dist,0.1,0.624959599224305,0.48005409060175797,0.6441409123331031,0.36431190513340617,0.8835723944750313,0.13270553789117123,0.09046389543649787,0.1181017363521156,0.06908921170888514,0.33356916030794576
cifar,UMAP,3,n_neighbors,5.0,min_dist,0.5,0.6734001292824823,0.47376759059061296,0.6028450504870384,0.36730202691156033,0.8555611899932387,0.13740792408058916,0.08828619331969173,0.10693725886532388,0.06889696094796063,0.28918400818898543
cifar,UMAP,3,n_neighbors,8.0,min_dist,0.0,0.5855720935589089,0.4833574344857306,0.6672568894931978,0.42035103165934806,0.88219551746428,0.1212771842263341,0.09346015617749175,0.12824415397112035,0.07518890119839444,0.31949855558220874
cifar,UMAP,3,n_neighbors,8.0,min_dist,0.1,0.5982282170162494,0.4894463421973564,0.6340000854453187,0.39194324944832043,0.8713495345087636,0.11539312056419769,0.09134562316380157,0.11793900917833888,0.07172637392930722,0.2959268157104905
cifar,UMAP,3,n_neighbors,8.0,min_dist,0.5,0.6412499349872575,0.48066544256960075,0.5929614883088513,0.3855048982457705,0.8639733744956868,0.12537288261431437,0.09589759686372137,0.1066649335221415,0.07104313726182854,0.2991173354603653
cifar,UMAP,3,n_neighbors,10.0,min_dist,0.0,0.5588611439270669,0.4471404609589194,0.6124451106702627,0.4513235665619033,0.886533724895794,0.1119431062389703,0.08448826893660227,0.11437739368948002,0.07873570586560565,0.3199687446941308
cifar,UMAP,3,n_neighbors,10.0,min_dist,0.1,0.5783575366486117,0.4697607159574705,0.603562976914904,0.40105826813484013,0.8770502232723326,0.11740283745231207,0.08810165109105025,0.10849909910660027,0.07277853887645055,0.29717320045025947
cifar,UMAP,3,n_neighbors,10.0,min_dist,0.5,0.604879949327211,0.4871186538275788,0.5562638848642906,0.37967023679498324,0.8601483033531716,0.13627078226302256,0.10125770482479207,0.09924996750469836,0.07057428308684789,0.28273076395637964
cifar,UMAP,3,n_neighbors,15.0,min_dist,0.0,0.5410806232307247,0.5028958533015329,0.57695651204779,0.4892728974879076,0.8903991968140043,0.10552492532589244,0.09979325508382957,0.09965633404212587,0.08368965253150237,0.32384607462055914
cifar,UMAP,3,n_neighbors,15.0,min_dist,0.1,0.5717749964707368,0.5113036262250259,0.6604391425005016,0.4781009220664393,0.8871987123761972,0.11810438949134859,0.10000447500159221,0.13253690191299686,0.08193150030578558,0.3247716025382103
cifar,UMAP,3,n_neighbors,15.0,min_dist,0.5,0.6047954327619642,0.5302527509677611,0.563894523326572,0.38097281352859447,0.8635628654644882,0.12941953124303662,0.11556372389419231,0.09924469663964848,0.07050245824185561,0.2711930037479204
cifar,UMAP,3,n_neighbors,20.0,min_dist,0.0,0.5605101457028434,0.4966831891907957,0.5921490612159983,0.4414950330264732,0.8884622814643099,0.11249654624387828,0.09482319822081778,0.10283185410875897,0.07775986024702866,0.33331923075643166
cifar,UMAP,3,n_neighbors,20.0,min_dist,0.1,0.5713250154173075,0.48586762291123353,0.5907656829309974,0.4301052649176381,0.8786746130813069,0.11888294202885154,0.09877282217390237,0.10336847272138,0.07588452797251734,0.29654766395592136
cifar,UMAP,3,n_neighbors,20.0,min_dist,0.5,0.565760389036251,0.5457480737653152,0.5296762272548277,0.3496190253289645,0.8512777790161157,0.12115296450089008,0.11903651792372107,0.09192771036118011,0.06764445164698246,0.25320184100080806
cifar,UMAP,3,n_neighbors,30.0,min_dist,0.0,0.5765901188061431,0.4955022791610013,0.6210365445913113,0.39917080890711726,0.8788162479846049,0.11841347405496538,0.09920846593623844,0.1112167781304376,0.07294717132132027,0.30920212826932036
cifar,UMAP,3,n_neighbors,30.0,min_dist,0.1,0.558999063816508,0.5026058500323206,0.5548029556650246,0.34222939839065597,0.8596597790309759,0.11369577502197273,0.10315623314031763,0.09532643059204732,0.06761841238717062,0.26524153604408945
cifar,UMAP,3,n_neighbors,30.0,min_dist,0.5,0.5824603050769379,0.5384812744726538,0.5876608601000082,0.3903304690576496,0.8634300537191004,0.1323578722013173,0.119078819554017,0.10502352341506649,0.0713641518029862,0.27240447544687796
cifar,UMAP,3,n_neighbors,40.0,min_dist,0.0,0.5601813669764989,0.4957874064745262,0.5301292267570158,0.38794032201740114,0.8669881082406438,0.11568235974252783,0.09724483302676654,0.09022547446324439,0.07150010417988034,0.2793160573547273
cifar,UMAP,3,n_neighbors,40.0,min_dist,0.1,0.5728699968050881,0.48661944884054414,0.5673662037759402,0.34694328659845897,0.859775408837275,0.11416650812756673,0.0966907200253935,0.0975787002590364,0.06791145074306613,0.26633163622878525
cifar,UMAP,3,n_neighbors,40.0,min_dist,0.5,0.5721581072747401,0.5117257446745276,0.5442365275022476,0.39949958763346183,0.8662957225330451,0.12719046101831544,0.11424902688113467,0.09465681305547152,0.0723796107642192,0.28156281988089804
cifar,UMAP,3,n_neighbors,60.0,min_dist,0.0,0.579234279918864,0.48152546827749665,0.5242866709017825,0.38218483679944126,0.8664011360512375,0.11287309251900923,0.08833720158134456,0.08895279969755393,0.07096201709507027,0.27914250179670774
cifar,UMAP,3,n_neighbors,60.0,min_dist,0.1,0.5946738775085632,0.4987041567290046,0.4982260808832817,0.35293188893594574,0.8585410954832862,0.120261368967581,0.09733782737653918,0.08493537709046309,0.06839982409019037,0.2635057463652594
cifar,UMAP,3,n_neighbors,60.0,min_dist,0.5,0.5641750068727756,0.5160990125493168,0.5270039713498131,0.35179602344916744,0.8476691074307707,0.12197876704633859,0.12851816607928057,0.09127242887474277,0.06781509738276825,0.2542270061290346
cifar,UMAP,3,n_neighbors,80.0,min_dist,0.0,0.593679646925083,0.4673589594989189,0.46277370364591464,0.3810745120329299,0.8656446663546056,0.11867347280705651,0.08725387817277769,0.0796523259439964,0.07084321643727577,0.2753860447179695
cifar,UMAP,3,n_neighbors,80.0,min_dist,0.1,0.5976551761288069,0.4862878838538067,0.4911596601505324,0.3629953970978312,0.8618776423036056,0.12447915254972017,0.09544662508759082,0.08390025597751098,0.0692839797760107,0.26961753642425534
cifar,UMAP,3,n_neighbors,80.0,min_dist,0.5,0.5764396607449347,0.5436876342048756,0.5621445196115581,0.36341519366367236,0.8505096999011806,0.11734062854887528,0.12254627257030466,0.10036641930270522,0.06861852184583536,0.2659700758638945
cifar,UMAP,3,n_neighbors,120.0,min_dist,0.0,0.5945944690873697,0.4971847160614909,0.4215574824094093,0.3510195855530541,0.8605225909992644,0.11954841412336777,0.09699429543502398,0.07461056426841553,0.06798847769055304,0.2678754733443958
cifar,UMAP,3,n_neighbors,120.0,min_dist,0.1,0.5902316496890533,0.5131655447324819,0.49825905163126266,0.3396000973333631,0.849220590092801,0.12091698668459551,0.10063324397808052,0.08499164990077963,0.06734210236676147,0.24990510333104493
cifar,UMAP,3,n_neighbors,120.0,min_dist,0.5,0.5585964491897555,0.53937961126095,0.542342799188641,0.362386599202015,0.848634546656859,0.11152160075377156,0.1230703409170345,0.0936755521915372,0.06857322111069017,0.2552068705755058
cifar,UMAP,4,n_neighbors,5.0,min_dist,0.0,0.5219013998172213,0.4926266262473159,0.7293621692708914,0.4383163742950762,0.8797310701468917,0.09908474466531056,0.09787726987823556,0.16426419052396854,0.07922910869902502,0.3318944130223877
cifar,UMAP,4,n_neighbors,5.0,min_dist,0.1,0.5747901945924259,0.49284232923938803,0.6621222759660893,0.43298672254047516,0.8805098299266656,0.10794585474734444,0.10134265925318978,0.12690204451923823,0.0767260114210605,0.3286482245264975
cifar,UMAP,4,n_neighbors,5.0,min_dist,0.5,0.6537681385551568,0.517516522524129,0.6301768718097318,0.4276208494007683,0.8700163089108321,0.13607754163400737,0.1101890837960146,0.11689058293720879,0.07543595951096198,0.32187405768122895
cifar,UMAP,4,n_neighbors,8.0,min_dist,0.0,0.5619413547912534,0.49492204043421084,0.6852545063118085,0.4140958770776216,0.8781591549086478,0.11053462766297892,0.09326863523081473,0.13824004106638654,0.07437396825764718,0.30062935951675834
cifar,UMAP,4,n_neighbors,8.0,min_dist,0.1,0.5588439619879781,0.4770546812889612,0.663767562728009,0.4853094420792189,0.8922163029668101,0.11157087060207312,0.08984241981898808,0.17774652768392482,0.08345804834802187,0.36620371811128516
cifar,UMAP,4,n_neighbors,8.0,min_dist,0.5,0.5873534427033413,0.521800397877984,0.6058556048414061,0.39689652386153396,0.8693378545051973,0.13254534481672264,0.1000751711457491,0.12410957376836873,0.07197213440143688,0.29820636341187085
cifar,UMAP,4,n_neighbors,10.0,min_dist,0.0,0.5592391465870168,0.4515464673933234,0.6323852153593533,0.5048501827786818,0.9046091248170356,0.1114663732899614,0.0868324492182059,0.15178931691707157,0.08631439013386577,0.420929690662965
cifar,UMAP,4,n_neighbors,10.0,min_dist,0.1,0.5916154923507865,0.46579284896982664,0.6404909112185989,0.46323459755254887,0.891737066179257,0.12210703512291554,0.0847546614884416,0.15744635985491087,0.0801243147010575,0.34162728444275126
cifar,UMAP,4,n_neighbors,10.0,min_dist,0.5,0.5837285179323719,0.5287295952863904,0.5728755693258736,0.3849488071090505,0.8642863644131392,0.1275128976911357,0.11321804487551522,0.1011266557098667,0.07102079281091493,0.27515456470863175
cifar,UMAP,4,n_neighbors,15.0,min_dist,0.0,0.5648093454888587,0.5007169976744014,0.6876908588369034,0.44520679624635,0.878412240227656,0.11256321707198208,0.09610367578481255,0.14448388267362705,0.0779165466300122,0.2920770195104046
cifar,UMAP,4,n_neighbors,15.0,min_dist,0.1,0.5711039720928158,0.4779785587975243,0.5605928047611617,0.3632354798683399,0.8646332538320368,0.11067829144886401,0.09191200236524615,0.09779101267922966,0.06923753805567207,0.272840380496194
cifar,UMAP,4,n_neighbors,15.0,min_dist,0.5,0.6041374109325428,0.5016229966787776,0.5456463752609797,0.3918852023568048,0.859338430332345,0.12520560958942872,0.10818847847452595,0.09384023293708725,0.07152715159440158,0.2611972459687516
cifar,UMAP,4,n_neighbors,20.0,min_dist,0.0,0.5607590516312626,0.463268264865628,0.6075255035701284,0.3980558403732847,0.8784907198953852,0.10739327258665668,0.08872480407037164,0.10836228223968442,0.07278626255172349,0.2989622937851522
cifar,UMAP,4,n_neighbors,20.0,min_dist,0.1,0.5836811515056951,0.4866435964306147,0.5356896737474831,0.4299283373826984,0.876668969975258,0.11593187079266323,0.09418825205466817,0.09185626848008561,0.07580180697043726,0.2902932205508879
cifar,UMAP,4,n_neighbors,20.0,min_dist,0.5,0.5894561405464043,0.5148370687797665,0.5466796134899583,0.38438017780056316,0.8635224646887933,0.12674336943696296,0.11375457241289802,0.0955040580143581,0.07087021102244365,0.27018656171812655
cifar,UMAP,4,n_neighbors,30.0,min_dist,0.0,0.5922312558975845,0.4955250336208754,0.6070360504944683,0.43727942105224044,0.886493324120099,0.12329506385021403,0.09429107338063156,0.10815793112400335,0.07719407513812332,0.33504269338615517
cifar,UMAP,4,n_neighbors,30.0,min_dist,0.1,0.5917826679743515,0.490146157932669,0.5644838173996389,0.3644637563248111,0.8634597738299564,0.12061231794582397,0.09414081781645742,0.09918379597906724,0.0694234601576111,0.2720011619971833
cifar,UMAP,4,n_neighbors,30.0,min_dist,0.5,0.5644220552942661,0.5210868830290737,0.5291621622123651,0.3486419766845731,0.8466646605591839,0.13196662479161925,0.12261304360956983,0.09181747017784216,0.06756802655914058,0.2562581465505761
cifar,UMAP,4,n_neighbors,40.0,min_dist,0.0,0.5687180044431565,0.4736166681526722,0.6039247263892296,0.3804961308130679,0.8681262956110826,0.10995376873859436,0.08980400758190954,0.10560077689408795,0.07092886367810478,0.2812869975894065
cifar,UMAP,4,n_neighbors,40.0,min_dist,0.1,0.5689692322552363,0.4919430636976276,0.5781128101107816,0.3684977969967828,0.8582503956489758,0.11364011229112073,0.09561313669859811,0.10012959735043933,0.06979974958662585,0.2614405962813949
cifar,UMAP,4,n_neighbors,40.0,min_dist,0.5,0.5657046638283961,0.5395465546961491,0.5845964380447138,0.4013696327337301,0.8673879366070034,0.12449339138685707,0.1277502584849854,0.10781008666426888,0.07261785152186088,0.2823237240832006
cifar,UMAP,4,n_neighbors,60.0,min_dist,0.0,0.5839151973786862,0.49447136281568327,0.49918617977695057,0.37937257130969104,0.8655285721715742,0.1187056068084025,0.09491665216575332,0.08488634633350223,0.07070884885826868,0.2774983905051145
cifar,UMAP,4,n_neighbors,60.0,min_dist,0.1,0.5870176983260148,0.5023502106412858,0.570203545609225,0.35641935819420606,0.8602541812480962,0.12493764916691912,0.09694810045597463,0.09802222725987214,0.06844290100786575,0.26968945854251947
cifar,UMAP,4,n_neighbors,60.0,min_dist,0.5,0.5740374399096508,0.5226323287935863,0.5607065770605325,0.3688646546151617,0.8514036251105216,0.12674888224765518,0.11960070738786943,0.09794834822630097,0.06935589317592292,0.2614148967550071
cifar,UMAP,4,n_neighbors,80.0,min_dist,0.0,0.5908562363937617,0.4972996493026919,0.4631479912920075,0.36579048064849284,0.8609270631329454,0.12034818209287985,0.09505526591508245,0.07967889300892132,0.06936039855400797,0.2685102210300113
cifar,UMAP,4,n_neighbors,80.0,min_dist,0.1,0.6044926591326186,0.5165924128271999,0.46299939073772745,0.3611286026346879,0.8574419157583458,0.12607332383251466,0.1019345452975769,0.07965726112097339,0.06905079210876994,0.26273515323394714
cifar,UMAP,4,n_neighbors,80.0,min_dist,0.5,0.5772225999152977,0.5240417121755864,0.5123756399111368,0.36862224996099235,0.8521187652779945,0.11593331388053502,0.1173704714862506,0.08810353798489048,0.06923035313754776,0.26335877085213866
cifar,UMAP,4,n_neighbors,120.0,min_dist,0.0,0.5976844318629309,0.5164243084501705,0.5834034542198842,0.3609955587009339,0.8559675196338482,0.12300882170155693,0.09941817740848734,0.10083678885403777,0.06886120360850448,0.25953010161951046
cifar,UMAP,4,n_neighbors,120.0,min_dist,0.1,0.5782214742660992,0.5023418518601075,0.40085603206799963,0.3564421126540802,0.8552788489401065,0.11626862344368982,0.0979788833907897,0.07224384587313604,0.06878917429769349,0.25837969200166705
cifar,UMAP,4,n_neighbors,120.0,min_dist,0.5,0.5766082294986961,0.5123598511022447,0.4984777730720935,0.37903148659994507,0.8532546307647728,0.11256900220047852,0.10584922649099514,0.0858542869820814,0.07009997716219646,0.2684437200155627
cifar,DensMAP,0,dens_lambda,0.01,dens_frac,0.1,0.6020630400701396,0.5026309263758554,0.6648398086024861,0.6887352421074531,0.9295679810385693,0.12611819260050772,0.10197852706443075,0.1645602918973349,0.14027305911713622,0.7418328879337875
cifar,DensMAP,0,dens_lambda,0.01,dens_frac,0.3,0.6056489571956103,0.49341072635950933,0.6634209054974775,0.6899695554614419,0.9263619240799768,0.1287506940279682,0.09773319235388031,0.15190926026006168,0.1423160701900142,0.72945653340366
cifar,DensMAP,0,dens_lambda,0.01,dens_frac,0.5,0.5910559183885755,0.5025385154061626,0.6472273922831733,0.6845885900779409,0.9312987131191998,0.11833899572361349,0.1001555137624285,0.13771431251173685,0.13851648398297,0.743285514157839
cifar,DensMAP,0,dens_lambda,0.05,dens_frac,0.1,0.627062297067368,0.5102634223450653,0.6740685995883765,0.6856243823789462,0.930071829792925,0.12905062673757334,0.09904692269601015,0.15729437390749199,0.1387055210167861,0.747941500726655
cifar,DensMAP,0,dens_lambda,0.05,dens_frac,0.3,0.6305033286524159,0.5089775631738106,0.676129271337182,0.6918293842736034,0.9315685160005647,0.13057694934238556,0.10023206383417396,0.1595817718792953,0.14179887819017098,0.7518770025180933
cifar,DensMAP,0,dens_lambda,0.05,dens_frac,0.5,0.6175221414825877,0.5032629431082778,0.6731259148221623,0.6777522680159597,0.9322813342843769,0.12302701080108061,0.09881624949137435,0.1513518801254227,0.13524585206234696,0.7511971129129607
cifar,DensMAP,0,dens_lambda,0.1,dens_frac,0.1,0.6348471086047152,0.5201035652987986,0.6833354694663012,0.6835435102422932,0.9300291071335696,0.13195144287369281,0.10371858206007567,0.15742681850287696,0.13787518871396048,0.7533735904349405
cifar,DensMAP,0,dens_lambda,0.1,dens_frac,0.3,0.6415698905556918,0.5205765330004681,0.700273146393836,0.699735165949669,0.9289350355526825,0.13326099973401812,0.104610340489276,0.17748450432099072,0.14723259012105833,0.7470623916426656
cifar,DensMAP,0,dens_lambda,0.1,dens_frac,0.5,0.6279093202267644,0.5246593332293129,0.6841852788860903,0.6726106888378695,0.9279366255786133,0.12751401446311184,0.10456416791862269,0.1685396554615779,0.1339439585626488,0.7497882698508523
cifar,DensMAP,0,dens_lambda,0.2,dens_frac,0.1,0.6526002310738619,0.5315734383939252,0.7100631366604997,0.6948682656086308,0.9305431721760321,0.13827490423810476,0.1039851947630259,0.17409280499379823,0.14529261046581388,0.7476073289432491
cifar,DensMAP,0,dens_lambda,0.2,dens_frac,0.3,0.6332900534218994,0.5358178417255497,0.6951227440578354,0.6866474043198181,0.9338588220434063,0.13383092106512184,0.10471365316124438,0.17607012045491033,0.14346810432115686,0.7483234936891329
cifar,DensMAP,0,dens_lambda,0.2,dens_frac,0.5,0.6389048324900252,0.5296019269776877,0.7048291465127164,0.6865833203307848,0.9333568307959788,0.13233421519075983,0.10245335010068639,0.1798088805150717,0.14424283050760706,0.7396783123162224
cifar,DensMAP,0,dens_lambda,0.5,dens_frac,0.1,0.6308701862707947,0.5517345864075074,0.6963415007912979,0.6924878704797568,0.9291347175474964,0.13197703443387668,0.1111515290766491,0.17111664087631068,0.1476613441351351,0.7163683833715381
cifar,DensMAP,0,dens_lambda,0.5,dens_frac,0.3,0.635418291985229,0.5486601802524723,0.7055196747133867,0.7216442279829705,0.9332138027624843,0.1343996287926945,0.11028440950952155,0.16308299381253313,0.1769668057303115,0.7221210497167724
cifar,DensMAP,0,dens_lambda,0.5,dens_frac,0.5,0.6355506393538848,0.5696924990155213,0.6799617725074114,0.7167106895808721,0.9304168617048941,0.13499626783097707,0.11497736607262109,0.15193762994190016,0.17642966694325646,0.7316317192724523
cifar,DensMAP,0,dens_lambda,1.0,dens_frac,0.1,0.6242147389459762,0.5721399965821873,0.6992580188574102,0.6974478783555863,0.9247728269026445,0.13337381170481794,0.11536286553241235,0.1639848999389526,0.16617948637113752,0.7092368334004896
cifar,DensMAP,0,dens_lambda,1.0,dens_frac,0.3,0.6387506594149596,0.5631728818848494,0.7100199496244121,0.7264324164679133,0.934313911240889,0.1347596972369703,0.11272197783286947,0.1698035527168935,0.1846799635448485,0.7286779135247781
cifar,DensMAP,0,dens_lambda,1.0,dens_frac,0.5,0.6220507433742728,0.5695903361344538,0.7086927609239984,0.7253717800117395,0.9335161120150979,0.12743075266222692,0.1153349884473858,0.1600146076174923,0.18454667154233065,0.7313064863677443
cifar,DensMAP,0,dens_lambda,2.0,dens_frac,0.1,0.6291180928604863,0.5539619694031459,0.7035098522167487,0.6960501043918894,0.9240771905579207,0.13187215564730587,0.11534045751532461,0.1636075066088263,0.16214839726657018,0.7006822632066205
cifar,DensMAP,0,dens_lambda,2.0,dens_frac,0.3,0.6419859721076759,0.5752638588591935,0.7152725148414802,0.7256782686549421,0.934848408859565,0.13557350766319293,0.11856978113727898,0.16569079585562915,0.1860282738993924,0.7166931343882761
cifar,DensMAP,0,dens_lambda,2.0,dens_frac,0.5,0.6184160666919288,0.5588114556167295,0.6414923396414268,0.4137763858859194,0.8833160585188983,0.12491714278237931,0.1136282055361236,0.12356146632011955,0.07439527976334884,0.40876275318651567
cifar,DensMAP,0,dens_lambda,3.0,dens_frac,0.1,0.639968719583324,0.5706001233384601,0.7024510732675033,0.697862566777374,0.9195843456746096,0.1382688709341325,0.11625847056773683,0.16322817286654048,0.1688987118519481,0.6859131902083646
cifar,DensMAP,0,dens_lambda,3.0,dens_frac,0.3,0.6463065332233691,0.5588174925142471,0.7076432695093953,0.6861788481971037,0.9309950107363901,0.141288588017596,0.11308710455075996,0.1627195884304993,0.15349094296426316,0.7020452962991072
cifar,DensMAP,0,dens_lambda,3.0,dens_frac,0.5,0.6290893015030946,0.5503108073468114,0.6848126518511914,0.49842158348750637,0.903327909413102,0.1307498253506782,0.10906286147985926,0.13957500387802246,0.0879310545711301,0.514321070802896
cifar,DensMAP,0,dens_lambda,5.0,dens_frac,0.1,0.642494464629353,0.5394555368566525,0.7063509090638908,0.6858677157865798,0.9176994405189131,0.1395320404000366,0.10730110053049666,0.15976379742184804,0.15767590426428407,0.6468673955164719
cifar,DensMAP,0,dens_lambda,5.0,dens_frac,0.3,0.6427196873444337,0.5756785472809814,0.7223419540229884,0.6630524225605362,0.9257108679015372,0.14364188878001996,0.12407462794728606,0.17246107954312584,0.14460779237731708,0.6663092304498738
cifar,DensMAP,0,dens_lambda,5.0,dens_frac,0.5,0.6345201873852988,0.5707765864966676,0.6846278299118057,0.568612126548232,0.9026596712955738,0.13361853788132888,0.1181408903925644,0.14326162765734435,0.1074066660993388,0.5475896036899223
cifar,DensMAP,0,dens_lambda,10.0,dens_frac,0.1,0.6490528572171574,0.5426604328734146,0.7027454881156707,0.6629609403443075,0.9019501036488866,0.14229368465359055,0.11037223386170132,0.1577598554104808,0.1464933697434273,0.5505414075661145
cifar,DensMAP,0,dens_lambda,10.0,dens_frac,0.3,0.661638859787947,0.5688673015625348,0.7263367548610956,0.633693596802116,0.8878437316571192,0.14849866876784054,0.11219874312491833,0.16585428058878351,0.13542771061572753,0.5096367687522606
cifar,DensMAP,0,dens_lambda,10.0,dens_frac,0.5,0.6404159143763607,0.5831369019756444,0.6738385009176084,0.5173375052938948,0.8838812050018947,0.13974862700714794,0.12089807822693979,0.13971469351968233,0.10077524180004002,0.4621594370251991
cifar,DensMAP,1,dens_lambda,0.01,dens_frac,0.1,0.5641086010000819,0.506575574526893,0.3479463403398495,0.22685592804761162,0.6666281233979003,0.11991466058570256,0.10418853693060934,0.06782222909836355,0.05795058445132547,0.12602274020103765
cifar,DensMAP,1,dens_lambda,0.01,dens_frac,0.3,0.568938119014184,0.5172478805845946,0.3648696215886886,0.2283623661666258,0.6754429225271009,0.12394475965914348,0.11016396849284467,0.06940623638251567,0.058106949407950935,0.12843088284145424
cifar,DensMAP,1,dens_lambda,0.01,dens_frac,0.5,0.572921542622354,0.50168359784232,0.38574196256752036,0.2534131689811203,0.7383269620845685,0.11860220741383742,0.10666125772913607,0.07129687884865982,0.06024847139151032,0.1539173049357683
cifar,DensMAP,1,dens_lambda,0.05,dens_frac,0.1,0.6038963994085698,0.5077323369666169,0.36312310069916565,0.2295576718751161,0.6681786773064664,0.12396023012288448,0.10187827825334791,0.0689443539717194,0.05815322820956492,0.1264057651336562
cifar,DensMAP,1,dens_lambda,0.05,dens_frac,0.3,0.5911905876408919,0.5267557619864922,0.3724658961727928,0.22898416661094145,0.6735970250169033,0.12180307450836592,0.1103506984448547,0.06986317844587696,0.05820466080688088,0.12790753776747543
cifar,DensMAP,1,dens_lambda,0.05,dens_frac,0.5,0.5866341231452793,0.5353328002288449,0.3518554636708795,0.22934823796892764,0.6691747653968748,0.12346640143028934,0.11539351865299283,0.06808833907826353,0.058141446601605265,0.12675815021196496
cifar,DensMAP,1,dens_lambda,0.1,dens_frac,0.1,0.633622547162101,0.5181543439657029,0.420046864899806,0.23947443698964999,0.6823068750046438,0.13046285235064287,0.10214094134171174,0.07480092447646033,0.05872397740918601,0.13045927545183966
cifar,DensMAP,1,dens_lambda,0.1,dens_frac,0.3,0.620063210960777,0.5340878062100172,0.41943899575745414,0.24074079233815543,0.6941155109258558,0.1285238898685156,0.11138789494339178,0.07454389802238576,0.05893138872853222,0.13486035112124825
cifar,DensMAP,1,dens_lambda,0.1,dens_frac,0.5,0.618995608853621,0.5239523196546523,0.38893130196375636,0.24011899189383973,0.7036798141007067,0.12760122499527737,0.10789159658582854,0.07136972063571502,0.05896294109195017,0.1387805231325847
cifar,DensMAP,1,dens_lambda,0.2,dens_frac,0.1,0.6344695703214973,0.531097916620229,0.4628463786044922,0.24217943145427934,0.6860906166179999,0.1335081430866068,0.10334207191655459,0.07965706841897328,0.05885247304875813,0.1317522275026552
cifar,DensMAP,1,dens_lambda,0.2,dens_frac,0.3,0.6459229580426336,0.5336389860984182,0.4862902057374674,0.26098901098901095,0.737186452830469,0.13292050773947384,0.10159452386780275,0.08292672158607281,0.06042552075825504,0.15443338436927442
cifar,DensMAP,1,dens_lambda,0.2,dens_frac,0.5,0.6440185490641881,0.5139445367006219,0.4686884700829934,0.28988392439203803,0.7579088001248244,0.13471249812324698,0.09722701098129685,0.0809494671227319,0.06283459474967466,0.1628558131702525
cifar,DensMAP,1,dens_lambda,0.5,dens_frac,0.1,0.636527223621544,0.5291981514091048,0.5020330413332442,0.24558191977056076,0.7136704151156483,0.1306255515153462,0.09904003794465513,0.08531542407392913,0.05906835914086414,0.14326020408448228
cifar,DensMAP,1,dens_lambda,0.5,dens_frac,0.3,0.6441750440229141,0.5324420550713654,0.5313301049862916,0.29501157226816455,0.7528693838278017,0.13651752425127542,0.10373472603121206,0.09123997267716687,0.06279295422711924,0.16039022543035114
cifar,DensMAP,1,dens_lambda,0.5,dens_frac,0.5,0.645376386628922,0.5154519035731003,0.5931038197772477,0.3220893795183856,0.783515926264405,0.13586770292092487,0.0977387017888264,0.10478692670472131,0.06512873218948927,0.18400514918702782
cifar,DensMAP,1,dens_lambda,1.0,dens_frac,0.1,0.6270585820535111,0.5261112070823024,0.5293221399965822,0.24738555899813505,0.7035623267874791,0.12475050795679066,0.09821502201438828,0.0899971075462076,0.05904878255930379,0.13829292576127775
cifar,DensMAP,1,dens_lambda,1.0,dens_frac,0.3,0.6340103017334254,0.5489833864580315,0.5830454197594157,0.3077587135650016,0.7585979351952983,0.13072501327709463,0.10820879586278563,0.10258470941276102,0.06363222436524985,0.16659338022634151
cifar,DensMAP,1,dens_lambda,1.0,dens_frac,0.5,0.6494759044201235,0.5496133134951593,0.6241232567297476,0.34852170311095265,0.8048298895154878,0.1368292423306981,0.10653225267033381,0.11348505130491776,0.06730698419954405,0.21935782386688546
cifar,DensMAP,1,dens_lambda,2.0,dens_frac,0.1,0.6298587737482261,0.5272180490233228,0.5533638521721687,0.26086641553172996,0.6986236802413273,0.12546579848100659,0.09706432002335579,0.09469953393024674,0.0597861686593211,0.13601041962565869
cifar,DensMAP,1,dens_lambda,2.0,dens_frac,0.3,0.6401224282816576,0.537091162725037,0.5692715415078499,0.3082319134550372,0.7461080586080586,0.12872256850207342,0.10546994131947748,0.09993046502060415,0.06351148751115834,0.15750885775008544
cifar,DensMAP,1,dens_lambda,2.0,dens_frac,0.5,0.6387097942625326,0.5431870360876446,0.6221357243162516,0.3240109704359197,0.7665513154864066,0.13372722854985092,0.11057261071550442,0.11352424189372193,0.06466175777729546,0.1789659979804021
cifar,DensMAP,1,dens_lambda,3.0,dens_frac,0.1,0.6348006709315026,0.5146155610785429,0.5552619920647304,0.2713585434173669,0.6966106071075644,0.12729166680298223,0.09519170858099657,0.09596467114571222,0.0605398491487017,0.13497058903784834
cifar,DensMAP,1,dens_lambda,3.0,dens_frac,0.3,0.6409740952083751,0.5562213943933011,0.5973997689261381,0.33357852424789547,0.7619892784700086,0.13027506827019283,0.1080901724789067,0.10676216345701971,0.06558524150083679,0.17601308520919579
cifar,DensMAP,1,dens_lambda,3.0,dens_frac,0.5,0.6484937476316787,0.54255455497849,0.6429212268461761,0.3462355764587002,0.7783353394408162,0.1382549313106895,0.10606127577432259,0.12099566225508163,0.06697608243913772,0.19983312036829015
cifar,DensMAP,1,dens_lambda,5.0,dens_frac,0.1,0.6337395700985965,0.5314304103604306,0.5608101330717964,0.2853650744117276,0.683550011516543,0.12706732895038134,0.09794612350158255,0.09722582569741964,0.06176616949185419,0.12983849945404577
cifar,DensMAP,1,dens_lambda,5.0,dens_frac,0.3,0.6465712279606803,0.5495346016390641,0.6308627562430807,0.343980098670768,0.7660535036295686,0.13670035010864012,0.10707971532668632,0.11912635663133381,0.06628054926514612,0.19594467018813383
cifar,DensMAP,1,dens_lambda,5.0,dens_frac,0.5,0.6447299742178038,0.5376186946927313,0.6003713156350072,0.31964304289355,0.7211069441039015,0.13245855093946554,0.10367855258999731,0.10940301308947606,0.0646979373984061,0.14676538958155116
cifar,DensMAP,1,dens_lambda,10.0,dens_frac,0.1,0.6289156246052798,0.5036639324164679,0.5522247360482655,0.3094420792189555,0.6678173922088729,0.12338544052744779,0.0941712686005806,0.09696329268341514,0.06517065323606144,0.12583003591681094
cifar,DensMAP,1,dens_lambda,10.0,dens_frac,0.3,0.639052504290841,0.5148990630735053,0.6260782827719948,0.3374908982160504,0.7162630304111034,0.13154334240819712,0.09903395570985375,0.11794234794908294,0.06766854903208608,0.15242686493147958
cifar,DensMAP,1,dens_lambda,10.0,dens_frac,0.5,0.6392113211332278,0.5452456181411557,0.6244069909130762,0.3376441425376517,0.7030561561494624,0.13472950844015041,0.10503723389735779,0.118455685388817,0.06918312449576759,0.13949790188155353
cifar,DensMAP,2,dens_lambda,0.01,dens_frac,0.1,0.5840870167695725,0.49181512790792714,0.559766678554711,0.40106128658359896,0.8751012341276033,0.11888526428132568,0.09621514622580424,0.09732193671703497,0.07286584953962794,0.3017398584329833
cifar,DensMAP,2,dens_lambda,0.01,dens_frac,0.3,0.5854950070213762,0.4830305132663145,0.6098759463997802,0.4180969470016124,0.8813559243325977,0.11890656584558065,0.09344821092900016,0.10975265640035178,0.07475836505675663,0.3218654183376028
cifar,DensMAP,2,dens_lambda,0.01,dens_frac,0.5,0.5857234803735818,0.4936333950025633,0.6012958897086687,0.4026016242040583,0.8788589706439605,0.11826276710453168,0.09491590646875904,0.10559423925690488,0.07310423986557696,0.3103174828685741
cifar,DensMAP,2,dens_lambda,0.05,dens_frac,0.1,0.6053294660039081,0.49109534397313304,0.5842922712851719,0.384705938078149,0.8740582439872502,0.12231958429839279,0.09355105313009639,0.1019391462492661,0.07115414850369932,0.29827871048436533
cifar,DensMAP,2,dens_lambda,0.05,dens_frac,0.3,0.5998317098722777,0.48691572119564,0.6020300693221585,0.39083153155161265,0.8754197965658412,0.11976815912200417,0.09194943331649624,0.10718297470251506,0.07176508091019632,0.304088845153327
cifar,DensMAP,2,dens_lambda,0.05,dens_frac,0.5,0.60314039408867,0.4938929815958213,0.6106809434649192,0.3889405894983988,0.8790558663783815,0.12201629840261682,0.09666339778336852,0.1094142511350523,0.07164762952875889,0.3047657393909753
cifar,DensMAP,2,dens_lambda,0.1,dens_frac,0.1,0.6202122758917891,0.5021523861534003,0.57657850938784,0.38826004539746933,0.876335547481592,0.12627569313377082,0.09597783308094168,0.10011734964214966,0.07148811171413695,0.3053242617196841
cifar,DensMAP,2,dens_lambda,0.1,dens_frac,0.3,0.6136747802569305,0.49251053206428463,0.6142069559919459,0.38332488167680867,0.8746665775063341,0.12411842348904006,0.09412779402103998,0.11120358795222146,0.0709870359359083,0.30218442335777934
cifar,DensMAP,2,dens_lambda,0.1,dens_frac,0.5,0.6176702776601356,0.48976792308435313,0.63577028954818,0.3857493925952344,0.8818532718127039,0.12428845377237141,0.0929920458627435,0.11859316462751865,0.07128679033629257,0.3139667096993984
cifar,DensMAP,2,dens_lambda,0.2,dens_frac,0.1,0.6164285342784329,0.5340104874841183,0.6076132707724999,0.3900894575336766,0.8806732905363737,0.12732838581780762,0.10307338440527457,0.10858651383177657,0.07162810151001368,0.3221031596958518
cifar,DensMAP,2,dens_lambda,0.2,dens_frac,0.3,0.6144851176544889,0.5234774944460543,0.5756167851756087,0.3465490307528848,0.8742713929072956,0.12492304501246079,0.10163356291280057,0.10016947860089304,0.06757915819586487,0.29476442842101064
cifar,DensMAP,2,dens_lambda,0.2,dens_frac,0.5,0.6211266336773438,0.5372455679884686,0.5788627785331639,0.3473774788429961,0.875248905928419,0.1283006653724554,0.10570032648301392,0.10131929042078477,0.0676630131064498,0.2932544569738468
cifar,DensMAP,2,dens_lambda,0.5,dens_frac,0.1,0.6209752468626707,0.5818468634138005,0.6338250154173075,0.3802753196769424,0.8807856697055482,0.12772406250745327,0.11818318305048757,0.11613878363167651,0.0706137052107468,0.31792347367606777
cifar,DensMAP,2,dens_lambda,0.5,dens_frac,0.3,0.617322923864506,0.5545591578806589,0.6104645439077488,0.3349382193195581,0.8747594528527591,0.12051907408481147,0.11034494909103919,0.10847116438484343,0.06641415279070016,0.3006325607600755
cifar,DensMAP,2,dens_lambda,0.5,dens_frac,0.5,0.6230997704121437,0.5534560309534955,0.5978975807829763,0.35875006501274254,0.8837233169129719,0.12479879280136547,0.10480551702328227,0.1053941960370775,0.06872438937269064,0.3392997289369701
cifar,DensMAP,2,dens_lambda,1.0,dens_frac,0.1,0.6272090401147197,0.5624818893074471,0.6330434693771407,0.3896989167019593,0.8801819799537851,0.12537782836323785,0.11065026970565825,0.1160963597751975,0.07162519601036521,0.3265607511857607
cifar,DensMAP,2,dens_lambda,1.0,dens_frac,0.3,0.6260824621625838,0.5654371828306919,0.6110447826345393,0.38799790473218465,0.8834112557489839,0.12715686358794193,0.11473468294381323,0.11006143787250089,0.07112960938440949,0.36667035398079223
cifar,DensMAP,2,dens_lambda,1.0,dens_frac,0.5,0.6239379704136296,0.5389834979084472,0.6178690309014853,0.3458629141311697,0.8754643767321251,0.12358634888231311,0.10593069137972956,0.11204067064386405,0.0672582365161167,0.34962701274374336
cifar,DensMAP,2,dens_lambda,2.0,dens_frac,0.1,0.6381571859513036,0.5658676600613721,0.6614726129178462,0.4142960234491675,0.8852548313755209,0.13323851968454078,0.11196421789981735,0.12642213464022833,0.0740362941627146,0.37096091701259365
cifar,DensMAP,2,dens_lambda,2.0,dens_frac,0.3,0.6388388909940633,0.5344818298672254,0.6255665396131928,0.37788006449264055,0.8778698482045338,0.13159305733117485,0.10322589547027797,0.11540031927264145,0.07027922526165739,0.35787152807836875
cifar,DensMAP,2,dens_lambda,2.0,dens_frac,0.5,0.6346297802940805,0.5511415773205834,0.6457827162695318,0.41274825580099406,0.8917663219133807,0.12819790337070322,0.10565205000264094,0.12363656371376405,0.07398130374329116,0.4251998512971415
cifar,DensMAP,2,dens_lambda,3.0,dens_frac,0.1,0.6441109600338809,0.5485937743797784,0.6520499446462935,0.43934125374287647,0.8815802182942142,0.1326608177906377,0.10297469181432382,0.12266697115796175,0.0772290693064107,0.36549793178245454
cifar,DensMAP,2,dens_lambda,3.0,dens_frac,0.3,0.6373152709359606,0.5525922902317426,0.6303398680427078,0.4238589334938219,0.8837836858881485,0.13096247212798173,0.10645351203543091,0.11838148372402141,0.07570705958361103,0.4072559661142083
cifar,DensMAP,2,dens_lambda,3.0,dens_frac,0.5,0.6193685033695177,0.5747073033457415,0.6491684870234568,0.4359935618809858,0.8932722956556627,0.12664682391522752,0.1202907547021685,0.12527295425539298,0.07811110170493347,0.4482502648509311
cifar,DensMAP,2,dens_lambda,5.0,dens_frac,0.1,0.6350560781341714,0.5366829755774989,0.6430691308353581,0.43862146980808236,0.8792095750767152,0.13351034851745175,0.10394425133630777,0.12499592167738709,0.08086457243749925,0.36519995568753527
cifar,DensMAP,2,dens_lambda,5.0,dens_frac,0.3,0.6326324959692099,0.5545164352213033,0.6630909658293026,0.4699864030492834,0.8929045092838196,0.13405536974108617,0.11230268698245449,0.1338806398508594,0.08465093789574751,0.4598991953311389
cifar,DensMAP,2,dens_lambda,5.0,dens_frac,0.5,0.631416293307774,0.5536740558292282,0.664991659793891,0.44048501363410086,0.8759236453201971,0.1304112138979538,0.10662157016748033,0.12965614406865367,0.07873517699022356,0.4153701667216455
cifar,DensMAP,2,dens_lambda,10.0,dens_frac,0.1,0.65419490077198,0.5237096828121169,0.6659074107096419,0.46951273878251565,0.8645287690673087,0.13912507066986476,0.10091073179523498,0.13263160000886512,0.08902689216072453,0.34516842653644436
cifar,DensMAP,2,dens_lambda,10.0,dens_frac,0.3,0.645086615548076,0.5590044041489275,0.6516542956705228,0.46548194874766885,0.8668334707888461,0.13643661402736826,0.10995614459173579,0.1279585157448373,0.08667609611498867,0.3756426734564158
cifar,DensMAP,2,dens_lambda,10.0,dens_frac,0.5,0.658523356292119,0.5689629631693526,0.6869079196665404,0.45345784202275075,0.8617197542146833,0.14391076457235252,0.10949554763529798,0.14080896165003792,0.08794264070959787,0.38202719163641635
cifar,DensMAP,3,dens_lambda,0.01,dens_frac,0.1,0.6045785688280617,0.5128834358677158,0.40370962708690905,0.30208913804248494,0.841557909636003,0.13859900463347316,0.1030536753221433,0.072542903573694,0.06386859532425371,0.23696324953013062
cifar,DensMAP,3,dens_lambda,0.01,dens_frac,0.3,0.6011370728662818,0.5135029144283707,0.4344560105209192,0.30686293084873206,0.8434678911352339,0.1366131598792814,0.10450289775101206,0.07606320080861034,0.06423690397053727,0.23964129465968012
cifar,DensMAP,3,dens_lambda,0.01,dens_frac,0.5,0.5969999405597783,0.5076924005676541,0.4221690665656183,0.32690078683993495,0.846657694908202,0.12942585485034075,0.09906419878945685,0.07452906518293215,0.06606784225479341,0.24365800859925693
cifar,DensMAP,3,dens_lambda,0.05,dens_frac,0.1,0.6124107467920855,0.5082768186850337,0.4264863770441864,0.30725927638960093,0.8424188640973631,0.13504637381254386,0.09934925495833506,0.07497526948109068,0.06420904067990708,0.2375949568196385
cifar,DensMAP,3,dens_lambda,0.05,dens_frac,0.3,0.6147029103418555,0.5105369402402872,0.4168542748664453,0.30405577350303514,0.8420585077532339,0.1378291482481852,0.10174205810423553,0.07384243822247481,0.06397161849902865,0.2370807871261834
cifar,DensMAP,3,dens_lambda,0.05,dens_frac,0.5,0.6168348639190424,0.5168893817473939,0.46942357844994764,0.3106434218249634,0.8433926621046297,0.13883201315007598,0.10404062918314089,0.08053116318997089,0.06456124511377195,0.23830344510018886
cifar,DensMAP,3,dens_lambda,0.1,dens_frac,0.1,0.6255126719122662,0.5192089435243593,0.4576873852989472,0.3019124426959113,0.8403584245369236,0.13415447522323742,0.09987659086632414,0.07889679973970778,0.06377312248942375,0.2344529800611934
cifar,DensMAP,3,dens_lambda,0.1,dens_frac,0.3,0.6294705548001693,0.5198154195365149,0.4460849326467987,0.3081330012110945,0.8422015357867284,0.13741362391228296,0.09999843041411209,0.0773894917211568,0.0642173014555284,0.23601094032804967
cifar,DensMAP,3,dens_lambda,0.1,dens_frac,0.5,0.6451780977643047,0.5225759070206332,0.49895004420866496,0.3143561137983044,0.8502059975183707,0.1441501564072475,0.10109055280207374,0.08478621066682086,0.06513601362249563,0.24750133900755383
cifar,DensMAP,3,dens_lambda,0.2,dens_frac,0.1,0.6308051735282972,0.5200462147723811,0.5151437896113352,0.31310508288195915,0.8445406013864432,0.13161480147261334,0.10182141447302348,0.08750540961601315,0.06461433276524431,0.24127938788189926
cifar,DensMAP,3,dens_lambda,0.2,dens_frac,0.3,0.6207579185520363,0.5152972661213027,0.4938925172190892,0.3398048874722303,0.8503931413414172,0.1255801848770614,0.10068542139926831,0.08445497317656388,0.06702484462270704,0.25384946483947135
cifar,DensMAP,3,dens_lambda,0.2,dens_frac,0.5,0.6321063571317121,0.5170068690606217,0.48496278484868743,0.3089828106308836,0.8438965108589855,0.12994650540840638,0.10025834694781109,0.08278710300947265,0.06452088139030923,0.23841309063633156
cifar,DensMAP,3,dens_lambda,0.5,dens_frac,0.1,0.6394509395270045,0.5271646456991285,0.516210927341759,0.32651814041266375,0.8487144194547845,0.12899451633720416,0.0991847315357639,0.08779025404589877,0.06555459530675997,0.25234934331621695
cifar,DensMAP,3,dens_lambda,0.5,dens_frac,0.3,0.6299581503689008,0.5211832412009898,0.5330171856541026,0.3332548536656042,0.856189027335072,0.1275084857748373,0.10122897360492655,0.09150487370450765,0.06634059554833714,0.27029742469835516
cifar,DensMAP,3,dens_lambda,0.5,dens_frac,0.5,0.629558322002541,0.5226051627547571,0.5763495716589022,0.34813673480002083,0.8640890043019861,0.12708855252762946,0.09974646444602227,0.10059519075728073,0.06765370903296103,0.30040278494630535
cifar,DensMAP,3,dens_lambda,1.0,dens_frac,0.1,0.6380944950924667,0.5259370658077555,0.5472726225768823,0.3362561204853294,0.8479927780130619,0.12634247881389016,0.09703838976864303,0.09368387730484315,0.06626487823927232,0.2555499994958841
cifar,DensMAP,3,dens_lambda,1.0,dens_frac,0.3,0.6333193091560232,0.5471562962054848,0.5687305426149241,0.3642868287898714,0.8631964722228413,0.12949904435848522,0.10621499031940963,0.09862147361590307,0.06872118491475825,0.29458984861099635
cifar,DensMAP,3,dens_lambda,1.0,dens_frac,0.5,0.6399984396941801,0.5439049625155102,0.6307587358550847,0.38078892034267287,0.8659808751086642,0.1294363732233298,0.10566431219051418,0.11557000217341148,0.07034464611119172,0.3071070764445075
cifar,DensMAP,3,dens_lambda,2.0,dens_frac,0.1,0.6361719754214684,0.5220186549420829,0.5594165384986887,0.3819377883779506,0.8569807896633456,0.1280301290451914,0.09772547427943828,0.09722869280181334,0.07029864746188669,0.27643617801668213
cifar,DensMAP,3,dens_lambda,2.0,dens_frac,0.3,0.6410581473968897,0.5303785970621671,0.5827268573211778,0.38136381873704395,0.862998647734956,0.12980462094494324,0.10400613311620184,0.10173226917185736,0.07041803020501863,0.2979595661141206
cifar,DensMAP,3,dens_lambda,2.0,dens_frac,0.5,0.6423045345459139,0.5428334132061312,0.6319726166328601,0.4186555922103589,0.871572899716916,0.13157090185658854,0.10843387089922794,0.11674446750939411,0.07487373787301096,0.32551145767693274
cifar,DensMAP,3,dens_lambda,3.0,dens_frac,0.1,0.6573768101405018,0.5161496296131185,0.6032964246706641,0.4019986310173937,0.8614768851837816,0.13264730149075604,0.0947787694431669,0.10775010931384371,0.07246843950448915,0.2944996911968151
cifar,DensMAP,3,dens_lambda,3.0,dens_frac,0.3,0.6337377125916681,0.551177102140591,0.592559105870465,0.43756965650981877,0.8716741338445193,0.13104035505014583,0.10888475470248876,0.10756605564635041,0.07727289172945855,0.3512123538571052
cifar,DensMAP,3,dens_lambda,3.0,dens_frac,0.5,0.6312189331966207,0.5542986425339367,0.6416284020239396,0.4307112765530615,0.8713978296889048,0.13048254122696987,0.1088120045437397,0.12082544419470581,0.07656732659619676,0.32857792727605295
cifar,DensMAP,3,dens_lambda,5.0,dens_frac,0.1,0.6471911708980674,0.5072085200127797,0.601144967270728,0.4162675348654051,0.8520964751948525,0.13004088124304689,0.09345622280555799,0.10880230803022402,0.07504894270955516,0.28949022523111095
cifar,DensMAP,3,dens_lambda,5.0,dens_frac,0.3,0.6349836353639599,0.531624519834459,0.6125407722770806,0.421185052270245,0.8581589134327471,0.1282959258237281,0.09928673655337628,0.11211739973007182,0.0758585594577447,0.3241196146696943
cifar,DensMAP,3,dens_lambda,5.0,dens_frac,0.5,0.6521832207684135,0.5547156528393851,0.6628285929756518,0.4197752045115128,0.8522404319818113,0.1369147227485374,0.10753909681424258,0.12726138193999156,0.07654698825183393,0.2987383739177831
cifar,DensMAP,3,dens_lambda,10.0,dens_frac,0.1,0.6419074924399468,0.48933349865145,0.5896581444248787,0.428587681757053,0.8277320211904391,0.1297681377123653,0.0917762466827731,0.10944767446098569,0.08096860402032947,0.2700691661621967
cifar,DensMAP,3,dens_lambda,10.0,dens_frac,0.3,0.6452960494542646,0.525356827080965,0.6426936822474347,0.4958689045910142,0.8670958436424968,0.1342754468339167,0.10124067296788951,0.12487978915792546,0.08987717285468885,0.38186015120513417
cifar,DensMAP,3,dens_lambda,10.0,dens_frac,0.5,0.6361691891610756,0.5404808806811849,0.6421406095594737,0.4007102177741123,0.7880357049981795,0.1294152556510565,0.10283848402325851,0.12203293487878154,0.07655345232996202,0.2295326064336718
cifar,DensMAP,4,dens_lambda,0.01,dens_frac,0.1,0.5977392283173215,0.4845107140999636,0.6640647638365691,0.4566462526655224,0.8918624478969306,0.12143731437857092,0.09332039016291654,0.1266845015132606,0.08015140498593351,0.4247523390824759
cifar,DensMAP,4,dens_lambda,0.01,dens_frac,0.3,0.6062089955345533,0.4834547214111109,0.669916839414811,0.4538623141564318,0.896113816879537,0.12568689768019714,0.09189144681300551,0.14098447564735495,0.07966392853496494,0.43869032847621714
cifar,DensMAP,4,dens_lambda,0.01,dens_frac,0.5,0.5923603526291153,0.4969592611580441,0.6347161543662558,0.4419245815036891,0.8902083379771006,0.12001560440149442,0.09347370336315255,0.114776458529504,0.07825371298466739,0.41294708540932873
cifar,DensMAP,4,dens_lambda,0.05,dens_frac,0.1,0.6224050628208844,0.49709346603362836,0.6762509380409989,0.4523071164805445,0.8900889931569445,0.1282603135944535,0.09491407775587873,0.13153347318572575,0.07948899480505897,0.4260009364379922
cifar,DensMAP,4,dens_lambda,0.05,dens_frac,0.3,0.6234930975042536,0.4935010476339077,0.6595171224988668,0.4532655900556509,0.8901553990296384,0.1282533883380214,0.09333553373791192,0.12520329217977028,0.07964111362386536,0.42857123590098894
cifar,DensMAP,4,dens_lambda,0.05,dens_frac,0.5,0.6161387631975868,0.4895791539427442,0.648713862202706,0.4652625307417397,0.8944420606438863,0.12365390827198527,0.09308280821806843,0.11902531489406173,0.08129302561113377,0.45576148409903644
cifar,DensMAP,4,dens_lambda,0.1,dens_frac,0.1,0.6223121874744593,0.5101178402395441,0.6842386822102846,0.4427606918098804,0.8869776690517056,0.1275408146099864,0.09880870092362823,0.13390631884734502,0.07819085529185309,0.42380765231051837
cifar,DensMAP,4,dens_lambda,0.1,dens_frac,0.3,0.6264228503072315,0.5016290335762952,0.688089526261433,0.4486468990779336,0.8903030708304542,0.12712423017051283,0.09620169306305687,0.1366180343466415,0.07895731787223995,0.43212111424342736
cifar,DensMAP,4,dens_lambda,0.1,dens_frac,0.5,0.6210472252561502,0.5071000880458284,0.6702781245124044,0.4357427984456382,0.8884748196360773,0.12741454472118435,0.09654960785286837,0.1282126072875715,0.07727312739350073,0.43111127329936405
cifar,DensMAP,4,dens_lambda,0.2,dens_frac,0.1,0.6337483932565069,0.523702484972769,0.7017285030723164,0.4521132391948822,0.8928237077324299,0.12800251373315047,0.10040666289817574,0.1413910908662373,0.07928828241195161,0.467588122605309
cifar,DensMAP,4,dens_lambda,0.2,dens_frac,0.3,0.6391908885570142,0.5237055034215278,0.7020280260645372,0.43020510591504507,0.8913242352643975,0.12933861379936462,0.10007754994891979,0.14242150632675318,0.07648931866169134,0.4641418724329013
cifar,DensMAP,4,dens_lambda,0.2,dens_frac,0.5,0.6402784588636515,0.5027799913068676,0.6551120448179272,0.4107333251603029,0.8876449784157695,0.12672776399257157,0.09407414376696573,0.11944202122118716,0.07430602762445786,0.4240863721857482
cifar,DensMAP,4,dens_lambda,0.5,dens_frac,0.1,0.6357930440080543,0.5423999175266924,0.6936933924763541,0.45203731359917976,0.8931315895058288,0.13043250517226987,0.1064263983111244,0.1381339485160274,0.07890002126081565,0.4599238377778179
cifar,DensMAP,4,dens_lambda,0.5,dens_frac,0.3,0.6435667105038302,0.5440591355905757,0.7060016977613327,0.4622064674676236,0.9030794678614151,0.1324259811123563,0.10573706823635447,0.14742674340751669,0.08002894466162178,0.48555547343296446
cifar,DensMAP,4,dens_lambda,0.5,dens_frac,0.5,0.6308794738054373,0.5555273833671399,0.6434390069024956,0.4479870197415836,0.8967992369361538,0.129118716447473,0.11311031476918396,0.11778870760477535,0.07830819080117499,0.48843174114791343
cifar,DensMAP,4,dens_lambda,1.0,dens_frac,0.1,0.6433605272347667,0.5480502214148258,0.7094125448587923,0.44334603868072425,0.8907939170363105,0.1306888753033242,0.10353240268723168,0.14463458648619412,0.0775946073249201,0.44473581386814487
cifar,DensMAP,4,dens_lambda,1.0,dens_frac,0.3,0.6475547778793216,0.5769709077264858,0.7058094457942328,0.4607406623126704,0.8975882130040346,0.13424051901178952,0.11976053161980924,0.14490340689538456,0.07962606461580292,0.46116176899558
cifar,DensMAP,4,dens_lambda,1.0,dens_frac,0.5,0.646618594387357,0.5480838887279049,0.622466592737891,0.4341913157836078,0.8965480091240741,0.1316744104104842,0.10872311782474643,0.11183729792132026,0.07627815273419633,0.45996688673827174
cifar,DensMAP,4,dens_lambda,2.0,dens_frac,0.1,0.6483651152768799,0.5722075633967115,0.7244448840544175,0.4929925551122306,0.8942131229149486,0.13480473588224687,0.11340038941125682,0.15468825653438095,0.08424154009456483,0.45621505911787186
cifar,DensMAP,4,dens_lambda,2.0,dens_frac,0.3,0.6389206212989175,0.5810509216949379,0.696820041013753,0.46962326044476144,0.9027952693013546,0.131253137864298,0.11881894924232916,0.1401405970261777,0.0810014189248728,0.4724000134731421
cifar,DensMAP,4,dens_lambda,2.0,dens_frac,0.5,0.6431325182592931,0.5753530191917615,0.6507733730096813,0.45049279658813124,0.8933159470684825,0.13283052275434645,0.11940389641918955,0.12190422056848292,0.07846361893746436,0.4277945751761436
cifar,DensMAP,4,dens_lambda,3.0,dens_frac,0.1,0.6441443951585939,0.5521650636381874,0.7295451337033486,0.49970047700777925,0.891181207230903,0.13593798215570088,0.1073182155847216,0.16100388684955208,0.08554527721353528,0.4709940641626068
cifar,DensMAP,4,dens_lambda,3.0,dens_frac,0.3,0.6510246008217611,0.5820679067382921,0.6978351685501787,0.49061030247642823,0.8974577231423074,0.1352725291684445,0.11451081664871825,0.1419166722385262,0.08425654896123594,0.46740157806241367
cifar,DensMAP,4,dens_lambda,3.0,dens_frac,0.5,0.6431385551568107,0.5564275776623646,0.648721524418786,0.48070050301287626,0.907043387646836,0.1359341477236342,0.11961675809521259,0.12401927975784885,0.08303261820788065,0.45674093242599295
cifar,DensMAP,4,dens_lambda,5.0,dens_frac,0.1,0.6626837074352288,0.5550969061364599,0.7068454702836042,0.5030667439389549,0.8816703073802467,0.14411546569797248,0.10324253195428224,0.15228227015245144,0.08702737295354677,0.44720154344571506
cifar,DensMAP,4,dens_lambda,5.0,dens_frac,0.3,0.6438824866816754,0.5648713397825974,0.708450820646561,0.4960186660871245,0.8893199852885451,0.13735911415462732,0.11071576332393418,0.1465082637226295,0.08652343280752187,0.4418903979884565
cifar,DensMAP,4,dens_lambda,5.0,dens_frac,0.5,0.6347087243385418,0.6074697783622733,0.6946337553589075,0.5448741167554555,0.904941154180505,0.1389800857280957,0.1369872824063752,0.14490528437469974,0.09621740631362796,0.5481488984252806
cifar,DensMAP,4,dens_lambda,10.0,dens_frac,0.1,0.6530557846480767,0.5358410605621559,0.7303675448959425,0.5478530934920387,0.871116417389237,0.13840774325746352,0.10802726326411616,0.1606369237416701,0.09942739988580697,0.4041278824757507
cifar,DensMAP,4,dens_lambda,10.0,dens_frac,0.3,0.6506182711811515,0.5468474856786216,0.7027296993067784,0.4898152895110299,0.8677668680204177,0.13954827978937334,0.10396295944013212,0.14599712262731196,0.087553599422484,0.4011770381288038
cifar,DensMAP,4,dens_lambda,10.0,dens_frac,0.5,0.6521878645357346,0.5741474971951646,0.6988010721529991,0.5355368938026139,0.8740870353446418,0.14402105372625024,0.12578402888931406,0.1471974179436496,0.09952465421321212,0.4060192106429431
cifar,PaCMAP,0,n_neighbors,5.0,FP_ratio,1.0,0.6315189205655736,0.5098364279398762,0.41226669712978026,0.19446750848880667,0.8089447317388494,0.1458684662053695,0.09921990502099445,0.07341501312370352,0.05647837337556942,0.21974869015457746
cifar,PaCMAP,0,n_neighbors,5.0,FP_ratio,2.0,0.5300479608288939,0.4988457916323028,0.5008539888103782,0.28346020105654995,0.8202964209556501,0.10602418000168196,0.09581696037992064,0.08651798343367305,0.06160292388398145,0.21632166457085097
cifar,PaCMAP,0,n_neighbors,5.0,FP_ratio,5.0,0.5183828173179086,0.5410151461114949,0.7944359773086953,0.8409361091916872,0.7404756332241119,0.11894948830890943,0.12009216633959212,0.2325671141742997,0.3976160952604737,0.3549973364458803
cifar,PaCMAP,0,n_neighbors,8.0,FP_ratio,1.0,0.5371965762432294,0.48588085764809896,0.48147461902532895,0.2623245584706031,0.8437493034349017,0.1041855875236366,0.09628862796890643,0.08221529663567238,0.06070626088750745,0.2399686172941225
cifar,PaCMAP,0,n_neighbors,8.0,FP_ratio,2.0,0.5384508577966995,0.488209706959707,0.45377106412856916,0.33712311184420723,0.741993216384697,0.11772336677310065,0.10773512733780977,0.08001804432426055,0.0659318610752395,0.15857376986778848
cifar,PaCMAP,0,n_neighbors,8.0,FP_ratio,5.0,0.6057487981930173,0.5060283065480834,0.28176940537488204,0.11386053094978044,0.6844188603823493,0.13051028481876223,0.0980844121289774,0.06127748929044882,0.051941762762359414,0.1309583235990891
cifar,PaCMAP,0,n_neighbors,10.0,FP_ratio,1.0,0.5329846792828538,0.5026859550186122,0.4665839147330019,0.321964926554176,0.8474982167933486,0.09647183106016893,0.1002719612572278,0.08062769974634129,0.06596971775700884,0.2539245822015918
cifar,PaCMAP,0,n_neighbors,10.0,FP_ratio,2.0,0.5299713386680933,0.4548994995876335,0.5330051118590673,0.38651468544977674,0.8832245763026696,0.09197785218319332,0.08399003730223271,0.09236638105964742,0.07187998428631785,0.29833035187980506
cifar,PaCMAP,0,n_neighbors,10.0,FP_ratio,5.0,0.5431494215723425,0.45481103582016363,0.5483708735483583,0.5762065436254077,0.9277179041377825,0.10345819934996635,0.08628557866438455,0.10069415249618607,0.09948677224934091,0.7330399363508179
cifar,PaCMAP,0,n_neighbors,15.0,FP_ratio,1.0,0.48182661658827985,0.4790617175252064,0.44714092533565153,0.24631145561672946,0.7759530868050137,0.0914781003665238,0.1038074426650622,0.0777280264579315,0.059348708054417644,0.1744342301825922
cifar,PaCMAP,0,n_neighbors,15.0,FP_ratio,2.0,0.5389523846673949,0.48331610495657146,0.5425965810727473,0.38757253564555794,0.8056332612620646,0.09995340891710452,0.09538267297012826,0.09567572933561955,0.07114264005990849,0.19681584392559662
cifar,PaCMAP,0,n_neighbors,15.0,FP_ratio,5.0,0.5565963786044922,0.4613815022030032,0.44399407641040495,0.18415927378909125,0.6955936220642103,0.10518936421465883,0.08726416336821147,0.07947182802856576,0.055010156756918394,0.13488732464192604
cifar,PaCMAP,0,n_neighbors,20.0,FP_ratio,1.0,0.527696821434144,0.4732316998417404,0.6307461976833174,0.35518132982636025,0.6751485076789336,0.0959786204613808,0.09384237209448709,0.11715803971624839,0.067719056928938,0.1291802244151568
cifar,PaCMAP,0,n_neighbors,20.0,FP_ratio,2.0,0.5678133985689767,0.47895119586296053,0.5646498320813736,0.3945098596467765,0.7866142478211443,0.1089504453222028,0.09623073879074318,0.10145483744188713,0.07185270623846225,0.18182281264741768
cifar,PaCMAP,0,n_neighbors,20.0,FP_ratio,5.0,0.5778903736560937,0.47121839451961156,0.5110331267785628,0.23744929006085194,0.7726105030871766,0.11273386539394967,0.0876333184983017,0.09019545139475534,0.05845405157672083,0.17294546119269397
cifar,PaCMAP,0,n_neighbors,30.0,FP_ratio,1.0,0.5192182310590018,0.4758693596802116,0.5107521788556271,0.3880884581949491,0.846431079062925,0.09647046283638655,0.10582481053359975,0.08740896201565561,0.07150283990290422,0.2503886431653081
cifar,PaCMAP,0,n_neighbors,30.0,FP_ratio,2.0,0.5590821872515584,0.4544399988111956,0.624109789804516,0.4251995891194674,0.8771138428846339,0.10453817149287555,0.09062997482654564,0.11502509666701885,0.0760141693668892,0.2939340402662875
cifar,PaCMAP,0,n_neighbors,30.0,FP_ratio,5.0,0.5758694061178848,0.4957565254218398,0.5614960175051453,0.25374194770746494,0.738276345020767,0.11385557414984955,0.09470572287858203,0.09902666066912444,0.059172896822652754,0.1520637196660164
cifar,PaCMAP,0,n_neighbors,40.0,FP_ratio,1.0,0.5195372578739719,0.503604956571488,0.4531258126592812,0.2480175757305575,0.6879476591697687,0.10763732989943951,0.1281198013067856,0.07896517398966427,0.05908144619247625,0.13142648236234183
cifar,PaCMAP,0,n_neighbors,40.0,FP_ratio,2.0,0.5685573300938412,0.4847835354300871,0.5436031176396288,0.43538662149209817,0.8131826337962241,0.11188567986511805,0.10034902013292549,0.09708671794560837,0.07642606120848688,0.20723960588329146
cifar,PaCMAP,0,n_neighbors,40.0,FP_ratio,5.0,0.5873520495731448,0.4806331683867181,0.5535714285714286,0.24607740974373835,0.7458902659206919,0.11548780155450994,0.09186775736604402,0.0989183114423003,0.05863074737841875,0.1585832880024577
cifar,PaCMAP,0,n_neighbors,60.0,FP_ratio,1.0,0.5533536358840618,0.5284372701335176,0.5409062497678117,0.35654752617227264,0.8843678718171619,0.11861492963349261,0.11773412021572245,0.09217115892664032,0.06957294500262932,0.3290806167563051
cifar,PaCMAP,0,n_neighbors,60.0,FP_ratio,2.0,0.598715812584981,0.4821166198574921,0.5927411415494579,0.4202314546508258,0.830906964907979,0.1243643566840393,0.10031352869772966,0.11217047825781643,0.07460485860660818,0.2345622063065148
cifar,PaCMAP,0,n_neighbors,60.0,FP_ratio,5.0,0.600125195966981,0.4944072788266499,0.4910082733358595,0.3208801425079316,0.7431671607635096,0.12077918860580551,0.09822447592510672,0.08639758536880963,0.064435115383416,0.15871164519250344
cifar,PaCMAP,0,n_neighbors,80.0,FP_ratio,1.0,0.5640296569556205,0.5480109815809613,0.4640159114043495,0.24568779766548532,0.8279029118278614,0.12470288497926592,0.12210808940906664,0.07979789032330555,0.05988702782663505,0.22893635402110124
cifar,PaCMAP,0,n_neighbors,80.0,FP_ratio,2.0,0.579768313160808,0.5229418358855478,0.6262728566227552,0.43365496065800324,0.8345959736679818,0.12139074340429673,0.11346613363731708,0.11728111374189837,0.0762118527153347,0.23583027880700677
cifar,PaCMAP,0,n_neighbors,80.0,FP_ratio,5.0,0.5962741197274666,0.49382541478129716,0.5972033375684491,0.36220456352302194,0.8193644168542749,0.12424876945035608,0.0954265593424011,0.11298026603137504,0.06855686677580826,0.22380699385997652
cifar,PaCMAP,0,n_neighbors,120.0,FP_ratio,1.0,0.523910293560395,0.5493444393672589,0.46308483605643846,0.23625677061275438,0.8289398650706968,0.11212628720684967,0.11596994714797332,0.07967690066883357,0.05880336155865772,0.22939374956603223
cifar,PaCMAP,0,n_neighbors,120.0,FP_ratio,2.0,0.5634241096969291,0.5132075708267392,0.6436061825260609,0.33868504298271035,0.8376627176069367,0.11962593805366724,0.11217820847318018,0.1178129213943043,0.06667080667980464,0.2421085244826394
cifar,PaCMAP,0,n_neighbors,120.0,FP_ratio,5.0,0.5976356723060576,0.5235592247509083,0.5686780680441939,0.3565428824049514,0.7780817897450757,0.12569559686524484,0.10386987813896059,0.10340376521170795,0.07018744896149008,0.17998957860708706
cifar,PaCMAP,1,n_neighbors,5.0,FP_ratio,1.0,0.5506328526105403,0.5138593235702769,0.5202923344404075,0.32146757907407,0.8539312276634791,0.10544226569287513,0.0991991643622446,0.09346384028129323,0.06563406830837698,0.28837447048979303
cifar,PaCMAP,1,n_neighbors,5.0,FP_ratio,2.0,0.5720164723714419,0.5695255555803224,0.5547950612605785,0.37969809939891075,0.852409929489037,0.11751763676269512,0.11890661011920145,0.09694529759747422,0.07370298401227804,0.27034169493909715
cifar,PaCMAP,1,n_neighbors,5.0,FP_ratio,5.0,0.526903201598942,0.5241552522865911,0.7379394397016101,0.7756168780509551,0.6965186605146036,0.12649642347813903,0.1115603419383481,0.2362869663193194,0.41986078433345425,0.3266136757058634
cifar,PaCMAP,1,n_neighbors,8.0,FP_ratio,1.0,0.6186440756674023,0.5525295993729057,0.5476524827437607,0.27216261172904177,0.8241001307684878,0.14051232016762832,0.10992731768013222,0.0935337782778694,0.06116926047769601,0.22181255220993845
cifar,PaCMAP,1,n_neighbors,8.0,FP_ratio,2.0,0.559863268914993,0.4828312956482328,0.47702171054098036,0.3122673472572053,0.8184793148028444,0.10241452884750411,0.08985744732796191,0.08242085375199551,0.0639537522199976,0.21900966372993247
cifar,PaCMAP,1,n_neighbors,8.0,FP_ratio,5.0,0.5553165563307552,0.5128272462831286,0.4229968180906315,0.143465940752959,0.7624898765872397,0.12729497023483283,0.10626331655085067,0.075663427194605,0.053118761581840805,0.16738307398066146
cifar,PaCMAP,1,n_neighbors,10.0,FP_ratio,1.0,0.5289348498019898,0.47929204838434053,0.4929660856384994,0.32037768688377205,0.8580261016873593,0.10078750244961857,0.09167800771102855,0.08669175762056426,0.06554032248468049,0.2768205667772874
cifar,PaCMAP,1,n_neighbors,10.0,FP_ratio,2.0,0.5375443944155911,0.4589024270185527,0.5766667409669438,0.3904108062323072,0.8764400322463203,0.10022997345967624,0.08765623160509857,0.11020423741931687,0.07221153806000669,0.28616956306158725
cifar,PaCMAP,1,n_neighbors,10.0,FP_ratio,5.0,0.5800850180921175,0.5023783054335792,0.29679779736828416,0.13511923336974047,0.6997321475009101,0.13052521604453737,0.10276871481894465,0.0689361571738035,0.05285232519072272,0.13760830335855043
cifar,PaCMAP,1,n_neighbors,15.0,FP_ratio,1.0,0.5156295276731382,0.4937183759445423,0.4811495553128413,0.27917400381903423,0.7351780234640276,0.11277967784895307,0.11924981127911145,0.08247227396563958,0.06147051549011001,0.15390265705890388
cifar,PaCMAP,1,n_neighbors,15.0,FP_ratio,2.0,0.5554958057493554,0.4850347632421669,0.5312938836011858,0.3803872344693846,0.7862427464354441,0.10958202254754369,0.1018786766150931,0.1049015384397268,0.07029263035524982,0.17997116316507872
cifar,PaCMAP,1,n_neighbors,15.0,FP_ratio,5.0,0.5673778131942432,0.5028756529136853,0.40736148570834174,0.18181602879878744,0.6496286843649927,0.12657029257057179,0.10296806189802198,0.07408003954048567,0.055245316744102664,0.1223866283382316
cifar,PaCMAP,1,n_neighbors,20.0,FP_ratio,1.0,0.5365079055494877,0.4705659452109756,0.604301568107349,0.359642132715155,0.6976048376910445,0.10104968189357953,0.09568825392084103,0.10903339191583189,0.06811122357136959,0.13795759232885155
cifar,PaCMAP,1,n_neighbors,20.0,FP_ratio,2.0,0.5734825097147612,0.47670036184234965,0.5627442621610979,0.3941095669036846,0.7859831598421861,0.11164189547328411,0.09576311827935535,0.10010438101142594,0.07169171314756084,0.18050832267529104
cifar,PaCMAP,1,n_neighbors,20.0,FP_ratio,5.0,0.578058013656391,0.47551620117543036,0.35873241869692174,0.16599099852142452,0.643539776653367,0.11816720303014813,0.09035834101686498,0.0697312263936571,0.05463461959912019,0.12161583884426336
cifar,PaCMAP,1,n_neighbors,30.0,FP_ratio,1.0,0.5288331512976543,0.5013018801685131,0.33164462734696,0.231626934593466,0.7476131035968764,0.11776085711250195,0.11289304195296912,0.06520450276483485,0.05821060945003352,0.15810349039645394
cifar,PaCMAP,1,n_neighbors,30.0,FP_ratio,2.0,0.5612893698593495,0.4566680783719323,0.5672919034988,0.41113222477319833,0.8761075385061187,0.10679560622307693,0.08902492373527154,0.10081160025517422,0.07429860464937103,0.2853225058997896
cifar,PaCMAP,1,n_neighbors,30.0,FP_ratio,5.0,0.5644907830506207,0.4953032937312857,0.5723076365824844,0.293522316088239,0.7381542139402181,0.11094063142600112,0.09219850062140361,0.10186939837883804,0.062216914948155226,0.15240437299684878
cifar,PaCMAP,1,n_neighbors,40.0,FP_ratio,1.0,0.5025745046029021,0.4941788054744445,0.48046738589334936,0.3701844132878616,0.8576021257309291,0.1007141781122034,0.11459288388201341,0.08228099280391163,0.06976797724161893,0.26265390283785905
cifar,PaCMAP,1,n_neighbors,40.0,FP_ratio,2.0,0.5837744912288523,0.4798713583576667,0.5486397476762589,0.42497947454844004,0.8078460163906414,0.11796415167303442,0.103534092256243,0.09632886207038648,0.0751871768323381,0.20013322061614922
cifar,PaCMAP,1,n_neighbors,40.0,FP_ratio,5.0,0.5802814494498064,0.4924961363855887,0.539687260845983,0.2310938301049863,0.732931833210738,0.11784281381827459,0.09567465850676146,0.09551963759329168,0.05771325860181837,0.15132092229255653
cifar,PaCMAP,1,n_neighbors,60.0,FP_ratio,1.0,0.5549664162747326,0.5279108991076535,0.49263498502849423,0.34490049335384015,0.883322559793148,0.12301721738763766,0.12104673813933968,0.08392779888201758,0.06841486513836838,0.32053467299278365
cifar,PaCMAP,1,n_neighbors,60.0,FP_ratio,2.0,0.5904517642600807,0.4992256517991812,0.5795505204734414,0.43707393434827513,0.8179002370178842,0.12486981701121115,0.10484805139850618,0.10437784002088839,0.07663451986000687,0.21472860911991284
cifar,PaCMAP,1,n_neighbors,60.0,FP_ratio,5.0,0.5930309126303042,0.49647514841480356,0.5636528152375008,0.2846202141333987,0.7474816849816849,0.12110652366769474,0.0968618549242698,0.10180883161645296,0.061411758232225735,0.15824780715569353
cifar,PaCMAP,1,n_neighbors,80.0,FP_ratio,1.0,0.5709823053889991,0.5407081930915603,0.47781207973905737,0.278605606698913,0.8491931918656057,0.1260842685981548,0.11355106412453554,0.08172752730559388,0.062460592814169075,0.2577634583979097
cifar,PaCMAP,1,n_neighbors,80.0,FP_ratio,2.0,0.598938249039669,0.5019879967902281,0.570195651204779,0.39366097898045155,0.8027035084590867,0.12958871744166722,0.10482885682227891,0.1035163042591265,0.0715557254553864,0.1978441649765275
cifar,PaCMAP,1,n_neighbors,80.0,FP_ratio,5.0,0.5878865471918211,0.500941988201116,0.6306444991789819,0.370545698385455,0.8116515837104072,0.12153262831216315,0.0993233062338535,0.11925433303068346,0.06947641075858454,0.2167825105422842
cifar,PaCMAP,1,n_neighbors,120.0,FP_ratio,1.0,0.5458897086686133,0.5408955691029728,0.4638793846451047,0.23551608972501464,0.8314716470142433,0.11587481868229287,0.11015306741943016,0.07985690848897908,0.05873438611974085,0.23039560364590805
cifar,PaCMAP,1,n_neighbors,120.0,FP_ratio,2.0,0.5698650149715058,0.5251448391027499,0.597580875851667,0.3387256759467713,0.8401062679713796,0.12260031927869125,0.11499951643726444,0.10936042581574945,0.06661564908768339,0.24170202023729564
cifar,PaCMAP,1,n_neighbors,120.0,FP_ratio,5.0,0.5923831070889894,0.5064272061609789,0.6162613586548678,0.36296289072658244,0.8269300425740589,0.1251777154520206,0.09798901646504987,0.11590764458080821,0.07076897294402976,0.2516651169573516
cifar,PaCMAP,2,n_neighbors,5.0,FP_ratio,1.0,0.5865491422033005,0.5077249069389029,0.4817890020729777,0.2046944772604002,0.8022971788184771,0.11367991055973135,0.10184798689298526,0.08242756963479106,0.05717348190753588,0.20970281964316687
cifar,PaCMAP,2,n_neighbors,5.0,FP_ratio,2.0,0.5415835432316163,0.5035835952418102,0.4723273261559266,0.2827160373433193,0.8461264479266508,0.11364140068728462,0.10326597495447616,0.08139979693566948,0.06187434298202634,0.24642037780977466
cifar,PaCMAP,2,n_neighbors,5.0,FP_ratio,5.0,0.49664487811039537,0.5421435815705593,0.738069000809873,0.5323052961237544,0.7705602798148438,0.11629965623632353,0.11802641199829947,0.16140463581713024,0.090961392536997,0.25873463170268807
cifar,PaCMAP,2,n_neighbors,8.0,FP_ratio,1.0,0.5107466063348417,0.49665300470320756,0.49606022780464976,0.2611896217372891,0.7163860902451167,0.10777831338067002,0.1101986837373353,0.084665709558094,0.06059342137652997,0.14406546671999654
cifar,PaCMAP,2,n_neighbors,8.0,FP_ratio,2.0,0.4873243727199102,0.4949229691876751,0.4540118434641761,0.3182480551902459,0.8633515740513712,0.10604873847553903,0.10580669556004019,0.07896858009748815,0.0648582045838426,0.27369871381820504
cifar,PaCMAP,2,n_neighbors,8.0,FP_ratio,5.0,0.530007560053199,0.48765872396704035,0.49244435837995676,0.4783173216236097,0.8812026800109963,0.10832941719670747,0.09083437510222389,0.09168669117239975,0.08227089477328277,0.4069639872156636
cifar,PaCMAP,2,n_neighbors,10.0,FP_ratio,1.0,0.4822677744837988,0.4723807294801209,0.5582781189398835,0.32630684899954676,0.8566422590256262,0.08872262928045818,0.09921517839777537,0.09621921739688079,0.06603910148752458,0.26596084192023556
cifar,PaCMAP,2,n_neighbors,10.0,FP_ratio,2.0,0.5010936072041549,0.45478061914420936,0.48402079664757147,0.40489285900036404,0.8778484868748561,0.0909664367965502,0.08697136054358048,0.08334829496353362,0.07387071035414142,0.2951439713863517
cifar,PaCMAP,2,n_neighbors,10.0,FP_ratio,5.0,0.5387917103180795,0.47926093514328805,0.3941796877902355,0.24243576741041242,0.703866493547021,0.10564733226978781,0.09012841850480799,0.07327002021695977,0.058569019224555235,0.1378890200337201
cifar,PaCMAP,2,n_neighbors,15.0,FP_ratio,1.0,0.4642824636485894,0.4644382620422174,0.5424254582469593,0.39100567282615967,0.8417483040961742,0.08392492323921044,0.09098831802832441,0.09243205611135022,0.0721157272377583,0.2484813753401627
cifar,PaCMAP,2,n_neighbors,15.0,FP_ratio,2.0,0.5024101152397298,0.47014521989167024,0.5705508994048548,0.42545917571272546,0.8803890919763131,0.08986969778859749,0.09315000238882758,0.102715321288696,0.07639431580063548,0.2961013559605622
cifar,PaCMAP,2,n_neighbors,15.0,FP_ratio,5.0,0.5625417939058912,0.4730392156862745,0.4134534118687263,0.11478510502344175,0.6957830877709175,0.1100490710234129,0.08815305018478853,0.07378520794170942,0.051886424662978006,0.13534869051836093
cifar,PaCMAP,2,n_neighbors,20.0,FP_ratio,1.0,0.5022875197824488,0.48993231244752544,0.5456134045129988,0.26346413897123844,0.6846422255905016,0.10988078503030524,0.1186592631709492,0.09323627752914815,0.06069827378384222,0.13165599426983976
cifar,PaCMAP,2,n_neighbors,20.0,FP_ratio,2.0,0.5333622175660715,0.4576256231935745,0.5225204140011442,0.40457661844578674,0.7900905720378337,0.0956650733411708,0.08821457193045898,0.08970107351781544,0.07286990684234795,0.18476027412270812
cifar,PaCMAP,2,n_neighbors,20.0,FP_ratio,5.0,0.5672273551330347,0.4749389808973988,0.4382759735193812,0.19722683503109467,0.7212267533007898,0.10837809719925093,0.08716708194224584,0.07847806619630057,0.05561356702072491,0.14877067694777632
cifar,PaCMAP,2,n_neighbors,30.0,FP_ratio,1.0,0.5704422352495375,0.485417177481072,0.5823172770434434,0.25883848234253914,0.7584479415108218,0.11742409132675564,0.10584145595856134,0.10041589904791842,0.060044832402204706,0.16372809985586362
cifar,PaCMAP,2,n_neighbors,30.0,FP_ratio,2.0,0.56999921984709,0.47707859669066566,0.5455804337650179,0.42855796164619697,0.8525385618438356,0.10705257904334545,0.09089529304071095,0.09429723528994033,0.07581456841296988,0.26061883236632566
cifar,PaCMAP,2,n_neighbors,30.0,FP_ratio,5.0,0.5567993112364309,0.49379592685880724,0.495782994895571,0.23970151721165922,0.7339492826308243,0.10775697536220931,0.09239049581032964,0.08675460038347135,0.0581938585928918,0.15067631179742355
cifar,PaCMAP,2,n_neighbors,40.0,FP_ratio,1.0,0.4996247836004428,0.4739373202862047,0.4459237939207514,0.3750469020499447,0.8692226890756302,0.10055530483704576,0.10509430464073313,0.07749418888919199,0.07113278696112502,0.2856737904077924
cifar,PaCMAP,2,n_neighbors,40.0,FP_ratio,2.0,0.5833876654109919,0.4744667097608274,0.5574018400463634,0.42928796186909773,0.8467259582878243,0.11497203053349855,0.09548621456171161,0.09804270974066076,0.0757685328984269,0.2511382966851873
cifar,PaCMAP,2,n_neighbors,40.0,FP_ratio,5.0,0.5888264456976424,0.4877179320003863,0.5341474786200953,0.2473493376130293,0.73678894634777,0.11350506519640043,0.09171185821088801,0.09342838456400364,0.05880749152041833,0.15204694918223025
cifar,PaCMAP,2,n_neighbors,60.0,FP_ratio,1.0,0.5352661621677849,0.49897512055219967,0.5391116658865137,0.3528824328139744,0.8853347041734465,0.11436675404019923,0.11539172416861729,0.09212237183959962,0.06937983313359602,0.3276480522869462
cifar,PaCMAP,2,n_neighbors,60.0,FP_ratio,2.0,0.586929931123643,0.5009027483672513,0.6078821449004005,0.41069849690539345,0.8290689618022277,0.11972649894631926,0.10549641808648626,0.11607362354662266,0.07356272831398795,0.22928079395711867
cifar,PaCMAP,2,n_neighbors,60.0,FP_ratio,5.0,0.59533747185877,0.4788116506549569,0.5361071484296636,0.26200320977197245,0.7328923611885073,0.11919648040074736,0.089373423545486,0.0949977293655967,0.05968355671642035,0.15058385538460947
cifar,PaCMAP,2,n_neighbors,80.0,FP_ratio,1.0,0.559132339938628,0.5310010940715808,0.4767646780197491,0.28516492804018156,0.8515192549168209,0.12306166392179625,0.11877479611949984,0.08154948995541107,0.06290888534053146,0.25833246768563384
cifar,PaCMAP,2,n_neighbors,80.0,FP_ratio,2.0,0.5880351477461011,0.505463392253453,0.5713310523148252,0.3910214616350519,0.8025660529463774,0.11992320330172485,0.1026484648750706,0.10197640013862154,0.07136438268381767,0.2005370903907093
cifar,PaCMAP,2,n_neighbors,80.0,FP_ratio,5.0,0.5881948933419521,0.49219382713297516,0.6361585084962367,0.365401797323704,0.7730191546114467,0.12169476829584591,0.0933112279115521,0.1162853257725811,0.06881478670943486,0.17460843666496179
cifar,PaCMAP,2,n_neighbors,120.0,FP_ratio,1.0,0.5302643603860643,0.5324390366226066,0.37552103069344445,0.23390981060859356,0.8320140390373655,0.11101109337806625,0.11071670546128166,0.06974888336714394,0.058807249232960164,0.2328006697118218
cifar,PaCMAP,2,n_neighbors,120.0,FP_ratio,2.0,0.567699161892874,0.5180623973727423,0.6065828188039142,0.39327322440912704,0.77107295172711,0.11645786710796147,0.11066112071441382,0.1091441642174717,0.07149416961572048,0.1742742208212262
cifar,PaCMAP,2,n_neighbors,120.0,FP_ratio,5.0,0.5898666495776029,0.5150016903313049,0.5908878140115462,0.36600595145219894,0.7960150903862871,0.12122772950135666,0.09752189387341355,0.10817345840596895,0.06910331736106187,0.19602901892800134
cifar,PaCMAP,3,n_neighbors,5.0,FP_ratio,1.0,0.6106526164842594,0.560560298389913,0.4575095290105432,0.24344207178892777,0.7791944363952478,0.14833416937598384,0.11398700008769166,0.07936924197841451,0.058999476531507854,0.1841103032602689
cifar,PaCMAP,3,n_neighbors,5.0,FP_ratio,2.0,0.5490795124415815,0.5196865549933501,0.4280917274071432,0.2988287490062338,0.8084826768903848,0.10573602528782092,0.10284233227303997,0.07529512994266764,0.06335959171902565,0.204148016784877
cifar,PaCMAP,3,n_neighbors,5.0,FP_ratio,5.0,0.5187789306704114,0.5324910468166046,0.6697016007994709,0.5412533713750752,0.7010491199132173,0.12225929722032859,0.10897327505476456,0.15530728949078929,0.12235305869664087,0.20746478447645805
cifar,PaCMAP,3,n_neighbors,8.0,FP_ratio,1.0,0.6012271619523141,0.5115945582477023,0.4941553544494721,0.2783176931249953,0.7275172005141579,0.12361374883649479,0.10475097279499565,0.08420717207719584,0.06181110705029973,0.1509998194102795
cifar,PaCMAP,3,n_neighbors,8.0,FP_ratio,2.0,0.505088640230628,0.5422954327619642,0.4715643551850449,0.3353296889047396,0.8690466902941548,0.09954519298105849,0.11148430066028957,0.08097937892759162,0.06656020111288827,0.28569750083991524
cifar,PaCMAP,3,n_neighbors,8.0,FP_ratio,5.0,0.6074744221295946,0.49220102497232315,0.3223201747542518,0.1449784157694908,0.7077979069611928,0.1519187336832468,0.09941314589200795,0.0658442552747044,0.0537099740390037,0.1426044491992282
cifar,PaCMAP,3,n_neighbors,10.0,FP_ratio,1.0,0.5976561048822713,0.5109801878311006,0.5147657869513853,0.28319736382616706,0.8393451545074263,0.11856749671537449,0.09994333033815422,0.08805696530602773,0.06187260567430543,0.2366200528575471
cifar,PaCMAP,3,n_neighbors,10.0,FP_ratio,2.0,0.5190324803661518,0.4804026053392179,0.5372666971297803,0.393262079367556,0.875052010193998,0.09163898016162189,0.08881718216512144,0.0941925735520436,0.07253622870778767,0.29398408513720287
cifar,PaCMAP,3,n_neighbors,10.0,FP_ratio,5.0,0.5538356589320078,0.4926050327292721,0.5935407982821777,0.5358740313101368,0.8883717280015454,0.11201923439964134,0.09768007191703074,0.10857016744235627,0.091301503963401,0.47592934223931316
cifar,PaCMAP,3,n_neighbors,15.0,FP_ratio,1.0,0.50825522516699,0.5037029400619665,0.6447504067940173,0.3821407210098894,0.8573337159797606,0.09017841535007773,0.1009310776719646,0.11807140539060104,0.07105602605138506,0.26429017934497945
cifar,PaCMAP,3,n_neighbors,15.0,FP_ratio,2.0,0.5849744407046638,0.48220090423437284,0.5152998201933293,0.39862911344909313,0.8406203330138422,0.10855362155239376,0.09529745272737786,0.08900458332527385,0.07235293524065456,0.24257077758531193
cifar,PaCMAP,3,n_neighbors,15.0,FP_ratio,5.0,0.597673751198092,0.4762034787389757,0.451214902406586,0.16304638566301852,0.6938336342494559,0.12314637087161315,0.08971610830901744,0.0786781839443291,0.054390437349153734,0.13528481968292472
cifar,PaCMAP,3,n_neighbors,20.0,FP_ratio,1.0,0.553357815274651,0.5064768944713164,0.4636448743953815,0.27265647638365687,0.7586095446136015,0.11518037315263845,0.10970873502070533,0.08006700067710107,0.061348533204670395,0.16572803995422852
cifar,PaCMAP,3,n_neighbors,20.0,FP_ratio,2.0,0.5519544687901685,0.5014653407782211,0.5138045271158862,0.3872391131518921,0.7478996240405976,0.10315421566240414,0.10217882489031271,0.08825934122637669,0.07107985751663744,0.1602318135372574
cifar,PaCMAP,3,n_neighbors,20.0,FP_ratio,5.0,0.5817251967099838,0.4829754846235576,0.4668625407722771,0.24524431788630574,0.7015037447339678,0.11495127702794909,0.09242145991346687,0.08477571802478917,0.05883051966004666,0.1377450132961644
cifar,PaCMAP,3,n_neighbors,30.0,FP_ratio,1.0,0.5598154381115842,0.4994206900266739,0.49003888690754815,0.2618209419046133,0.7424255511223057,0.11683788364084728,0.11977636164224927,0.0835997212045685,0.060193312319847155,0.15823467173116018
cifar,PaCMAP,3,n_neighbors,30.0,FP_ratio,2.0,0.5655119474845641,0.4674002890280781,0.5950574526892985,0.42003757736516356,0.8801559748567862,0.1024329641084821,0.08911775862858409,0.1058163173530684,0.07539908397978823,0.29464053015529307
cifar,PaCMAP,3,n_neighbors,30.0,FP_ratio,5.0,0.580743504298271,0.4847707650699537,0.4822269093313718,0.23486781980696786,0.7397906775442271,0.11227601244623671,0.08921694025729081,0.08408421779776436,0.057995161888357245,0.15322154629371765
cifar,PaCMAP,3,n_neighbors,40.0,FP_ratio,1.0,0.5716886223985616,0.4700966925231631,0.4451617517033339,0.25637078438802574,0.7565156699284488,0.12211457402692864,0.1089509544526551,0.0776262570344585,0.0597254841840647,0.16383780120600958
cifar,PaCMAP,3,n_neighbors,40.0,FP_ratio,2.0,0.5865602872448714,0.4901064537220724,0.5030156624984211,0.4185362473902027,0.7855828670990944,0.11470274882011555,0.10109089875477915,0.0888302290135713,0.07441207997630536,0.18057774634746054
cifar,PaCMAP,3,n_neighbors,40.0,FP_ratio,5.0,0.5960372875940827,0.4823627395255184,0.47321335696082145,0.22504207253193054,0.7411262250258194,0.11663264681545735,0.08945603031309884,0.08429092052563569,0.057260232566783774,0.15671322740621335
cifar,PaCMAP,3,n_neighbors,60.0,FP_ratio,1.0,0.5548800422025574,0.5217832159388954,0.500252156565544,0.2372760775397692,0.8228602448937135,0.12075961395990022,0.1106677758102022,0.08514736021730762,0.0593587497310489,0.22212596538964746
cifar,PaCMAP,3,n_neighbors,60.0,FP_ratio,2.0,0.6090296198054819,0.4859105777589551,0.5723591823997504,0.4139969648336788,0.8201324959692099,0.1308117705565536,0.10393367582974322,0.11036289057746304,0.07389893459246352,0.21671636202333552
cifar,PaCMAP,3,n_neighbors,60.0,FP_ratio,5.0,0.5970784202275073,0.4979599930157739,0.5207474236378903,0.24405272719167245,0.7275348468299787,0.1212023734765532,0.0960715829877086,0.09313238202219665,0.0584169742355548,0.1499320422017016
cifar,PaCMAP,3,n_neighbors,80.0,FP_ratio,1.0,0.6163681653032566,0.5111636166402901,0.5385256224505718,0.24167744020685197,0.7479247003841324,0.1346170627116984,0.10312011506355005,0.09159637667795041,0.058834087612083544,0.15717219311376227
cifar,PaCMAP,3,n_neighbors,80.0,FP_ratio,2.0,0.560497607531076,0.5206638358261075,0.6147126622532303,0.4003150331750738,0.8468824532465506,0.11528696741770289,0.11694666113188837,0.11299143136128117,0.07256611082310384,0.24790457161990806
cifar,PaCMAP,3,n_neighbors,80.0,FP_ratio,5.0,0.5828615265734941,0.4905473794292253,0.5616678368960316,0.33764274940745526,0.7668531603622882,0.11806204484882699,0.09236524833825593,0.09946253915669906,0.0661708927214294,0.16958886020300096
cifar,PaCMAP,3,n_neighbors,120.0,FP_ratio,1.0,0.5327580634375766,0.5372239744704248,0.4626905802108643,0.230981450935812,0.8288047314416481,0.11540285399455331,0.11456099148228786,0.08048368765354758,0.05854803151544439,0.22836477667898322
cifar,PaCMAP,3,n_neighbors,120.0,FP_ratio,2.0,0.5746304489965747,0.5177155079538447,0.6253545516349776,0.3965159671295574,0.779677388196658,0.11966242932141553,0.11110178897250583,0.11261724004612073,0.0718841587074205,0.1792813208364264
cifar,PaCMAP,3,n_neighbors,120.0,FP_ratio,5.0,0.5843916479058467,0.5209589472393732,0.5564343111249805,0.3484534397313302,0.6593573769030158,0.12144925165052883,0.10479781328106855,0.09861011319418184,0.06729005692044172,0.1251323181708427
cifar,PaCMAP,4,n_neighbors,5.0,FP_ratio,1.0,0.5816982628595204,0.5138291390826887,0.405122725482766,0.24020304408235443,0.7865673457711997,0.11325150377411897,0.09411729904268269,0.0727222688198007,0.05903472256374225,0.18954753335746846
cifar,PaCMAP,4,n_neighbors,5.0,FP_ratio,2.0,0.530096256009035,0.5070666529211154,0.441442326267377,0.30923775345682036,0.7903947387973757,0.10557745187775158,0.09681194460332546,0.08726863077679431,0.06386015020259618,0.1991218835316363
cifar,PaCMAP,4,n_neighbors,5.0,FP_ratio,5.0,0.5323605569548775,0.5086817551954469,0.5123540463930931,0.46437812525540717,0.8855901113761154,0.11468171508855561,0.10664159074777488,0.08843274832306117,0.08098169529858958,0.40471837430209495
cifar,PaCMAP,4,n_neighbors,8.0,FP_ratio,1.0,0.5087098499877405,0.5026525198938991,0.5132463462838717,0.26126392201442916,0.8298904442413572,0.10693018241781041,0.1013173099042802,0.08735038290712395,0.0606674415103317,0.22152869776586712
cifar,PaCMAP,4,n_neighbors,8.0,FP_ratio,2.0,0.47428095906797735,0.5075296365230442,0.48344450512300413,0.37850372244388475,0.8757527546827749,0.096272293289598,0.114867150503526,0.08433633642076477,0.07047362745879537,0.29333153344583385
cifar,PaCMAP,4,n_neighbors,8.0,FP_ratio,5.0,0.5609824168394149,0.513707704567238,0.6597887828871601,0.7410189540006983,0.9249511475677805,0.12392442288822655,0.1180877691735463,0.12751135244615008,0.16233834810487094,0.7209549947882158
cifar,PaCMAP,4,n_neighbors,10.0,FP_ratio,1.0,0.48883406147604924,0.5234728506787331,0.5299713386680932,0.28540431424559215,0.8431042841539799,0.11120773148117151,0.12133754019911626,0.09020675025765715,0.06248917939463074,0.23774040405280064
cifar,PaCMAP,4,n_neighbors,10.0,FP_ratio,2.0,0.49694254359568757,0.4912673955523854,0.5172873526068251,0.42797981261470097,0.8834093982420553,0.08995273416547031,0.0981832591464259,0.0905330984034784,0.07658484436572165,0.30427924096731146
cifar,PaCMAP,4,n_neighbors,10.0,FP_ratio,5.0,0.5051708349122143,0.497689261380945,0.7845918871527391,0.7685295603652602,0.7268508199035583,0.11241097603803465,0.10964135885038834,0.31519696496956223,0.3830548238208063,0.3258650824114027
cifar,PaCMAP,4,n_neighbors,15.0,FP_ratio,1.0,0.4540476004725498,0.48668701565506833,0.5458460572557936,0.40572548648106455,0.8608931636315004,0.08187781522233228,0.09474683025435571,0.09559463533639792,0.07364028982466803,0.27493713566784983
cifar,PaCMAP,4,n_neighbors,15.0,FP_ratio,2.0,0.527764156060302,0.46460729517271093,0.5305360207743575,0.4181238808520755,0.8819786535303775,0.09315693379605014,0.09090346476716442,0.0944066232703825,0.07537258476253453,0.2974267868613013
cifar,PaCMAP,4,n_neighbors,15.0,FP_ratio,5.0,0.5651251216667038,0.5462449568686891,0.33872196093291435,0.09619656881320167,0.6602912385113197,0.13544661634439226,0.11043688242357501,0.06603587802711836,0.05110580448925444,0.1254388333537591
cifar,PaCMAP,4,n_neighbors,20.0,FP_ratio,1.0,0.5414474808491037,0.4753513474355259,0.43946152731649685,0.2786645825438929,0.7371827378166121,0.11907364039364093,0.11614926342067985,0.07655843148679285,0.061568393266748345,0.15479983471325628
cifar,PaCMAP,4,n_neighbors,20.0,FP_ratio,2.0,0.5509723120017238,0.480421412596869,0.5169613601408733,0.4206812035158891,0.8868629679988705,0.10062288738982622,0.09822140240888164,0.08925897087552745,0.07560172642038852,0.29805850590641664
cifar,PaCMAP,4,n_neighbors,20.0,FP_ratio,5.0,0.5547750930610972,0.4945261592700741,0.38900745974782486,0.1469455156067732,0.6572941510821836,0.11251712747430151,0.0942382968385178,0.07078735469055199,0.05305935779406632,0.12405897291171325
cifar,PaCMAP,4,n_neighbors,30.0,FP_ratio,1.0,0.4857055554317218,0.49253189339396236,0.5209798441923188,0.40331444248787046,0.8538197772477693,0.08936992450616321,0.10220136968880678,0.08941290326924625,0.07323674498247917,0.26338591529450905
cifar,PaCMAP,4,n_neighbors,30.0,FP_ratio,2.0,0.5453942186954357,0.4743944991789819,0.5830082696208457,0.4176167814605949,0.8748142493071499,0.1030406302171106,0.09303530878193661,0.10687408268061419,0.07501530066394041,0.2859558966473682
cifar,PaCMAP,4,n_neighbors,30.0,FP_ratio,5.0,0.5762153667833181,0.4985216566732794,0.4771220159151194,0.24543656985340556,0.7242823521981736,0.11964177236050026,0.09661507385762544,0.08618984980725282,0.06068422239652245,0.14718611770490667
cifar,PaCMAP,4,n_neighbors,40.0,FP_ratio,1.0,0.4940086114021205,0.46734827883408003,0.5191269810311392,0.37509473285335354,0.853425521402195,0.09146592324295183,0.09614051719102784,0.08813327631497031,0.07027763796406265,0.25815120667724506
cifar,PaCMAP,4,n_neighbors,40.0,FP_ratio,2.0,0.5767322180861735,0.49686615362325304,0.5636500289771081,0.42266873592938503,0.7979552563731064,0.11673382242157782,0.10625675590936104,0.09800227993453421,0.07493209099187048,0.19175930112760392
cifar,PaCMAP,4,n_neighbors,40.0,FP_ratio,5.0,0.5857675961631337,0.4910066480172971,0.4629111591586237,0.20099525221229075,0.7188319624932201,0.11954430529801754,0.0924919291647016,0.08167882936382667,0.055806314257468514,0.14528656543054896
cifar,PaCMAP,4,n_neighbors,60.0,FP_ratio,1.0,0.5418454517085348,0.5018410215545104,0.5727306837854506,0.2396258238043228,0.8277719575894018,0.11406610032267893,0.10763573502160757,0.09882274689253466,0.05947159469372804,0.2255831803929813
cifar,PaCMAP,4,n_neighbors,60.0,FP_ratio,2.0,0.5941259129646553,0.4949998235368418,0.5484711789224974,0.40953291130775915,0.8018244433051737,0.1251499677275481,0.10110096338386076,0.09643079297071784,0.07343447788231304,0.19701810556876354
cifar,PaCMAP,4,n_neighbors,60.0,FP_ratio,5.0,0.5918007786669045,0.48972729012029215,0.49974482498569717,0.25682610577387455,0.7402021153288902,0.12060650283704127,0.09406714325884807,0.08830613480758465,0.05951354676244157,0.15743957277318252
cifar,PaCMAP,4,n_neighbors,80.0,FP_ratio,1.0,0.5749745521550796,0.5292037239298902,0.5007745803891849,0.24200041422404506,0.8219217395180884,0.1234824236027573,0.11546736470093685,0.0851345431409843,0.059558911356445914,0.22132657737663525
cifar,PaCMAP,4,n_neighbors,80.0,FP_ratio,2.0,0.5859951407618751,0.49888712116146194,0.6096175207483524,0.4261367013648961,0.8011966059633402,0.11980620325390987,0.10606566391284075,0.10886421924204095,0.075313637759242,0.1965266767072711
cifar,PaCMAP,4,n_neighbors,80.0,FP_ratio,5.0,0.584144135107624,0.48650823061320014,0.5242799374391667,0.3652620199273343,0.7872086500382647,0.11769699722821818,0.09220884346934326,0.09316009746515122,0.0688159833903369,0.18534282721309517
cifar,PaCMAP,4,n_neighbors,120.0,FP_ratio,1.0,0.5340457801157599,0.5481830331602137,0.4723760857127997,0.23704806856429572,0.8310286316117959,0.11060295466620207,0.11165809860598222,0.0810801198784042,0.05886392887000487,0.2318290925467695
cifar,PaCMAP,4,n_neighbors,120.0,FP_ratio,2.0,0.5624312722436454,0.5342203857670389,0.639668267837639,0.34331418243690043,0.8445155250429085,0.11888575222861011,0.11258509554645194,0.12011181334471921,0.06713177555901224,0.2502992781099343
cifar,PaCMAP,4,n_neighbors,120.0,FP_ratio,5.0,0.5890228770553314,0.5306502574504602,0.5840512597611989,0.3491597567408926,0.7689154574296563,0.12156096440954343,0.10156231607374572,0.10477803234021654,0.06725899081653056,0.17258159067870643
cifar,TriMap,0,n_inliers,5.0,n_outliers,2.0,0.5388989813432005,0.5038708122506297,0.5405191917615852,0.5352239038851614,0.5482872857365758,0.10247067113442487,0.09827163319410621,0.10262490736791584,0.1019460316395267,0.11373254491666465
cifar,TriMap,0,n_inliers,5.0,n_outliers,5.0,0.5544477074649488,0.5075349768554637,0.5560121926754786,0.5564280420390968,0.5494519425807458,0.11025036051178204,0.09718375795313593,0.10942166717040894,0.11044168868207782,0.1182985163430198
cifar,TriMap,0,n_inliers,5.0,n_outliers,10.0,0.5351291710318079,0.5235847654711752,0.5347130894798238,0.5162262517739191,0.5188467296733017,0.10594968547405484,0.10348564586634824,0.10708536054487156,0.10285752771141236,0.10247370954054677
cifar,TriMap,0,n_inliers,8.0,n_outliers,2.0,0.5262897599358045,0.468965006426974,0.5328727644904117,0.5303535207186323,0.5076705748612442,0.10489129800449666,0.08788675539557374,0.10783531767700538,0.1059142795157332,0.10750063009769353
cifar,TriMap,0,n_inliers,8.0,n_outliers,5.0,0.5261759876364339,0.5038171767380693,0.5272284974997956,0.5253247850864484,0.5031350073185772,0.09933340297250662,0.09510088717215365,0.09983274238875228,0.09983160985190967,0.10003106807161025
cifar,TriMap,0,n_inliers,8.0,n_outliers,10.0,0.5313036355125604,0.49101639992867174,0.5341839321935671,0.5275433449241765,0.5111385402967553,0.10389986330068061,0.09278662714909283,0.10453527495493,0.10369808888044875,0.10314193970327457
cifar,TriMap,0,n_inliers,10.0,n_outliers,2.0,0.5506667521119855,0.5168225114979679,0.5527817559384496,0.539216615027974,0.5165722124393524,0.10639636896387145,0.1001535637367999,0.10618250777591969,0.10585733545319653,0.1059205095950024
cifar,TriMap,0,n_inliers,10.0,n_outliers,5.0,0.5412097199622555,0.513811492766868,0.5390259883794367,0.5450032134869863,0.4895631329454859,0.10383397418428661,0.09937168507624129,0.10361520227609575,0.10448854392932812,0.09986890775337781
cifar,TriMap,0,n_inliers,10.0,n_outliers,10.0,0.5348328986767121,0.5350235253252494,0.5325321441573978,0.5044566234982057,0.5003687151253075,0.10451574603443554,0.10543772082186362,0.1044375897093014,0.10017916032243762,0.10042655650510772
cifar,TriMap,0,n_inliers,15.0,n_outliers,2.0,0.5167431030767745,0.5024813970681111,0.5144674249009948,0.5128089034022097,0.4969453298560803,0.0958524568251358,0.09327237098331392,0.09573222654118706,0.09544264751646078,0.0952596591675317
cifar,TriMap,0,n_inliers,15.0,n_outliers,5.0,0.5179815958213525,0.4971979507983565,0.5224814063556457,0.5251506438119015,0.5244972657498013,0.1008046093293603,0.10071811476540705,0.10150100678377133,0.10197165286534571,0.10657400485454038
cifar,TriMap,0,n_inliers,15.0,n_outliers,10.0,0.5368153229461545,0.5129321954245889,0.5332888460423957,0.5163609210262354,0.5182634724977524,0.10606551404353143,0.09867358319675693,0.10412920182220521,0.10312587174021992,0.1091825067222893
cifar,TriMap,0,n_inliers,20.0,n_outliers,2.0,0.5192098722778236,0.5203422549391109,0.5140121035151461,0.5238141675768451,0.4889622294541159,0.10076834380185018,0.10497916582897195,0.10012213519637864,0.10125791133310552,0.0968050518455643
cifar,TriMap,0,n_inliers,20.0,n_outliers,5.0,0.5386858324231549,0.5311418002214149,0.5360442253824607,0.5311680375067799,0.4800573412388828,0.10947144555707614,0.10410435233318943,0.10842255337200025,0.10830306810986717,0.09840013384056415
cifar,TriMap,0,n_inliers,20.0,n_outliers,10.0,0.5215716923374124,0.5105469243400278,0.5210118861868356,0.5111852101583338,0.5175548336045294,0.10401271207924136,0.09857321032715292,0.10300708384511013,0.10191666423412374,0.10493448944056766
cifar,TriMap,0,n_inliers,30.0,n_outliers,2.0,0.5246008217610652,0.49711970331899336,0.5306500252620943,0.5151191776445326,0.4827080036258535,0.09875015125179665,0.0950182469103944,0.09976056857216827,0.09766998026554549,0.09279610697634555
cifar,TriMap,0,n_inliers,30.0,n_outliers,5.0,0.5061074827809109,0.47563067003989923,0.5114622108790465,0.5184515450742632,0.5036541805050933,0.09828902833384001,0.08829534998875635,0.0994283027828185,0.09991370117843473,0.10077356793644683
cifar,TriMap,0,n_inliers,30.0,n_outliers,10.0,0.5363374792887978,0.532589030307083,0.537762419291324,0.508370854973289,0.5400111636166404,0.10673551818980909,0.10960624792029383,0.10755124304437957,0.1027668033873553,0.10931038133232257
cifar,TriMap,0,n_inliers,40.0,n_outliers,2.0,0.5304352510234863,0.508021875859097,0.5352211176247688,0.5277144677499647,0.5092931071632898,0.10932451629565909,0.10295835276962696,0.10836989755341828,0.107805392037399,0.10361584894126634
cifar,TriMap,0,n_inliers,40.0,n_outliers,5.0,0.5488083164300204,0.5323577706944846,0.5486894359865961,0.5340179175118324,0.5389203426728781,0.10831557244386761,0.10756925590725677,0.10912730054393571,0.10523244779838292,0.10935160817052546
cifar,TriMap,0,n_inliers,40.0,n_outliers,10.0,0.5353019191761585,0.496461913677938,0.5384130110930314,0.5228882003729874,0.47862148838315166,0.10294734478411605,0.09487336499194646,0.10358948685451465,0.10105476554725623,0.09531317673350195
cifar,TriMap,0,n_inliers,60.0,n_outliers,2.0,0.5327171982851496,0.506853736189436,0.536349785272199,0.5379957685992169,0.4852931888935945,0.103520184909734,0.09822870339441059,0.10351933481630128,0.10381529496919721,0.0963707153374199
cifar,TriMap,0,n_inliers,60.0,n_outliers,5.0,0.5535774654689462,0.5096583394631061,0.5519962626960598,0.5392045412329388,0.5024156877605154,0.11329616572499839,0.09698170194878894,0.11235859129432942,0.10926011553526492,0.10365248582365003
cifar,TriMap,0,n_inliers,60.0,n_outliers,10.0,0.5514450475150272,0.4808154362540772,0.5538354267436418,0.5320401370097111,0.5090887814011547,0.10677998551298498,0.0904639238349004,0.10654233794236441,0.10225798414776244,0.10365967161167165
cifar,TriMap,0,n_inliers,80.0,n_outliers,2.0,0.5298696401637578,0.5365492350786468,0.52519731367348,0.5247573167197914,0.5027556115284311,0.10434251247293122,0.10301781780112365,0.10393574169728013,0.10355113017050795,0.10124039280168959
cifar,TriMap,0,n_inliers,80.0,n_outliers,5.0,0.5406752223435793,0.525987218494825,0.5402716789633626,0.5339617279272453,0.5291633231541953,0.10712222280759312,0.10153086366576317,0.10738438949515575,0.10574648279965956,0.11046471519384549
cifar,TriMap,0,n_inliers,80.0,n_outliers,10.0,0.5276304155614501,0.5051654945797948,0.5235046604848836,0.5194499550483324,0.5331968994494349,0.1024671125911034,0.09531239463035474,0.10203509243337679,0.10028170983256218,0.10740250682925671
cifar,TriMap,0,n_inliers,120.0,n_outliers,2.0,0.5450844794151082,0.5247484935618809,0.5434607861712324,0.5425917051170601,0.5068402692642043,0.10822952706659776,0.10545162119344559,0.10755238423715147,0.10770804610506171,0.10294955436697029
cifar,TriMap,0,n_inliers,120.0,n_outliers,5.0,0.5433946124869045,0.49756713030039607,0.5448348769215909,0.5152533825201168,0.5355642920298093,0.10237035594066632,0.09086884115104499,0.10315708510130658,0.09807886132961768,0.10966486948475827
cifar,TriMap,0,n_inliers,120.0,n_outliers,10.0,0.5351375298129862,0.4923442851941838,0.5375067799002891,0.5199649488442591,0.5291317455364108,0.10294937167839735,0.09104383409194924,0.1035473449164307,0.1008877224644711,0.10487671295615918
cifar,TriMap,1,n_inliers,5.0,n_outliers,2.0,0.5559587893512843,0.5098417682722957,0.5537829521729116,0.5513117713929072,0.505210771311177,0.10874703035814152,0.09609624904074829,0.10858392081237192,0.10875564224026196,0.10405908653355518
cifar,TriMap,1,n_inliers,5.0,n_outliers,5.0,0.5280051675842751,0.49796231489943454,0.5281809341773845,0.5258941109600338,0.5181770984255771,0.10187794304624703,0.09552814666902529,0.10280364914573605,0.10210107278943029,0.1070655827415134
cifar,TriMap,1,n_inliers,5.0,n_outliers,10.0,0.556269457385076,0.5275126960598563,0.5586644803810119,0.5469652051802154,0.49641919101858256,0.10913423648154007,0.10485504305543387,0.10995759480914453,0.10795072556675578,0.10117665270796083
cifar,TriMap,1,n_inliers,8.0,n_outliers,2.0,0.5477295692812935,0.5078593440028532,0.5490709214720371,0.546797100803186,0.5117942402425162,0.11244603233669265,0.10049866722536109,0.11174427635307943,0.11265813790000564,0.10656307952015359
cifar,TriMap,1,n_inliers,8.0,n_outliers,5.0,0.5228654459131132,0.5278909309081723,0.5213285911181449,0.5123528854512627,0.49404251090356566,0.09955286985865364,0.10698061853167296,0.09886244404651554,0.09810250664130786,0.09931559642973015
cifar,TriMap,1,n_inliers,8.0,n_outliers,10.0,0.5373075622822073,0.5335514510844126,0.5398797450014489,0.5302067776712807,0.5094096657230531,0.10185177238565787,0.10469020782359927,0.10287453530289042,0.10048144250435558,0.10079512281667322
cifar,TriMap,1,n_inliers,10.0,n_outliers,2.0,0.5427574876104287,0.5266282905735238,0.5422527101026087,0.5380547444441968,0.5397970859431306,0.10477581078364187,0.09987031900522826,0.10538946347124079,0.10442580103059589,0.11277637890390682
cifar,TriMap,1,n_inliers,10.0,n_outliers,5.0,0.5289153459792405,0.4744755329187378,0.5309202925201911,0.5329902518036392,0.5066029727540884,0.10324179558283371,0.08968215509545073,0.10437844190836128,0.10496408783401805,0.10340159172649924
cifar,TriMap,1,n_inliers,10.0,n_outliers,10.0,0.5398672068296814,0.5128862221281085,0.5407523088811121,0.5350395463225077,0.5266598681913084,0.1035426780206341,0.10013660394426449,0.1043618081002985,0.10234461820982096,0.109963004615832
cifar,TriMap,1,n_inliers,15.0,n_outliers,2.0,0.5485106509447281,0.5345874755737838,0.5459795655662796,0.5215798189302246,0.5151340376999607,0.10894863988802206,0.10679923860673965,0.10794669244127461,0.10501684779890093,0.10737697394432241
cifar,TriMap,1,n_inliers,15.0,n_outliers,5.0,0.5570041013752981,0.5179588413614783,0.5567489263609953,0.546471108337234,0.5444362094970614,0.11001843811859138,0.09897763402997703,0.11019742324186843,0.10891585426504785,0.11313812791246508
cifar,TriMap,1,n_inliers,15.0,n_outliers,10.0,0.530419462214594,0.5134339544836503,0.5327155729665871,0.5434484801878311,0.5433124178053185,0.10279687719047324,0.09725862159148378,0.10373113940431086,0.10485253522634647,0.11393418703563364
cifar,TriMap,1,n_inliers,20.0,n_outliers,2.0,0.5340137381212433,0.4926096764965933,0.5402746974121213,0.5375471806759838,0.5293458232099206,0.10325706414183031,0.09619260027540147,0.10399562516135158,0.1037236065328206,0.10714024054325963
cifar,TriMap,1,n_inliers,20.0,n_outliers,5.0,0.5510837624174338,0.5416141920959365,0.5488610231891164,0.5412454769706292,0.49152280275505433,0.10959775967184274,0.11303150684525629,0.10821349039272601,0.1077466549493915,0.09852853663567278
cifar,TriMap,1,n_inliers,20.0,n_outliers,10.0,0.534572847706722,0.500615763546798,0.5381274194027743,0.536004521171864,0.5151386814672819,0.10379604626671447,0.09740558909221816,0.10407919144596153,0.10396140441239907,0.10427377447030631
cifar,TriMap,1,n_inliers,30.0,n_outliers,2.0,0.5285354858123621,0.5190805433579266,0.5291247798854289,0.5240570366077466,0.5028563812793022,0.10991928569372646,0.10225581571504194,0.1094116315746873,0.10859438439121152,0.10633328288639901
cifar,TriMap,1,n_inliers,30.0,n_outliers,5.0,0.5407792427315754,0.5309281869246372,0.5397448435607665,0.5285988732362972,0.541705209935433,0.1069365635835228,0.10163488626308753,0.10600015234997773,0.10409293406439361,0.11455795684836059
cifar,TriMap,1,n_inliers,30.0,n_outliers,10.0,0.5319978787270877,0.5107062055591468,0.5372156156892465,0.5137980258416364,0.5097811671087533,0.1049792688869193,0.1038052255837118,0.10646973656948228,0.10136268491748077,0.10120416503554326
cifar,TriMap,1,n_inliers,40.0,n_outliers,2.0,0.5457174249009948,0.49287553217573504,0.5458637035716143,0.5397107118709553,0.5284960137901314,0.10681925363426442,0.09383822212173401,0.10739547944860638,0.10604038557938131,0.10895819749251634
cifar,TriMap,1,n_inliers,40.0,n_outliers,5.0,0.536156836740001,0.49792702226779306,0.5379878741947708,0.5343323005594811,0.4987285365074412,0.10559994491323024,0.09665612508413321,0.10564179931981918,0.1051629645730443,0.09852183080210455
cifar,TriMap,1,n_inliers,40.0,n_outliers,10.0,0.5562392728974879,0.5042051634977598,0.5543070013151149,0.5474516398071165,0.514245220634673,0.11417018013825837,0.09547992908770297,0.11423170777375874,0.11339240091666912,0.11264010496500647
cifar,TriMap,1,n_inliers,60.0,n_outliers,2.0,0.5402150250020432,0.49950381346172423,0.5420760147560351,0.5192549168208398,0.4948031599907867,0.10601575254954211,0.09287353333310433,0.1066606929333167,0.10358068743462667,0.10070723705292867
cifar,TriMap,1,n_inliers,60.0,n_outliers,5.0,0.5410982695465454,0.520004885243222,0.5405145479942641,0.5176941466241669,0.512910137529813,0.10831913700525421,0.10917894184615451,0.10784129273309326,0.10314720866908328,0.10445075676043372
cifar,TriMap,1,n_inliers,60.0,n_outliers,10.0,0.5256995371092734,0.5105346183566264,0.5256628513474355,0.5082115737541701,0.536123401615288,0.10207628788734355,0.10112022869456185,0.10197474034075721,0.09851333683641067,0.10840427441176806
cifar,TriMap,1,n_inliers,80.0,n_outliers,2.0,0.532974927371479,0.5125230795235867,0.5357651349664535,0.5302880435994026,0.49139695666064837,0.10627837288848445,0.10271027912925657,0.1077219749304176,0.10559616531725102,0.09744059647799916
cifar,TriMap,1,n_inliers,80.0,n_outliers,5.0,0.5547690561635795,0.524515144253988,0.5560748835343156,0.5184417931628885,0.4806577803535207,0.10908194452012805,0.10330621892342728,0.10952240367972063,0.10325867089538934,0.09597022955839132
cifar,TriMap,1,n_inliers,80.0,n_outliers,10.0,0.5498053332738931,0.5263104247003841,0.5495536410850812,0.5277685676392573,0.5023000579542162,0.11024398683445384,0.10137216431489869,0.1107223936414928,0.10633514797453911,0.1025609144820025
cifar,TriMap,1,n_inliers,120.0,n_outliers,2.0,0.5360518875985407,0.5325418960687723,0.5383401039460878,0.5354765248274377,0.5345189800057955,0.10608281114166801,0.10379576100943497,0.10661636632370944,0.10584005076330365,0.10785756126896216
cifar,TriMap,1,n_inliers,120.0,n_outliers,5.0,0.5415607887717421,0.5098505914302061,0.5439267882219201,0.5337947844920462,0.499124649859944,0.1066068512026124,0.09645036947601077,0.10817749501291914,0.10639543281113219,0.10240091511913009
cifar,TriMap,1,n_inliers,120.0,n_outliers,10.0,0.543247869439553,0.49267515361582304,0.5407785461664771,0.5281783801053578,0.5179472319431752,0.10687276473116412,0.09325932708302001,0.10679299864669901,0.10297487807326852,0.10424557297517398
cifar,TriMap,2,n_inliers,5.0,n_outliers,2.0,0.5462240599157435,0.5191353398123175,0.5432908242872747,0.5396238734220479,0.5305402001649466,0.10726879849729119,0.10005013810847643,0.10681252365801892,0.10720457719004198,0.10941981102656367
cifar,TriMap,2,n_inliers,5.0,n_outliers,5.0,0.5483764460691438,0.506085889262867,0.5508664341067993,0.5514520131660091,0.4943397120121258,0.10970519606881513,0.09960743746928767,0.1099765996467508,0.10981291994231285,0.10122236848733795
cifar,TriMap,2,n_inliers,5.0,n_outliers,10.0,0.5367702784031385,0.5411744273306139,0.5319885911924451,0.5359051445511892,0.5178710741591066,0.10582149727481449,0.1071221257710245,0.10634356106252608,0.10654027243755432,0.10466707879185981
cifar,TriMap,2,n_inliers,8.0,n_outliers,2.0,0.5126997748701603,0.5043112735810504,0.5097481963607724,0.5264476480247271,0.49976827601066953,0.101658706891491,0.09529471382525215,0.10164978391723303,0.10299607931167536,0.09974966865910428
cifar,TriMap,2,n_inliers,8.0,n_outliers,5.0,0.5380649607323035,0.5056753802316682,0.5329537982301674,0.5319481904167502,0.5219009354404892,0.10466005503043622,0.0990575984747068,0.10522099649670555,0.10407735514815653,0.1053785493580997
cifar,TriMap,2,n_inliers,8.0,n_outliers,10.0,0.5440178060614167,0.4902882572126994,0.5474012549316809,0.5445810950374844,0.49510918425725725,0.10375275515394819,0.09438376806026555,0.10487262219435863,0.10439203045807942,0.09872137581412262
cifar,TriMap,2,n_inliers,10.0,n_outliers,2.0,0.5262419291323956,0.4962970599380336,0.5334451088127559,0.5330770902525466,0.49789590902674064,0.10304972072593457,0.09647289179506482,0.105011200797737,0.10399971016656216,0.10162936592844378
cifar,TriMap,2,n_inliers,10.0,n_outliers,5.0,0.5351342791758613,0.524425519544688,0.5383440511483107,0.5228329395418645,0.48582164961475316,0.10395290628792234,0.10736191934900827,0.10364296202044612,0.10168648126149149,0.0958975190817946
cifar,TriMap,2,n_inliers,10.0,n_outliers,10.0,0.5369184145806863,0.5197650346610793,0.5354389103121354,0.5259897725668516,0.5247763561658085,0.10178604328624494,0.0968069416869082,0.10141715482115732,0.09939429353547406,0.10482375270643296
cifar,TriMap,2,n_inliers,15.0,n_outliers,2.0,0.5589294073066893,0.5304150506356389,0.5573015346722243,0.55862802680754,0.5030774246037937,0.11083693629042402,0.1011795482615511,0.11042372448235398,0.11065776817441039,0.10798651580652355
cifar,TriMap,2,n_inliers,15.0,n_outliers,5.0,0.5405233711521744,0.5411279896574014,0.540032524946318,0.5322658241015239,0.502262443438914,0.10503000384961121,0.10476304725895795,0.10478326539192276,0.10370054316829637,0.10060216218551382
cifar,TriMap,2,n_inliers,15.0,n_outliers,10.0,0.5496780940492908,0.5258699633699633,0.5475681983668799,0.5322479455973371,0.5261030804894902,0.10917904309152428,0.10335122061616928,0.10752019189069592,0.10726331647079423,0.1086396165928162
cifar,TriMap,2,n_inliers,20.0,n_outliers,2.0,0.5311675731300478,0.5084330814553938,0.5347493108649295,0.5396580051118591,0.4854227500018575,0.106273183949081,0.10197797609559509,0.10649730943193217,0.10667868155008126,0.09837473305122021
cifar,TriMap,2,n_inliers,20.0,n_outliers,5.0,0.5308982346254152,0.49111786624464104,0.5312237627146349,0.528917203486169,0.5053352242753866,0.10432562419920047,0.09510227963900568,0.10399410456772838,0.10442296352649119,0.10489152654778845
cifar,TriMap,2,n_inliers,20.0,n_outliers,10.0,0.5421821248393257,0.5219710563270401,0.5403613036726627,0.5105757156974196,0.49713061617219834,0.10770123239509019,0.10713469463689043,0.1075471675169265,0.10375230686001742,0.10375829875209097
cifar,TriMap,2,n_inliers,30.0,n_outliers,2.0,0.5375666844987332,0.4845225557066328,0.5400773373009681,0.5540483434753212,0.4732026762959826,0.10291169519017318,0.09390779935909749,0.10343291361168601,0.1052998619209423,0.09485308291510477
cifar,TriMap,2,n_inliers,30.0,n_outliers,5.0,0.5414600190208709,0.5233776534486474,0.5424222076098344,0.5412371181894509,0.5081711729784752,0.1092415461944688,0.10643367072721485,0.10872029058574252,0.1085312998614876,0.10364146778363831
cifar,TriMap,2,n_inliers,30.0,n_outliers,10.0,0.5293653270326699,0.48962303754393005,0.533400993023204,0.5134186300514901,0.5169999034096397,0.10650782466987846,0.09117351887709847,0.10647074779587772,0.10371581135496002,0.10751471816099069
cifar,TriMap,2,n_inliers,40.0,n_outliers,2.0,0.550353297817801,0.5077824896536864,0.5555115945582477,0.5496632339938629,0.5212308398160326,0.11167852096851684,0.09778895822458203,0.11310095795326325,0.11248930732245851,0.10696674830696493
cifar,TriMap,2,n_inliers,40.0,n_outliers,5.0,0.5501991247427352,0.4921404238087808,0.5555074151676587,0.5273229981647831,0.5111380759200231,0.10925508880794989,0.09892748880802414,0.11010323171369263,0.10587030010561133,0.10383976998715433
cifar,TriMap,2,n_inliers,40.0,n_outliers,10.0,0.5405851332575471,0.5057280869907644,0.5416441443951585,0.5145303479481979,0.5169135293374645,0.10924057392227074,0.0996149818158995,0.11119909930906953,0.10332896112780175,0.10877530146061559
cifar,TriMap,2,n_inliers,60.0,n_outliers,2.0,0.5315260719672484,0.5074325817860301,0.5299132915765776,0.5216631745536411,0.5096608935351329,0.1045642452827699,0.09916019507027338,0.10395563424545616,0.10360353908147198,0.10554972215670777
cifar,TriMap,2,n_inliers,60.0,n_outliers,5.0,0.5451592440689803,0.5327766385068616,0.5440537952581563,0.531802376122863,0.50792969707777,0.10936185894206216,0.10254422701531232,0.10953636439532644,0.1073364566110674,0.1043334336268343
cifar,TriMap,2,n_inliers,60.0,n_outliers,10.0,0.522523664638269,0.5137037573650151,0.5220369978230018,0.5208992748292951,0.49345368120723093,0.10760202888346239,0.09770156188947493,0.11074176817489215,0.10650826616137651,0.1055137074939063
cifar,TriMap,2,n_inliers,80.0,n_outliers,2.0,0.5443609804664571,0.5151867444590568,0.5457092983081827,0.5329168802799635,0.516518809115158,0.10489794017332377,0.09825258675039827,0.1055460537730921,0.10370075512919338,0.1058831235334455
cifar,TriMap,2,n_inliers,80.0,n_outliers,5.0,0.5419838359747082,0.5220286390418236,0.543626104287869,0.5050969990118064,0.5091449709857419,0.10353936154838629,0.09996542157719597,0.10392754712865154,0.09768161428036988,0.10193321323021885
cifar,TriMap,2,n_inliers,80.0,n_outliers,10.0,0.5142990883355996,0.4970988063660478,0.51678582573613,0.5473654979233072,0.5322834704173446,0.09936229706097958,0.09425102881527601,0.09971376043240815,0.10402503588530546,0.1058577367120668
cifar,TriMap,2,n_inliers,120.0,n_outliers,2.0,0.5574773012653338,0.5120958529300315,0.5594943216013195,0.526554454673116,0.5165880012482447,0.11204027493769139,0.09812025166625925,0.11154490520402771,0.10678554250376468,0.1099289838024654
cifar,TriMap,2,n_inliers,120.0,n_outliers,5.0,0.549764003744734,0.5088944397387603,0.5535862886268565,0.5259739837579593,0.5330134706402454,0.11399136258683375,0.10357007025523171,0.11208802650890094,0.10907942728576034,0.11795972023965509
cifar,TriMap,2,n_inliers,120.0,n_outliers,10.0,0.5317480440452043,0.508870988713788,0.5329651754601045,0.5283409119616016,0.5180568248519567,0.10659172142492526,0.0981654031364736,0.10513188877070329,0.10474355128229136,0.10698392388507866
cifar,TriMap,3,n_inliers,5.0,n_outliers,2.0,0.526587889797829,0.5078082625623194,0.5257880008767433,0.5321357986165288,0.5123556717116555,0.10489904571935679,0.09673771752407408,0.105315751049874,0.10467917716192972,0.10326258041559441
cifar,TriMap,3,n_inliers,5.0,n_outliers,5.0,0.5465546961490166,0.5151556312180045,0.5473601575908877,0.5405581994070838,0.5263473426505881,0.10741986897612082,0.09900558113734537,0.10720501718374807,0.10644573672063407,0.11007022756207555
cifar,TriMap,3,n_inliers,5.0,n_outliers,10.0,0.5436746316563761,0.4963291019325502,0.5419548124289504,0.539991659793891,0.5027672209467341,0.10748090936691605,0.09892690572929615,0.10753400147809428,0.10711136652888884,0.10168736495179541
cifar,TriMap,3,n_inliers,8.0,n_outliers,2.0,0.54430479088187,0.5315820293634694,0.5433152040657112,0.5426683272778607,0.5197689818633024,0.10388615469492365,0.10181466013475216,0.10401591417724299,0.10354735287401082,0.10613547208997931
cifar,TriMap,3,n_inliers,8.0,n_outliers,5.0,0.5533471346098121,0.5383085263283032,0.5550332865241587,0.5371334210076604,0.4837314899434575,0.11407977111948302,0.11166249906217907,0.11295085655147061,0.11217913121635678,0.10004973976731345
cifar,TriMap,3,n_inliers,8.0,n_outliers,10.0,0.5607655529055123,0.5367006218933197,0.558324092236364,0.5503147545490344,0.5055381569073252,0.1128019206835942,0.10883840275499265,0.11337470777596453,0.11091270351473959,0.10566712926862314
cifar,TriMap,3,n_inliers,10.0,n_outliers,2.0,0.5472958414134884,0.5153843367585761,0.5497054922764861,0.5334258371783727,0.5032901091471071,0.11088027966279895,0.10569145563405752,0.11081546859713327,0.10945032779212577,0.1074688987747427
cifar,TriMap,3,n_inliers,10.0,n_outliers,5.0,0.5525168290127722,0.5207706424744964,0.5504301521669677,0.5406585047812229,0.5209605725579357,0.11166384635577918,0.0993186940046974,0.11161730887222018,0.11024428178646245,0.10872932632873838
cifar,TriMap,3,n_inliers,10.0,n_outliers,10.0,0.5214175192623468,0.5102529738685926,0.5195987877909785,0.5071574385722459,0.5021937156825595,0.09870139311603755,0.09895464157825201,0.0988816130122484,0.09700322920666885,0.09907810003723339
cifar,TriMap,3,n_inliers,15.0,n_outliers,2.0,0.5328648700859654,0.521425181478427,0.5293572004398577,0.5225766035857314,0.50261119036474,0.0989013844562974,0.10015087182401977,0.0983736419111858,0.09720151008162382,0.09816868569845322
cifar,TriMap,3,n_inliers,15.0,n_outliers,5.0,0.5442866801893171,0.5144732296101464,0.5423453532606677,0.5319804645996329,0.4908211295128131,0.10551649114718184,0.10219279843398901,0.10497427848629443,0.10433578890346923,0.09840039957403807
cifar,TriMap,3,n_inliers,15.0,n_outliers,10.0,0.545387717421186,0.5054603738046943,0.547168137812154,0.5321692337412419,0.5266691557259509,0.1047640289036583,0.10042059338945114,0.10484601229516971,0.10227969885184289,0.10702993946082821
cifar,TriMap,3,n_inliers,20.0,n_outliers,2.0,0.5349285602835299,0.5238004684632473,0.5360286687619344,0.529336535675278,0.504747323332516,0.10164324235661851,0.10091724897890664,0.10151481979348032,0.1010283811704713,0.09824329217038066
cifar,TriMap,3,n_inliers,20.0,n_outliers,5.0,0.5324956905839259,0.5198305117803089,0.5322031332426871,0.5313914027149321,0.5136847179189978,0.10666165947736263,0.09859104971518975,0.10658626385501747,0.10632924901705512,0.10972152322886079
cifar,TriMap,3,n_inliers,20.0,n_outliers,10.0,0.5245567059715133,0.5054387802866505,0.5230806845284532,0.5199575188165452,0.4907198953852098,0.1016220109907582,0.09724185589250137,0.10343634593190783,0.10129477269532768,0.0965248012623938
cifar,TriMap,3,n_inliers,30.0,n_outliers,2.0,0.5390526900415339,0.5323243355697717,0.5385959755254887,0.5337959454338764,0.5001420992800303,0.10491067926317735,0.10317390976882909,0.10498859380934436,0.1042282569824527,0.10239112963586958
cifar,TriMap,3,n_inliers,30.0,n_outliers,5.0,0.5507169047990549,0.5401421178550996,0.5444958819071395,0.5445262985830938,0.49022022602144305,0.10959745101759355,0.10727536969124787,0.10908357001632119,0.10921290747926643,0.10101423654263775
cifar,TriMap,3,n_inliers,30.0,n_outliers,10.0,0.5369128420599009,0.5116964889404038,0.5367876925305931,0.5133271478352615,0.5087874009020054,0.1042039046168374,0.10164441489115564,0.10203103462866689,0.10071189987495738,0.10073233293207506
cifar,TriMap,3,n_inliers,40.0,n_outliers,2.0,0.5354393746888676,0.515087367838382,0.535541073193203,0.5390926264404966,0.5096896848925246,0.10755155079519443,0.10578277813312034,0.10631116654772717,0.1078136646142715,0.11218147748222204
cifar,TriMap,3,n_inliers,40.0,n_outliers,5.0,0.5354361240517428,0.5129667914911323,0.536245300507471,0.5217541923931377,0.519006939645885,0.10407186707719143,0.09641192971674041,0.104878423850982,0.10166705930053258,0.10355837699355006
cifar,TriMap,3,n_inliers,40.0,n_outliers,10.0,0.5334880636604775,0.48426645193886575,0.5396891183529114,0.5367273235554169,0.5254028003774454,0.10452206395160994,0.09137182492093193,0.10669650734297727,0.10506831265345672,0.11044371394401181
cifar,TriMap,3,n_inliers,60.0,n_outliers,2.0,0.5605124675865041,0.5189644491748954,0.565147876126578,0.5519860464079531,0.5134757483895416,0.1123075005084826,0.1036833411703929,0.11307801617242898,0.1106072008268967,0.10471083882627143
cifar,TriMap,3,n_inliers,60.0,n_outliers,5.0,0.5552715117877389,0.5134434742066588,0.5576212580522926,0.5399459186857767,0.512354278581459,0.11385011913868828,0.09779803035479653,0.11593998970004181,0.11174330900513287,0.10729737716890313
cifar,TriMap,3,n_inliers,60.0,n_outliers,10.0,0.5185578873459198,0.4993011130181515,0.5161682046824034,0.5056914012289266,0.5008163742950761,0.09914037306959438,0.10004684030286606,0.09878609039938926,0.0962325800214216,0.09776184918983905
cifar,TriMap,3,n_inliers,80.0,n_outliers,2.0,0.5352155451039833,0.49786758204608106,0.5359808379585256,0.523539720928159,0.5361726255488933,0.10661331029104701,0.09428589842264518,0.10587527803308097,0.10409400414867524,0.11216786127065234
cifar,TriMap,3,n_inliers,80.0,n_outliers,5.0,0.5552366835328295,0.5299163100253365,0.5553358279651384,0.5289905750098447,0.4954518942855657,0.11269994932467364,0.10472997301951456,0.1133095890094502,0.10807625229707778,0.10499677376855845
cifar,TriMap,3,n_inliers,80.0,n_outliers,10.0,0.523595446136014,0.4932468013730692,0.5191070128316578,0.5143652620199273,0.512954253319365,0.10295363125415134,0.09189935806282828,0.10263400981265683,0.10032565815203251,0.10094727135394307
cifar,TriMap,3,n_inliers,120.0,n_outliers,2.0,0.5247563879663271,0.5140406626841718,0.5257292572201294,0.5154214868971462,0.5112546344797866,0.10597580765944152,0.0988232440756247,0.10601084949883458,0.10454551382178792,0.10177732508040924
cifar,TriMap,3,n_inliers,120.0,n_outliers,5.0,0.5375759720333756,0.5093430276619932,0.5375801514239649,0.5254069797680345,0.5239219029786981,0.10615462645870954,0.10165900907250347,0.10724448527897178,0.10548499222263646,0.10497921413952786
cifar,TriMap,3,n_inliers,120.0,n_outliers,10.0,0.5402572832846666,0.47422012571606886,0.542034917415242,0.5136970239023991,0.4927092853056342,0.10382393252604816,0.08745546632382092,0.10495339362248787,0.09885245870909826,0.09657238014603176
cifar,TriMap,4,n_inliers,5.0,n_outliers,2.0,0.5407040137009711,0.505348226823886,0.5362794321972821,0.5415371055584037,0.5060090349137003,0.1049688371832777,0.10571742462282116,0.10372807154188637,0.10450676799289374,0.10348981012086705
cifar,TriMap,4,n_inliers,5.0,n_outliers,5.0,0.5381439047767648,0.521611164359643,0.536323547986834,0.5336222685360617,0.5228956304007014,0.10676036995416224,0.10346126898848164,0.10584099375774306,0.10576812935539522,0.10742217188346367
cifar,TriMap,4,n_inliers,5.0,n_outliers,10.0,0.5465658411905877,0.5098424648373939,0.5481860516089725,0.5548610027565403,0.5532626180445652,0.10765671833754135,0.1010967654081465,0.10841053853778654,0.10886881709799578,0.11823313595236866
cifar,TriMap,4,n_inliers,8.0,n_outliers,2.0,0.5427616670010179,0.4988562401087756,0.5427855824027223,0.5514854482907221,0.5378114110365632,0.10919501757804881,0.09425067320472488,0.10833467065531077,0.10981973530288738,0.12192079754895173
cifar,TriMap,4,n_inliers,8.0,n_outliers,5.0,0.5538932416467913,0.5361106312551546,0.5529635594290767,0.5447677744837989,0.5184362206421029,0.10755275836598066,0.1006788332753139,0.10816883529287326,0.1068274982401028,0.10836377424959179
cifar,TriMap,4,n_inliers,8.0,n_outliers,10.0,0.5291586793868741,0.5209554644138823,0.5278888412128777,0.5233052106784358,0.5129305701060265,0.10212613652702693,0.1052420038773108,0.10276829843603871,0.10114311379355824,0.10221982788021879
cifar,TriMap,4,n_inliers,10.0,n_outliers,2.0,0.55310194369525,0.5109321248393257,0.5543239510658375,0.5452191486674245,0.5318464919124148,0.10842462322447606,0.1022035599217044,0.10893308945977634,0.10835717064279052,0.11398787694178483
cifar,TriMap,4,n_inliers,10.0,n_outliers,5.0,0.5200972962129149,0.5042532264895349,0.5188994364323979,0.5287681385551568,0.5179732370401742,0.10016128019025244,0.0976946454769578,0.10092326569068077,0.10057696829248512,0.10096201522776144
cifar,TriMap,4,n_inliers,10.0,n_outliers,10.0,0.5349308821671904,0.5214906585976565,0.5325467720244597,0.517798167012163,0.5124086106591177,0.10261307457559124,0.09958735633744784,0.10198346582386227,0.10031546869950872,0.10205825436513127
cifar,TriMap,4,n_inliers,15.0,n_outliers,2.0,0.5409529196293902,0.5275558830959439,0.5410053942001203,0.537699496244121,0.5257756948933419,0.10587383037574084,0.10048061168016044,0.10631619497915565,0.10470152690539661,0.10500619929800795
cifar,TriMap,4,n_inliers,15.0,n_outliers,5.0,0.536260392751265,0.5240842026465758,0.5355812417805318,0.5374505903157019,0.519975629509098,0.1089516520264403,0.1046421517812645,0.10806212999984191,0.10929585741305389,0.10899452773058288
cifar,TriMap,4,n_inliers,15.0,n_outliers,10.0,0.5431828566970555,0.5058571837222954,0.5463933252346032,0.5365055836658271,0.5087600026748099,0.10864332215316808,0.09641374509659635,0.10864317793234406,0.10780299848443052,0.1060024935129697
cifar,TriMap,4,n_inliers,20.0,n_outliers,2.0,0.5228835566056662,0.5046871865457058,0.5254798869149782,0.5110229104904561,0.5136145970324469,0.10197213424308717,0.09663719419176056,0.10301467220464457,0.10031569286390637,0.10244366039780642
cifar,TriMap,4,n_inliers,20.0,n_outliers,5.0,0.5317540809427219,0.5144495463968081,0.5292457500241476,0.535767224661748,0.5072159500404937,0.10275154342040854,0.10271683748163399,0.10196525101675326,0.10240943047892587,0.10148949708602584
cifar,TriMap,4,n_inliers,20.0,n_outliers,10.0,0.5457573612999577,0.47770387996047226,0.5486358004740358,0.5366235353557869,0.5155041459554643,0.10938993595376026,0.0927280329706462,0.1108288206923276,0.10774437324111666,0.1071232191580189
cifar,TriMap,4,n_inliers,30.0,n_outliers,2.0,0.5292408740684603,0.4956248746182823,0.5318423125218257,0.5329647110833724,0.5377343244990304,0.10477459886023388,0.09473368877793426,0.10488966001692548,0.10533006039569623,0.11317908160920662
cifar,TriMap,4,n_inliers,30.0,n_outliers,5.0,0.526413748523282,0.4976059057575285,0.5259180263617383,0.524897094116161,0.5366681155220708,0.10505580307797037,0.09573021738442973,0.10524034485950484,0.10484068923129339,0.11255372211798673
cifar,TriMap,4,n_inliers,30.0,n_outliers,10.0,0.541790190877412,0.5294635427115143,0.5404133138666607,0.49546048525511005,0.49439450846651656,0.10605341496265738,0.10695265414516046,0.10582026927704324,0.09844427963383204,0.09955868514113184
cifar,TriMap,4,n_inliers,40.0,n_outliers,2.0,0.5295250726285209,0.5103778912095343,0.5260215823730023,0.5276982145643403,0.5037911716410702,0.10518246721596843,0.10384216829133297,0.10411279198064986,0.10385800435094196,0.1007399145484213
cifar,TriMap,4,n_inliers,40.0,n_outliers,5.0,0.5254803512917103,0.5128158690531917,0.5227263650818418,0.5038775457132455,0.5143004814657959,0.10026311252545053,0.09767405930185077,0.0996543354242587,0.09753461275766331,0.10311478790797324
cifar,TriMap,4,n_inliers,40.0,n_outliers,10.0,0.5310175794455714,0.5090386287140851,0.5308302034341588,0.5060568657171091,0.49974923656465237,0.10777759427966223,0.10180054703575861,0.10972529701475411,0.10437530514572023,0.10655223809534795
cifar,TriMap,4,n_inliers,60.0,n_outliers,2.0,0.5192609537183573,0.5034431212803424,0.5203677956593777,0.5134868934311125,0.5044575522516699,0.09939801502513908,0.09739010405118606,0.10024851498638201,0.0990531565109207,0.1008607697929958
cifar,TriMap,4,n_inliers,60.0,n_outliers,5.0,0.5437415019058021,0.5181808134394341,0.5454081499973995,0.5269338504632621,0.5173472572052693,0.10836818584247096,0.10534297860165928,0.10822583010937115,0.10560966567748269,0.10810730108069416
cifar,TriMap,4,n_inliers,60.0,n_outliers,10.0,0.5258267763338756,0.5079731163022239,0.5252098518452474,0.488217136987421,0.514263795703958,0.10070937410579317,0.09637753922304998,0.10070792297608533,0.09524167301087283,0.10237041000066643
cifar,TriMap,4,n_inliers,80.0,n_outliers,2.0,0.5393675374659147,0.5110605250057583,0.5366416460483397,0.5346791899783786,0.517364439144358,0.10550522355291406,0.09724023495663031,0.10621652685545488,0.10504030029683323,0.10722487052504193
cifar,TriMap,4,n_inliers,80.0,n_outliers,5.0,0.5286692263112142,0.5186667836896032,0.5257615314030122,0.5257111465275766,0.5182351455170928,0.10576533244270328,0.09948316771072727,0.1051537958611953,0.10572490220177663,0.10559452250842258
cifar,TriMap,4,n_inliers,80.0,n_outliers,10.0,0.5415877226222053,0.5295687240413407,0.5410258267763339,0.528208564592946,0.5264481124014593,0.10724134235292107,0.10635775550074515,0.1070843546758376,0.10352690595713733,0.11071663930683426
cifar,TriMap,4,n_inliers,120.0,n_outliers,2.0,0.5637250258193462,0.5192864944386243,0.5646166291450267,0.5593812458670471,0.5176788221920068,0.11294728305320234,0.09904566119883003,0.11358708538853148,0.11399866175053788,0.11137015572242578
cifar,TriMap,4,n_inliers,120.0,n_outliers,5.0,0.555954145583963,0.5101849426773362,0.5566444415962671,0.5297995192772069,0.5002544784492047,0.10908639431061179,0.09812244655716232,0.10931594041325944,0.10448101423897357,0.10256693291882595
cifar,TriMap,4,n_inliers,120.0,n_outliers,10.0,0.519515432167562,0.48096682306875005,0.5206770705629732,0.4921915052493146,0.5269770374993499,0.1014636737990594,0.08971601522258311,0.10164491591218493,0.09648555008344334,0.105874556635429
