dataset,method,seed,param1_name,param1_value,param2_name,param2_value,AUROC_kNN,AUROC_LOF,AUROC_IF,AUROC_centroid,AUROC_linear,AUPRC_kNN,AUPRC_LOF,AUPRC_IF,AUPRC_centroid,AUPRC_linear
swiss,HIGH-D,0,,,,,0.986272888888889,0.47641377777777777,0.9693591111111111,0.9498231111111112,0.9999915555555555,0.866409567141713,0.08727948525089793,0.8308143334449107,0.8238558804718911,0.9999246254609728
swiss,HIGH-D,1,,,,,0.986272888888889,0.47641377777777777,0.9693591111111111,0.9498231111111112,0.9999915555555555,0.866409567141713,0.08727948525089793,0.8308143334449107,0.8238558804718911,0.9999246254609728
swiss,HIGH-D,2,,,,,0.986272888888889,0.47641377777777777,0.9693591111111111,0.9498231111111112,0.9999915555555555,0.866409567141713,0.08727948525089793,0.8308143334449107,0.8238558804718911,0.9999246254609728
swiss,HIGH-D,3,,,,,0.986272888888889,0.47641377777777777,0.9693591111111111,0.9498231111111112,0.9999915555555555,0.866409567141713,0.08727948525089793,0.8308143334449107,0.8238558804718911,0.9999246254609728
swiss,HIGH-D,4,,,,,0.986272888888889,0.47641377777777777,0.9693591111111111,0.9498231111111112,0.9999915555555555,0.866409567141713,0.08727948525089793,0.8308143334449107,0.8238558804718911,0.9999246254609728
swiss,DR-SNE,0,lambda,0.0,k_density,40.0,0.7143422222222222,0.5493302222222223,0.7217326666666666,0.7100255555555556,0.9155697777777777,0.19084175283210408,0.11014726758960448,0.21204153274561455,0.21692739917882917,0.6086088835787742
swiss,DR-SNE,0,lambda,0.0,k_density,80.0,0.7857671111111111,0.541432,0.7410457777777779,0.7073213333333334,0.9615951111111111,0.23729535837129662,0.1179726819869849,0.2157900191990672,0.20887718004325367,0.7892427590882359
swiss,DR-SNE,0,lambda,0.0,k_density,300.0,0.7619386666666668,0.504813111111111,0.7377475555555556,0.7344897777777777,0.9646257777777777,0.19263352635522327,0.09781095124657457,0.16992184237214678,0.19157513455352232,0.8228203478855077
swiss,DR-SNE,0,lambda,5e-05,k_density,40.0,0.7164275555555555,0.5619895555555555,0.720518,0.7525026666666668,0.9462982222222223,0.19709603384979718,0.12415714163709388,0.19639741332358948,0.34141030356577484,0.663277879178326
swiss,DR-SNE,0,lambda,5e-05,k_density,80.0,0.7523280000000001,0.5646188888888889,0.7846026666666668,0.7654084444444444,0.9749826666666667,0.239544310496689,0.12690771867516104,0.26832897353741786,0.22663433886814316,0.8731836937770291
swiss,DR-SNE,0,lambda,5e-05,k_density,300.0,0.6480688888888889,0.48998377777777774,0.7136777777777779,0.7914404444444444,0.9796839999999999,0.1688159392570699,0.09772330162884066,0.1714716709961377,0.21593481327636954,0.8729911409162232
swiss,DR-SNE,0,lambda,0.0001,k_density,40.0,0.7119915555555555,0.5162535555555556,0.763064,0.8274822222222222,0.975244,0.19833109219508158,0.10091329998824135,0.24582160597414268,0.4383496790612355,0.8674916450889771
swiss,DR-SNE,0,lambda,0.0001,k_density,80.0,0.9257515555555555,0.4972417777777777,0.9122173333333333,0.915996888888889,0.9970164444444444,0.4866043398674144,0.09946364345868908,0.4834217793051593,0.561053125777188,0.9768442592482
swiss,DR-SNE,0,lambda,0.0001,k_density,300.0,0.5926111111111111,0.5286391111111111,0.6467417777777777,0.7008924444444444,0.9459595555555556,0.1600753644492318,0.11516256992349909,0.15439019623064934,0.16594908974195285,0.7435063276668531
swiss,DR-SNE,0,lambda,0.0002,k_density,40.0,0.8467355555555555,0.5391106666666666,0.819475111111111,0.8225768888888889,0.97458,0.2897320026306888,0.10684705353139878,0.30978441299558007,0.5205013868858823,0.8285963307185463
swiss,DR-SNE,0,lambda,0.0002,k_density,80.0,0.873004,0.5177562222222223,0.8615684444444445,0.9053546666666666,0.9938062222222223,0.32619532157382736,0.10325785394494486,0.3449220785784708,0.6592106430226391,0.9522566091609883
swiss,DR-SNE,0,lambda,0.0002,k_density,300.0,0.6514337777777778,0.47592977777777773,0.7006600000000001,0.6838715555555556,0.9514591111111111,0.13045656134562192,0.09114511460869287,0.1542779112562021,0.14605870704813703,0.6997952127118291
swiss,DR-SNE,0,lambda,0.0005,k_density,40.0,0.8366262222222219,0.5314646666666667,0.7729564444444444,0.7747493333333333,0.9567551111111111,0.3250960683015461,0.10858186809161378,0.3831863725910925,0.5225806692171822,0.7461898954358199
swiss,DR-SNE,0,lambda,0.0005,k_density,80.0,0.8016671111111111,0.573354888888889,0.8121311111111111,0.8463066666666667,0.9878417777777778,0.2737648456667442,0.12203319816842886,0.3213385152908332,0.30448373239159593,0.9199240053718413
swiss,DR-SNE,0,lambda,0.0005,k_density,300.0,0.6067822222222222,0.5190824444444444,0.6493835555555556,0.7032075555555556,0.9455546666666668,0.2032799310797874,0.1168167854411933,0.1627912942250346,0.1681239295263327,0.7408810484674969
swiss,DR-SNE,0,lambda,0.001,k_density,40.0,0.6275688888888888,0.49750866666666665,0.5942393333333333,0.5894282222222222,0.8869026666666666,0.13124827882393075,0.09764469772271289,0.12370508986683679,0.12363122205043423,0.44958635026390814
swiss,DR-SNE,0,lambda,0.001,k_density,80.0,0.66598,0.5459304444444444,0.7193862222222223,0.7799604444444443,0.9703915555555557,0.18326129440747835,0.1179736716035685,0.21834088984894082,0.275631452788682,0.7879750016187465
swiss,DR-SNE,0,lambda,0.001,k_density,300.0,0.7415346666666667,0.5061353333333334,0.72948,0.7543768888888889,0.9626462222222223,0.17647124702379552,0.09632062449589229,0.1704994439788614,0.2201604050300518,0.8098744501780587
swiss,DR-SNE,0,lambda,0.002,k_density,40.0,0.7589515555555555,0.47714733333333337,0.7526835555555556,0.7652551111111112,0.9474542222222223,0.18571526745687,0.09108965432116978,0.1939445922313584,0.24791787266146,0.5853419932553324
swiss,DR-SNE,0,lambda,0.002,k_density,80.0,0.885072,0.536378,0.8437857777777777,0.8827242222222222,0.9904013333333334,0.37206050659464013,0.11037109968844888,0.30002758276302816,0.5588684867001285,0.9299767567458949
swiss,DR-SNE,0,lambda,0.002,k_density,300.0,0.8327706666666667,0.47625799999999996,0.834272,0.8981257777777778,0.99262,0.2502800767096514,0.0916752839747937,0.2505046014648902,0.5547084167954869,0.9438112103355187
swiss,DR-SNE,0,lambda,0.005,k_density,40.0,0.7915155555555554,0.5477535555555556,0.785856,0.8126066666666668,0.9704577777777778,0.2772736398343722,0.10814055726849381,0.25126039724437615,0.30757298431015473,0.8337491875035948
swiss,DR-SNE,0,lambda,0.005,k_density,80.0,0.7562711111111111,0.5283502222222222,0.7513377777777777,0.7785146666666666,0.9523488888888889,0.23908036166983285,0.10850870838078497,0.2425426412787032,0.30247650959035793,0.7039575361296997
swiss,DR-SNE,0,lambda,0.005,k_density,300.0,0.7416795555555555,0.49673022222222224,0.7370626666666666,0.7547448888888889,0.9548955555555554,0.2600623176172031,0.10127271098240417,0.19518762634665995,0.20594862008191328,0.7588268810564919
swiss,DR-SNE,0,lambda,0.01,k_density,40.0,0.7336373333333333,0.5361811111111111,0.7839733333333333,0.803275111111111,0.980364,0.19708017167756758,0.10946431417004326,0.2058516298523626,0.2164660817212881,0.8135408480614635
swiss,DR-SNE,0,lambda,0.01,k_density,80.0,0.6701720000000001,0.6015737777777779,0.723732,0.7622128888888889,0.9439982222222221,0.18868036675055613,0.1581892613620697,0.24310093063183158,0.25288515701713865,0.623112824726509
swiss,DR-SNE,0,lambda,0.01,k_density,300.0,0.7103177777777777,0.5297344444444444,0.7236408888888889,0.757868,0.943028888888889,0.23678681536559956,0.10770625957271059,0.2064222909576907,0.2595833224944857,0.7273038580829272
swiss,DR-SNE,0,lambda,0.1,k_density,40.0,0.7956026666666667,0.5523808888888889,0.7978895555555555,0.8066128888888888,0.9626119999999999,0.2710008105715786,0.11046121597776866,0.30951629106108774,0.28865679166715574,0.7532623209332784
swiss,DR-SNE,0,lambda,0.1,k_density,80.0,0.9584013333333332,0.5536986666666667,0.9164764444444444,0.9186933333333334,0.9897288888888889,0.7143264429258895,0.11698949909847499,0.5825916912218632,0.7029934820421588,0.935335040042873
swiss,DR-SNE,0,lambda,0.1,k_density,300.0,0.746076,0.5032226666666666,0.709896,0.7735111111111111,0.9642466666666667,0.21467721105597704,0.10010631928987507,0.17134785770290953,0.2931242548091095,0.8185681609935541
swiss,DR-SNE,0,lambda,1.0,k_density,40.0,0.8720524444444444,0.5463306666666666,0.7929626666666667,0.7473395555555556,0.9495497777777777,0.48784077612882126,0.11020864820534801,0.38108324822002354,0.3991166648184012,0.7218476066957422
swiss,DR-SNE,0,lambda,1.0,k_density,80.0,0.908399111111111,0.6223564444444445,0.8710635555555555,0.8838324444444444,0.9599813333333334,0.6715779014045878,0.1679243201701086,0.5617555333420237,0.6695946078829617,0.832862199070205
swiss,DR-SNE,0,lambda,1.0,k_density,300.0,0.823371111111111,0.6108964444444445,0.7866057777777777,0.760179111111111,0.7580733333333333,0.5389668419089151,0.19710014551677046,0.4394981029037383,0.4619314879585028,0.494191950310342
swiss,DR-SNE,1,lambda,0.0,k_density,40.0,0.8021653333333333,0.5077635555555555,0.857508,0.8307564444444446,0.993240888888889,0.20909834907174843,0.12466126355915513,0.2679912299346269,0.24478510146888866,0.9471808990153191
swiss,DR-SNE,1,lambda,0.0,k_density,80.0,0.7076706666666668,0.5765346666666666,0.7858906666666666,0.8435239999999999,0.9612386666666668,0.19688314065172743,0.19069059287220128,0.21164737661322294,0.27559536825328657,0.6961720758912517
swiss,DR-SNE,1,lambda,0.0,k_density,300.0,0.6349693333333334,0.49704755555555546,0.6766662222222223,0.6084040000000001,0.9780693333333333,0.1331656123904278,0.09533871037438504,0.1427267037191485,0.11290926383067212,0.8667877119212777
swiss,DR-SNE,1,lambda,5e-05,k_density,40.0,0.8404506666666667,0.5288777777777778,0.822708,0.7367906666666665,0.9882844444444444,0.2911516332336524,0.10807531356163902,0.2615548074107401,0.17753759023881313,0.92100019162719
swiss,DR-SNE,1,lambda,5e-05,k_density,80.0,0.40060977777777784,0.5258408888888889,0.3843791111111111,0.4085671111111111,0.7284342222222222,0.07699769615147115,0.09875837745835761,0.07450270280293744,0.07704651779528532,0.16842232162787327
swiss,DR-SNE,1,lambda,5e-05,k_density,300.0,0.6040208888888888,0.48636911111111114,0.6327048888888889,0.5986271111111112,0.9718728888888889,0.1212567793702087,0.09449947418117363,0.1322535975917953,0.11080395499494257,0.8380192575716647
swiss,DR-SNE,1,lambda,0.0001,k_density,40.0,0.745915111111111,0.513654,0.7450559999999999,0.7410804444444443,0.9765186666666666,0.16947595700668336,0.10337781702782947,0.17136928701516368,0.1773050099665652,0.8096865901631719
swiss,DR-SNE,1,lambda,0.0001,k_density,80.0,0.44536577777777775,0.5176364444444445,0.45757288888888886,0.49141555555555555,0.7935448888888889,0.08362613492515486,0.10038312273974521,0.0860613784478752,0.09203884294228386,0.24998465782708168
swiss,DR-SNE,1,lambda,0.0001,k_density,300.0,0.6435364444444445,0.5432037777777778,0.6648066666666667,0.6670195555555556,0.9556942222222222,0.13940229598536114,0.10726897446927028,0.1451535109528869,0.13867029866472763,0.7552486556103613
swiss,DR-SNE,1,lambda,0.0002,k_density,40.0,0.7544111111111113,0.46295933333333333,0.8007044444444444,0.80032,0.9792288888888889,0.17400263337884503,0.08733515134654554,0.22202234119839098,0.22752406528240277,0.85747868095213
swiss,DR-SNE,1,lambda,0.0002,k_density,80.0,0.6049733333333333,0.5421922222222222,0.641160888888889,0.6596062222222222,0.8686048888888889,0.11897888663109878,0.128804567719505,0.13388361714416094,0.13548688641809012,0.4267509689792954
swiss,DR-SNE,1,lambda,0.0002,k_density,300.0,0.6074004444444444,0.47504666666666673,0.6951208888888889,0.6670200000000001,0.9806657777777779,0.1277547318431368,0.0939048129511483,0.16036862164284257,0.13201979369221847,0.8816788740470881
swiss,DR-SNE,1,lambda,0.0005,k_density,40.0,0.811424,0.6393811111111112,0.8114391111111111,0.7517764444444445,0.9828844444444444,0.24448191705119482,0.16051157056071147,0.23199394136678544,0.17778193596213712,0.860593956845306
swiss,DR-SNE,1,lambda,0.0005,k_density,80.0,0.6532493333333333,0.5502086666666666,0.5920186666666667,0.5568688888888889,0.8632915555555556,0.14181064951143713,0.11036246091405233,0.12125568868734285,0.11809857613675284,0.3475368911305718
swiss,DR-SNE,1,lambda,0.0005,k_density,300.0,0.6530497777777777,0.49761266666666665,0.7246497777777778,0.6658468888888889,0.9865657777777777,0.1402545865845249,0.09780170122125392,0.16861781631193268,0.13101577880643955,0.9189048388948906
swiss,DR-SNE,1,lambda,0.001,k_density,40.0,0.786668,0.5376737777777778,0.7748533333333333,0.7372559999999999,0.979168888888889,0.2062337900700386,0.11221297710311846,0.19273629190339944,0.1709554717661254,0.8405128759080167
swiss,DR-SNE,1,lambda,0.001,k_density,80.0,0.5590804444444445,0.5548673333333334,0.5560248888888889,0.5674971111111111,0.8269666666666665,0.11345919155383276,0.12170238999670685,0.1208749941282509,0.1206312720755956,0.33059207238030924
swiss,DR-SNE,1,lambda,0.001,k_density,300.0,0.6318546666666667,0.5476517777777777,0.6774946666666666,0.6346317777777777,0.9679204444444446,0.13048180063009573,0.11094256367001103,0.1477329978661002,0.12139831349120214,0.7968640553280999
swiss,DR-SNE,1,lambda,0.002,k_density,40.0,0.8324715555555555,0.5214642222222223,0.8495173333333333,0.8323073333333333,0.9901404444444445,0.24922997255228982,0.11381735065611027,0.26030489030490905,0.24205656026174444,0.9332927673038156
swiss,DR-SNE,1,lambda,0.002,k_density,80.0,0.4654328888888889,0.5169326666666667,0.45525177777777776,0.4531897777777778,0.7180004444444444,0.08604068102906484,0.09890672793639241,0.08620349373874378,0.08716286653236542,0.2598038472727511
swiss,DR-SNE,1,lambda,0.002,k_density,300.0,0.6152502222222221,0.5026424444444445,0.6928884444444444,0.6774462222222223,0.9870951111111111,0.12486352073821438,0.10090854187112457,0.151214023013931,0.13470692975979018,0.9216751885299144
swiss,DR-SNE,1,lambda,0.005,k_density,40.0,0.6656666666666666,0.5179255555555555,0.6804493333333332,0.6476497777777778,0.9183386666666667,0.1367612611706215,0.11126274893905422,0.14831968403421966,0.14131209330036726,0.5970367952233301
swiss,DR-SNE,1,lambda,0.005,k_density,80.0,0.6385853333333333,0.5144951111111111,0.6549853333333334,0.7012355555555555,0.8979346666666667,0.13287589990334447,0.1022749038233523,0.14573975698718172,0.16754476423645934,0.41872917264889065
swiss,DR-SNE,1,lambda,0.005,k_density,300.0,0.5908697777777778,0.5276464444444444,0.6414026666666667,0.6010595555555555,0.9739853333333334,0.11901285768901086,0.11155120164620211,0.12763683493219294,0.11120247877966781,0.8663392268610346
swiss,DR-SNE,1,lambda,0.01,k_density,40.0,0.6422199999999999,0.48947,0.6194826666666666,0.5828380000000001,0.9057102222222222,0.13407837521734295,0.10429964358341404,0.13814370709878943,0.1137122175785665,0.7100473258415709
swiss,DR-SNE,1,lambda,0.01,k_density,80.0,0.7082702222222221,0.5841373333333334,0.697116888888889,0.6701168888888888,0.9023315555555556,0.2705349188444361,0.1454928554947262,0.20043267358149477,0.17165473883705495,0.6300798570159344
swiss,DR-SNE,1,lambda,0.01,k_density,300.0,0.6751875555555557,0.51168,0.7045122222222222,0.700944,0.9629431111111112,0.16398008416396467,0.10586345274873843,0.16956656090025515,0.16006737396483128,0.7984423069317692
swiss,DR-SNE,1,lambda,0.1,k_density,40.0,0.8754182222222223,0.5454495555555555,0.8298053333333334,0.8002546666666666,0.9754866666666666,0.41636882061815894,0.1230385211805978,0.3218423703105321,0.2778140805154401,0.8458268260103882
swiss,DR-SNE,1,lambda,0.1,k_density,80.0,0.8827706666666666,0.5708573333333333,0.8592602222222223,0.874548,0.9768768888888889,0.4613752671136727,0.18082664225001344,0.38947100279866437,0.46500356624229566,0.8609996769067235
swiss,DR-SNE,1,lambda,0.1,k_density,300.0,0.672304888888889,0.5681768888888888,0.5528506666666666,0.5747688888888889,0.8825026666666667,0.19386838679521232,0.1135711614206184,0.10875765016547506,0.11207672952539358,0.4990004898519468
swiss,DR-SNE,1,lambda,1.0,k_density,40.0,0.8763093333333334,0.5499368888888889,0.7859117777777778,0.7871577777777778,0.9573777777777778,0.6257285554887816,0.10857953041526766,0.4361698072408574,0.5517693412851291,0.8528674031914181
swiss,DR-SNE,1,lambda,1.0,k_density,80.0,0.8029795555555556,0.6625482222222221,0.7591893333333334,0.7547486666666667,0.8837946666666666,0.5669687827237714,0.17718343997527058,0.3655219114061543,0.3878662726406346,0.7500166178476227
swiss,DR-SNE,1,lambda,1.0,k_density,300.0,0.7697751111111111,0.6296397777777778,0.6939648888888887,0.7330968888888889,0.8785706666666666,0.4939807988144397,0.16227826479721327,0.3427420240347673,0.3401585053516657,0.7004960445783908
swiss,DR-SNE,2,lambda,0.0,k_density,40.0,0.38163155555555556,0.5222726666666667,0.4289915555555555,0.4534686666666667,0.8088857777777778,0.07359086035234466,0.09812296281244082,0.07930804278168499,0.08260690089554719,0.20811386571756338
swiss,DR-SNE,2,lambda,0.0,k_density,80.0,0.37769155555555556,0.5211582222222222,0.3608462222222222,0.29338977777777775,0.6379275555555555,0.07344579449904917,0.09806867132863378,0.0716432983271764,0.06571370184907124,0.1303718635820083
swiss,DR-SNE,2,lambda,0.0,k_density,300.0,0.4423324444444445,0.5562193333333333,0.4690684444444445,0.4721475555555556,0.814308888888889,0.11956644905337219,0.12038418935333656,0.09905634219811081,0.0906896620616163,0.3232761490769657
swiss,DR-SNE,2,lambda,5e-05,k_density,40.0,0.34575244444444453,0.4802764444444445,0.31372355555555553,0.34367955555555557,0.7462604444444444,0.07022255974965982,0.08819201343745393,0.06702198495782027,0.07004102607288122,0.16135509386808752
swiss,DR-SNE,2,lambda,5e-05,k_density,80.0,0.40384577777777786,0.526044,0.3977008888888889,0.3642413333333333,0.7816168888888889,0.07637663041000058,0.10044794482243088,0.075632078793117,0.07186257984811874,0.2112900797993552
swiss,DR-SNE,2,lambda,5e-05,k_density,300.0,0.3048248888888889,0.5055328888888889,0.2511497777777778,0.29120444444444443,0.6759413333333334,0.06611180796087164,0.0963172060909083,0.062422010640408046,0.06551592678913852,0.13676879543172615
swiss,DR-SNE,2,lambda,0.0001,k_density,40.0,0.4086844444444444,0.55858,0.3884715555555555,0.4220488888888889,0.8035720000000001,0.0782714883828723,0.11316137334149952,0.07511542500256621,0.07862232800789257,0.22508938742955262
swiss,DR-SNE,2,lambda,0.0001,k_density,80.0,0.3997777777777778,0.5452704444444445,0.277572,0.2550137777777778,0.5615573333333334,0.07604102745068589,0.10327923879520372,0.06431652467273516,0.062359929600260565,0.1038605924687181
swiss,DR-SNE,2,lambda,0.0001,k_density,300.0,0.47250755555555557,0.47936488888888884,0.46669911111111106,0.4545395555555556,0.8332506666666667,0.08726432844084625,0.08999215144562568,0.0863559325729383,0.08475989480946786,0.2477338170876436
swiss,DR-SNE,2,lambda,0.0002,k_density,40.0,0.4443764444444444,0.5392606666666666,0.41839622222222217,0.4323617777777778,0.7662364444444444,0.08201565550688399,0.10582756168569465,0.0786709217268205,0.08015312861803621,0.19821879492273523
swiss,DR-SNE,2,lambda,0.0002,k_density,80.0,0.3919511111111111,0.5029142222222223,0.35698555555555556,0.37054977777777776,0.7512737777777777,0.07497265347387352,0.09470718195940002,0.07126306418408328,0.07285128405130886,0.18200376113408573
swiss,DR-SNE,2,lambda,0.0002,k_density,300.0,0.32772266666666666,0.4813751111111111,0.2577748888888889,0.2801444444444445,0.6329768888888889,0.0685011709789852,0.09041716447701603,0.06307390763327829,0.06400976476865364,0.12269418560666331
swiss,DR-SNE,2,lambda,0.0005,k_density,40.0,0.4562462222222222,0.5235444444444444,0.341298,0.31197288888888886,0.7411955555555555,0.08479202805230367,0.1006023769801021,0.07030374695645127,0.06673204073876791,0.18468232084864844
swiss,DR-SNE,2,lambda,0.0005,k_density,80.0,0.34846222222222223,0.494898,0.30596111111111113,0.3359857777777778,0.6861786666666667,0.07013324108307303,0.09255194733508554,0.06633698827076494,0.06904319013221734,0.1409329498117723
swiss,DR-SNE,2,lambda,0.0005,k_density,300.0,0.35829377777777777,0.5231382222222223,0.2589537777777778,0.2797088888888889,0.6356302222222222,0.07129656979379939,0.09843460487185479,0.06274773792643723,0.06390349371522047,0.1293273726930219
swiss,DR-SNE,2,lambda,0.001,k_density,40.0,0.32860622222222224,0.5234973333333333,0.3057762222222222,0.3314377777777778,0.7726786666666668,0.0692359905403826,0.10571217652992873,0.06632084963330856,0.06857687844444438,0.19107265045002259
swiss,DR-SNE,2,lambda,0.001,k_density,80.0,0.3570111111111111,0.5109993333333334,0.3067368888888889,0.3158195555555556,0.6870040000000001,0.0712278581955284,0.09779867787662791,0.06617722587935564,0.06709767065412257,0.13719469715816227
swiss,DR-SNE,2,lambda,0.001,k_density,300.0,0.44796088888888885,0.5175475555555555,0.4522071111111111,0.42205511111111116,0.8238302222222222,0.08443755415226,0.09869510069580946,0.08443011102516418,0.07935629615771261,0.23837259547071712
swiss,DR-SNE,2,lambda,0.002,k_density,40.0,0.3759702222222222,0.5516675555555556,0.38809444444444446,0.42094888888888893,0.8242253333333334,0.07323761259019859,0.10802710043700178,0.07466824638167265,0.07863481759606264,0.24043916250963632
swiss,DR-SNE,2,lambda,0.002,k_density,80.0,0.416956,0.5171337777777778,0.3969577777777778,0.37355933333333335,0.7170293333333333,0.08004484412713797,0.09739209124369809,0.07649905838579571,0.07278276808613934,0.179612345232936
swiss,DR-SNE,2,lambda,0.002,k_density,300.0,0.34010399999999996,0.5156342222222222,0.24896755555555553,0.28537644444444443,0.7047266666666667,0.06930296814915292,0.10010617976886282,0.06172221285337294,0.06458244553765323,0.14435387064271568
swiss,DR-SNE,2,lambda,0.005,k_density,40.0,0.33722266666666667,0.4993184444444444,0.31998222222222217,0.33779688888888887,0.7898631111111111,0.06901221425788662,0.09566967489882248,0.06739145261448065,0.06920977126864092,0.19995799278999588
swiss,DR-SNE,2,lambda,0.005,k_density,80.0,0.34257777777777776,0.5218986666666667,0.2943697777777778,0.29594533333333334,0.5381737777777778,0.06960276301556324,0.10075596443126868,0.06529158164433355,0.06542077935980388,0.10147309629834142
swiss,DR-SNE,2,lambda,0.005,k_density,300.0,0.3332897777777778,0.5526928888888889,0.2906404444444444,0.3026582222222222,0.6743004444444444,0.0687419276474564,0.11105462499763957,0.06549869798328657,0.06594153798205746,0.13850610815118095
swiss,DR-SNE,2,lambda,0.01,k_density,40.0,0.42003333333333337,0.5302435555555556,0.3595284444444445,0.3589488888888889,0.7373248888888888,0.07930164584390159,0.10611582385471824,0.07158034760745285,0.07277093817799345,0.19759421737285007
swiss,DR-SNE,2,lambda,0.01,k_density,80.0,0.39692577777777777,0.5237511111111112,0.4011355555555556,0.40658,0.7036022222222221,0.07549176836690216,0.09749176681898432,0.07593886411890415,0.07681129915193387,0.14488658980814542
swiss,DR-SNE,2,lambda,0.01,k_density,300.0,0.6071555555555554,0.6125704444444445,0.5804391111111111,0.5614688888888889,0.8398084444444445,0.28376048805553433,0.1964514824257772,0.15803476966513236,0.12722991636847564,0.44512987551531574
swiss,DR-SNE,2,lambda,0.1,k_density,40.0,0.5588084444444446,0.6068171111111111,0.5210662222222222,0.4960977777777778,0.7213173333333334,0.10785968998746001,0.15438017841269552,0.09813826955438607,0.09484263246866531,0.19944102480645604
swiss,DR-SNE,2,lambda,0.1,k_density,80.0,0.5754364444444444,0.6456879999999999,0.5532364444444444,0.5360582222222222,0.7493293333333333,0.15212931680167174,0.17837655288245707,0.11835853474847363,0.1073406054335293,0.40057159419199645
swiss,DR-SNE,2,lambda,0.1,k_density,300.0,0.5872355555555555,0.5340375555555555,0.45991511111111105,0.4081762222222223,0.8116817777777778,0.11807150418617293,0.10705444972833889,0.08389931541561951,0.07745043314355655,0.2237577030170739
swiss,DR-SNE,2,lambda,1.0,k_density,40.0,0.622735111111111,0.6358902222222222,0.5367573333333333,0.4949097777777778,0.5663546666666667,0.2430657536655771,0.1576640310549633,0.15186148744568181,0.13385006134754826,0.3168375134553968
swiss,DR-SNE,2,lambda,1.0,k_density,80.0,0.6107426666666667,0.6456642222222222,0.532043111111111,0.5109035555555556,0.6431617777777778,0.2586270571321245,0.20388921775533703,0.16646528027409555,0.14436818030584664,0.27776512955565125
swiss,DR-SNE,2,lambda,1.0,k_density,300.0,0.8628182222222222,0.6116982222222223,0.8286931111111111,0.8475533333333334,0.9394555555555557,0.5970326612390098,0.16288837675797924,0.4562074566271143,0.5177681712075012,0.7250082319900575
swiss,DR-SNE,3,lambda,0.0,k_density,40.0,0.4649542222222222,0.5517151111111112,0.37483955555555554,0.4409586666666667,0.791700888888889,0.08518570936552311,0.10861016440876997,0.07349762752696995,0.0813913343323582,0.19209671576278148
swiss,DR-SNE,3,lambda,0.0,k_density,80.0,0.44858088888888886,0.508915111111111,0.3138304444444444,0.2751662222222222,0.6954715555555555,0.08333536283543326,0.09906568917729228,0.06704789950150251,0.06468715102967994,0.1548804953694057
swiss,DR-SNE,3,lambda,0.0,k_density,300.0,0.3869702222222222,0.49176711111111115,0.2577706666666667,0.2294837777777778,0.6741999999999999,0.07442901772675749,0.0931319794859049,0.06282307676371135,0.060989337281616075,0.13251919443741744
swiss,DR-SNE,3,lambda,5e-05,k_density,40.0,0.5284742222222222,0.5037042222222222,0.4235617777777778,0.45124044444444444,0.7849493333333333,0.09664683932702234,0.09644627653838872,0.0795800817992503,0.08269513054305277,0.18532630685932638
swiss,DR-SNE,3,lambda,5e-05,k_density,80.0,0.39211466666666667,0.5259399999999999,0.36877377777777776,0.35748977777777774,0.7638315555555555,0.0762002456368046,0.10893006079211642,0.07266319848108001,0.07127324717338178,0.2106457133395355
swiss,DR-SNE,3,lambda,5e-05,k_density,300.0,0.3981208888888889,0.5088111111111111,0.2626031111111111,0.24815244444444445,0.6636804444444443,0.07554142629529538,0.10291939466528492,0.06305811918923307,0.06214226251941605,0.12851298247973167
swiss,DR-SNE,3,lambda,0.0001,k_density,40.0,0.43072577777777776,0.5150144444444444,0.4039471111111111,0.5039791111111112,0.8086782222222222,0.08001513557061668,0.10370225967816783,0.07637700394816162,0.09039957741425539,0.2070578733434597
swiss,DR-SNE,3,lambda,0.0001,k_density,80.0,0.4580484444444444,0.4833304444444444,0.3295191111111111,0.2590371111111111,0.6592568888888889,0.08433922489655488,0.08988575979186705,0.06842626645822616,0.06271671483805871,0.1474883660060305
swiss,DR-SNE,3,lambda,0.0001,k_density,300.0,0.3642911111111111,0.5202257777777778,0.24741955555555556,0.2402751111111111,0.6285297777777779,0.07194183090719955,0.10180243249605361,0.06210694709104833,0.061873085483572385,0.12052344475099475
swiss,DR-SNE,3,lambda,0.0002,k_density,40.0,0.5119035555555556,0.48188244444444445,0.41675866666666667,0.45689711111111114,0.7933786666666667,0.09202175425702414,0.09052518498640424,0.07819858303882854,0.08362999902176542,0.19253054999290273
swiss,DR-SNE,3,lambda,0.0002,k_density,80.0,0.5371275555555555,0.5172180000000001,0.41885044444444447,0.34831999999999996,0.7716693333333333,0.0995530247941494,0.10264824379932891,0.07916271168962424,0.07033123454901061,0.20465469876819148
swiss,DR-SNE,3,lambda,0.0002,k_density,300.0,0.3967946666666667,0.5028668888888889,0.27104355555555554,0.2542444444444445,0.6837017777777776,0.07548361096650372,0.09780646350519305,0.06356392128001709,0.06257971568443595,0.13558656200549038
swiss,DR-SNE,3,lambda,0.0005,k_density,40.0,0.4382675555555555,0.44607311111111114,0.3041928888888889,0.315956,0.7744595555555555,0.0807153253333917,0.08313180252512258,0.06653450840037413,0.06730289397415108,0.18548620934118806
swiss,DR-SNE,3,lambda,0.0005,k_density,80.0,0.47538,0.48480977777777773,0.343388,0.240894,0.6334475555555557,0.08605180756725767,0.09040353934490053,0.06995322549715628,0.06242043811872851,0.13903843741225647
swiss,DR-SNE,3,lambda,0.0005,k_density,300.0,0.33983688888888886,0.5182731111111112,0.22613155555555553,0.23231822222222223,0.6458453333333334,0.06948953409901026,0.10232753545162668,0.06079051891430577,0.06109972962101143,0.1226152149118061
swiss,DR-SNE,3,lambda,0.001,k_density,40.0,0.493876,0.5063757777777778,0.3915977777777778,0.43972088888888894,0.7888408888888888,0.08960148335321805,0.09529420924411718,0.0751159909804149,0.08166052695065523,0.19063500448537224
swiss,DR-SNE,3,lambda,0.001,k_density,80.0,0.3689826666666667,0.5192628888888888,0.29519311111111113,0.2549502222222222,0.5959817777777778,0.07238552164729531,0.09994802402298822,0.06532831291198776,0.0627225955787284,0.12034112613872644
swiss,DR-SNE,3,lambda,0.001,k_density,300.0,0.3918675555555555,0.5053555555555556,0.26460799999999995,0.2520951111111111,0.6753528888888889,0.07477987685091542,0.09966264476537275,0.06316450870646394,0.062494327477650345,0.13293143716467343
swiss,DR-SNE,3,lambda,0.002,k_density,40.0,0.5520817777777778,0.4842537777777778,0.48188133333333333,0.48125866666666667,0.7918742222222223,0.09940956782327184,0.08992709025759131,0.0875646300051347,0.0871174672178307,0.18877578580108956
swiss,DR-SNE,3,lambda,0.002,k_density,80.0,0.4876546666666667,0.5286722222222222,0.39160666666666666,0.2967444444444445,0.7043151111111111,0.09148613679568074,0.11219260142616097,0.07511216882820784,0.06601306687251543,0.18137000355526972
swiss,DR-SNE,3,lambda,0.002,k_density,300.0,0.4267226666666667,0.5348753333333333,0.26485911111111116,0.21193844444444443,0.5862986666666666,0.07933165526427219,0.10115198160955614,0.06295529502795477,0.05944946603329971,0.11175448149319156
swiss,DR-SNE,3,lambda,0.005,k_density,40.0,0.4847182222222223,0.5136066666666667,0.3786853333333333,0.348792,0.7097471111111111,0.0887910246798906,0.09607753748690705,0.07402729907250852,0.07018108385686521,0.1496884668463859
swiss,DR-SNE,3,lambda,0.005,k_density,80.0,0.4275497777777778,0.5026717777777778,0.3043448888888889,0.24907200000000002,0.6384026666666667,0.07935353496858745,0.09457196378489047,0.06680839114249756,0.06270784863152908,0.1268442959873134
swiss,DR-SNE,3,lambda,0.005,k_density,300.0,0.39291244444444445,0.5152911111111111,0.2622991111111111,0.25192133333333333,0.6242617777777777,0.07498854351130357,0.09914224091970045,0.0631168653594059,0.0622842410256547,0.11700225296009541
swiss,DR-SNE,3,lambda,0.01,k_density,40.0,0.4728968888888889,0.5276588888888888,0.4054226666666667,0.39622222222222214,0.7212346666666667,0.08702675957351111,0.09895526190044153,0.07716450582045517,0.07645007026844108,0.1564462525929843
swiss,DR-SNE,3,lambda,0.01,k_density,80.0,0.5153097777777779,0.5141755555555555,0.419596,0.41077955555555556,0.7405337777777777,0.09382922383515532,0.09704682552306698,0.07845541572701879,0.07805881495860273,0.1680516530680058
swiss,DR-SNE,3,lambda,0.01,k_density,300.0,0.38020044444444445,0.5487722222222222,0.27783244444444444,0.27447422222222223,0.6730537777777778,0.07372201913604122,0.10835900405174581,0.06397362833310032,0.06388548239736211,0.13707126060880212
swiss,DR-SNE,3,lambda,0.1,k_density,40.0,0.6548897777777778,0.6024206666666667,0.53386,0.3660377777777778,0.6602217777777777,0.1955956069267175,0.1324205638184801,0.09991202945660893,0.07220130704195002,0.1436665191375772
swiss,DR-SNE,3,lambda,0.1,k_density,80.0,0.7225684444444445,0.6579726666666667,0.6704095555555556,0.658044,0.8038697777777778,0.3393713264555441,0.24122921231832062,0.27733438820781964,0.29848971447223444,0.4305384507518289
swiss,DR-SNE,3,lambda,0.1,k_density,300.0,0.469328,0.6023542222222222,0.31429133333333337,0.30091644444444443,0.6049359999999999,0.08593146086175296,0.1256483839362842,0.06716936486887115,0.06613733702447026,0.11551215240064233
swiss,DR-SNE,3,lambda,1.0,k_density,40.0,0.8315382222222222,0.6795802222222223,0.7338004444444444,0.5478008888888889,0.700488,0.4932116161119711,0.18582246517816514,0.3204588438680448,0.14970024937330315,0.4981841560153279
swiss,DR-SNE,3,lambda,1.0,k_density,80.0,0.8137439999999999,0.6369473333333333,0.7802886666666666,0.7198013333333333,0.6976115555555555,0.47741389829212216,0.22095976088516395,0.4115115112229904,0.2925048907501905,0.5120241708200103
swiss,DR-SNE,3,lambda,1.0,k_density,300.0,0.7868155555555555,0.6550860000000001,0.7750653333333333,0.7282777777777778,0.5602355555555556,0.39115108276505045,0.260319582016355,0.3122835798135875,0.26722062986318895,0.128166434483491
swiss,DR-SNE,4,lambda,0.0,k_density,40.0,0.2751297777777778,0.4799386666666666,0.22268,0.23549733333333334,0.5780964444444444,0.06434921929241941,0.08859874148427922,0.06110349666898657,0.06158433671316701,0.10492390652615283
swiss,DR-SNE,4,lambda,0.0,k_density,80.0,0.5139475555555555,0.559264,0.48743955555555557,0.47209866666666667,0.669660888888889,0.09449562910785622,0.10987169924387945,0.08985247029714459,0.08715201246320986,0.14857487672399955
swiss,DR-SNE,4,lambda,0.0,k_density,300.0,0.3100862222222222,0.5042448888888889,0.24397955555555553,0.24700088888888888,0.5893524444444445,0.06654691184821539,0.09464827701362574,0.061825854788672856,0.061876617296771186,0.11206632187027057
swiss,DR-SNE,4,lambda,5e-05,k_density,40.0,0.32404533333333335,0.5448231111111111,0.2675502222222222,0.25235555555555556,0.6401715555555556,0.068253022567232,0.10867175059144796,0.06313033641310734,0.0625538534951325,0.1319952688968149
swiss,DR-SNE,4,lambda,5e-05,k_density,80.0,0.5712782222222222,0.5772615555555556,0.5546706666666668,0.5212175555555555,0.7704013333333333,0.1168159810907233,0.1325895979244064,0.10834901478338999,0.1015316239568702,0.19072767695443021
swiss,DR-SNE,4,lambda,5e-05,k_density,300.0,0.3096768888888889,0.4996724444444445,0.2461917777777778,0.24604933333333331,0.5832368888888888,0.06662246240238069,0.0932853949087484,0.06207467645008135,0.061909928982917146,0.10993789059032014
swiss,DR-SNE,4,lambda,0.0001,k_density,40.0,0.4972751111111111,0.5971975555555555,0.41297911111111113,0.33086133333333334,0.6205244444444444,0.09839526091818174,0.1272240632478268,0.07976091165983396,0.06896748689622895,0.1731586703685927
swiss,DR-SNE,4,lambda,0.0001,k_density,80.0,0.46616311111111114,0.5449751111111111,0.42758822222222226,0.39598355555555553,0.6665782222222223,0.0860470416228015,0.11005179754321764,0.08032462770794625,0.07598686288686995,0.15220464873315032
swiss,DR-SNE,4,lambda,0.0001,k_density,300.0,0.30154133333333333,0.4949922222222223,0.245392,0.2481928888888889,0.5872266666666667,0.06584986868580216,0.09235794633141695,0.06201661704308831,0.062047400557154124,0.1106574025873919
swiss,DR-SNE,4,lambda,0.0002,k_density,40.0,0.4050151111111111,0.5760217777777777,0.3400102222222222,0.3288413333333333,0.7368115555555557,0.07644493612664982,0.11497108516679766,0.06941587052507464,0.06859645860246918,0.19093070285778674
swiss,DR-SNE,4,lambda,0.0002,k_density,80.0,0.4807222222222223,0.5411068888888888,0.47047022222222223,0.44805111111111107,0.6408537777777777,0.08802870358352027,0.11326691416313213,0.08638151074390538,0.0829717668236414,0.14670713338509378
swiss,DR-SNE,4,lambda,0.0002,k_density,300.0,0.31067822222222224,0.4994557777777777,0.273332,0.26944266666666666,0.5832937777777778,0.06656820076057267,0.09274090576820633,0.06391211647225652,0.06367692751162185,0.11333243561714368
swiss,DR-SNE,4,lambda,0.0005,k_density,40.0,0.4723013333333333,0.5585675555555555,0.36057466666666665,0.33775777777777777,0.6835564444444445,0.08741035317552506,0.10886222308485453,0.07144066914510139,0.06928218046614681,0.15627880350900347
swiss,DR-SNE,4,lambda,0.0005,k_density,80.0,0.4708231111111111,0.5549962222222222,0.44283288888888883,0.38991466666666663,0.6305560000000001,0.08563521362445145,0.10849654304816578,0.08204996401460872,0.0750558422576148,0.1469115153148901
swiss,DR-SNE,4,lambda,0.0005,k_density,300.0,0.3127208888888889,0.5029813333333333,0.22154755555555553,0.20515288888888888,0.5317297777777777,0.06700422947039496,0.09498387280661381,0.061128349536342996,0.0596654515492373,0.09519031614081037
swiss,DR-SNE,4,lambda,0.001,k_density,40.0,0.4316573333333334,0.5321933333333333,0.2805011111111111,0.26679733333333333,0.6516755555555556,0.07975325841337945,0.10003174970150407,0.06440531707522534,0.06338846234215895,0.13195765183833308
swiss,DR-SNE,4,lambda,0.001,k_density,80.0,0.47274799999999995,0.53239,0.4243711111111112,0.38927422222222224,0.558952,0.08678859315865053,0.10853183972785334,0.07925412472491061,0.07460516851738694,0.10412507837138338
swiss,DR-SNE,4,lambda,0.001,k_density,300.0,0.3199093333333333,0.48811933333333335,0.2574315555555556,0.24977377777777776,0.5858968888888889,0.06744448192966217,0.09119424062967418,0.06284229563196762,0.062170121943386565,0.11236139564411118
swiss,DR-SNE,4,lambda,0.002,k_density,40.0,0.36648800000000004,0.5122482222222222,0.2112111111111111,0.2405653333333333,0.592792,0.07264599291217422,0.09713215716198578,0.0601157562515837,0.06164719238096096,0.10923507632381824
swiss,DR-SNE,4,lambda,0.002,k_density,80.0,0.5616733333333332,0.5168013333333332,0.502318,0.4798791111111111,0.7264551111111109,0.11142400262622354,0.10064936386348242,0.09703903565090866,0.09196717204396354,0.2081327254565215
swiss,DR-SNE,4,lambda,0.002,k_density,300.0,0.3072991111111111,0.48799866666666664,0.22392266666666666,0.2199671111111111,0.5437564444444445,0.06652060522877759,0.0918421955099314,0.060973861862741514,0.060477667719161396,0.09848803736515985
swiss,DR-SNE,4,lambda,0.005,k_density,40.0,0.39837911111111113,0.547544888888889,0.3029564444444445,0.2750395555555556,0.6738862222222222,0.07609126774196656,0.10641192169424071,0.06597085727097475,0.06426996123039883,0.1511456742022989
swiss,DR-SNE,4,lambda,0.005,k_density,80.0,0.569188888888889,0.5710713333333333,0.5217026666666666,0.47164888888888884,0.6521168888888889,0.10917208582356604,0.11426744188725281,0.09807164445277228,0.08768839170178575,0.1579551108316375
swiss,DR-SNE,4,lambda,0.005,k_density,300.0,0.31940488888888885,0.4826557777777777,0.20613377777777778,0.20949066666666666,0.5278333333333333,0.06772192958551178,0.09038410182790109,0.060173299723524816,0.059873525605935896,0.09426521993846146
swiss,DR-SNE,4,lambda,0.01,k_density,40.0,0.39742577777777777,0.5543231111111111,0.3233577777777778,0.28802,0.6235088888888889,0.07578516263246679,0.11436512688948287,0.06825351309235417,0.06501369278428532,0.11834256083322667
swiss,DR-SNE,4,lambda,0.01,k_density,80.0,0.4794111111111111,0.6020524444444444,0.45834444444444444,0.4258986666666667,0.6183173333333333,0.08799363280400165,0.14192437414981182,0.08478675745599622,0.07966327269048572,0.13234619493806957
swiss,DR-SNE,4,lambda,0.01,k_density,300.0,0.32946533333333333,0.5046024444444445,0.2669031111111111,0.2720364444444444,0.6030168888888889,0.06835571964759536,0.09575085657608774,0.0632771038342427,0.0635572837655982,0.11841069897528668
swiss,DR-SNE,4,lambda,0.1,k_density,40.0,0.4344217777777778,0.5620968888888889,0.3210546666666667,0.3315795555555555,0.6556835555555555,0.0804696451046076,0.11657511818587249,0.06765847173984303,0.06883793406680891,0.13650287848363388
swiss,DR-SNE,4,lambda,0.1,k_density,80.0,0.6419977777777777,0.6153553333333334,0.5753848888888888,0.5293431111111111,0.5724168888888889,0.17629497018784362,0.17449908476041898,0.12613182210023197,0.10672475376964662,0.208583381160503
swiss,DR-SNE,4,lambda,0.1,k_density,300.0,0.5323466666666666,0.60553,0.4590542222222222,0.4472777777777777,0.6473004444444443,0.12882228516920205,0.1387375659262993,0.08808439331669604,0.08390433449092832,0.19942794529091032
swiss,DR-SNE,4,lambda,1.0,k_density,40.0,0.7102528888888888,0.651446,0.6350639999999999,0.5904311111111111,0.5648822222222223,0.2680087534249909,0.201563905143716,0.16551049818003005,0.13348231258547955,0.2464663158189277
swiss,DR-SNE,4,lambda,1.0,k_density,80.0,0.7862359999999999,0.6407866666666667,0.7391355555555557,0.7030831111111112,0.6869240000000001,0.3315099502138966,0.1993837524088131,0.25440524722312524,0.23014696323334805,0.19875931437100697
swiss,DR-SNE,4,lambda,1.0,k_density,300.0,0.7553106666666667,0.6939446666666667,0.7220266666666667,0.7153357777777778,0.6288044444444445,0.5123374623694421,0.33726475196091027,0.4316852204213312,0.40575095924700816,0.3868436349414135
swiss,DenSNE,0,perplexity,5.0,dens_lambda,0.0,0.2991075555555555,0.397684,0.36146755555555554,0.3567302222222222,0.5874208888888889,0.06600210155336478,0.07595444939443433,0.07261305679939256,0.0719169919759521,0.11424673882615799
swiss,DenSNE,0,perplexity,5.0,dens_lambda,0.01,0.28959999999999997,0.36158266666666666,0.34647955555555554,0.34939333333333333,0.5843195555555556,0.06496436549088427,0.0715806627348178,0.07073399494695577,0.07097728505843023,0.11381818760548726
swiss,DenSNE,0,perplexity,5.0,dens_lambda,0.05,0.3534124444444445,0.3804911111111111,0.35841511111111113,0.35691822222222225,0.5839466666666666,0.07095909528322847,0.07359277821311395,0.071961155768033,0.0716685215930405,0.11322911007740855
swiss,DenSNE,0,perplexity,5.0,dens_lambda,0.1,0.3913146666666667,0.4211297777777778,0.3573808888888889,0.36655244444444446,0.582564,0.07488172805128057,0.07870095166524714,0.07153522719874647,0.0725043220963125,0.11321417378590753
swiss,DenSNE,0,perplexity,5.0,dens_lambda,0.2,0.44008177777777774,0.4494395555555555,0.35902488888888884,0.37627244444444446,0.5847497777777777,0.08115628234049514,0.08314766533927688,0.07153059804307901,0.07343091041841777,0.11379208669643388
swiss,DenSNE,0,perplexity,5.0,dens_lambda,0.5,0.44697688888888887,0.546652,0.3698968888888889,0.36720444444444444,0.5832853333333334,0.08167082858219933,0.10227950861958393,0.07267727371466486,0.0723915153466864,0.11369275367640212
swiss,DenSNE,0,perplexity,5.0,dens_lambda,1.0,0.4611551111111112,0.5718408888888888,0.3912911111111111,0.39605999999999997,0.5850351111111111,0.08388780133245269,0.10846406356932142,0.07471475071495169,0.07534993971709715,0.1162944786427336
swiss,DenSNE,0,perplexity,10.0,dens_lambda,0.0,0.31448444444444446,0.43726266666666663,0.38691022222222227,0.38438355555555564,0.6343844444444445,0.06693905421314855,0.08199685023067245,0.07554794357903487,0.07504428010286358,0.13745936177150814
swiss,DenSNE,0,perplexity,10.0,dens_lambda,0.01,0.3310671111111111,0.4414966666666667,0.3866168888888889,0.38770444444444446,0.6420626666666666,0.06847211308290162,0.08182877583703269,0.07511618983870032,0.0752157989367148,0.13945720278961973
swiss,DenSNE,0,perplexity,10.0,dens_lambda,0.05,0.4863284444444444,0.45235377777777774,0.4016302222222222,0.39781600000000006,0.6398093333333332,0.08745087600241522,0.08592490402653886,0.07687607545627242,0.0764247303539447,0.1388951038317801
swiss,DenSNE,0,perplexity,10.0,dens_lambda,0.1,0.5728115555555555,0.4477235555555556,0.4314991111111111,0.4122564444444445,0.6423782222222222,0.10357706892419456,0.08227614523982585,0.0803251734757302,0.07790970837966377,0.1416290287522829
swiss,DenSNE,0,perplexity,10.0,dens_lambda,0.2,0.6332528888888889,0.5019386666666666,0.42589777777777776,0.4174226666666666,0.6421168888888888,0.11861371262581501,0.09294266469745079,0.07949854709384949,0.07842120903796002,0.14150435748745427
swiss,DenSNE,0,perplexity,10.0,dens_lambda,0.5,0.6729359999999999,0.5467004444444444,0.44889999999999997,0.42787733333333333,0.6408924444444444,0.1321397783797461,0.10401990562503075,0.08218977581143602,0.07955322926830509,0.1417843429335437
swiss,DenSNE,0,perplexity,10.0,dens_lambda,1.0,0.6418835555555555,0.6396982222222223,0.46666266666666667,0.4541306666666667,0.6402031111111112,0.12289829623760312,0.15318426889425457,0.08490884456357681,0.0829124499215262,0.14371804615223943
swiss,DenSNE,0,perplexity,15.0,dens_lambda,0.0,0.3653328888888889,0.4603324444444445,0.45042000000000004,0.44568711111111114,0.6994119999999999,0.07191073938076356,0.08573560818830658,0.08299092983593653,0.08285013249066878,0.19673503561793038
swiss,DenSNE,0,perplexity,15.0,dens_lambda,0.01,0.4540102222222222,0.45798155555555553,0.44552933333333333,0.4478088888888889,0.6954088888888889,0.0831821084181675,0.08556846568451816,0.08212001134109238,0.08282502385356988,0.19416612961293364
swiss,DenSNE,0,perplexity,15.0,dens_lambda,0.05,0.6548964444444444,0.4544386666666667,0.4489968888888889,0.45046222222222226,0.6992808888888888,0.12636347082286128,0.0843653184192592,0.08260466719213193,0.08297442228947224,0.19798784029628905
swiss,DenSNE,0,perplexity,15.0,dens_lambda,0.1,0.735816,0.46357866666666664,0.489112,0.4693857777777778,0.7027284444444444,0.16046910733171416,0.08601939171116654,0.08830767635888898,0.08527605212540457,0.2029669069512185
swiss,DenSNE,0,perplexity,15.0,dens_lambda,0.2,0.7932177777777778,0.5069991111111111,0.49323822222222224,0.4886684444444444,0.7024773333333333,0.19633425097287244,0.09351175370238948,0.08930034691805855,0.0887808065551017,0.20887197999593743
swiss,DenSNE,0,perplexity,15.0,dens_lambda,0.5,0.8320497777777778,0.6525457777777777,0.5280791111111112,0.5132626666666666,0.7036568888888888,0.2388518685858541,0.1931054358588601,0.09505088994434034,0.09295160321729459,0.21766511024578117
swiss,DenSNE,0,perplexity,15.0,dens_lambda,1.0,0.806872,0.7443693333333333,0.5163484444444445,0.5073235555555555,0.7014693333333334,0.2407746329379264,0.22652133018185022,0.1000871560615539,0.09437168133585182,0.21962121108508967
swiss,DenSNE,0,perplexity,30.0,dens_lambda,0.0,0.42992488888888886,0.4738233333333334,0.42581111111111114,0.4302253333333333,0.7555426666666667,0.08061885971172554,0.08907047036372713,0.08894230330742423,0.0907554996651018,0.4750721422698029
swiss,DenSNE,0,perplexity,30.0,dens_lambda,0.01,0.5714431111111111,0.4737822222222222,0.43634266666666666,0.4336466666666667,0.7544679999999999,0.10987348530402108,0.08864228054969986,0.09409864075053317,0.09330387996131165,0.45518381048092393
swiss,DenSNE,0,perplexity,30.0,dens_lambda,0.05,0.8486284444444444,0.4691284444444444,0.4617813333333334,0.4510551111111111,0.761187111111111,0.2784622367666592,0.08744234280744642,0.09927259850363693,0.10157986210965701,0.4822357520658263
swiss,DenSNE,0,perplexity,30.0,dens_lambda,0.1,0.9171573333333333,0.4727062222222222,0.4766137777777778,0.4541022222222222,0.7598955555555555,0.4124958806873539,0.08841898176051485,0.10772800505773816,0.10341879174540225,0.4826051982544526
swiss,DenSNE,0,perplexity,30.0,dens_lambda,0.2,0.9428022222222223,0.49322177777777776,0.4768542222222222,0.4571915555555556,0.7625759999999999,0.5136925437323789,0.09324752575481099,0.11189300731970084,0.11221673643025146,0.48889646422391164
swiss,DenSNE,0,perplexity,30.0,dens_lambda,0.5,0.9520253333333334,0.5678528888888889,0.5162088888888888,0.4719657777777778,0.7640582222222222,0.6027985077536548,0.12025186219990083,0.1252668132163191,0.128913235618968,0.48614364462284876
swiss,DenSNE,0,perplexity,30.0,dens_lambda,1.0,0.9397346666666666,0.6523186666666667,0.5277897777777778,0.4847964444444445,0.7585057777777778,0.6006509339554321,0.16170648838009632,0.17864366675460555,0.1778801244906012,0.4732312027034374
swiss,DenSNE,0,perplexity,50.0,dens_lambda,0.0,0.5382964444444445,0.47090400000000004,0.25423955555555555,0.263844,0.7342422222222222,0.1017756326323661,0.08945431064475884,0.062113546946862275,0.0631096903541559,0.17826330009760444
swiss,DenSNE,0,perplexity,50.0,dens_lambda,0.01,0.6689031111111111,0.47037288888888895,0.2590786666666667,0.2503657777777778,0.724614222222222,0.14880839549928404,0.08832650443528262,0.06253117883048641,0.062231952779121774,0.1645703170802544
swiss,DenSNE,0,perplexity,50.0,dens_lambda,0.05,0.9062124444444446,0.4661102222222222,0.32963022222222227,0.2785617777777778,0.733495111111111,0.4499589865413618,0.0867245642755642,0.06838872313651051,0.06397126246896952,0.1835108396840459
swiss,DenSNE,0,perplexity,50.0,dens_lambda,0.1,0.9535151111111111,0.4739208888888889,0.36156177777777776,0.31338622222222223,0.743535111111111,0.633176662136435,0.08774846832171022,0.0726340786138346,0.06736405023854308,0.2364643434343315
swiss,DenSNE,0,perplexity,50.0,dens_lambda,0.2,0.9736577777777777,0.4770040000000001,0.3952613333333333,0.3335271111111111,0.7495386666666667,0.7389935515491757,0.08815666423358623,0.0777852405107312,0.06989089342307653,0.26651513582833103
swiss,DenSNE,0,perplexity,50.0,dens_lambda,0.5,0.9788884444444444,0.5108044444444444,0.44166533333333335,0.33970488888888895,0.7484773333333333,0.7756559360345088,0.09902165870065063,0.08833856141593549,0.07166370976440103,0.29614700045462916
swiss,DenSNE,0,perplexity,50.0,dens_lambda,1.0,0.9651173333333334,0.6440688888888889,0.4500226666666667,0.3636586666666667,0.7522786666666667,0.6821478341641436,0.17070131577455533,0.094648471658435,0.0801733531893224,0.3369645197142381
swiss,DenSNE,0,perplexity,75.0,dens_lambda,0.0,0.5291555555555556,0.45311422222222225,0.29589333333333334,0.29547155555555554,0.7920915555555555,0.09803238308185118,0.0852839598465541,0.06792598501757904,0.0670781041817847,0.35891158440696214
swiss,DenSNE,0,perplexity,75.0,dens_lambda,0.01,0.6872924444444445,0.4514102222222222,0.3193937777777778,0.3134222222222222,0.7930342222222221,0.16167406839905776,0.0841760828242765,0.07006512751561075,0.0692961323921822,0.3646263956751502
swiss,DenSNE,0,perplexity,75.0,dens_lambda,0.05,0.9153159999999999,0.452204,0.3964462222222222,0.3429768888888889,0.8047551111111111,0.5306010140394305,0.08334696466214583,0.08074650081093177,0.07545178080058795,0.40379163788437006
swiss,DenSNE,0,perplexity,75.0,dens_lambda,0.1,0.957675111111111,0.4595342222222223,0.43791111111111114,0.36039377777777776,0.8135173333333333,0.7118370656386914,0.08429093946278036,0.08824476355740254,0.07739477634566763,0.39463548883075944
swiss,DenSNE,0,perplexity,75.0,dens_lambda,0.2,0.9760426666666667,0.459484,0.496116,0.39007111111111115,0.8204008888888888,0.8088065806836399,0.08787029931813839,0.09996892025788011,0.0871613932244702,0.4013362377382989
swiss,DenSNE,0,perplexity,75.0,dens_lambda,0.5,0.9812328888888887,0.46214399999999994,0.5443257777777778,0.42702311111111113,0.8314728888888889,0.8403726116390273,0.08464116679121926,0.12511369240066494,0.12332785218351258,0.43455564404752467
swiss,DenSNE,0,perplexity,75.0,dens_lambda,1.0,0.9788342222222223,0.5496848888888889,0.5578995555555555,0.43787599999999993,0.8179511111111111,0.8321890360456446,0.10856357663316854,0.19367174236566392,0.20943162010501237,0.4397691628719428
swiss,DenSNE,0,perplexity,100.0,dens_lambda,0.0,0.6200857777777777,0.4562777777777778,0.2456311111111111,0.32520444444444446,0.8273142222222222,0.12224323922795995,0.0840111324526901,0.0626254144263237,0.06821658064265526,0.22415686125631645
swiss,DenSNE,0,perplexity,100.0,dens_lambda,0.01,0.730676888888889,0.4478528888888889,0.28347866666666666,0.33233866666666667,0.8277444444444444,0.17332603266926483,0.08250961529990516,0.06518767921418567,0.0688207765149946,0.2234771523356899
swiss,DenSNE,0,perplexity,100.0,dens_lambda,0.05,0.9284431111111111,0.44580444444444445,0.3749431111111111,0.3818333333333333,0.8377555555555555,0.5748704580131865,0.08192745670657159,0.07292706531468444,0.0751713430086349,0.24779750885262447
swiss,DenSNE,0,perplexity,100.0,dens_lambda,0.1,0.9686991111111111,0.45854222222222224,0.4500657777777778,0.40558666666666665,0.8398151111111112,0.787616162496862,0.08378961377442704,0.08480036383686554,0.08063142076742333,0.2567704069176197
swiss,DenSNE,0,perplexity,100.0,dens_lambda,0.2,0.9857946666666667,0.4748768888888889,0.5195782222222222,0.4474951111111111,0.8506666666666668,0.8891782811393106,0.08620379748521918,0.10417426331629905,0.09805439598436826,0.27821969136369185
swiss,DenSNE,0,perplexity,100.0,dens_lambda,0.5,0.9923551111111111,0.48996666666666666,0.6070573333333333,0.4871617777777778,0.8615973333333333,0.9351967920799871,0.11016890148561473,0.17615884035449403,0.1910728997794231,0.35897286807192946
swiss,DenSNE,0,perplexity,100.0,dens_lambda,1.0,0.9933413333333334,0.5559653333333333,0.6673777777777777,0.5467671111111111,0.8827235555555555,0.9385296200252407,0.14315678707090307,0.20618093702915496,0.2183705711609988,0.37259776883731394
swiss,DenSNE,1,perplexity,5.0,dens_lambda,0.0,0.24641777777777776,0.35146,0.29768799999999995,0.29997244444444443,0.592124,0.06142848251427742,0.07092258598361129,0.06573514557831525,0.06583468924490722,0.11089581890314758
swiss,DenSNE,1,perplexity,5.0,dens_lambda,0.01,0.27113600000000004,0.39982,0.2858173333333333,0.2915417777777778,0.5909408888888888,0.06355066767210447,0.0767986441364008,0.06468646145300773,0.06514608426471492,0.11058907695172446
swiss,DenSNE,1,perplexity,5.0,dens_lambda,0.05,0.30905644444444447,0.3814142222222222,0.30010666666666674,0.29498622222222226,0.5958142222222221,0.06689783806822336,0.0739368065832888,0.06610129324960395,0.06555616944993381,0.1122453321968146
swiss,DenSNE,1,perplexity,5.0,dens_lambda,0.1,0.34290044444444445,0.4116806666666667,0.30567155555555553,0.30210888888888887,0.5953008888888889,0.06994101728057628,0.07757002198035892,0.06653260700734118,0.06612938200057941,0.11247521040669464
swiss,DenSNE,1,perplexity,5.0,dens_lambda,0.2,0.38795644444444444,0.47630133333333335,0.3156497777777778,0.30841955555555556,0.5955946666666667,0.07444272723951101,0.08695468609236277,0.06725915187812334,0.06657009227676239,0.11261344815405004
swiss,DenSNE,1,perplexity,5.0,dens_lambda,0.5,0.37530044444444444,0.5425244444444445,0.31896088888888885,0.31736044444444445,0.5929297777777777,0.07293993324816857,0.10157814386834073,0.06750797926526927,0.06734318902446747,0.11189018843436653
swiss,DenSNE,1,perplexity,5.0,dens_lambda,1.0,0.3979893333333333,0.57906,0.3443946666666666,0.3393777777777778,0.5918599999999999,0.07552462755010839,0.11019275250666127,0.06970319525070445,0.06923342089977477,0.11244809078063712
swiss,DenSNE,1,perplexity,10.0,dens_lambda,0.0,0.24901022222222224,0.43485955555555555,0.36373333333333335,0.3792271111111112,0.6207417777777778,0.061769201628660904,0.08114828161125465,0.07261431908536399,0.07452941506979169,0.127630738585101
swiss,DenSNE,1,perplexity,10.0,dens_lambda,0.01,0.29312133333333334,0.4360124444444445,0.355792,0.36779777777777783,0.6275346666666666,0.06513574521995051,0.08178468185886353,0.07179901896199736,0.07304701796123428,0.12952143705279806
swiss,DenSNE,1,perplexity,10.0,dens_lambda,0.05,0.461968,0.451424,0.38421244444444447,0.3873235555555556,0.6286404444444444,0.08371083529625384,0.08421542583444983,0.07438252136252102,0.07482900329902575,0.13137278898229285
swiss,DenSNE,1,perplexity,10.0,dens_lambda,0.1,0.534376,0.4731488888888889,0.40889644444444445,0.39206266666666667,0.6319155555555556,0.09555289774887071,0.08790798514303269,0.07741071191201643,0.07519998933675755,0.13399269863347363
swiss,DenSNE,1,perplexity,10.0,dens_lambda,0.2,0.5927911111111112,0.498012,0.405796,0.39173555555555556,0.6319191111111111,0.1078219530305636,0.09449879813782601,0.07677729227830955,0.07506431296769552,0.13322632343296348
swiss,DenSNE,1,perplexity,10.0,dens_lambda,0.5,0.6472711111111111,0.5824264444444445,0.41385200000000005,0.3975217777777778,0.6327537777777777,0.12372524345552773,0.12438025276742487,0.07766616507415144,0.07561673162408591,0.13401706479775932
swiss,DenSNE,1,perplexity,10.0,dens_lambda,1.0,0.598408,0.6772715555555555,0.43318222222222225,0.43316622222222223,0.6317502222222221,0.11267192970447398,0.2177571241710845,0.08209974733912181,0.08315420821815722,0.13651977465972426
swiss,DenSNE,1,perplexity,15.0,dens_lambda,0.0,0.24999422222222223,0.4833777777777778,0.37764622222222227,0.3723444444444444,0.659823111111111,0.0659624079286446,0.09039036732076414,0.07430718690171381,0.0739541914456011,0.15043113442556227
swiss,DenSNE,1,perplexity,15.0,dens_lambda,0.01,0.3104906666666667,0.48031866666666667,0.3755697777777778,0.3688751111111111,0.6598506666666667,0.06670040081962555,0.08970601324607064,0.07399539369865035,0.07352118666617188,0.15069401328114362
swiss,DenSNE,1,perplexity,15.0,dens_lambda,0.05,0.5355764444444445,0.4681817777777778,0.3930493333333333,0.3855022222222222,0.6651191111111112,0.10106773307030059,0.08724618304118628,0.07634811719961838,0.07550061032154579,0.15662897918081312
swiss,DenSNE,1,perplexity,15.0,dens_lambda,0.1,0.6218657777777777,0.48290488888888894,0.4027475555555555,0.3886786666666667,0.6608444444444445,0.12157031312512102,0.08863435820137422,0.08144784443097063,0.07577338688877827,0.15439117673335345
swiss,DenSNE,1,perplexity,15.0,dens_lambda,0.2,0.7064306666666667,0.5042786666666667,0.4254213333333333,0.3979524444444444,0.6622906666666666,0.1500746820724187,0.09379269051991489,0.08048003977480207,0.07678462441195615,0.15659955061811703
swiss,DenSNE,1,perplexity,15.0,dens_lambda,0.5,0.753040888888889,0.5918111111111111,0.44074800000000003,0.40641288888888893,0.6646928888888889,0.20120147536893426,0.12032819876911109,0.08262766533657592,0.07776419053121526,0.1560573550041145
swiss,DenSNE,1,perplexity,15.0,dens_lambda,1.0,0.759183111111111,0.7065102222222222,0.4332448888888889,0.42658888888888885,0.6711533333333334,0.23328400574443353,0.18339095278923206,0.08734836764559814,0.08883725202066595,0.18015813904961375
swiss,DenSNE,1,perplexity,30.0,dens_lambda,0.0,0.5373106666666666,0.4892351111111112,0.54332,0.5538724444444445,0.8200035555555556,0.10129648955045245,0.09265119076557898,0.10067289022568472,0.10108017281749304,0.3723698707877938
swiss,DenSNE,1,perplexity,30.0,dens_lambda,0.01,0.6557315555555556,0.48793155555555556,0.5478426666666667,0.5687355555555555,0.8264600000000001,0.13792940508353202,0.09173875397697669,0.10185550412761288,0.10474772614796835,0.3902068541773951
swiss,DenSNE,1,perplexity,30.0,dens_lambda,0.05,0.8547635555555555,0.4806773333333333,0.5834888888888888,0.6043288888888889,0.8290186666666667,0.2957284128061302,0.08851935897990494,0.10786649581921195,0.11618306597079167,0.4029500984667439
swiss,DenSNE,1,perplexity,30.0,dens_lambda,0.1,0.9110115555555556,0.4832306666666667,0.6314591111111111,0.6267124444444445,0.8320275555555556,0.4298800835705737,0.08859697825300536,0.12714211039998982,0.12634594628862572,0.41629078987185825
swiss,DenSNE,1,perplexity,30.0,dens_lambda,0.2,0.9468573333333333,0.5031373333333333,0.6498079999999999,0.6514142222222223,0.8334795555555555,0.5514727047558571,0.09161319851327662,0.13261053951272644,0.14019261797230362,0.4234923776315115
swiss,DenSNE,1,perplexity,30.0,dens_lambda,0.5,0.9641657777777778,0.5305177777777778,0.6916422222222222,0.6636235555555555,0.8322622222222223,0.7017008099934996,0.10001342624849306,0.15642679148498945,0.1472031036600252,0.44876369818447925
swiss,DenSNE,1,perplexity,30.0,dens_lambda,1.0,0.9614137777777778,0.6497657777777777,0.7094955555555555,0.6477942222222223,0.8190755555555556,0.6977545331437102,0.22011776829867555,0.25644426066367215,0.28005154935059673,0.5174110168852905
swiss,DenSNE,1,perplexity,50.0,dens_lambda,0.0,0.5727088888888889,0.4632577777777778,0.666148,0.6901057777777777,0.8166897777777777,0.10902648863098012,0.08607794063276433,0.15943244425207487,0.21092088456396577,0.5118497918677096
swiss,DenSNE,1,perplexity,50.0,dens_lambda,0.01,0.7108017777777778,0.4671724444444445,0.7239102222222222,0.7194568888888888,0.8281799999999999,0.1662522011040114,0.08649512429380768,0.19413892337310462,0.1973982683056217,0.6142036751707632
swiss,DenSNE,1,perplexity,50.0,dens_lambda,0.05,0.920272,0.4590248888888888,0.7711622222222223,0.7545626666666667,0.8350337777777779,0.5151662396410961,0.08471792613253233,0.33316863098533034,0.3645505642536582,0.6997079284905499
swiss,DenSNE,1,perplexity,50.0,dens_lambda,0.1,0.9599519999999999,0.4606053333333333,0.7732275555555557,0.756472,0.8311128888888889,0.7161927888033177,0.08467632301012788,0.33275709274294374,0.3083953424685599,0.6922843360698431
swiss,DenSNE,1,perplexity,50.0,dens_lambda,0.2,0.9767782222222221,0.47474533333333335,0.8032217777777778,0.787475111111111,0.8329466666666667,0.8156793379287458,0.08643891091782491,0.3933854780689954,0.3451666094233564,0.717769509623943
swiss,DenSNE,1,perplexity,50.0,dens_lambda,0.5,0.9852364444444445,0.5071893333333334,0.8369497777777778,0.8096524444444444,0.833072,0.8753627474781478,0.09165554112778683,0.48592029379385576,0.4857420426150054,0.7328579220365221
swiss,DenSNE,1,perplexity,50.0,dens_lambda,1.0,0.9866764444444445,0.5257991111111112,0.8202337777777778,0.79008,0.8267293333333333,0.8895735234662772,0.09528434518782736,0.48388682215729584,0.5233413546435197,0.7074594589059863
swiss,DenSNE,1,perplexity,75.0,dens_lambda,0.0,0.571104,0.46279377777777775,0.581308,0.5122808888888889,0.8007924444444445,0.11187073181501558,0.0873598570334824,0.11277883764197533,0.09462665145094822,0.624457743395249
swiss,DenSNE,1,perplexity,75.0,dens_lambda,0.01,0.6931893333333334,0.4622137777777777,0.5677333333333333,0.5080031111111112,0.8021728888888888,0.16667614086164598,0.08729281118644389,0.10928689429715968,0.0952094127745818,0.6208381782963279
swiss,DenSNE,1,perplexity,75.0,dens_lambda,0.05,0.9161022222222222,0.45811822222222215,0.6034391111111111,0.5545462222222223,0.8062853333333333,0.5250977322126358,0.08510078436422949,0.1457208674169359,0.16043560429243087,0.6491002788655155
swiss,DenSNE,1,perplexity,75.0,dens_lambda,0.1,0.9656293333333335,0.4598626666666667,0.6856217777777778,0.580276,0.8085586666666666,0.7459044541586095,0.08491948544752537,0.2332036158276024,0.22671139797955794,0.6686907616947547
swiss,DenSNE,1,perplexity,75.0,dens_lambda,0.2,0.9820662222222223,0.4657577777777777,0.7040733333333333,0.6048466666666665,0.8094257777777778,0.8571887378017817,0.08546682399037009,0.281914946604659,0.2889833848363502,0.6670904001974387
swiss,DenSNE,1,perplexity,75.0,dens_lambda,0.5,0.9891,0.4755728888888889,0.7074804444444445,0.6243386666666667,0.8139315555555555,0.9129063170749532,0.08677590701034897,0.3185826357198988,0.36737320661111017,0.6739540909708567
swiss,DenSNE,1,perplexity,75.0,dens_lambda,1.0,0.9905582222222221,0.5241977777777778,0.706644,0.6127404444444445,0.815139111111111,0.9242245238938157,0.10431235967977137,0.3777949343844079,0.3842110055188974,0.6605303537185508
swiss,DenSNE,1,perplexity,100.0,dens_lambda,0.0,0.6116511111111111,0.46566577777777773,0.543764888888889,0.43661511111111106,0.7697884444444444,0.12525397202406113,0.08900239001635887,0.09799336869374917,0.08163003522372526,0.6149756134846641
swiss,DenSNE,1,perplexity,100.0,dens_lambda,0.01,0.7343657777777778,0.4627306666666667,0.5503026666666667,0.44396844444444444,0.7702142222222222,0.18486311929228402,0.08745817598519928,0.09988532245715698,0.08232127176784917,0.6305046069778556
swiss,DenSNE,1,perplexity,100.0,dens_lambda,0.05,0.9271479999999999,0.4530013333333333,0.660436888888889,0.481884,0.7844475555555556,0.5224053479324285,0.08448974828739308,0.14938421868320917,0.08719394204360652,0.688022765633121
swiss,DenSNE,1,perplexity,100.0,dens_lambda,0.1,0.9656711111111111,0.4534044444444444,0.7120515555555555,0.5384333333333333,0.7902635555555556,0.7380405183714346,0.08346123142750075,0.20398722857897522,0.10241781361194664,0.7260955274771466
swiss,DenSNE,1,perplexity,100.0,dens_lambda,0.2,0.9825684444444444,0.46463777777777776,0.7636168888888889,0.5931124444444444,0.793296,0.8693098425480624,0.08475839833746372,0.27933474406128933,0.16800776485686963,0.7466488367869626
swiss,DenSNE,1,perplexity,100.0,dens_lambda,0.5,0.9909231111111112,0.4799568888888889,0.8070942222222222,0.6347955555555556,0.7981773333333333,0.9310765937634068,0.08674309417082378,0.44968584899331493,0.33072651148534227,0.7606922480805395
swiss,DenSNE,1,perplexity,100.0,dens_lambda,1.0,0.9932466666666667,0.47699911111111104,0.8284182222222223,0.6645591111111111,0.8031733333333333,0.9462386612930986,0.09237752198430747,0.49225551886089625,0.4104247876488989,0.7616915360712054
swiss,DenSNE,2,perplexity,5.0,dens_lambda,0.0,0.20032088888888888,0.38584355555555555,0.24460444444444446,0.24935911111111111,0.5138568888888888,0.05886468107494879,0.07438511995239791,0.061834487450514966,0.062195466890956425,0.09336459336620642
swiss,DenSNE,2,perplexity,5.0,dens_lambda,0.01,0.2100746666666667,0.3702293333333333,0.2544166666666667,0.24911555555555556,0.5120439999999999,0.05953263710410611,0.07273569532737567,0.0626436628821173,0.06213188839626038,0.09286064275662648
swiss,DenSNE,2,perplexity,5.0,dens_lambda,0.05,0.2621111111111111,0.3699484444444444,0.264328,0.26216711111111113,0.5119213333333333,0.06312372829744516,0.07245453930080877,0.0632355169788521,0.06298176273164637,0.0930819558766013
swiss,DenSNE,2,perplexity,5.0,dens_lambda,0.1,0.30981155555555556,0.4097022222222222,0.2690351111111111,0.2716368888888889,0.5201306666666666,0.0668482566588563,0.07764278749117587,0.06354031034937162,0.06366427889056284,0.0947881893354293
swiss,DenSNE,2,perplexity,5.0,dens_lambda,0.2,0.3461128888888889,0.41906977777777776,0.2869448888888889,0.27606888888888886,0.5175351111111112,0.07016976652918575,0.07834394005109618,0.06476334303684488,0.06391335522470042,0.09414942058938794
swiss,DenSNE,2,perplexity,5.0,dens_lambda,0.5,0.3691,0.5178528888888889,0.2849715555555556,0.2768271111111111,0.5185568888888888,0.0722918372795702,0.09563677429896215,0.06467527800279377,0.06393565341415913,0.09449864798156508
swiss,DenSNE,2,perplexity,5.0,dens_lambda,1.0,0.3514346666666667,0.530852,0.2999937777777778,0.2987013333333333,0.5173333333333333,0.07058983521120735,0.09794698584662861,0.06628204203772652,0.06587154660479731,0.09449020046441114
swiss,DenSNE,2,perplexity,10.0,dens_lambda,0.0,0.2755711111111111,0.48813488888888884,0.31518666666666667,0.31552933333333333,0.561288888888889,0.06362171251668881,0.09348002188235081,0.06723884575848689,0.06713401161645755,0.10723055577620641
swiss,DenSNE,2,perplexity,10.0,dens_lambda,0.01,0.29318666666666665,0.4741182222222222,0.30280799999999997,0.3139777777777778,0.5574591111111111,0.06504441623906718,0.089374498264092,0.06633261148577833,0.06703563481189548,0.10579887114968269
swiss,DenSNE,2,perplexity,10.0,dens_lambda,0.05,0.41413377777777777,0.4390528888888889,0.3452008888888889,0.3331871111111111,0.5625124444444444,0.07760495719664989,0.0812013377213523,0.07034585270241393,0.06898274796992276,0.1073204981473257
swiss,DenSNE,2,perplexity,10.0,dens_lambda,0.1,0.48269822222222225,0.4505524444444444,0.3447795555555556,0.34340444444444446,0.5617697777777778,0.08729898395597951,0.08356887805196421,0.07046161642976317,0.07005328244492391,0.10851302647515848
swiss,DenSNE,2,perplexity,10.0,dens_lambda,0.2,0.6003213333333334,0.48970511111111115,0.36544488888888893,0.360756,0.5630942222222222,0.11164143391883484,0.09210867787020069,0.07305425403648125,0.0724731171815067,0.11021581509482262
swiss,DenSNE,2,perplexity,10.0,dens_lambda,0.5,0.6398422222222222,0.5660413333333334,0.37460266666666664,0.355528,0.5593440000000001,0.12369959971560669,0.12028429312774831,0.0736234155331857,0.07124474765585916,0.10771598368041102
swiss,DenSNE,2,perplexity,10.0,dens_lambda,1.0,0.5845893333333334,0.6531182222222222,0.3812413333333333,0.3703253333333333,0.5606831111111111,0.10911854145767078,0.18712255508712652,0.07908482844868703,0.08571523872848377,0.11037946435296411
swiss,DenSNE,2,perplexity,15.0,dens_lambda,0.0,0.27152844444444446,0.47250777777777775,0.2674013333333334,0.2872351111111111,0.5702488888888888,0.06332963476190268,0.08760637423880882,0.06332472413231119,0.06521480868359616,0.10406554646527848
swiss,DenSNE,2,perplexity,15.0,dens_lambda,0.01,0.34053066666666665,0.47176000000000007,0.28294311111111115,0.27846533333333334,0.5678453333333333,0.06949595533774543,0.08726370493849275,0.06449677827504625,0.06431993675910742,0.10365950864885948
swiss,DenSNE,2,perplexity,15.0,dens_lambda,0.05,0.5599977777777778,0.46557666666666664,0.29590044444444447,0.28701333333333334,0.5702537777777777,0.10095770552636943,0.08600900853916399,0.06538284913946084,0.06472042717205356,0.10409576376235898
swiss,DenSNE,2,perplexity,15.0,dens_lambda,0.1,0.6831977777777778,0.47339644444444445,0.31797733333333333,0.30356444444444447,0.5717875555555555,0.13470488252978405,0.08676087779927283,0.06735351209597688,0.06604654435740742,0.10488650104954197
swiss,DenSNE,2,perplexity,15.0,dens_lambda,0.2,0.7294151111111111,0.5234653333333333,0.3344551111111111,0.3074848888888889,0.5747368888888889,0.15393366401528705,0.10099575978937507,0.06881218276861732,0.06647194833668232,0.10551449703112945
swiss,DenSNE,2,perplexity,15.0,dens_lambda,0.5,0.7587511111111112,0.6058311111111111,0.3440351111111111,0.3124337777777778,0.573388,0.1798003044405739,0.13693988838823984,0.06971005144273959,0.0668057687408221,0.10536458954590863
swiss,DenSNE,2,perplexity,15.0,dens_lambda,1.0,0.7245719999999999,0.6851333333333334,0.356576,0.33249466666666666,0.5684511111111111,0.16255239769572727,0.20110534516213474,0.07289486342326343,0.07101725946777382,0.10442495512431596
swiss,DenSNE,2,perplexity,30.0,dens_lambda,0.0,0.47162,0.4857855555555556,0.24576533333333334,0.23465066666666667,0.6013395555555555,0.08709966951187846,0.09202805309957818,0.06252754609249,0.06290690003719179,0.11530211780951347
swiss,DenSNE,2,perplexity,30.0,dens_lambda,0.01,0.5980786666666666,0.48903377777777773,0.2405208888888889,0.2276426666666667,0.6044133333333334,0.11522051888998272,0.09146758808750231,0.06244845319832524,0.06244071785653331,0.11574247127073806
swiss,DenSNE,2,perplexity,30.0,dens_lambda,0.05,0.81736,0.4829111111111111,0.2804857777777777,0.24870666666666663,0.6098933333333334,0.23776907282666485,0.0896265244424477,0.06493179923663739,0.06339616833579978,0.11787725925576904
swiss,DenSNE,2,perplexity,30.0,dens_lambda,0.1,0.898964,0.4906706666666666,0.2999253333333333,0.2634844444444444,0.6156991111111111,0.37006105569543823,0.0907449936004761,0.06619249444054265,0.06421316047552009,0.12021775113488148
swiss,DenSNE,2,perplexity,30.0,dens_lambda,0.2,0.9412262222222222,0.5021711111111111,0.34951333333333334,0.27731466666666665,0.6183666666666667,0.496685880982985,0.09284012255461424,0.07071884713509564,0.06508007060659059,0.12177364307407171
swiss,DenSNE,2,perplexity,30.0,dens_lambda,0.5,0.9496417777777778,0.5617973333333333,0.37737822222222217,0.30257333333333336,0.6223853333333333,0.5564813639598947,0.11724359574862606,0.07341189763991356,0.06696046061381382,0.12414397175119393
swiss,DenSNE,2,perplexity,30.0,dens_lambda,1.0,0.9423595555555556,0.7128413333333332,0.4402182222222222,0.34869377777777777,0.638192,0.6069063325182131,0.2793527613506793,0.0808220731974719,0.0703632045602713,0.13102246165853237
swiss,DenSNE,2,perplexity,50.0,dens_lambda,0.0,0.5440737777777778,0.48163866666666666,0.17116444444444445,0.1612528888888889,0.5629862222222223,0.1018071298311436,0.09100513984269834,0.05746951469125859,0.05732161085635177,0.10739715922065568
swiss,DenSNE,2,perplexity,50.0,dens_lambda,0.01,0.6546519999999999,0.4819417777777778,0.16928888888888888,0.16260533333333332,0.5614022222222222,0.1356609780389095,0.09060199051823781,0.0576023559132649,0.057451061538520164,0.10703141891570123
swiss,DenSNE,2,perplexity,50.0,dens_lambda,0.05,0.897967111111111,0.48110355555555556,0.2201057777777778,0.17744177777777778,0.5596435555555556,0.3924684280993937,0.08925158427540783,0.0603049668263285,0.05803025511054899,0.1066591268393157
swiss,DenSNE,2,perplexity,50.0,dens_lambda,0.1,0.9495293333333333,0.4841835555555556,0.23004444444444444,0.17503333333333332,0.5615768888888889,0.6020308617859478,0.08888630695017523,0.06111794941325583,0.05795041296467175,0.10696292466872159
swiss,DenSNE,2,perplexity,50.0,dens_lambda,0.2,0.9742186666666666,0.49404666666666663,0.27182266666666666,0.1867071111111111,0.5611333333333334,0.7536982091780113,0.09055035519979951,0.06396741638882296,0.058456835527811814,0.107423066358412
swiss,DenSNE,2,perplexity,50.0,dens_lambda,0.5,0.9862062222222223,0.5537506666666667,0.34129644444444446,0.20979288888888886,0.575052,0.8468628686223233,0.10543351539655986,0.0701839769091539,0.05952908458942535,0.11113763510565405
swiss,DenSNE,2,perplexity,50.0,dens_lambda,1.0,0.9739111111111111,0.6846533333333334,0.35880888888888884,0.22501822222222223,0.5679351111111112,0.7685170633407508,0.18035710467516758,0.07140701506466589,0.06021834519427797,0.1089895198559497
swiss,DenSNE,2,perplexity,75.0,dens_lambda,0.0,0.5915173333333333,0.45729155555555556,0.1784782222222222,0.1829968888888889,0.6314444444444445,0.11436077675941299,0.08733790805531619,0.05868335080499407,0.05878380786474013,0.1258967768183212
swiss,DenSNE,2,perplexity,75.0,dens_lambda,0.01,0.7274488888888889,0.4497688888888889,0.2003066666666667,0.17589733333333335,0.6223706666666667,0.17442229832127845,0.08525269606090147,0.0598723364344106,0.05839105522293801,0.12200138665843338
swiss,DenSNE,2,perplexity,75.0,dens_lambda,0.05,0.9295693333333335,0.4472248888888889,0.2437688888888889,0.19097733333333333,0.6350777777777777,0.5320872161425199,0.08464585767670449,0.0630278364265233,0.05932685093041224,0.1267648323214092
swiss,DenSNE,2,perplexity,75.0,dens_lambda,0.1,0.9658955555555555,0.45136088888888887,0.28031911111111113,0.21619244444444444,0.643552,0.7367637956126053,0.0831733224251842,0.06521860069207988,0.06056464707670175,0.1319727982906703
swiss,DenSNE,2,perplexity,75.0,dens_lambda,0.2,0.9816297777777778,0.48279866666666665,0.3030937777777778,0.20581288888888888,0.639960888888889,0.8457405551466489,0.08860988297662199,0.06728817567383433,0.059742603904059825,0.1289611566171823
swiss,DenSNE,2,perplexity,75.0,dens_lambda,0.5,0.9863475555555555,0.5776204444444444,0.341096,0.20476488888888889,0.6318973333333334,0.8731503407974168,0.11470658691392786,0.07037407756549456,0.05933868237112775,0.12589988164041213
swiss,DenSNE,2,perplexity,75.0,dens_lambda,1.0,0.9804315555555555,0.6429631111111112,0.3602235555555555,0.23195200000000002,0.6372084444444444,0.8327047828125368,0.1401752313886637,0.07162888362754569,0.06062479400646355,0.12862636125806035
swiss,DenSNE,2,perplexity,100.0,dens_lambda,0.0,0.6170973333333334,0.45563688888888887,0.06430266666666667,0.05141377777777779,0.609284888888889,0.12164925580751451,0.08441300588232714,0.05300364441423917,0.05271059063518025,0.11307772364428537
swiss,DenSNE,2,perplexity,100.0,dens_lambda,0.01,0.7321546666666666,0.4491035555555556,0.07931466666666666,0.04816533333333334,0.6062226666666666,0.17896984950450548,0.08304652887442347,0.05366789789262217,0.052635548475044834,0.11215719837301734
swiss,DenSNE,2,perplexity,100.0,dens_lambda,0.05,0.9370866666666666,0.44061688888888884,0.1397471111111111,0.04789422222222222,0.6152133333333334,0.590991770866441,0.08141960303333666,0.0572352158498276,0.05278225044202218,0.11350560173490795
swiss,DenSNE,2,perplexity,100.0,dens_lambda,0.1,0.9714866666666666,0.4498457777777778,0.17072044444444445,0.05077422222222223,0.6216751111111111,0.7908986421790728,0.08255433997764204,0.05861134020506131,0.0529675900671593,0.11506809053762049
swiss,DenSNE,2,perplexity,100.0,dens_lambda,0.2,0.985399111111111,0.460096,0.26576444444444447,0.05227022222222223,0.6310382222222223,0.8886578440824444,0.08373583938546145,0.0643659535586526,0.052986045008195086,0.11796326641520724
swiss,DenSNE,2,perplexity,100.0,dens_lambda,0.5,0.9896577777777779,0.5229764444444445,0.3446053333333333,0.0878288888888889,0.6419440000000001,0.9159313520706437,0.09771616267184627,0.07120914524019431,0.05432772686715564,0.12144738170933761
swiss,DenSNE,2,perplexity,100.0,dens_lambda,1.0,0.9864893333333334,0.6033044444444444,0.44483288888888894,0.12548355555555557,0.6446088888888888,0.9042012066663105,0.13161286864018062,0.08201383370774389,0.05599617397595588,0.12311855524490486
swiss,DenSNE,3,perplexity,5.0,dens_lambda,0.0,0.24262844444444445,0.42950266666666664,0.2915251111111111,0.29118,0.5223626666666666,0.06109648577217104,0.08065156495503803,0.0654863752554087,0.06551727274362266,0.09511282561040652
swiss,DenSNE,3,perplexity,5.0,dens_lambda,0.01,0.2594182222222222,0.40920177777777783,0.30136977777777774,0.30213155555555554,0.524956,0.062537917718388,0.0773350081745317,0.06628497843371194,0.06624941020387937,0.09621163628881269
swiss,DenSNE,3,perplexity,5.0,dens_lambda,0.05,0.2951448888888889,0.41381822222222225,0.29380977777777784,0.29704177777777774,0.5224431111111111,0.06563032600234009,0.07809985822415967,0.06581839385692581,0.06597954992746285,0.09486217000123325
swiss,DenSNE,3,perplexity,5.0,dens_lambda,0.1,0.34251066666666663,0.43673244444444437,0.29828088888888893,0.30141288888888884,0.5245408888888888,0.06993995536193226,0.08158828477034827,0.06607838331992713,0.066298040293295,0.09574101933907142
swiss,DenSNE,3,perplexity,5.0,dens_lambda,0.2,0.37580222222222226,0.42732177777777774,0.307316,0.30776977777777775,0.5274386666666666,0.07317683766507449,0.07964429619800366,0.0667978324963868,0.06669262954235826,0.09649381147163555
swiss,DenSNE,3,perplexity,5.0,dens_lambda,0.5,0.37582844444444446,0.48808133333333337,0.31131644444444445,0.3077702222222222,0.5263733333333334,0.07330697841589211,0.08953440319033033,0.06714579235679376,0.06684963697970596,0.09584695962728598
swiss,DenSNE,3,perplexity,5.0,dens_lambda,1.0,0.4162031111111111,0.600492,0.32943599999999995,0.3309533333333333,0.5306435555555555,0.07823619590440363,0.11825984696840953,0.0691052662274157,0.06895823219659478,0.09753428203743839
swiss,DenSNE,3,perplexity,10.0,dens_lambda,0.0,0.2806524444444445,0.44247244444444445,0.4088857777777778,0.4230728888888889,0.568712,0.06445237381723379,0.0832767116663305,0.0814323149322774,0.08180670983467422,0.11146618277184434
swiss,DenSNE,3,perplexity,10.0,dens_lambda,0.01,0.33818266666666663,0.4640808888888889,0.41515244444444444,0.412292,0.5637746666666666,0.07101224754564224,0.08715485112176646,0.08686431330359765,0.09363408767750225,0.1075707413032578
swiss,DenSNE,3,perplexity,10.0,dens_lambda,0.05,0.48486355555555555,0.462652,0.40537200000000007,0.4187622222222222,0.5664595555555556,0.08703393949030767,0.08553707517065232,0.07777836853207452,0.07914850524586517,0.1076864914845427
swiss,DenSNE,3,perplexity,10.0,dens_lambda,0.1,0.5487017777777778,0.45710399999999995,0.4078475555555556,0.4190466666666667,0.5694057777777777,0.09811880891027427,0.08475924758242888,0.07706470348071062,0.07830689770009153,0.10720764377837133
swiss,DenSNE,3,perplexity,10.0,dens_lambda,0.2,0.6253044444444444,0.5055013333333334,0.428912,0.42951288888888894,0.5732777777777778,0.1158612236330519,0.09426157132225865,0.07975187277337412,0.08032632671225459,0.10816041404891935
swiss,DenSNE,3,perplexity,10.0,dens_lambda,0.5,0.6136573333333334,0.5578533333333333,0.4154648888888889,0.41360177777777773,0.5738351111111111,0.11367127293274645,0.10764238558439235,0.07826328928020987,0.07797899779775813,0.10715597146901974
swiss,DenSNE,3,perplexity,10.0,dens_lambda,1.0,0.6235413333333333,0.640004,0.437724,0.4413826666666667,0.576923111111111,0.11856061940411819,0.14577218945391035,0.08648527920073187,0.08750839953812756,0.10765296516769106
swiss,DenSNE,3,perplexity,15.0,dens_lambda,0.0,0.36897066666666667,0.4663168888888889,0.49787777777777775,0.5318515555555556,0.5591946666666667,0.0722799707973816,0.08729690760924072,0.12222652612747255,0.17348595928940116,0.10297698522864715
swiss,DenSNE,3,perplexity,15.0,dens_lambda,0.01,0.3817586666666667,0.4483431111111111,0.4988915555555556,0.5158191111111111,0.5529875555555556,0.07359868432530484,0.08437901068142246,0.10088724763520959,0.10291872815590741,0.10448749401020825
swiss,DenSNE,3,perplexity,15.0,dens_lambda,0.05,0.6201235555555555,0.4498346666666667,0.5341657777777777,0.5336497777777778,0.5644497777777777,0.11467361044281389,0.08458690012789183,0.11478492513742519,0.11642361863064299,0.1044455972003099
swiss,DenSNE,3,perplexity,15.0,dens_lambda,0.1,0.7069924444444445,0.46023577777777774,0.5252106666666667,0.5241062222222223,0.5634057777777778,0.14467740977320728,0.08660951640847353,0.10702847920399644,0.10425812700892624,0.10408152394365519
swiss,DenSNE,3,perplexity,15.0,dens_lambda,0.2,0.7721395555555556,0.4712273333333334,0.5461377777777777,0.5331813333333333,0.5685688888888889,0.181952395591182,0.08890622306240473,0.11007437980326543,0.11164807780261665,0.10526990226889377
swiss,DenSNE,3,perplexity,15.0,dens_lambda,0.5,0.8164404444444444,0.5510564444444443,0.5443675555555555,0.5276026666666667,0.5647840000000001,0.2376390121276102,0.10859400869271356,0.10758806231369394,0.10141761287064581,0.10396400173121695
swiss,DenSNE,3,perplexity,15.0,dens_lambda,1.0,0.787492,0.7114813333333333,0.5355088888888889,0.5154484444444444,0.5697168888888889,0.24331634493309265,0.20599882120286744,0.117961336100703,0.10075431395989609,0.10505120687281619
swiss,DenSNE,3,perplexity,30.0,dens_lambda,0.0,0.5019848888888889,0.4780522222222222,0.624104,0.6392475555555556,0.6299915555555555,0.09226183039626579,0.0904464733544656,0.11804920950251963,0.12472878299136404,0.12013650643112697
swiss,DenSNE,3,perplexity,30.0,dens_lambda,0.01,0.627916,0.4708764444444445,0.6093422222222221,0.6191502222222223,0.6233826666666668,0.12240531160782706,0.08918099316297266,0.11505030151448739,0.1176897311591702,0.1182620578069153
swiss,DenSNE,3,perplexity,30.0,dens_lambda,0.05,0.8309408888888888,0.46542800000000006,0.6534915555555556,0.6368497777777777,0.6344862222222222,0.24431426783277205,0.08655482057072383,0.14156365039567415,0.1358230359942631,0.12098543227436341
swiss,DenSNE,3,perplexity,30.0,dens_lambda,0.1,0.8955537777777779,0.4753302222222222,0.646503111111111,0.6403568888888888,0.6326937777777779,0.3411508623824763,0.08927828271983551,0.1301031283835179,0.1639975876763663,0.12076427854372176
swiss,DenSNE,3,perplexity,30.0,dens_lambda,0.2,0.9368000000000002,0.47441599999999995,0.6498488888888888,0.6194742222222223,0.631288,0.4876193231936818,0.09057253333957162,0.16174876784242317,0.13572379814722552,0.12042010082323311
swiss,DenSNE,3,perplexity,30.0,dens_lambda,0.5,0.9642057777777778,0.5345631111111111,0.6626715555555556,0.6109422222222222,0.6367875555555556,0.6292814630359715,0.12427470394334225,0.2144314651060476,0.18164556172238572,0.12253654187263222
swiss,DenSNE,3,perplexity,30.0,dens_lambda,1.0,0.9511142222222221,0.6521288888888889,0.7023395555555556,0.6458346666666666,0.6406124444444444,0.6014651767662028,0.21799404865733163,0.23425580101669422,0.14717326585013796,0.12210341107584327
swiss,DenSNE,3,perplexity,50.0,dens_lambda,0.0,0.5348,0.4708986666666667,0.590788,0.5645182222222223,0.6860151111111111,0.10029323608367963,0.08909324606490326,0.10991063167023833,0.1029565049319805,0.1370349362306475
swiss,DenSNE,3,perplexity,50.0,dens_lambda,0.01,0.6572533333333334,0.46395333333333333,0.5786182222222223,0.5662355555555556,0.6855973333333333,0.13601662727822744,0.08672153483438927,0.10742729975243612,0.10336282147892223,0.13704875268453423
swiss,DenSNE,3,perplexity,50.0,dens_lambda,0.05,0.8872204444444446,0.46065955555555554,0.6003217777777778,0.5623551111111111,0.6949231111111112,0.34973977552156865,0.08548898898181292,0.11229273123576787,0.10241831697114767,0.14054850200013547
swiss,DenSNE,3,perplexity,50.0,dens_lambda,0.1,0.9373182222222222,0.4696431111111111,0.6308542222222222,0.5672675555555555,0.7014906666666668,0.49913193974433884,0.0870366299074351,0.12851461811162088,0.10677484070894741,0.14336992824176936
swiss,DenSNE,3,perplexity,50.0,dens_lambda,0.2,0.9600506666666667,0.48035155555555553,0.6440702222222222,0.572699111111111,0.6985702222222222,0.6726137271939064,0.08897499990623328,0.15713706369887592,0.11529081565914909,0.14257662788803951
swiss,DenSNE,3,perplexity,50.0,dens_lambda,0.5,0.9798084444444444,0.5089897777777778,0.6896551111111111,0.5898764444444444,0.7016471111111112,0.8281624873795865,0.10928644832109333,0.20412176086365674,0.13924883489019055,0.14470033743914665
swiss,DenSNE,3,perplexity,50.0,dens_lambda,1.0,0.9850102222222223,0.5489515555555555,0.7080697777777777,0.6030031111111112,0.6943560000000001,0.870369868121238,0.11557462579249578,0.2244331041520766,0.13779630524412162,0.14055670989111746
swiss,DenSNE,3,perplexity,75.0,dens_lambda,0.0,0.5769782222222223,0.48424355555555554,0.4428715555555556,0.351972,0.6176493333333334,0.12086032224542362,0.09455912837884117,0.08930957828441884,0.07115345190917573,0.11915241055248202
swiss,DenSNE,3,perplexity,75.0,dens_lambda,0.01,0.6993862222222222,0.4879555555555556,0.4441373333333333,0.33844266666666667,0.6174724444444444,0.19850861903352363,0.09544150301381586,0.08784476393295657,0.06979253808089876,0.11781342059266775
swiss,DenSNE,3,perplexity,75.0,dens_lambda,0.05,0.9263893333333334,0.4834044444444445,0.48987555555555556,0.3630413333333333,0.6331737777777777,0.5692795696208658,0.09037109126676858,0.11143741512599842,0.07290019416477349,0.12159075750842914
swiss,DenSNE,3,perplexity,75.0,dens_lambda,0.1,0.9654168888888889,0.4834582222222222,0.5279924444444444,0.3736648888888889,0.6348382222222222,0.7292818014928264,0.08919726286229884,0.13774482381863742,0.07438603046011703,0.12199293017074025
swiss,DenSNE,3,perplexity,75.0,dens_lambda,0.2,0.9797840000000001,0.4917195555555556,0.5660488888888888,0.3768071111111111,0.6317564444444446,0.8221240237945338,0.09009762225743045,0.15534347401162119,0.07516300723101521,0.12103676729041041
swiss,DenSNE,3,perplexity,75.0,dens_lambda,0.5,0.9851902222222222,0.5260951111111112,0.6199337777777778,0.39044533333333337,0.6268417777777777,0.859532205164045,0.11582709352082493,0.17665098398580734,0.08082993126178341,0.11823518985026449
swiss,DenSNE,3,perplexity,75.0,dens_lambda,1.0,0.9858604444444444,0.6181284444444445,0.6272231111111111,0.41665555555555556,0.640088,0.8657077727234006,0.23158120228576934,0.19493213156417252,0.08553634155238779,0.1213930879218831
swiss,DenSNE,3,perplexity,100.0,dens_lambda,0.0,0.49546488888888884,0.46207733333333334,0.3972644444444444,0.33437155555555553,0.6729004444444444,0.09283514923436625,0.08652268498760052,0.08843044812542651,0.06973810853810974,0.13112136134517838
swiss,DenSNE,3,perplexity,100.0,dens_lambda,0.01,0.6266355555555555,0.4598613333333333,0.4064595555555555,0.31846355555555556,0.6706591111111111,0.13053560393295385,0.08603480764357875,0.08328645342800155,0.06789232466992579,0.13044638429590139
swiss,DenSNE,3,perplexity,100.0,dens_lambda,0.05,0.8909955555555554,0.4705226666666667,0.4701764444444444,0.36114488888888885,0.6796884444444444,0.4103792820697994,0.08655957548580712,0.12692216311600668,0.07298445868681383,0.13334244131849227
swiss,DenSNE,3,perplexity,100.0,dens_lambda,0.1,0.9532053333333335,0.47214311111111107,0.5476168888888889,0.38282222222222223,0.6880528888888889,0.6454490461784748,0.08633954399807078,0.19056584051555736,0.07604393176161586,0.1367133591761628
swiss,DenSNE,3,perplexity,100.0,dens_lambda,0.2,0.9772111111111111,0.4839035555555556,0.6253111111111112,0.41585911111111107,0.7064493333333333,0.8049406556184545,0.08775539924425577,0.19196748396825977,0.0802508952610089,0.14633730632165504
swiss,DenSNE,3,perplexity,100.0,dens_lambda,0.5,0.986916888888889,0.521724,0.6918164444444445,0.45164266666666664,0.7162004444444444,0.8781254043565406,0.10718810420112218,0.22918428276562147,0.08590698655907011,0.1489814261784416
swiss,DenSNE,3,perplexity,100.0,dens_lambda,1.0,0.985999111111111,0.5698533333333333,0.7565768888888889,0.5072604444444444,0.7252666666666666,0.8655004635378732,0.14167776081943617,0.290276331189959,0.10050675362520523,0.1565669338111599
swiss,DenSNE,4,perplexity,5.0,dens_lambda,0.0,0.28412533333333334,0.38677377777777777,0.3148066666666667,0.30291644444444443,0.6130311111111111,0.06445884385514658,0.07467615929862617,0.0673101259287659,0.06627875046799436,0.11485146039705897
swiss,DenSNE,4,perplexity,5.0,dens_lambda,0.01,0.28390533333333334,0.41158666666666666,0.3050206666666667,0.30289733333333335,0.6105186666666667,0.06624382851019818,0.08033482256792188,0.06688321855423006,0.06664125269113319,0.11411460174297627
swiss,DenSNE,4,perplexity,5.0,dens_lambda,0.05,0.3069902222222223,0.4297457777777778,0.2930028888888889,0.29100355555555557,0.6091848888888889,0.06657674234765912,0.08237597691415294,0.06674770359484246,0.06525657395375054,0.11332397595989636
swiss,DenSNE,4,perplexity,5.0,dens_lambda,0.1,0.34569422222222224,0.46666799999999997,0.3043675555555556,0.3012168888888889,0.6086595555555556,0.06992283414753277,0.0866920210130136,0.06606669798036077,0.06577908431176663,0.11361149220670455
swiss,DenSNE,4,perplexity,5.0,dens_lambda,0.2,0.3828457777777778,0.49359733333333333,0.3190151111111111,0.30850755555555553,0.6075555555555554,0.07387719751801024,0.08993307050777802,0.06742329722894076,0.06648036147939158,0.11345199125287816
swiss,DenSNE,4,perplexity,5.0,dens_lambda,0.5,0.38880888888888887,0.5361377777777777,0.32782622222222224,0.31590711111111114,0.6081951111111111,0.07470667135400386,0.1002998732562788,0.06840556394045534,0.0672431220200517,0.1146497355354573
swiss,DenSNE,4,perplexity,5.0,dens_lambda,1.0,0.4046542222222222,0.6058444444444445,0.35143244444444444,0.34101511111111116,0.6105777777777777,0.07791907323788126,0.11918903546248227,0.07212840729202481,0.07062200997315779,0.11668092500497888
swiss,DenSNE,4,perplexity,10.0,dens_lambda,0.0,0.24679866666666667,0.44981911111111106,0.29061644444444446,0.2899648888888889,0.635164,0.06146135107854401,0.08496315883308986,0.06529668142221343,0.06520806772728996,0.1252235775337699
swiss,DenSNE,4,perplexity,10.0,dens_lambda,0.01,0.283556,0.4445995555555555,0.2914546666666667,0.28522044444444444,0.6355422222222222,0.0643823667777822,0.08338007714999641,0.0652370589864968,0.0647832244103773,0.12583982458803247
swiss,DenSNE,4,perplexity,10.0,dens_lambda,0.05,0.424296,0.4122431111111111,0.32139422222222225,0.30577866666666664,0.6406142222222223,0.07853952246271596,0.07756896408624465,0.06778682671890054,0.06641086677972165,0.1276982608590675
swiss,DenSNE,4,perplexity,10.0,dens_lambda,0.1,0.5116635555555555,0.4650115555555556,0.3281777777777778,0.30444177777777776,0.6414404444444445,0.09169516323552446,0.08620877337481545,0.06845000567134676,0.06627463026134706,0.12774515317006455
swiss,DenSNE,4,perplexity,10.0,dens_lambda,0.2,0.6000675555555556,0.5340715555555555,0.324576,0.3165782222222222,0.640124888888889,0.1112953492893021,0.09886409348825119,0.06807760863507072,0.06731507749449746,0.12725557071092233
swiss,DenSNE,4,perplexity,10.0,dens_lambda,0.5,0.57992,0.6095999999999999,0.34796133333333334,0.3133622222222222,0.6427631111111112,0.10674557607331056,0.12124712993357659,0.07034279183133932,0.06701143391662143,0.12830456772822116
swiss,DenSNE,4,perplexity,10.0,dens_lambda,1.0,0.5584724444444444,0.6682342222222223,0.34494577777777774,0.3345866666666667,0.6408857777777778,0.10296918396339058,0.15077209729893168,0.07003285895259076,0.06902652813426792,0.12962497305685042
swiss,DenSNE,4,perplexity,15.0,dens_lambda,0.0,0.3229133333333334,0.4792766666666667,0.2889631111111111,0.2948288888888889,0.652516,0.06795843568455079,0.09124229795173046,0.06705435373828594,0.06749278334497653,0.1398088251027164
swiss,DenSNE,4,perplexity,15.0,dens_lambda,0.01,0.4161542222222222,0.473272,0.2736942222222222,0.28028177777777774,0.6473471111111111,0.07827970873645408,0.09026564986671597,0.0647556509526418,0.06582306237284437,0.13394596186868674
swiss,DenSNE,4,perplexity,15.0,dens_lambda,0.05,0.5731768888888888,0.48157688888888894,0.3184057777777778,0.29843333333333333,0.6503733333333334,0.10664288964616124,0.08987717115322877,0.06938853311750623,0.06827960879889267,0.13530542202405815
swiss,DenSNE,4,perplexity,15.0,dens_lambda,0.1,0.6613577777777777,0.5054693333333333,0.3099568888888889,0.2955297777777778,0.6477057777777778,0.12992684588519351,0.0941773708155662,0.06880384904558251,0.06793570054227685,0.1326331090499374
swiss,DenSNE,4,perplexity,15.0,dens_lambda,0.2,0.7075213333333333,0.5072577777777777,0.32371822222222224,0.30965155555555557,0.6488431111111111,0.14925007879962976,0.0968345709226818,0.0711059304385211,0.06989818302248293,0.13438525042697247
swiss,DenSNE,4,perplexity,15.0,dens_lambda,0.5,0.7204604444444446,0.6022924444444444,0.32494666666666666,0.30824,0.6443671111111111,0.1674716317045196,0.13481489605657934,0.07062697694544004,0.06958382993222587,0.13267606184656608
swiss,DenSNE,4,perplexity,15.0,dens_lambda,1.0,0.7042142222222222,0.7029946666666667,0.3310062222222222,0.32111911111111113,0.6359982222222222,0.17944172140480663,0.23950807418393066,0.07595567169480576,0.07461967875362957,0.13299436782669394
swiss,DenSNE,4,perplexity,30.0,dens_lambda,0.0,0.45025377777777775,0.4784995555555555,0.3195173333333334,0.3100213333333333,0.7166502222222222,0.08607264397031258,0.0920001186567972,0.06804939561178258,0.06858045076470923,0.18700697706993946
swiss,DenSNE,4,perplexity,30.0,dens_lambda,0.01,0.5760559999999999,0.48125999999999997,0.3207853333333333,0.30665555555555557,0.7169777777777777,0.11404414051103692,0.09431637244773447,0.06869898855204759,0.06834672358152022,0.19276661171779974
swiss,DenSNE,4,perplexity,30.0,dens_lambda,0.05,0.8331280000000001,0.47606888888888893,0.3501311111111111,0.3121991111111111,0.7137257777777777,0.27070514805489737,0.09531420546077987,0.07110185315318142,0.06926880790453134,0.18697596338941452
swiss,DenSNE,4,perplexity,30.0,dens_lambda,0.1,0.9075595555555556,0.4773262222222222,0.342404,0.30544,0.7087240000000001,0.39116560170581927,0.09348767678681538,0.06979492742352744,0.0665443952962396,0.1748199381064061
swiss,DenSNE,4,perplexity,30.0,dens_lambda,0.2,0.9400973333333335,0.4919786666666667,0.3604591111111111,0.3152337777777777,0.7148871111111111,0.5046587027870829,0.09537719165292119,0.07161967687926495,0.06750067714044886,0.18053496922438295
swiss,DenSNE,4,perplexity,30.0,dens_lambda,0.5,0.9582426666666668,0.5622391111111111,0.40160133333333337,0.3429617777777778,0.7190391111111112,0.608046732620725,0.12350740122548917,0.07805852201821264,0.07586805892293082,0.1936863870506026
swiss,DenSNE,4,perplexity,30.0,dens_lambda,1.0,0.933904,0.7204657777777778,0.39588266666666666,0.33333244444444443,0.7131306666666666,0.5082704404991437,0.2156922495289539,0.08256426679692669,0.0704623180365299,0.2071593914333794
swiss,DenSNE,4,perplexity,50.0,dens_lambda,0.0,0.580759111111111,0.4746302222222223,0.29522977777777776,0.2995906666666667,0.7559791111111112,0.11174231465598183,0.08909485285625138,0.06634894101906906,0.06925645729030028,0.20217323124416978
swiss,DenSNE,4,perplexity,50.0,dens_lambda,0.01,0.7008004444444446,0.4713991111111111,0.29683733333333334,0.2991942222222222,0.7569831111111112,0.15833415814584564,0.08787591203607112,0.06665756144410774,0.06909677207023789,0.2028356509245305
swiss,DenSNE,4,perplexity,50.0,dens_lambda,0.05,0.9198484444444444,0.46524577777777776,0.4174982222222222,0.3244666666666667,0.7685804444444444,0.45119175555035157,0.08641019670813155,0.0778724407030559,0.07035608951291142,0.20086559783163685
swiss,DenSNE,4,perplexity,50.0,dens_lambda,0.1,0.9555480000000001,0.46208266666666664,0.4254071111111111,0.3396577777777778,0.7722124444444445,0.585555208749938,0.08535483854437599,0.07867386964727646,0.07119659928373695,0.19906137605273605
swiss,DenSNE,4,perplexity,50.0,dens_lambda,0.2,0.9724284444444444,0.46892,0.48756444444444447,0.35398844444444444,0.7701311111111112,0.6944446817343072,0.08629286680863857,0.08735908469089418,0.07190470840524955,0.19126344491325753
swiss,DenSNE,4,perplexity,50.0,dens_lambda,0.5,0.9798653333333333,0.516092,0.5382964444444445,0.33741200000000005,0.7600964444444444,0.784160126291465,0.09573086896743575,0.09835642026327142,0.0705247562595565,0.18187872519506923
swiss,DenSNE,4,perplexity,50.0,dens_lambda,1.0,0.97968,0.6382417777777777,0.5527266666666667,0.3627146666666667,0.7566502222222221,0.7894640812978498,0.14876654291949454,0.1005219887451341,0.07217557206955169,0.17854328729891064
swiss,DenSNE,4,perplexity,75.0,dens_lambda,0.0,0.5368693333333333,0.4546173333333333,0.4480297777777778,0.37480222222222226,0.7520097777777778,0.09887839450445875,0.08399388735750152,0.08221529808815287,0.07304629560075257,0.16852236247769664
swiss,DenSNE,4,perplexity,75.0,dens_lambda,0.01,0.6788599999999999,0.45748044444444447,0.46631155555555553,0.3700755555555556,0.7605959999999999,0.14608142377424743,0.08380296295619552,0.08457771521697671,0.07254586375975497,0.1742863616236778
swiss,DenSNE,4,perplexity,75.0,dens_lambda,0.05,0.9161906666666666,0.45048400000000005,0.5853235555555556,0.3960337777777778,0.7804466666666667,0.45026803146306166,0.08268771803987998,0.1105540535708632,0.07523338017806327,0.18779039336859246
swiss,DenSNE,4,perplexity,75.0,dens_lambda,0.1,0.9605022222222223,0.4533208888888889,0.6290297777777778,0.4188551111111111,0.7844777777777777,0.6435093750639865,0.08295267608214701,0.1462037862349986,0.0785657066064584,0.18869525097716291
swiss,DenSNE,4,perplexity,75.0,dens_lambda,0.2,0.9776262222222222,0.45630044444444445,0.6834444444444445,0.468892,0.7942680000000001,0.7538820193260064,0.08333365432506598,0.21352510708098127,0.08800693469488968,0.1949047090523559
swiss,DenSNE,4,perplexity,75.0,dens_lambda,0.5,0.9857768888888889,0.47302177777777776,0.7421142222222222,0.5092337777777777,0.8015391111111112,0.8166544631247986,0.0856488470406909,0.26601489291012503,0.10153221525155331,0.2033027095297878
swiss,DenSNE,4,perplexity,75.0,dens_lambda,1.0,0.9891097777777778,0.5336666666666667,0.791144,0.5509008888888889,0.8001622222222223,0.8889699356618576,0.09743070040650206,0.34978368947796623,0.14964370635484567,0.20767149109762678
swiss,DenSNE,4,perplexity,100.0,dens_lambda,0.0,0.5486262222222222,0.45083688888888884,0.5676533333333333,0.4725666666666667,0.7787413333333333,0.10136370928332689,0.08325490090836885,0.20193512403191313,0.15286835267862375,0.18465902462866055
swiss,DenSNE,4,perplexity,100.0,dens_lambda,0.01,0.68356,0.44761911111111113,0.5885728888888889,0.4705004444444444,0.7823835555555556,0.14594377557433152,0.08258587335126392,0.2291869737471783,0.25338197862161876,0.18694482472059815
swiss,DenSNE,4,perplexity,100.0,dens_lambda,0.05,0.9205826666666668,0.4517688888888889,0.6665751111111111,0.49882444444444446,0.8016502222222223,0.502638396709903,0.0832056793808795,0.22759677792305116,0.14595192666655846,0.20224709084635556
swiss,DenSNE,4,perplexity,100.0,dens_lambda,0.1,0.9666231111111111,0.46395111111111115,0.7694924444444444,0.5308799999999999,0.8110453333333334,0.7582615869358657,0.08493250610804638,0.3106048729116674,0.13363162800639905,0.21461463454578922
swiss,DenSNE,4,perplexity,100.0,dens_lambda,0.2,0.9827075555555556,0.47889644444444446,0.8151337777777776,0.5719244444444445,0.8233800000000001,0.8691325265884426,0.08718136046318839,0.3432577337655026,0.158754835666911,0.22936728901585185
swiss,DenSNE,4,perplexity,100.0,dens_lambda,0.5,0.9910333333333333,0.5035044444444444,0.8510160000000001,0.5954128888888889,0.8256017777777778,0.92776659417561,0.09103821581885353,0.4141715562860274,0.19786700152899894,0.23274440473961522
swiss,DenSNE,4,perplexity,100.0,dens_lambda,1.0,0.994016888888889,0.5642262222222222,0.829528,0.5891062222222222,0.8264026666666666,0.9488506940916775,0.12231039356312821,0.4160819770634165,0.2226349758060638,0.2308838500729692
swiss,t-SNE,0,perplexity,1.0,learning_rate,50.0,0.22736955555555555,0.4167882222222222,0.23129866666666668,0.23281444444444443,0.5209699999999999,0.06160686255671679,0.07999353559372796,0.0619696597281744,0.061943531713622886,0.09458258239077696
swiss,t-SNE,0,perplexity,1.0,learning_rate,200.0,0.2250737777777778,0.39208466666666664,0.23512977777777777,0.231966,0.5229017777777778,0.062867961677191,0.07602981775318252,0.061620799805805884,0.061291596607904425,0.09404041992952453
swiss,t-SNE,0,perplexity,1.0,learning_rate,500.0,0.2631537777777778,0.3770393333333334,0.2722768888888889,0.27241911111111106,0.5216737777777779,0.06349993068815218,0.075500068466199,0.0640360199840059,0.06411891633439247,0.09421588614363424
swiss,t-SNE,0,perplexity,2.0,learning_rate,50.0,0.1282071111111111,0.4132057777777778,0.13386622222222222,0.13351333333333334,0.5243835555555555,0.0552356519778205,0.07761443580532143,0.05567695842122883,0.05561231156204366,0.0947439892952266
swiss,t-SNE,0,perplexity,2.0,learning_rate,200.0,0.10633377777777778,0.4167184444444444,0.1248231111111111,0.10975333333333333,0.5344466666666666,0.05432033250698166,0.0780327716512978,0.055314274700026415,0.05456578733854142,0.09724760223036649
swiss,t-SNE,0,perplexity,2.0,learning_rate,500.0,0.12400222222222222,0.38863177777777774,0.13155511111111112,0.13681155555555558,0.5917222222222221,0.054748491893696204,0.07448077559110816,0.055213084994730405,0.05535902166247766,0.10750878043802303
swiss,t-SNE,0,perplexity,3.0,learning_rate,50.0,0.10738622222222223,0.4035346666666667,0.1209448888888889,0.12098755555555557,0.5899471111111111,0.054984711726050926,0.07639929014987323,0.05573995602775938,0.05584786593083118,0.10923699870622322
swiss,t-SNE,0,perplexity,3.0,learning_rate,200.0,0.08939644444444445,0.3937206666666667,0.10208622222222222,0.100716,0.5748679999999999,0.054436495708998264,0.07529794734479411,0.055493188501684804,0.05531868411340385,0.10633058687213941
swiss,t-SNE,0,perplexity,3.0,learning_rate,500.0,0.1314231111111111,0.4005222222222222,0.15321466666666664,0.13883244444444445,0.6251519999999999,0.05516780043342346,0.07607170926436284,0.05619693542705887,0.0553539973696973,0.11665514260490747
swiss,t-SNE,0,perplexity,5.0,learning_rate,50.0,0.09852622222222222,0.44556999999999997,0.0777911111111111,0.09597555555555556,0.6586453333333333,0.05436358729768368,0.08505374747510477,0.05397395121163236,0.05461466204711993,0.12729331129638155
swiss,t-SNE,0,perplexity,5.0,learning_rate,200.0,0.13761866666666667,0.4409446666666667,0.13699111111111112,0.1673271111111111,0.7040137777777778,0.05575387501243762,0.08198904439068874,0.05580437543090372,0.05756927467583354,0.14565981739898554
swiss,t-SNE,0,perplexity,5.0,learning_rate,500.0,0.11961466666666667,0.4429871111111111,0.13799022222222224,0.130832,0.6892777777777778,0.05516780154824456,0.08206496644935735,0.05563705565639058,0.05538147015604699,0.1377106406121397
swiss,t-SNE,0,perplexity,10.0,learning_rate,50.0,0.16918977777777777,0.4574917777777778,0.1723408888888889,0.195728,0.7366426666666666,0.05753578403299357,0.08568000723776203,0.06251413951212889,0.061339366277998686,0.16632684745155812
swiss,t-SNE,0,perplexity,10.0,learning_rate,200.0,0.18826044444444445,0.45243155555555553,0.20524444444444445,0.23012799999999997,0.7750142222222222,0.058118915232383675,0.08390295402719622,0.059412933457239026,0.0607613400074911,0.18474573591454835
swiss,t-SNE,0,perplexity,10.0,learning_rate,500.0,0.15815022222222225,0.45282066666666665,0.22339555555555554,0.27607511111111116,0.8068400000000001,0.05686780688061708,0.0841917232744204,0.061340207798584276,0.06421841153101697,0.21009407500805632
swiss,t-SNE,0,perplexity,15.0,learning_rate,50.0,0.2991408888888889,0.46673400000000004,0.6039133333333333,0.601618,0.9602871111111112,0.06575267226407502,0.08645445753587525,0.11276887865296127,0.11004599554691893,0.5892401994289106
swiss,t-SNE,0,perplexity,15.0,learning_rate,200.0,0.25955555555555554,0.474282,0.438772,0.4706662222222222,0.9195902222222223,0.06250470942362511,0.08747116139110006,0.08152461990067587,0.08562275329021522,0.3660736972500331
swiss,t-SNE,0,perplexity,15.0,learning_rate,500.0,0.26108044444444445,0.47367,0.43043333333333333,0.4355231111111111,0.9097413333333333,0.06286176681247152,0.08813243430408035,0.07968102594172499,0.08022608564025896,0.35173508321663194
swiss,t-SNE,0,perplexity,30.0,learning_rate,50.0,0.4126991111111111,0.4659588888888889,0.3496248888888889,0.26810133333333336,0.8332595555555555,0.07744715383973262,0.08746656120295593,0.0707675410152623,0.06363644343606634,0.22498275223245182
swiss,t-SNE,0,perplexity,30.0,learning_rate,200.0,0.47456177777777775,0.4746715555555555,0.6159617777777777,0.5023564444444444,0.9774515555555555,0.08679830841649674,0.0894010807536949,0.12981292243648113,0.08987772971550981,0.8458439670545661
swiss,t-SNE,0,perplexity,30.0,learning_rate,500.0,0.4779933333333333,0.47501377777777776,0.5568919999999999,0.4695304444444445,0.9711493333333333,0.08722856608746465,0.08934172468645846,0.11149722704002779,0.08477348380475368,0.8061595017271102
swiss,t-SNE,0,perplexity,50.0,learning_rate,50.0,0.535048,0.4692246666666667,0.6431631111111111,0.5262235555555557,0.9818800000000001,0.09798355543365829,0.08759547301097553,0.1512961856931853,0.09399084064015906,0.787435906114411
swiss,t-SNE,0,perplexity,50.0,learning_rate,200.0,0.5219884444444445,0.4688124444444445,0.638392,0.38839733333333337,0.9627404444444444,0.09500842670809066,0.08712876685600154,0.18881708452671636,0.07470958796033267,0.6991525740102396
swiss,t-SNE,0,perplexity,50.0,learning_rate,500.0,0.526728,0.470986,0.537408,0.325036,0.9516711111111111,0.0957343402840542,0.08748734088418725,0.12364878177193331,0.06846170174980361,0.6524994537697658
swiss,t-SNE,0,perplexity,75.0,learning_rate,50.0,0.5186337777777779,0.45472755555555555,0.6479657777777778,0.3953233333333333,0.9631471111111111,0.09418117017182534,0.08410167589606883,0.20366592746173579,0.0754122764962557,0.722310869790055
swiss,t-SNE,0,perplexity,75.0,learning_rate,200.0,0.5394462222222223,0.45835866666666664,0.5914715555555555,0.31738222222222223,0.9749248888888888,0.0993929644496153,0.08518215428021644,0.15921516832265717,0.0687371285133318,0.7260611278506038
swiss,t-SNE,0,perplexity,75.0,learning_rate,500.0,0.5457297777777779,0.4576462222222222,0.5742804444444445,0.2551853333333333,0.9661622222222223,0.10094564592584564,0.0852756403514395,0.1576610753219181,0.06411573437259824,0.6773976286745288
swiss,t-SNE,0,perplexity,100.0,learning_rate,50.0,0.5350204444444444,0.46505399999999997,0.12023600000000001,0.031288444444444445,0.6987284444444444,0.10210403599399501,0.08702809775005468,0.05561198002442148,0.05267701695997856,0.14101273618585736
swiss,t-SNE,0,perplexity,100.0,learning_rate,200.0,0.5443337777777778,0.4558844444444444,0.2514177777777778,0.012380444444444447,0.6974315555555555,0.10142579556876169,0.08508301185367542,0.06286507126589655,0.052131719711914284,0.14010287264449092
swiss,t-SNE,0,perplexity,100.0,learning_rate,500.0,0.5521151111111111,0.45701688888888886,0.33104533333333336,0.031154222222222226,0.7707017777777778,0.10426588355838759,0.08607082316261766,0.06934715979661739,0.05270744119300069,0.17905912851109113
swiss,t-SNE,1,perplexity,1.0,learning_rate,50.0,0.238034,0.44231000000000004,0.2491711111111111,0.2460802222222222,0.5140584444444445,0.06202241492857605,0.08485139943555328,0.06277747829069916,0.06246317809105506,0.09302370538356061
swiss,t-SNE,1,perplexity,1.0,learning_rate,200.0,0.22528577777777778,0.40201444444444445,0.2395153333333333,0.23298733333333332,0.5045613333333333,0.061768794543860576,0.0772934195093507,0.0617649657893565,0.06118517712886671,0.09121517168456006
swiss,t-SNE,1,perplexity,1.0,learning_rate,500.0,0.27585600000000005,0.3532286666666667,0.28474311111111106,0.28441555555555553,0.5122204444444444,0.06421499162234401,0.07176357967967643,0.06494510241606259,0.06479629767790523,0.09381507618675947
swiss,t-SNE,1,perplexity,2.0,learning_rate,50.0,0.11573066666666666,0.4123162222222222,0.14045644444444444,0.12193777777777778,0.5558924444444444,0.05473832038272218,0.07849581046070975,0.05628998054602696,0.055067306612537066,0.10010639684933997
swiss,t-SNE,1,perplexity,2.0,learning_rate,200.0,0.10180977777777778,0.39810133333333336,0.106156,0.10269355555555557,0.5436768888888889,0.05416033543380224,0.07571236901289316,0.054331783405372834,0.05423973074456891,0.097705080947058
swiss,t-SNE,1,perplexity,2.0,learning_rate,500.0,0.10960844444444445,0.39195755555555556,0.12027511111111112,0.11993155555555556,0.5668431111111111,0.054551319520291235,0.07498708925020062,0.05522014942343484,0.05498676125213553,0.10277926357928266
swiss,t-SNE,1,perplexity,3.0,learning_rate,50.0,0.11057155555555555,0.4218186666666667,0.12586666666666665,0.1279031111111111,0.6027031111111111,0.055266275344508176,0.07934052203244811,0.056288883099910245,0.056361419670170464,0.11468067125039809
swiss,t-SNE,1,perplexity,3.0,learning_rate,200.0,0.09057244444444444,0.40885822222222223,0.07879155555555556,0.09678444444444444,0.5950364444444444,0.05423243486218424,0.07700511807388474,0.05389846423072855,0.05475612632910807,0.11108316687689501
swiss,t-SNE,1,perplexity,3.0,learning_rate,500.0,0.1343591111111111,0.39877888888888885,0.16305555555555554,0.16423688888888888,0.6741191111111111,0.05615819636561395,0.07608712612125992,0.0581226466734995,0.058219467105556276,0.1322695236224339
swiss,t-SNE,1,perplexity,5.0,learning_rate,50.0,0.17338888888888887,0.44836866666666664,0.16721066666666667,0.2061373333333333,0.6504066666666666,0.05745055182364674,0.0834392184345678,0.057661435895311905,0.060611025917625114,0.1353896334062087
swiss,t-SNE,1,perplexity,5.0,learning_rate,200.0,0.19147777777777777,0.4541177777777778,0.24991466666666667,0.25692,0.6631582222222223,0.05831688377175864,0.08514043829941816,0.06291015290998872,0.06403848204559576,0.1503392322871617
swiss,t-SNE,1,perplexity,5.0,learning_rate,500.0,0.13511599999999999,0.4413124444444445,0.13201155555555558,0.14148399999999997,0.5733755555555556,0.056427193753491846,0.08213720084627665,0.056444377759385884,0.05753244381149906,0.10617631582899273
swiss,t-SNE,1,perplexity,10.0,learning_rate,50.0,0.28965422222222226,0.47921377777777774,0.41227511111111115,0.4019057777777778,0.8658422222222222,0.06472406372769435,0.08887056560229514,0.07833902384188943,0.0767339519236754,0.3392190353816945
swiss,t-SNE,1,perplexity,10.0,learning_rate,200.0,0.2355577777777778,0.46829444444444446,0.30911066666666664,0.30870844444444445,0.8337075555555554,0.06077451650627306,0.08664252056182686,0.06666994958851304,0.06732522956506096,0.24423622463195108
swiss,t-SNE,1,perplexity,10.0,learning_rate,500.0,0.2453248888888889,0.4677984444444444,0.3329591111111111,0.32016088888888894,0.8308484444444445,0.0614607753541764,0.08569663459904552,0.06880275161933921,0.06776736964803834,0.25558814234843125
swiss,t-SNE,1,perplexity,15.0,learning_rate,50.0,0.37025688888888886,0.49155444444444446,0.5640715555555555,0.562524,0.9574395555555555,0.07268183568824713,0.09278588993537824,0.10402357975375964,0.10257837465614325,0.6598523764212904
swiss,t-SNE,1,perplexity,15.0,learning_rate,200.0,0.3388155555555556,0.4714784444444444,0.534648,0.4874431111111111,0.9520786666666667,0.06921407360148508,0.08730875216396947,0.09573152113510403,0.08822567526114612,0.6991289203561413
swiss,t-SNE,1,perplexity,15.0,learning_rate,500.0,0.3112493333333333,0.4710168888888889,0.5012324444444445,0.5005186666666667,0.9433786666666667,0.06811428149267987,0.08691861155285005,0.08962334635037462,0.08953180779100317,0.5850945067772633
swiss,t-SNE,1,perplexity,30.0,learning_rate,50.0,0.47822311111111104,0.47732244444444444,0.7095862222222222,0.7053053333333332,0.9887684444444444,0.08730286061759218,0.08983823111293618,0.15897170062378327,0.14645295704092237,0.917653994259168
swiss,t-SNE,1,perplexity,30.0,learning_rate,200.0,0.47758711111111113,0.4784671111111112,0.672732,0.5801875555555556,0.9894413333333334,0.08703263240589817,0.0902954400363363,0.15428883001202037,0.1049854366493071,0.9137275106820734
swiss,t-SNE,1,perplexity,30.0,learning_rate,500.0,0.464128,0.47398222222222225,0.6616155555555556,0.5769617777777778,0.9848577777777777,0.08477324919020404,0.08913834171790372,0.13086504154485384,0.10526722085246829,0.8830489278913877
swiss,t-SNE,1,perplexity,50.0,learning_rate,50.0,0.5437831111111111,0.46903688888888884,0.6734106666666666,0.5421137777777778,0.9874062222222223,0.09971073117104227,0.08802867264207964,0.14096511333358203,0.09770174548263413,0.9018134833587776
swiss,t-SNE,1,perplexity,50.0,learning_rate,200.0,0.5410742222222222,0.4698002222222222,0.6298942222222221,0.4586426666666666,0.98188,0.09916716675336343,0.08754103005739362,0.13769074063467623,0.08395162387224683,0.7801516159661557
swiss,t-SNE,1,perplexity,50.0,learning_rate,500.0,0.49027555555555546,0.46547511111111106,0.21710533333333334,0.049965777777777776,0.5747386666666667,0.09033056921606675,0.08787230613741577,0.05983836475566669,0.05248945161752325,0.10637258218643611
swiss,t-SNE,1,perplexity,75.0,learning_rate,50.0,0.5480764444444444,0.44579244444444444,0.1874791111111111,0.04656844444444444,0.654403111111111,0.10182995132421246,0.08288636355452261,0.05862815457279124,0.05245435155751003,0.1291530872964506
swiss,t-SNE,1,perplexity,75.0,learning_rate,200.0,0.5479755555555555,0.44603066666666663,0.18494888888888888,0.04005511111111111,0.6866915555555555,0.10136934103408207,0.08310930075838385,0.058225911027656674,0.05242283336623666,0.14009756880541702
swiss,t-SNE,1,perplexity,75.0,learning_rate,500.0,0.5644462222222222,0.4610417777777778,0.2125493333333333,0.07698355555555556,0.841396,0.10485176090894438,0.08560538645757435,0.05983998695770526,0.05419568732173184,0.25721003615576404
swiss,t-SNE,1,perplexity,100.0,learning_rate,50.0,0.5395,0.4538831111111111,0.08926844444444444,0.0073693333333333345,0.5868115555555555,0.10090237045061923,0.08479064978872508,0.05404628907565387,0.05196729918275921,0.10656007758276348
swiss,t-SNE,1,perplexity,100.0,learning_rate,200.0,0.5397462222222222,0.4583773333333333,0.15480977777777777,0.006429777777777779,0.5401866666666667,0.10051446988644175,0.08527826441379174,0.0570488564140029,0.051979664022606564,0.09878436138634089
swiss,t-SNE,1,perplexity,100.0,learning_rate,500.0,0.5511395555555556,0.4579371111111111,0.16150444444444445,0.011508000000000001,0.6230244444444445,0.10338269869467118,0.08557900586867859,0.05712103186148917,0.05206352492069011,0.11540301360225771
swiss,t-SNE,2,perplexity,1.0,learning_rate,50.0,0.2365988888888889,0.4041315555555556,0.244802,0.24507577777777775,0.502326,0.06166648515372704,0.07943172011374511,0.06285016845895966,0.06251993627918101,0.09057858281067802
swiss,t-SNE,2,perplexity,1.0,learning_rate,200.0,0.21758977777777777,0.37528666666666666,0.23069422222222224,0.2269911111111111,0.4987791111111111,0.06012751477444615,0.07368771354040693,0.06109520188658432,0.060747133134910626,0.08990373629669915
swiss,t-SNE,2,perplexity,1.0,learning_rate,500.0,0.2776088888888889,0.3765815555555556,0.2859844444444445,0.28437555555555555,0.5077884444444445,0.06429989180983184,0.07421660545359016,0.06531558713717663,0.0648721885782191,0.09175434335859611
swiss,t-SNE,2,perplexity,2.0,learning_rate,50.0,0.11805155555555555,0.42518311111111107,0.1333448888888889,0.1186208888888889,0.5453382222222223,0.054966466051178844,0.07920635054054262,0.056124140080571996,0.05506048002514223,0.09969604633250717
swiss,t-SNE,2,perplexity,2.0,learning_rate,200.0,0.11203866666666668,0.40116155555555555,0.11444533333333334,0.1169231111111111,0.5441528888888888,0.054643791342253646,0.0760424981122808,0.05477213808840057,0.055036189214202426,0.09955821871738961
swiss,t-SNE,2,perplexity,2.0,learning_rate,500.0,0.15727244444444444,0.4094126666666667,0.16985422222222218,0.17247733333333334,0.5456471111111112,0.05658947292643496,0.07731906028099653,0.05741073231646604,0.057486916003861625,0.09894947472741326
swiss,t-SNE,2,perplexity,3.0,learning_rate,50.0,0.09340577777777778,0.4051662222222222,0.09379155555555554,0.09550133333333334,0.5996066666666667,0.0542779404570668,0.0769254225251998,0.054277641510675906,0.05416985124235732,0.11002317920185004
swiss,t-SNE,2,perplexity,3.0,learning_rate,200.0,0.08539777777777778,0.3700664444444445,0.10255733333333333,0.09429599999999999,0.5929284444444444,0.054126985223677405,0.07245280893125114,0.054850540855412716,0.05436644958989691,0.10887873475992797
swiss,t-SNE,2,perplexity,3.0,learning_rate,500.0,0.07690444444444444,0.41877066666666674,0.070776,0.06276444444444444,0.6151764444444444,0.053621296610462894,0.07947365281560681,0.05343614081890784,0.05320226505197756,0.11381541638086924
swiss,t-SNE,2,perplexity,5.0,learning_rate,50.0,0.11647333333333335,0.45959422222222224,0.10286000000000001,0.09897555555555555,0.6347817777777778,0.05565547152525351,0.0851428607305101,0.05477938177120734,0.054799510591093406,0.11977398039772438
swiss,t-SNE,2,perplexity,5.0,learning_rate,200.0,0.12894933333333333,0.48385311111111107,0.11020711111111112,0.10007866666666668,0.6480106666666666,0.05610133693467063,0.09009268570295839,0.05540731631730859,0.055269294363594144,0.12439687375982653
swiss,t-SNE,2,perplexity,5.0,learning_rate,500.0,0.078016,0.4388626666666667,0.02822311111111111,0.023761333333333332,0.5586417777777778,0.05409294107012219,0.08182373444269132,0.05249325170182965,0.052286928163509536,0.10335539488468731
swiss,t-SNE,2,perplexity,10.0,learning_rate,50.0,0.11014666666666666,0.4501977777777778,0.03573155555555555,0.03016977777777778,0.6066333333333334,0.05489165843982455,0.08280640264041116,0.05275811316301027,0.052437306869921096,0.11263628226345249
swiss,t-SNE,2,perplexity,10.0,learning_rate,200.0,0.15393155555555557,0.46537688888888895,0.059403111111111115,0.06630844444444446,0.6730133333333334,0.05676249576548834,0.08571018801608928,0.05345992309368077,0.0537326624723251,0.13200948130573098
swiss,t-SNE,2,perplexity,10.0,learning_rate,500.0,0.18372,0.47825244444444437,0.1475168888888889,0.17004933333333333,0.7576679999999999,0.05832870442368548,0.08820977648817546,0.056830841449020744,0.05823149863160573,0.1675659200238273
swiss,t-SNE,2,perplexity,15.0,learning_rate,50.0,0.2066017777777778,0.47026733333333337,0.04927688888888889,0.052032,0.6088404444444445,0.059182222733079805,0.08711326205212368,0.05304231499533749,0.05284301227652162,0.11202551812291142
swiss,t-SNE,2,perplexity,15.0,learning_rate,200.0,0.19433022222222224,0.4715828888888889,0.02879733333333333,0.05927955555555556,0.6577355555555556,0.058561953581426705,0.08789415240695465,0.05234940856822939,0.053715895164508067,0.12860306385807188
swiss,t-SNE,2,perplexity,15.0,learning_rate,500.0,0.23961288888888888,0.4783068888888889,0.037607555555555554,0.03739066666666667,0.6199835555555555,0.06100964516945804,0.08893288888332426,0.05271958991211613,0.05274809953636179,0.11615069052913
swiss,t-SNE,2,perplexity,30.0,learning_rate,50.0,0.46641333333333335,0.47661933333333334,0.12049777777777777,0.08578177777777778,0.7102595555555556,0.08564628919647405,0.08963786733973439,0.05530133077860041,0.054453304287615044,0.14454678045012767
swiss,t-SNE,2,perplexity,30.0,learning_rate,200.0,0.5002271111111112,0.4790055555555556,0.12767244444444442,0.06073911111111111,0.6841306666666667,0.09175647923259084,0.09105731485967242,0.055437689406392245,0.05348890148701866,0.13398069738803267
swiss,t-SNE,2,perplexity,30.0,learning_rate,500.0,0.4366444444444444,0.4785571111111111,0.6359751111111112,0.42201466666666665,0.9945808888888888,0.08075252376279457,0.09023382576984249,0.1640681305934325,0.08036542147499419,0.9551206372947088
swiss,t-SNE,2,perplexity,50.0,learning_rate,50.0,0.48916088888888887,0.4611008888888889,0.3893191111111111,0.14898,0.6166146666666668,0.0904716248315319,0.0862901259100216,0.07523622670798041,0.056172473793245935,0.2167790173351866
swiss,t-SNE,2,perplexity,50.0,learning_rate,200.0,0.4831053333333334,0.4668322222222222,0.493028,0.1285788888888889,0.6033591111111112,0.08859103163881496,0.08717504737770015,0.0940962997688868,0.055373125984841017,0.22775328625712293
swiss,t-SNE,2,perplexity,50.0,learning_rate,500.0,0.5521337777777777,0.46595933333333334,0.30068399999999995,0.04232266666666667,0.6569244444444444,0.1042521537883752,0.08696763080437367,0.06670829796401534,0.05292691307344888,0.1318488036453324
swiss,t-SNE,2,perplexity,75.0,learning_rate,50.0,0.5501768888888888,0.4550028888888889,0.38139066666666666,0.06050266666666667,0.5299875555555555,0.10504820761484152,0.08607451840956319,0.07357534718599734,0.05314061684759331,0.10046314779421701
swiss,t-SNE,2,perplexity,75.0,learning_rate,200.0,0.5659973333333334,0.45486400000000005,0.4030084444444444,0.036208888888888895,0.632084,0.10706613869294551,0.08521649239348501,0.07659800541825469,0.05236054600912317,0.13939026523345946
swiss,t-SNE,2,perplexity,75.0,learning_rate,500.0,0.5385151111111112,0.4518193333333333,0.33302533333333334,0.02285644444444445,0.6801995555555556,0.0984109972499384,0.08365993119799836,0.06897344434632784,0.0521531660413746,0.14578501522025022
swiss,t-SNE,2,perplexity,100.0,learning_rate,50.0,0.5397391111111112,0.461044,0.4249124444444444,0.08813733333333333,0.8747586666666667,0.10286645836880565,0.087040673536762,0.08191219941077553,0.05476888131803173,0.49045129877365445
swiss,t-SNE,2,perplexity,100.0,learning_rate,200.0,0.5571177777777778,0.4604097777777777,0.16475466666666666,0.01053511111111111,0.6228231111111112,0.10494489304812224,0.08610369577955249,0.058931901629217,0.05203514901399177,0.11532390768329973
swiss,t-SNE,2,perplexity,100.0,learning_rate,500.0,0.5626177777777778,0.45980533333333334,0.13304444444444444,0.008585333333333334,0.6127422222222223,0.10602844217155263,0.0860538385845474,0.05698264568021236,0.05198986579244058,0.1127712882666081
swiss,t-SNE,3,perplexity,1.0,learning_rate,50.0,0.2219991111111111,0.43290822222222225,0.2300235555555556,0.22745244444444446,0.5107164444444444,0.061606788668768696,0.08221661598004981,0.06163022997398278,0.06227600855000839,0.09191729258621816
swiss,t-SNE,3,perplexity,1.0,learning_rate,200.0,0.21507422222222222,0.4070273333333333,0.22231022222222224,0.22239822222222222,0.5075097777777777,0.06089490470350679,0.07785998084147076,0.06141990328010666,0.0613617452458497,0.09105464223323807
swiss,t-SNE,3,perplexity,1.0,learning_rate,500.0,0.2488271111111111,0.3942813333333334,0.25570155555555557,0.2552986666666667,0.5014933333333333,0.06228479505276449,0.07602686514066755,0.06298745257569885,0.0626901817193317,0.09094306802626645
swiss,t-SNE,3,perplexity,2.0,learning_rate,50.0,0.11395288888888888,0.42134066666666664,0.12281066666666665,0.11351333333333333,0.5352044444444444,0.05440936761224416,0.07889098539890205,0.05531574106688059,0.05455522237030437,0.09584567758566397
swiss,t-SNE,3,perplexity,2.0,learning_rate,200.0,0.11048222222222223,0.41687266666666667,0.10903999999999998,0.10843244444444444,0.5242822222222222,0.054489870786329615,0.07820406064663023,0.05475830143694449,0.054495293551776694,0.0942922544769405
swiss,t-SNE,3,perplexity,2.0,learning_rate,500.0,0.14739333333333335,0.3886542222222222,0.16767733333333334,0.15825555555555554,0.6203422222222221,0.05619671324338276,0.0746943535612101,0.05748284777256169,0.056884398841789696,0.11527735854957857
swiss,t-SNE,3,perplexity,3.0,learning_rate,50.0,0.14046355555555556,0.43526844444444446,0.17272977777777776,0.15537422222222222,0.5710733333333333,0.05662531285438454,0.0812831109237565,0.059358578284551634,0.058061737643145296,0.10466516761883643
swiss,t-SNE,3,perplexity,3.0,learning_rate,200.0,0.10430355555555555,0.41533888888888887,0.13262177777777778,0.10950800000000002,0.5569475555555554,0.05496182118557664,0.07892264734563642,0.05700016481088172,0.055706048336936625,0.10183568880709454
swiss,t-SNE,3,perplexity,3.0,learning_rate,500.0,0.08789911111111112,0.38049044444444446,0.090152,0.08982177777777778,0.5421271111111111,0.05434984087476297,0.0735793447275818,0.054930365880771895,0.05479533559795493,0.09735750089232406
swiss,t-SNE,3,perplexity,5.0,learning_rate,50.0,0.14376533333333333,0.4457393333333334,0.13281288888888887,0.139896,0.5856297777777778,0.05670749931101555,0.08267447212239808,0.0561304994598307,0.056837683206772904,0.11201263840236142
swiss,t-SNE,3,perplexity,5.0,learning_rate,200.0,0.1466231111111111,0.4562382222222222,0.12466755555555555,0.11491688888888889,0.6173551111111112,0.05677184353686962,0.08463030673443012,0.056150493453777664,0.05560732168664866,0.1182581424218957
swiss,t-SNE,3,perplexity,5.0,learning_rate,500.0,0.12202488888888889,0.44164377777777775,0.11482,0.10518933333333333,0.6551946666666667,0.05540009782799806,0.08285236742683733,0.055400415622135255,0.054904274438972056,0.12668941252920385
swiss,t-SNE,3,perplexity,10.0,learning_rate,50.0,0.1242768888888889,0.4573715555555555,0.06216577777777778,0.03994622222222223,0.629492,0.05547978198390615,0.08448306152014629,0.05351386531167316,0.053006689369110814,0.11931722804248587
swiss,t-SNE,3,perplexity,10.0,learning_rate,200.0,0.12446222222222221,0.4502137777777777,0.01351555555555556,0.011753777777777783,0.5695648888888889,0.055464210648371814,0.08270167187393657,0.05211228920562731,0.05198886850423795,0.10438226175492005
swiss,t-SNE,3,perplexity,10.0,learning_rate,500.0,0.19405244444444444,0.4620982222222222,0.1629213333333333,0.17848755555555557,0.7790053333333334,0.05885594870000351,0.08549421282123433,0.057887140741628706,0.059401135800973726,0.18211059019608444
swiss,t-SNE,3,perplexity,15.0,learning_rate,50.0,0.2369537777777778,0.4602951111111111,0.12177511111111111,0.07620977777777778,0.6824355555555557,0.060895045155777865,0.08529332300157061,0.056093921260389985,0.05413588535621615,0.13516023154867937
swiss,t-SNE,3,perplexity,15.0,learning_rate,200.0,0.23988844444444446,0.4654457777777778,0.06293022222222222,0.03743111111111111,0.6220435555555555,0.061393038613564765,0.08605674488911962,0.05355832903829844,0.052661903846844306,0.11690708732403857
swiss,t-SNE,3,perplexity,15.0,learning_rate,500.0,0.2570697777777778,0.4714291111111112,0.030863555555555557,0.002166222222222221,0.5186902222222222,0.06246501538015461,0.08700202289364199,0.05266218247814419,0.0518735753821744,0.09652599532798335
swiss,t-SNE,3,perplexity,30.0,learning_rate,50.0,0.47894533333333333,0.4750433333333334,0.08977377777777779,0.08035155555555556,0.714052,0.08730790032167622,0.08943667156348067,0.05436975669502418,0.0543701522439371,0.14823980844843518
swiss,t-SNE,3,perplexity,30.0,learning_rate,200.0,0.4428044444444444,0.46587200000000006,0.09282488888888887,0.15693733333333332,0.778956,0.08157212452799037,0.08784101014805779,0.05480562299225467,0.05777428797564371,0.18380206367008692
swiss,t-SNE,3,perplexity,30.0,learning_rate,500.0,0.4785408888888889,0.4689755555555556,0.17947466666666664,0.06504355555555556,0.617596888888889,0.08716674258682577,0.08820388231783188,0.05769671139492778,0.05287001671159484,0.11505967445627195
swiss,t-SNE,3,perplexity,50.0,learning_rate,50.0,0.5095022222222222,0.4723773333333333,0.36384977777777777,0.2157822222222222,0.6473955555555555,0.09296646635257019,0.08812120370900564,0.0936078190435677,0.0596439939234705,0.20223258412050318
swiss,t-SNE,3,perplexity,50.0,learning_rate,200.0,0.5191671111111111,0.4765973333333333,0.33408888888888894,0.1289942222222222,0.5862537777777779,0.09706931352095528,0.09020157269189978,0.06974548573286117,0.05554532731096618,0.10677035091281512
swiss,t-SNE,3,perplexity,50.0,learning_rate,500.0,0.5286582222222223,0.4707475555555556,0.34784,0.11848088888888887,0.7056195555555556,0.09731965283705833,0.08790142960632895,0.07409184769764479,0.05463505800312781,0.22901739362278833
swiss,t-SNE,3,perplexity,75.0,learning_rate,50.0,0.5795342222222222,0.45452533333333334,0.2417231111111111,0.13608444444444445,0.8113666666666667,0.10816719025282215,0.08398209125107703,0.06458679120766575,0.05640563652398716,0.21319024540027348
swiss,t-SNE,3,perplexity,75.0,learning_rate,200.0,0.5161413333333333,0.4516971111111111,0.28507466666666664,0.06018355555555556,0.6582164444444444,0.09539940194679121,0.08373603144190259,0.06486700930675024,0.05301078413158794,0.13941844193694503
swiss,t-SNE,3,perplexity,75.0,learning_rate,500.0,0.5839946666666667,0.45126044444444446,0.22527422222222224,0.05999466666666666,0.758380888888889,0.10943315920088759,0.08355035822276982,0.06023276337661425,0.05330027704740596,0.1687134959143223
swiss,t-SNE,3,perplexity,100.0,learning_rate,50.0,0.5362408888888889,0.453948,0.25068755555555555,0.08022622222222223,0.7689897777777779,0.10009845322075936,0.08498517362859274,0.06294422200840072,0.054083351094986076,0.18852721380608728
swiss,t-SNE,3,perplexity,100.0,learning_rate,200.0,0.5964071111111111,0.46454911111111113,0.08455466666666665,0.03920133333333334,0.5132831111111111,0.11538192537138572,0.08700793175459925,0.054472065068449094,0.053018461629424314,0.09747150905104887
swiss,t-SNE,3,perplexity,100.0,learning_rate,500.0,0.5923248888888888,0.45752,0.07919555555555556,0.03402177777777778,0.5130715555555555,0.11420298310739409,0.0853441282520719,0.05412143636959863,0.05293420593108939,0.09777690469448705
swiss,t-SNE,4,perplexity,1.0,learning_rate,50.0,0.21962933333333334,0.4103904444444444,0.22898044444444443,0.22514755555555557,0.5253426666666667,0.061304891436281775,0.07950757411462539,0.06138215139453151,0.0614052900121175,0.0947474408977603
swiss,t-SNE,4,perplexity,1.0,learning_rate,200.0,0.21573155555555557,0.3817606666666667,0.22676977777777776,0.22438666666666665,0.5251764444444444,0.06217175719557564,0.07472711134100796,0.061038242173706556,0.061596702116403404,0.09451297364358577
swiss,t-SNE,4,perplexity,1.0,learning_rate,500.0,0.279224,0.3956846666666667,0.2918217777777778,0.291124,0.5732546666666667,0.06507467966441799,0.07611611789020899,0.06796583662576465,0.06681039654609701,0.10895083546037364
swiss,t-SNE,4,perplexity,2.0,learning_rate,50.0,0.12814933333333334,0.4327368888888889,0.1510231111111111,0.13072622222222222,0.5867608888888888,0.055151725746754636,0.08080990225023381,0.056443394740323186,0.05539333270881535,0.11046778659454001
swiss,t-SNE,4,perplexity,2.0,learning_rate,200.0,0.11400977777777777,0.3835362222222223,0.12944844444444445,0.11681644444444444,0.572324888888889,0.05462426911408762,0.07388512733280896,0.055700299722282826,0.05487978305602517,0.1054464524297492
swiss,t-SNE,4,perplexity,2.0,learning_rate,500.0,0.16668844444444444,0.41189844444444446,0.1875848888888889,0.18609822222222222,0.5714968888888888,0.056801024668182584,0.07730893131918032,0.057976962932540406,0.05789663115206715,0.10480198503938797
swiss,t-SNE,4,perplexity,3.0,learning_rate,50.0,0.11796488888888887,0.37940044444444443,0.1460773333333333,0.139212,0.655072,0.055341097402930535,0.0737220989113515,0.05702581878080714,0.056889691771723185,0.12713818574134686
swiss,t-SNE,4,perplexity,3.0,learning_rate,200.0,0.13162444444444443,0.40149,0.17717155555555555,0.15639555555555557,0.6623968888888889,0.05585135497982436,0.07636962530139825,0.05835136678824685,0.057298386828863915,0.1293815225144016
swiss,t-SNE,4,perplexity,3.0,learning_rate,500.0,0.13088266666666667,0.42029688888888883,0.15670222222222224,0.14663466666666666,0.6548902222222223,0.055684630789362116,0.07902877332394231,0.05723172187556706,0.05668630280922522,0.12728239990232867
swiss,t-SNE,4,perplexity,5.0,learning_rate,50.0,0.14912044444444444,0.4318817777777778,0.19707288888888888,0.17505266666666666,0.7387,0.05705371556211174,0.08121881702085411,0.06036884394949535,0.05924536961056796,0.15837801831928786
swiss,t-SNE,4,perplexity,5.0,learning_rate,200.0,0.159752,0.4274682222222222,0.23542088888888887,0.21488933333333335,0.7705248888888889,0.05723965547378126,0.08065717788609818,0.062083681624977266,0.06101189876684203,0.17545372262349024
swiss,t-SNE,4,perplexity,5.0,learning_rate,500.0,0.168136,0.4257835555555556,0.23175822222222223,0.19376933333333332,0.7500595555555556,0.05757307689415765,0.07933652125665933,0.061861964380998384,0.05942969426524851,0.16408249764480942
swiss,t-SNE,4,perplexity,10.0,learning_rate,50.0,0.2750808888888889,0.46543622222222225,0.338096,0.3540337777777777,0.856260888888889,0.06367350855947818,0.08671025916318462,0.07047953396578288,0.07212674794534317,0.2587887019728346
swiss,t-SNE,4,perplexity,10.0,learning_rate,200.0,0.20976533333333333,0.4630268888888889,0.36589599999999994,0.4089326666666666,0.8840671111111111,0.059697041887069154,0.08564086206236715,0.07411799073785232,0.07841194988536403,0.295367024233566
swiss,t-SNE,4,perplexity,10.0,learning_rate,500.0,0.21950844444444442,0.46161755555555556,0.4086293333333333,0.4122893333333334,0.8847977777777778,0.06006245703707086,0.08574976248720056,0.07893392781842812,0.08004044992343576,0.2940809915496059
swiss,t-SNE,4,perplexity,15.0,learning_rate,50.0,0.3343293333333333,0.4712528888888889,0.45508000000000004,0.4430671111111111,0.8966337777777778,0.0687846125960559,0.08896533782278314,0.08324431541238514,0.08183968388364352,0.37337980982012886
swiss,t-SNE,4,perplexity,15.0,learning_rate,200.0,0.30757199999999996,0.4713877777777778,0.452144,0.3797204444444444,0.8817657777777779,0.06628324118137051,0.08860347080378755,0.08260612302932355,0.07403475657325818,0.31859841714485326
swiss,t-SNE,4,perplexity,15.0,learning_rate,500.0,0.2729062222222222,0.47265622222222226,0.30937822222222217,0.3005942222222222,0.8313106666666666,0.06344314461222608,0.08845165548408485,0.06690521330038612,0.06616059098176229,0.2555421883598652
swiss,t-SNE,4,perplexity,30.0,learning_rate,50.0,0.4467822222222222,0.47056933333333334,0.4127826666666667,0.3913155555555556,0.8786062222222222,0.08220537130210617,0.08781727190597174,0.077993172787907,0.07608299485229979,0.2818575663219639
swiss,t-SNE,4,perplexity,30.0,learning_rate,200.0,0.43991555555555556,0.4697424444444444,0.7295986666666666,0.6488764444444445,0.9925844444444444,0.08124989582913944,0.08869346580358217,0.16686578430642496,0.12276466975578758,0.9353064466136018
swiss,t-SNE,4,perplexity,30.0,learning_rate,500.0,0.4350088888888889,0.4603628888888889,0.6577857777777778,0.6288933333333333,0.9897062222222224,0.0802970469670598,0.08638061320084636,0.13828116259172557,0.11738126358029563,0.914212683483325
swiss,t-SNE,4,perplexity,50.0,learning_rate,50.0,0.5306137777777779,0.4696608888888889,0.6292671111111112,0.6101906666666668,0.9894631111111112,0.0969133644660655,0.08760465025315209,0.13426575859537976,0.11188803605295997,0.8793304497881383
swiss,t-SNE,4,perplexity,50.0,learning_rate,200.0,0.5360062222222222,0.4694411111111111,0.6206466666666667,0.5348653333333333,0.984720888888889,0.098019379794937,0.08755243243034788,0.12105178221052981,0.09585392649745188,0.8093654642021613
swiss,t-SNE,4,perplexity,50.0,learning_rate,500.0,0.5375933333333334,0.46899288888888896,0.6352875555555555,0.511328,0.9852364444444445,0.09853401580011176,0.08766519123367111,0.13327975756750393,0.0922365817849219,0.8102613126931362
swiss,t-SNE,4,perplexity,75.0,learning_rate,50.0,0.5897031111111111,0.4608528888888889,0.08820133333333334,0.02101911111111111,0.529395111111111,0.11236914438682438,0.08563594376981529,0.05462379399572882,0.052198560414122804,0.09899821189162299
swiss,t-SNE,4,perplexity,75.0,learning_rate,200.0,0.6007751111111111,0.46481688888888895,0.12297466666666666,0.02938755555555556,0.5184568888888889,0.11649285704232551,0.08637882323054519,0.05688239112240158,0.052558430957497924,0.09823216848022961
swiss,t-SNE,4,perplexity,75.0,learning_rate,500.0,0.5991933333333334,0.46087599999999995,0.06851422222222223,0.01650177777777778,0.6155591111111112,0.11475950933305276,0.08530733316450784,0.05384946806387575,0.05214761386217993,0.11819503377889173
swiss,t-SNE,4,perplexity,100.0,learning_rate,50.0,0.5719822222222223,0.4580288888888888,0.1710831111111111,0.080048,0.65454,0.10797241977038194,0.08553401465733286,0.05828853866533656,0.05478042888228629,0.12610473626672655
swiss,t-SNE,4,perplexity,100.0,learning_rate,200.0,0.5717906666666668,0.4544462222222222,0.18681377777777775,0.1049191111111111,0.7737706666666666,0.10858065891678748,0.08553976886437525,0.0612328321654655,0.05590459060962295,0.18156227629286018
swiss,t-SNE,4,perplexity,100.0,learning_rate,500.0,0.5884622222222222,0.45474244444444445,0.16988666666666666,0.0637,0.5955084444444444,0.11275176127419276,0.084865506630424,0.05906451133900575,0.054178062090451715,0.11102491778315388
swiss,UMAP,0,n_neighbors,5.0,min_dist,0.0,0.07336444444444444,0.42704200000000003,0.05121355555555556,0.10300177777777778,0.6630146666666666,0.053410433817149355,0.08141670158642692,0.052648240851188875,0.05500459122030591,0.1284875131475052
swiss,UMAP,0,n_neighbors,5.0,min_dist,0.1,0.09672888888888889,0.4255731111111111,0.08070466666666667,0.149396,0.7024440000000001,0.054202795796221406,0.08303178622594864,0.053932676309061074,0.05746212912861536,0.14331590252518508
swiss,UMAP,0,n_neighbors,5.0,min_dist,0.5,0.053972,0.4430706666666666,0.0649008888888889,0.1260822222222222,0.6913848888888888,0.05273765252938488,0.08281641810556109,0.053340352096752176,0.05594308674631221,0.13819385327128558
swiss,UMAP,0,n_neighbors,8.0,min_dist,0.0,0.12491822222222224,0.4077731111111111,0.014669777777777789,0.04296755555555555,0.6344000000000001,0.0561645108952894,0.07901695824054183,0.05217363296022453,0.053306603120379964,0.12314814955821986
swiss,UMAP,0,n_neighbors,8.0,min_dist,0.1,0.12116088888888887,0.42392755555555556,0.00152088888888889,0.00608044444444444,0.5387684444444444,0.05609143204340622,0.07961226542742186,0.05187607005740478,0.05193907060141243,0.1009478104551528
swiss,UMAP,0,n_neighbors,8.0,min_dist,0.5,0.07753733333333333,0.39964,0.028859111111111117,0.015026666666666676,0.5586977777777777,0.053902078393930124,0.07581471425949601,0.05261276493665475,0.05208133059519206,0.10248354781670255
swiss,UMAP,0,n_neighbors,10.0,min_dist,0.0,0.16106088888888886,0.4330462222222222,0.029376000000000003,0.09802,0.7057208888888888,0.05774225928747644,0.08189204337068329,0.05286435436898418,0.05523899350852304,0.14507978286282594
swiss,UMAP,0,n_neighbors,10.0,min_dist,0.1,0.16889377777777778,0.39124444444444445,0.050460666666666674,0.11616222222222222,0.7414799999999999,0.058169229685056986,0.07525816504946309,0.05299988700076715,0.05605211473157328,0.1614194893342159
swiss,UMAP,0,n_neighbors,10.0,min_dist,0.5,0.11147466666666668,0.3875491111111111,0.028863555555555552,0.006066666666666665,0.5324222222222222,0.0558270025310131,0.0744223088055487,0.05254196695047165,0.05190323558157681,0.09665931501345239
swiss,UMAP,0,n_neighbors,15.0,min_dist,0.0,0.2356933333333333,0.42473955555555554,0.008330666666666669,0.09226888888888889,0.7079995555555555,0.06172794334772931,0.08042821221734334,0.052017087978774385,0.05535900700778197,0.14595198639442816
swiss,UMAP,0,n_neighbors,15.0,min_dist,0.1,0.226748,0.39769022222222217,0.02675377777777778,0.057576444444444444,0.7094053333333334,0.06138630126686312,0.07589957475125986,0.052333251875491274,0.05398085592198637,0.1459363627340131
swiss,UMAP,0,n_neighbors,15.0,min_dist,0.5,0.12574000000000002,0.4115884444444444,0.048536444444444445,0.028479111111111115,0.613307111111111,0.056548312344463655,0.07716329894781239,0.05316685739825894,0.05258801122713288,0.11408281444685522
swiss,UMAP,0,n_neighbors,20.0,min_dist,0.0,0.30509200000000003,0.4397673333333333,0.16026355555555555,0.3543168888888889,0.9506297777777779,0.06631608268926883,0.0835359869635384,0.058065140182407875,0.07397946969158099,0.5531698634591873
swiss,UMAP,0,n_neighbors,20.0,min_dist,0.1,0.21653022222222224,0.4466082222222222,0.3439466666666666,0.3797173333333333,0.9683453333333333,0.059821286431527995,0.08385114161435543,0.07080620603459901,0.07621704265312941,0.7642753235483469
swiss,UMAP,0,n_neighbors,20.0,min_dist,0.5,0.21256177777777777,0.4440633333333333,0.3681537777777778,0.364176,0.9160933333333333,0.06039322683737969,0.0818539703592498,0.07275290015664876,0.0726204585976987,0.45315472465204765
swiss,UMAP,0,n_neighbors,30.0,min_dist,0.0,0.29515377777777774,0.47753888888888885,0.20493511111111112,0.37976666666666664,0.989248888888889,0.06554949535099545,0.09191964926275528,0.05981072992902561,0.07699614024527045,0.9035969178931649
swiss,UMAP,0,n_neighbors,30.0,min_dist,0.1,0.23773866666666665,0.46853333333333336,0.2575773333333333,0.29464444444444443,0.9689168888888888,0.06100160279115643,0.08864165346121428,0.0639031831185521,0.06824836005784979,0.7212757974457829
swiss,UMAP,0,n_neighbors,30.0,min_dist,0.5,0.1708928888888889,0.43812400000000007,0.45476177777777776,0.48514044444444443,0.9607737777777778,0.057596224928636815,0.08129960425553574,0.08361240005475247,0.08760533091754943,0.6423594303451274
swiss,UMAP,0,n_neighbors,40.0,min_dist,0.0,0.39332622222222224,0.4638635555555556,0.3290702222222222,0.30959733333333334,0.9684928888888888,0.07539750561725976,0.09070064046736305,0.06872437018889216,0.06910365270263391,0.6679493583456846
swiss,UMAP,0,n_neighbors,40.0,min_dist,0.1,0.37311022222222223,0.4528226666666667,0.2320271111111111,0.24232955555555555,0.9337764444444443,0.07278756290066746,0.0862320880627733,0.06083091016909533,0.06418156367685227,0.5725909062392502
swiss,UMAP,0,n_neighbors,40.0,min_dist,0.5,0.15991955555555556,0.46541977777777777,0.5206959999999999,0.47778177777777775,0.9728542222222222,0.05644568605866498,0.08675475309164979,0.09370994961549917,0.08718334020089606,0.811596988773859
swiss,UMAP,0,n_neighbors,60.0,min_dist,0.0,0.38494266666666666,0.4678628888888889,0.23588,0.19116844444444445,0.962443111111111,0.07461204751717432,0.09109808463496313,0.06279023033794223,0.061361139145579044,0.6678172226929128
swiss,UMAP,0,n_neighbors,60.0,min_dist,0.1,0.26162844444444444,0.45623111111111114,0.2844293333333333,0.20527777777777778,0.9505315555555556,0.06289275375579274,0.0866554606253548,0.0657101273790386,0.062016700895865876,0.5708681198163741
swiss,UMAP,0,n_neighbors,60.0,min_dist,0.5,0.2702644444444444,0.44442333333333334,0.5289093333333333,0.432712888888889,0.977492888888889,0.06349780431157061,0.0828548481668329,0.09795361774471179,0.08118376334419508,0.7963853316707042
swiss,UMAP,0,n_neighbors,80.0,min_dist,0.0,0.36010222222222227,0.4829906666666667,0.19425422222222224,0.16133933333333333,0.9545062222222223,0.07180922805608177,0.09343379348981759,0.060157874207764916,0.05935310783255935,0.5382305080310439
swiss,UMAP,0,n_neighbors,80.0,min_dist,0.1,0.28166444444444444,0.4619333333333334,0.21124844444444446,0.17595777777777777,0.946392888888889,0.06464840231143981,0.08786147779390785,0.060084938485873186,0.060208004395508156,0.5589259855730102
swiss,UMAP,0,n_neighbors,80.0,min_dist,0.5,0.1666342222222222,0.46508399999999994,0.37782266666666664,0.3093164444444444,0.9635568888888889,0.05697575266550636,0.08874548978527513,0.07368953303054057,0.06903015754192618,0.7351035948333757
swiss,UMAP,0,n_neighbors,120.0,min_dist,0.0,0.3763471111111112,0.48276822222222227,0.20372422222222222,0.17395688888888888,0.9744408888888888,0.07335113069442326,0.0944254255772619,0.060255624942448,0.05987713566121394,0.8160404249722124
swiss,UMAP,0,n_neighbors,120.0,min_dist,0.1,0.29914399999999997,0.47665088888888885,0.28005244444444444,0.172156,0.9630942222222222,0.06598947753371392,0.09280608415122299,0.06478234779576568,0.05979081508445345,0.7363916473800529
swiss,UMAP,0,n_neighbors,120.0,min_dist,0.5,0.16281377777777778,0.4661542222222222,0.5556439999999999,0.46237066666666676,0.9899746666666666,0.05665139302989104,0.0882214251096329,0.10057185065581517,0.08572836735258746,0.9182822340699395
swiss,UMAP,1,n_neighbors,5.0,min_dist,0.0,0.08694,0.4405195555555555,0.03580088888888889,0.14983777777777776,0.7105706666666667,0.05419863955996337,0.08289323591158484,0.05244014186907407,0.05762733213851074,0.14769930690463498
swiss,UMAP,1,n_neighbors,5.0,min_dist,0.1,0.07560711111111111,0.4199248888888889,0.09287155555555557,0.15676311111111113,0.7146102222222221,0.053405364052393316,0.0800810054094517,0.054526423108058206,0.05773246351953839,0.14950508557392292
swiss,UMAP,1,n_neighbors,5.0,min_dist,0.5,0.05960844444444445,0.4139964444444444,0.07434933333333334,0.12637777777777778,0.6752951111111111,0.05329193327911254,0.0776409044074441,0.0537733555082579,0.05614117717530395,0.13277167863032396
swiss,UMAP,1,n_neighbors,8.0,min_dist,0.0,0.14849333333333334,0.40203688888888883,0.008026444444444454,0.029848444444444452,0.613847111111111,0.057500208696042804,0.07749074592220978,0.052041079749953624,0.05275155757231574,0.11693877694533779
swiss,UMAP,1,n_neighbors,8.0,min_dist,0.1,0.07234266666666667,0.3970671111111111,0.04116911111111111,0.09509022222222221,0.6938288888888888,0.05364082286510164,0.07625277386899529,0.05275356462852585,0.05550567837542107,0.14075579651929027
swiss,UMAP,1,n_neighbors,8.0,min_dist,0.5,0.052797333333333335,0.40664622222222224,0.018192444444444445,0.040368888888888885,0.6155111111111111,0.05299053835699396,0.07653725357488517,0.05207072419025656,0.052935988971899,0.11631718820783604
swiss,UMAP,1,n_neighbors,10.0,min_dist,0.0,0.17278977777777776,0.4307271111111111,0.005482666666666668,0.03633155555555557,0.660944,0.05858576023299396,0.08171711754388189,0.051929737098426555,0.05293854859918767,0.13330653493037095
swiss,UMAP,1,n_neighbors,10.0,min_dist,0.1,0.15239644444444445,0.4069664444444444,0.055441333333333336,0.12138044444444443,0.7368386666666666,0.05707995748499945,0.0772965788744021,0.05330615882905796,0.05670476888792396,0.1584334713840963
swiss,UMAP,1,n_neighbors,10.0,min_dist,0.5,0.12244488888888888,0.40053133333333335,0.07762266666666667,0.03128355555555556,0.6346742222222224,0.05554771299640413,0.07592152321515085,0.053933743064467174,0.05267640567059934,0.1212924161911932
swiss,UMAP,1,n_neighbors,15.0,min_dist,0.0,0.2625608888888889,0.43085711111111114,0.01894800000000001,0.01285200000000001,0.5884933333333333,0.06355447693675152,0.08132389953209362,0.05223363276713604,0.052345606093170814,0.11032576536085335
swiss,UMAP,1,n_neighbors,15.0,min_dist,0.1,0.1828142222222222,0.39501844444444445,0.022874222222222226,0.12124222222222222,0.7555817777777779,0.05860100255102969,0.07571751480082994,0.05236721413528583,0.05676391679422309,0.16905775691354352
swiss,UMAP,1,n_neighbors,15.0,min_dist,0.5,0.1567142222222222,0.42084,0.05511822222222222,0.14745600000000003,0.7184106666666666,0.056852777025951304,0.0784513275326241,0.05360694032649952,0.057311999664358994,0.152146133530366
swiss,UMAP,1,n_neighbors,20.0,min_dist,0.0,0.30971466666666664,0.4379826666666667,0.21552044444444443,0.3774911111111111,0.9508511111111112,0.0666031513898385,0.08444113705328575,0.060840004718275616,0.075813911991051,0.5872865617069915
swiss,UMAP,1,n_neighbors,20.0,min_dist,0.1,0.21587422222222222,0.4508515555555555,0.25647733333333333,0.3456146666666667,0.9247791111111112,0.0598435133985923,0.08424161552928566,0.06364700938346392,0.0720847591691968,0.40219691110105005
swiss,UMAP,1,n_neighbors,20.0,min_dist,0.5,0.18232399999999999,0.43793733333333335,0.3408777777777778,0.3505115555555556,0.9359022222222222,0.058269596468828455,0.08087849382018442,0.06960624006349582,0.07175155510379001,0.48599919007200826
swiss,UMAP,1,n_neighbors,30.0,min_dist,0.0,0.4001848888888888,0.44621066666666664,0.2503091111111111,0.3720146666666667,0.9596111111111112,0.07632919905596783,0.08621306889697715,0.06316954592286181,0.07537033592123361,0.5623989558722702
swiss,UMAP,1,n_neighbors,30.0,min_dist,0.1,0.1918448888888889,0.4390953333333333,0.43390755555555555,0.43116933333333335,0.9791293333333334,0.05862938020845845,0.0837377103797403,0.08034938352810679,0.08106452566062067,0.7067541204610097
swiss,UMAP,1,n_neighbors,30.0,min_dist,0.5,0.21540533333333334,0.42916977777777776,0.3949302222222222,0.44470577777777776,0.9596515555555555,0.05953906412625369,0.08001759035766083,0.0756936524258654,0.08196711837887868,0.7120613160733742
swiss,UMAP,1,n_neighbors,40.0,min_dist,0.0,0.3572608888888889,0.4767071111111111,0.20715644444444445,0.26739555555555555,0.9699857777777777,0.07129657344818208,0.09389570220013911,0.06021799465043457,0.06668402872075531,0.7706789030243766
swiss,UMAP,1,n_neighbors,40.0,min_dist,0.1,0.1970262222222222,0.45766266666666666,0.3572551111111111,0.383044,0.9823635555555557,0.058927306450488416,0.08779494927390602,0.07221499736708693,0.07559973076248279,0.7364507963160221
swiss,UMAP,1,n_neighbors,40.0,min_dist,0.5,0.15618755555555555,0.4388788888888889,0.41517777777777776,0.4019262222222222,0.9383168888888888,0.05635581166190196,0.08265929817033657,0.0779431798007088,0.07662592780428945,0.5482970658571291
swiss,UMAP,1,n_neighbors,60.0,min_dist,0.0,0.40166711111111114,0.47948511111111114,0.2837208888888889,0.2247137777777778,0.9661857777777777,0.0761815625778562,0.09408457458262268,0.06456015110918344,0.06260842790129083,0.6870557282996235
swiss,UMAP,1,n_neighbors,60.0,min_dist,0.1,0.25720666666666664,0.47055111111111114,0.33327288888888895,0.28914,0.9737075555555554,0.06256011524002429,0.09121215198868118,0.06873832690473446,0.0680038516684936,0.7542138990311517
swiss,UMAP,1,n_neighbors,60.0,min_dist,0.5,0.159204,0.46276866666666666,0.464344,0.3555211111111111,0.9646853333333334,0.05654885435871853,0.08694986242033788,0.08655973067366939,0.07306189971089075,0.710653036803614
swiss,UMAP,1,n_neighbors,80.0,min_dist,0.0,0.42543022222222227,0.4481464444444444,0.20159244444444444,0.2596995555555556,0.9737951111111111,0.07912731371676827,0.08724919318130121,0.06014189114224681,0.06613133921043401,0.6815929065489214
swiss,UMAP,1,n_neighbors,80.0,min_dist,0.1,0.24502933333333332,0.46015266666666665,0.2969595555555556,0.28133600000000003,0.968392888888889,0.062152769777789954,0.08822707973740132,0.06634876127460494,0.06773224727298577,0.6532522767416256
swiss,UMAP,1,n_neighbors,80.0,min_dist,0.5,0.16855955555555557,0.455164,0.4970493333333333,0.37121111111111116,0.9680137777777779,0.057597511393617,0.08466167433495737,0.09138110467275201,0.07434247840887692,0.7419850099863875
swiss,UMAP,1,n_neighbors,120.0,min_dist,0.0,0.4889284444444444,0.4681782222222223,0.14836355555555555,0.29108333333333336,0.9724817777777778,0.08965146214449748,0.09333464982983905,0.057399462172618584,0.06898340798290514,0.67857656311303
swiss,UMAP,1,n_neighbors,120.0,min_dist,0.1,0.25874,0.4637853333333333,0.26777955555555555,0.24584844444444448,0.9827417777777777,0.06319062332215089,0.09014880914383017,0.0637987496497683,0.06542538478181725,0.8679856959159997
swiss,UMAP,1,n_neighbors,120.0,min_dist,0.5,0.2323608888888889,0.4533422222222222,0.31336444444444445,0.2655088888888889,0.9047839999999999,0.06064032575283194,0.08456271499281474,0.06709971799478796,0.0654391643245765,0.3468795628910487
swiss,UMAP,2,n_neighbors,5.0,min_dist,0.0,0.08790977777777777,0.41792533333333337,0.10569577777777776,0.2162875555555555,0.7545493333333334,0.05390917260634334,0.07902066567086528,0.05453665413643805,0.06102695438931962,0.1701244497418553
swiss,UMAP,2,n_neighbors,5.0,min_dist,0.1,0.07550444444444446,0.41304288888888885,0.07498577777777779,0.12096666666666668,0.6726795555555556,0.05362674824445257,0.07816946641364005,0.05350988832878623,0.05561491542107336,0.13179143931004067
swiss,UMAP,2,n_neighbors,5.0,min_dist,0.5,0.05965911111111111,0.4179337777777778,0.0833,0.17587333333333333,0.739292,0.05302753555172171,0.08012727088714686,0.053760255003631685,0.059146673099743495,0.15994728606495023
swiss,UMAP,2,n_neighbors,8.0,min_dist,0.0,0.1150062222222222,0.443268,0.006162222222222223,0.015929333333333327,0.5940155555555555,0.05572218518586934,0.08296105454220604,0.05194014500902945,0.052182770425386514,0.11260950080335243
swiss,UMAP,2,n_neighbors,8.0,min_dist,0.1,0.1014271111111111,0.41457244444444447,0.008130888888888894,0.00336,0.5482466666666668,0.05501114810153545,0.07861916986808529,0.05191816758987921,0.05187697857574381,0.10267001069893705
swiss,UMAP,2,n_neighbors,8.0,min_dist,0.5,0.07566933333333334,0.39307422222222227,0.011933333333333336,0.020752888888888887,0.5646115555555556,0.05411900565816237,0.07511106022656938,0.05195598643664401,0.05218875910792734,0.10433834444712725
swiss,UMAP,2,n_neighbors,10.0,min_dist,0.0,0.1374711111111111,0.4242382222222222,0.00786888888888889,0.05432266666666667,0.679424,0.056292515148987594,0.0800249460828319,0.05194441233104723,0.054120204339048045,0.1373138158261802
swiss,UMAP,2,n_neighbors,10.0,min_dist,0.1,0.1704693333333333,0.40655755555555556,0.0030966666666666686,0.0012008888888888926,0.5132648888888889,0.057925155707869616,0.07707145540445827,0.051891070913519806,0.051862449653408055,0.09652717534584257
swiss,UMAP,2,n_neighbors,10.0,min_dist,0.5,0.09204577777777778,0.40742333333333336,0.030686222222222222,0.025252000000000004,0.6033559999999999,0.05427349630273331,0.07677664628778365,0.05259785987165948,0.05237728133103113,0.11208155146650073
swiss,UMAP,2,n_neighbors,15.0,min_dist,0.0,0.26180355555555557,0.41011866666666663,0.039490222222222225,0.050763555555555555,0.6979351111111111,0.06380702375778408,0.07865150326835595,0.053053771704224754,0.05359128023238692,0.140678544098164
swiss,UMAP,2,n_neighbors,15.0,min_dist,0.1,0.24344444444444444,0.4130404444444445,0.014173777777777785,0.06509511111111112,0.690547111111111,0.06206620843360056,0.07800174001656673,0.052134371989438,0.05413145602344288,0.1385594031484599
swiss,UMAP,2,n_neighbors,15.0,min_dist,0.5,0.15456799999999998,0.4237457777777778,0.03458222222222222,0.03830666666666667,0.6241582222222223,0.05693017992536781,0.07896458148037243,0.05272115489264214,0.05275351073799854,0.11645411691432156
swiss,UMAP,2,n_neighbors,20.0,min_dist,0.0,0.22866355555555556,0.4632597777777777,0.28465311111111113,0.42586888888888885,0.9732066666666667,0.0603339835784631,0.08770772903418589,0.06527917755599812,0.08145761032658787,0.7130383854921687
swiss,UMAP,2,n_neighbors,20.0,min_dist,0.1,0.26234222222222225,0.44459311111111116,0.24923866666666672,0.37986933333333334,0.9477306666666666,0.06275738711063295,0.08357232994570114,0.06185750679572412,0.07428966666792541,0.5249826540262783
swiss,UMAP,2,n_neighbors,20.0,min_dist,0.5,0.22739733333333334,0.43441955555555556,0.45869733333333335,0.45293511111111107,0.9575955555555555,0.061131484584177796,0.08062931071275059,0.08479348902549239,0.08279219324675055,0.7069414260799175
swiss,UMAP,2,n_neighbors,30.0,min_dist,0.0,0.33651200000000003,0.4519626666666666,0.26882666666666666,0.348776,0.9678155555555555,0.06918937318059214,0.08528011822898163,0.0652461877337229,0.07380796663861612,0.5880066214400714
swiss,UMAP,2,n_neighbors,30.0,min_dist,0.1,0.20071022222222223,0.43348577777777775,0.31096755555555555,0.3784453333333333,0.9891359999999999,0.05892483170333971,0.08242718427778416,0.0668039471066699,0.07553325953366036,0.8960852888855647
swiss,UMAP,2,n_neighbors,30.0,min_dist,0.5,0.19053733333333334,0.4624233333333334,0.49309644444444445,0.48755866666666664,0.9642604444444445,0.05839549313143974,0.08597709497473789,0.08837067348209274,0.08869805098383002,0.7098597666615498
swiss,UMAP,2,n_neighbors,40.0,min_dist,0.0,0.41502355555555553,0.4679148888888889,0.15966533333333333,0.24327244444444449,0.9418115555555556,0.07782550725931435,0.09039459174393116,0.05696917252485738,0.06413613430216347,0.5516420397112414
swiss,UMAP,2,n_neighbors,40.0,min_dist,0.1,0.2640653333333334,0.4739997777777778,0.28201377777777775,0.36125022222222225,0.9837751111111112,0.06304003400861802,0.09142512482121265,0.0643753211751638,0.07469492264373713,0.8686730033424165
swiss,UMAP,2,n_neighbors,40.0,min_dist,0.5,0.2340217777777778,0.44195311111111113,0.5062439999999999,0.5248988888888889,0.9721311111111111,0.061860168955660884,0.08227474497286778,0.09350762382141783,0.09443827560922814,0.7208971950631184
swiss,UMAP,2,n_neighbors,60.0,min_dist,0.0,0.4057395555555556,0.4688308888888889,0.27465155555555554,0.30044266666666664,0.9734088888888888,0.0768069532603718,0.09094472579285295,0.0639027242423805,0.06875130909595811,0.6952083312326961
swiss,UMAP,2,n_neighbors,60.0,min_dist,0.1,0.25999822222222224,0.45343155555555553,0.22414177777777777,0.24981200000000003,0.9562871111111111,0.06259066418655185,0.08639278181165166,0.060420859472090784,0.06497710866980472,0.6084415080885445
swiss,UMAP,2,n_neighbors,60.0,min_dist,0.5,0.17338711111111113,0.45728244444444444,0.6486728888888889,0.5346033333333333,0.9856626666666667,0.05734592078711434,0.08472398116578715,0.1252921548712142,0.09660048297117313,0.8619266399132123
swiss,UMAP,2,n_neighbors,80.0,min_dist,0.0,0.38726622222222223,0.47223155555555557,0.10018355555555555,0.17303200000000002,0.9188866666666667,0.07471586440794291,0.09140561560318526,0.05441769552952874,0.060012297626719065,0.3826928677917689
swiss,UMAP,2,n_neighbors,80.0,min_dist,0.1,0.3893048888888889,0.4653017777777778,0.22525422222222224,0.16663111111111112,0.9060671111111112,0.07452067210682214,0.09071069785081412,0.06147975154617023,0.059097796213638504,0.35942485809546204
swiss,UMAP,2,n_neighbors,80.0,min_dist,0.5,0.1715911111111111,0.46510533333333337,0.4214866666666667,0.3107088888888889,0.9602164444444445,0.05720908403938536,0.08731482902908255,0.07989352749586201,0.06894559894072741,0.6982411040135116
swiss,UMAP,2,n_neighbors,120.0,min_dist,0.0,0.4467333333333333,0.47760933333333333,0.2812688888888889,0.15384444444444442,0.9674737777777778,0.08209100686352538,0.09328223147956291,0.06492923607497891,0.05853280249317251,0.6945223504782722
swiss,UMAP,2,n_neighbors,120.0,min_dist,0.1,0.26304,0.4606668888888889,0.2748151111111111,0.27648066666666665,0.9848248888888889,0.06311558243492416,0.08798900907670323,0.06460752626541036,0.06788280225114221,0.8842108996459358
swiss,UMAP,2,n_neighbors,120.0,min_dist,0.5,0.23214,0.4819437777777778,0.5505666666666666,0.39868488888888887,0.9767622222222222,0.060528609279508656,0.09232269715475311,0.09876083760366172,0.0777592606229052,0.8012608600964634
swiss,UMAP,3,n_neighbors,5.0,min_dist,0.0,0.07226577777777778,0.4286693333333334,0.05894777777777778,0.14385644444444445,0.6862195555555556,0.053545821310145666,0.0800830364531575,0.052872174808263034,0.05642850117213707,0.13543023277193428
swiss,UMAP,3,n_neighbors,5.0,min_dist,0.1,0.06565955555555555,0.4296837777777778,0.04366977777777777,0.06672444444444443,0.6132751111111111,0.05326895223543563,0.08082007217059366,0.052865617827881156,0.05386617716302575,0.11540615430136145
swiss,UMAP,3,n_neighbors,5.0,min_dist,0.5,0.06024177777777778,0.4126855555555556,0.054680000000000006,0.1084711111111111,0.6759986666666667,0.05316154186827242,0.07759299731732344,0.05318151091588392,0.05570516567723496,0.13427507131364097
swiss,UMAP,3,n_neighbors,8.0,min_dist,0.0,0.12408444444444446,0.40989333333333333,0.05950333333333334,0.17103133333333334,0.7393,0.05598783095510563,0.07865538706141156,0.053806082334933274,0.060479789313312965,0.16191072897304307
swiss,UMAP,3,n_neighbors,8.0,min_dist,0.1,0.12802133333333332,0.4023742222222222,0.04221866666666667,0.12541333333333335,0.7301191111111112,0.05603031899336915,0.07727310329150636,0.05266307293225512,0.057177127232557134,0.1567041727131651
swiss,UMAP,3,n_neighbors,8.0,min_dist,0.5,0.05639777777777778,0.38083933333333336,0.07325244444444445,0.13520488888888887,0.7153897777777778,0.05320868029195057,0.07357332172083417,0.054110897177454646,0.0572778958866613,0.14972928504055044
swiss,UMAP,3,n_neighbors,10.0,min_dist,0.0,0.16760400000000003,0.4076035555555556,0.019474222222222226,0.03519511111111111,0.7080795555555555,0.05834898394445263,0.07805809741028703,0.0522941911232187,0.05298723300452153,0.14649681412202809
swiss,UMAP,3,n_neighbors,10.0,min_dist,0.1,0.10897955555555555,0.41098488888888896,0.005996222222222236,0.002729333333333335,0.530931111111111,0.05541643529679572,0.07812288957693836,0.05192442212652308,0.05191372236041738,0.09978615814309386
swiss,UMAP,3,n_neighbors,10.0,min_dist,0.5,0.11876133333333333,0.3879431111111111,0.012252000000000002,0.010915111111111112,0.5684515555555556,0.055582929544037735,0.07449221172287848,0.05206173931699917,0.05202257462537069,0.10531706328780653
swiss,UMAP,3,n_neighbors,15.0,min_dist,0.0,0.20354088888888888,0.41689333333333334,0.007327333333333333,0.02583866666666667,0.5705133333333334,0.05924878285340009,0.07977477714497946,0.051973028155134667,0.05240058818913164,0.10530443382760239
swiss,UMAP,3,n_neighbors,15.0,min_dist,0.1,0.17942088888888888,0.4240215555555556,0.12342133333333333,0.2576213333333333,0.8464573333333333,0.05792730170940717,0.07973945782299634,0.055644678694773006,0.06548017020486528,0.24042663993263705
swiss,UMAP,3,n_neighbors,15.0,min_dist,0.5,0.19145777777777778,0.42300488888888893,0.233424,0.2832346666666667,0.8420137777777777,0.058330774339552485,0.07866414887008269,0.061720916496082925,0.06621172078648961,0.23436702297926784
swiss,UMAP,3,n_neighbors,20.0,min_dist,0.0,0.28335600000000005,0.4539686666666667,0.3017751111111111,0.4038504444444444,0.9679888888888889,0.06446346098033727,0.08564041191501191,0.06631361859796357,0.07789940177485105,0.6288752662757234
swiss,UMAP,3,n_neighbors,20.0,min_dist,0.1,0.23415999999999998,0.4352208888888889,0.31706711111111113,0.371584,0.9292666666666667,0.060950009607673994,0.08204790288978855,0.06768547251275073,0.07443643148535228,0.4175221413738233
swiss,UMAP,3,n_neighbors,20.0,min_dist,0.5,0.16532400000000003,0.4333966666666667,0.36468266666666665,0.35930622222222225,0.9146564444444444,0.05734767127602641,0.08030701371574721,0.0720650673333103,0.07213293929208454,0.4809025285551894
swiss,UMAP,3,n_neighbors,30.0,min_dist,0.0,0.2734875555555556,0.4652408888888889,0.2738602222222223,0.3260068888888889,0.9764702222222222,0.06355133188960126,0.08798532078822015,0.06544476593161287,0.07148393187824995,0.8198349549823163
swiss,UMAP,3,n_neighbors,30.0,min_dist,0.1,0.35491555555555554,0.4421735555555556,0.30638088888888887,0.32718977777777775,0.9566004444444445,0.07108341056419352,0.08309039903497513,0.0672807990779337,0.07069354325964225,0.5678278672152656
swiss,UMAP,3,n_neighbors,30.0,min_dist,0.5,0.23896933333333334,0.43333888888888883,0.4564124444444444,0.5391971111111111,0.9771048888888889,0.06121558679726382,0.08064810737327696,0.08402473764895713,0.09665447107860412,0.8139308493706929
swiss,UMAP,3,n_neighbors,40.0,min_dist,0.0,0.39176222222222223,0.45525933333333335,0.23417000000000002,0.26121377777777777,0.9576746666666668,0.0751935234082887,0.08861176265606882,0.06143098280252387,0.06508008746954975,0.6083473981144525
swiss,UMAP,3,n_neighbors,40.0,min_dist,0.1,0.35924755555555554,0.45845777777777785,0.28419555555555553,0.262308,0.9125551111111111,0.07132717269741774,0.08857540111196152,0.06600921067250862,0.06566885251422479,0.3692696174039726
swiss,UMAP,3,n_neighbors,40.0,min_dist,0.5,0.24503733333333333,0.44733511111111113,0.38450488888888884,0.35519511111111113,0.9254515555555556,0.061703027109970075,0.08417183275633994,0.07420055049051719,0.072028687527547,0.4753751094363012
swiss,UMAP,3,n_neighbors,60.0,min_dist,0.0,0.34437644444444443,0.47600288888888886,0.22482844444444447,0.20052444444444445,0.9657804444444446,0.07010248745287448,0.09200492900562643,0.062098678897214286,0.062264919944537284,0.7455635252662933
swiss,UMAP,3,n_neighbors,60.0,min_dist,0.1,0.30145777777777777,0.46440600000000004,0.25303244444444445,0.1907848888888889,0.9541528888888888,0.06602698566156731,0.08935921043119974,0.06291202551828884,0.06125056655685661,0.6234929226979337
swiss,UMAP,3,n_neighbors,60.0,min_dist,0.5,0.17240533333333335,0.4683333333333333,0.4393284444444444,0.3394193333333333,0.9634613333333333,0.05720182392024217,0.08756508667173005,0.08247426080561228,0.07131087100335164,0.7255573043888163
swiss,UMAP,3,n_neighbors,80.0,min_dist,0.0,0.40160266666666666,0.48765777777777775,0.12478466666666667,0.2327617777777778,0.9155453333333333,0.07667101196516819,0.09321244001236523,0.055160266123927715,0.06381736214580289,0.36752122535392023
swiss,UMAP,3,n_neighbors,80.0,min_dist,0.1,0.2996537777777778,0.4776715555555555,0.23255466666666666,0.1577991111111111,0.9317044444444443,0.06587792791460731,0.09055396649108889,0.06197595225013892,0.05908380638907906,0.49137195277323575
swiss,UMAP,3,n_neighbors,80.0,min_dist,0.5,0.2374848888888889,0.4420362222222222,0.48188,0.4311673333333333,0.9584097777777778,0.060923736418949895,0.0829226508655499,0.0878841996193329,0.08113296712245502,0.7340976734496287
swiss,UMAP,3,n_neighbors,120.0,min_dist,0.0,0.37583866666666665,0.4833857777777778,0.2600191111111111,0.12686444444444445,0.9608622222222223,0.07312150664803452,0.09505754264915353,0.06356725409018221,0.05717547456067802,0.5734973738763061
swiss,UMAP,3,n_neighbors,120.0,min_dist,0.1,0.27325244444444446,0.4785597777777778,0.3655075555555555,0.2925906666666667,0.9820862222222222,0.06388800401311458,0.09372525646084262,0.07247082002756688,0.06882805239073903,0.872130765298183
swiss,UMAP,3,n_neighbors,120.0,min_dist,0.5,0.2850662222222222,0.4599917777777778,0.43520488888888886,0.3154746666666666,0.9485968888888888,0.06443929857112937,0.08724309079967082,0.0818592253357581,0.06920235035525368,0.6631496955290177
swiss,UMAP,4,n_neighbors,5.0,min_dist,0.0,0.0663128888888889,0.45911244444444443,0.06529955555555556,0.17271155555555556,0.725288,0.053025829311626534,0.08559673893660857,0.053246436321118695,0.058947030047456626,0.1547563092899582
swiss,UMAP,4,n_neighbors,5.0,min_dist,0.1,0.09164933333333333,0.44699955555555554,0.027121999999999993,0.06538000000000001,0.6429991111111111,0.053953965571340336,0.08388753850434122,0.052124974325632796,0.053312390580914575,0.12271608356797978
swiss,UMAP,4,n_neighbors,5.0,min_dist,0.5,0.06431555555555556,0.431186,0.11840222222222221,0.15520355555555557,0.7161746666666666,0.05332837464076235,0.08059766035778489,0.055499086352163544,0.05775511633212097,0.151534641152646
swiss,UMAP,4,n_neighbors,8.0,min_dist,0.0,0.1304102222222222,0.4382757777777778,0.015863111111111113,0.02704888888888888,0.5944782222222222,0.05633325505778569,0.0833560348333948,0.05205455064058628,0.05253144038453795,0.1120075280119643
swiss,UMAP,4,n_neighbors,8.0,min_dist,0.1,0.09657555555555555,0.40012044444444445,0.020186666666666676,0.02420533333333333,0.5655297777777778,0.05462983047097487,0.0770076525126669,0.05215477342090845,0.05247261394015357,0.10595057713641465
swiss,UMAP,4,n_neighbors,8.0,min_dist,0.5,0.04421511111111111,0.4250391111111111,0.06620044444444445,0.11894488888888889,0.6941537777777778,0.05265433315429701,0.07931557088940172,0.053312903161073594,0.05590299628054143,0.1399690663975556
swiss,UMAP,4,n_neighbors,10.0,min_dist,0.0,0.1946911111111111,0.4142628888888889,0.015381111111111111,0.0011120000000000038,0.5613466666666668,0.05970789624360563,0.07915992097305463,0.05207748697299219,0.051860271058261805,0.1052364667232676
swiss,UMAP,4,n_neighbors,10.0,min_dist,0.1,0.19014088888888891,0.3929057777777778,0.01603777777777778,0.0005422222222222256,0.4924582222222222,0.059872399371072915,0.07555125624890761,0.05229505444280852,0.051857088490225335,0.09224742028183229
swiss,UMAP,4,n_neighbors,10.0,min_dist,0.5,0.11925866666666668,0.3795508888888889,0.024505333333333334,0.024442222222222223,0.6120560000000002,0.05585422006685999,0.07351997646648403,0.05215480793399811,0.05237199547268951,0.11506595109198597
swiss,UMAP,4,n_neighbors,15.0,min_dist,0.0,0.27737999999999996,0.4337068888888889,0.033742,0.15684844444444443,0.7932217777777778,0.06481913868373654,0.08227328031115497,0.05245673270908782,0.0588893755736792,0.19082794059647296
swiss,UMAP,4,n_neighbors,15.0,min_dist,0.1,0.106328,0.4115171111111111,0.031139111111111114,0.04312977777777779,0.6358306666666667,0.05519586401057614,0.07837686679598477,0.05219473876727514,0.052925465071467455,0.11899704000065885
swiss,UMAP,4,n_neighbors,15.0,min_dist,0.5,0.14792755555555556,0.4351997777777778,0.038260888888888886,0.10267066666666666,0.7608657777777778,0.05674240591044077,0.08041530670293638,0.05254284428829631,0.05543548953087874,0.1693772424914953
swiss,UMAP,4,n_neighbors,20.0,min_dist,0.0,0.238268,0.466398,0.3045537777777778,0.397016,0.9624853333333333,0.06087777557738277,0.08859021915545034,0.06777962167814111,0.0782742897865134,0.5742082644617961
swiss,UMAP,4,n_neighbors,20.0,min_dist,0.1,0.19561288888888892,0.4730264444444444,0.30408666666666667,0.39863311111111116,0.9732066666666667,0.05823146204217855,0.08806491273127026,0.0668286111301432,0.07904271096634943,0.7396520605639347
swiss,UMAP,4,n_neighbors,20.0,min_dist,0.5,0.16220044444444442,0.44059666666666664,0.46079244444444445,0.45546711111111104,0.9609426666666666,0.05698135051002464,0.08168064372046197,0.08403154571545784,0.08321229075099446,0.7259442711584717
swiss,UMAP,4,n_neighbors,30.0,min_dist,0.0,0.22427066666666667,0.4631415555555556,0.2098657777777778,0.3541391111111111,0.9853582222222221,0.06022798244463515,0.08949445051259289,0.06044331205049809,0.07475595059816278,0.8659706160345852
swiss,UMAP,4,n_neighbors,30.0,min_dist,0.1,0.25389822222222225,0.45585377777777775,0.2761342222222222,0.3266177777777778,0.9724688888888889,0.06207288446249723,0.08602483574970765,0.0645775671507466,0.07159893090875637,0.7725484937711027
swiss,UMAP,4,n_neighbors,30.0,min_dist,0.5,0.10970044444444445,0.4408744444444444,0.537992,0.5165973333333334,0.9828702222222222,0.05471761975032853,0.08147485506931765,0.09815928118476652,0.09307313458700453,0.8839357334425301
swiss,UMAP,4,n_neighbors,40.0,min_dist,0.0,0.39242533333333335,0.4707720000000001,0.15766711111111112,0.23476444444444447,0.9727875555555555,0.07543007705526361,0.0914393463496207,0.05781667523211555,0.06372114038071558,0.760176176633042
swiss,UMAP,4,n_neighbors,40.0,min_dist,0.1,0.33649822222222225,0.45738311111111113,0.2942302222222222,0.23881999999999998,0.9523484444444446,0.068972621823983,0.08908257958849532,0.06572873587305317,0.06404494675285106,0.6528821113077927
swiss,UMAP,4,n_neighbors,40.0,min_dist,0.5,0.18347022222222223,0.4536235555555555,0.5074351111111111,0.44122511111111107,0.9667706666666667,0.05786212324220785,0.08566627280427569,0.09194020910258396,0.08195864343868023,0.7881047092700247
swiss,UMAP,4,n_neighbors,60.0,min_dist,0.0,0.43695822222222225,0.47202022222222223,0.2785208888888889,0.27799422222222225,0.9755391111111111,0.08108356494083219,0.09268744279916946,0.06502474517689823,0.06774131681498746,0.683326010246482
swiss,UMAP,4,n_neighbors,60.0,min_dist,0.1,0.3236897777777778,0.45406622222222226,0.3608795555555555,0.29246022222222223,0.9748173333333333,0.06797788896192161,0.08638044288059625,0.07194753214710045,0.06822023712952387,0.6818173659547528
swiss,UMAP,4,n_neighbors,60.0,min_dist,0.5,0.30719688888888885,0.447494,0.43395155555555553,0.2974462222222222,0.9389666666666667,0.06641538080210706,0.08411865940514666,0.08239992269208135,0.06692699335500175,0.5829806345814496
swiss,UMAP,4,n_neighbors,80.0,min_dist,0.0,0.4346666666666667,0.47200866666666674,0.20987066666666665,0.19046044444444443,0.9022915555555556,0.0812956758388148,0.09214455284942098,0.06039614514862498,0.06096197463465728,0.3352316884414871
swiss,UMAP,4,n_neighbors,80.0,min_dist,0.1,0.3287013333333333,0.4535844444444444,0.1301728888888889,0.15563822222222223,0.9059026666666667,0.06841018818420955,0.08697240056830638,0.05554535101000561,0.05886230999474689,0.34220186436795097
swiss,UMAP,4,n_neighbors,80.0,min_dist,0.5,0.24523555555555557,0.45454244444444447,0.4239915555555555,0.3502,0.9680902222222223,0.061478695407046195,0.08626539197749018,0.07906969818803034,0.07228419746682287,0.7536491204828841
swiss,UMAP,4,n_neighbors,120.0,min_dist,0.0,0.4041275555555555,0.4906775555555556,0.2519342222222222,0.127172,0.9461368888888889,0.0767224227280498,0.09480198937046647,0.06384921807067483,0.05742474191797936,0.518656947612276
swiss,UMAP,4,n_neighbors,120.0,min_dist,0.1,0.3213875555555556,0.4768882222222222,0.3337564444444444,0.26879444444444445,0.9780693333333333,0.06767749057684412,0.09282797822795474,0.06903585643468658,0.06610347381989004,0.8346061495764546
swiss,UMAP,4,n_neighbors,120.0,min_dist,0.5,0.26826933333333336,0.45807800000000004,0.5408866666666667,0.4113928888888889,0.9745315555555556,0.06317218649603365,0.0857665477167818,0.09976443189494669,0.07895664466176536,0.8002617130721197
swiss,DensMAP,0,dens_lambda,0.01,dens_frac,0.1,0.43209600000000004,0.43031488888888886,0.1407271111111111,0.22387311111111113,0.7857617777777779,0.07975241220306957,0.08087658481810452,0.057167815500937275,0.06324584292391613,0.187455368940166
swiss,DensMAP,0,dens_lambda,0.01,dens_frac,0.3,0.4357831111111111,0.43315644444444446,0.15390355555555554,0.22701200000000002,0.7880168888888888,0.08018273526996389,0.08140042092666779,0.05768156120701423,0.06343172892585913,0.18850101733044333
swiss,DensMAP,0,dens_lambda,0.01,dens_frac,0.5,0.43673111111111107,0.4306848888888889,0.1419391111111111,0.23431622222222226,0.8009368888888889,0.08031454855660199,0.08107473585651315,0.05729172220923219,0.06389934938483688,0.19724649297443542
swiss,DensMAP,0,dens_lambda,0.05,dens_frac,0.1,0.6672466666666668,0.41428666666666664,0.18060311111111108,0.2310351111111111,0.7905026666666667,0.12852751883648986,0.0781095169223214,0.05909778516894198,0.06342227422167501,0.1897026571430167
swiss,DensMAP,0,dens_lambda,0.05,dens_frac,0.3,0.683988,0.41559644444444444,0.18676844444444446,0.24138977777777776,0.8027857777777778,0.13436543404674767,0.07814942224223051,0.059192494151683046,0.06403673474448993,0.19800672855042628
swiss,DensMAP,0,dens_lambda,0.05,dens_frac,0.5,0.6919235555555555,0.42344111111111116,0.20126533333333335,0.24687933333333334,0.8105884444444443,0.13730415601086515,0.07932721301089554,0.060249719862026936,0.06430448268260025,0.20451092228169587
swiss,DensMAP,0,dens_lambda,0.1,dens_frac,0.1,0.7789377777777777,0.4277566666666667,0.20434844444444444,0.23672688888888888,0.7941271111111112,0.18286446503954853,0.07996707380076387,0.06064342804264652,0.0634961887313869,0.19122347462483263
swiss,DensMAP,0,dens_lambda,0.1,dens_frac,0.3,0.7860897777777778,0.4388591111111111,0.26901022222222215,0.26431422222222223,0.8157679999999999,0.18872427802429606,0.08135288828827907,0.0644314379482382,0.06528432846133947,0.20782068769895962
swiss,DensMAP,0,dens_lambda,0.1,dens_frac,0.5,0.827693777777778,0.43335977777777773,0.29683600000000004,0.2454217777777778,0.8051262222222222,0.2226698715814274,0.08070255717917563,0.06718307851834077,0.06376849007642994,0.19950107060800598
swiss,DensMAP,0,dens_lambda,0.2,dens_frac,0.1,0.7320991111111111,0.47168577777777776,0.18311644444444444,0.241072,0.7987488888888887,0.15676793880197717,0.08751769712264915,0.05867536157989796,0.06370475975123932,0.1942359401679105
swiss,DensMAP,0,dens_lambda,0.2,dens_frac,0.3,0.8066324444444445,0.5106522222222223,0.28513755555555553,0.28642666666666666,0.8276413333333333,0.21648964677617705,0.09432295287894588,0.06542186941236366,0.06617312588724775,0.2189127137049402
swiss,DensMAP,0,dens_lambda,0.2,dens_frac,0.5,0.8727288888888889,0.5074155555555555,0.4108964444444444,0.3219262222222222,0.8483773333333333,0.2909534150819236,0.09495324009362129,0.07761193116708688,0.06836482116835152,0.25217405770706286
swiss,DensMAP,0,dens_lambda,0.5,dens_frac,0.1,0.6339120000000001,0.484502,0.1734302222222222,0.23636044444444446,0.7940680000000001,0.11964458575364072,0.09007343348427405,0.058297840367641324,0.06312253996630818,0.19078285941237094
swiss,DensMAP,0,dens_lambda,0.5,dens_frac,0.3,0.7157817777777777,0.5326668888888888,0.23066,0.2835831111111111,0.8216426666666666,0.15253198660451212,0.10752894719054606,0.06124372787818751,0.0654399062848173,0.21369015814649972
swiss,DensMAP,0,dens_lambda,0.5,dens_frac,0.5,0.8521751111111112,0.47356533333333334,0.3917902222222222,0.3487617777777778,0.8533351111111112,0.25805969852153265,0.08657803803830708,0.0754189972678963,0.07072848380513297,0.25277551526438735
swiss,DensMAP,0,dens_lambda,1.0,dens_frac,0.1,0.583655111111111,0.49091488888888896,0.1876168888888889,0.2422853333333333,0.7955826666666667,0.1062929506927513,0.09077474901659016,0.0590102084054505,0.06373108531952633,0.19172106457675456
swiss,DensMAP,0,dens_lambda,1.0,dens_frac,0.3,0.6397093333333335,0.5144960000000001,0.2227311111111111,0.2724062222222222,0.8136417777777779,0.12768344424286998,0.1026006232406018,0.060704156474260716,0.06488379115424124,0.20600213332655531
swiss,DensMAP,0,dens_lambda,1.0,dens_frac,0.5,0.7059035555555555,0.5445286666666667,0.43988577777777776,0.3707651111111111,0.8534017777777778,0.1619150162555842,0.1073136448914464,0.08093081904129668,0.0727478014774295,0.2535406765723177
swiss,DensMAP,0,dens_lambda,2.0,dens_frac,0.1,0.5882693333333333,0.4985,0.17540577777777777,0.24403777777777774,0.7883444444444444,0.10795352360434782,0.09487400765783172,0.057939695086602815,0.063177919788372,0.18671727594084997
swiss,DensMAP,0,dens_lambda,2.0,dens_frac,0.3,0.6350240000000001,0.6071835555555556,0.2982568888888889,0.3222022222222222,0.8223280000000001,0.12897590283595062,0.12727973826250116,0.06555460895092137,0.06811266204364563,0.22144520495627285
swiss,DensMAP,0,dens_lambda,2.0,dens_frac,0.5,0.6971977777777777,0.5064066666666667,0.38912977777777774,0.36458244444444443,0.8508968888888888,0.14994747989584217,0.0941961840634523,0.07491332462284896,0.07194009622578147,0.250181878990165
swiss,DensMAP,0,dens_lambda,3.0,dens_frac,0.1,0.5958328888888889,0.5065308888888889,0.1966128888888889,0.2514693333333333,0.7873231111111112,0.10923197181325411,0.099822295453764,0.05918117048822112,0.06329334812333728,0.18697117324362267
swiss,DensMAP,0,dens_lambda,3.0,dens_frac,0.3,0.6198835555555555,0.6008137777777778,0.3572935555555556,0.3413137777777778,0.8172031111111112,0.12306479980829245,0.12080017317818975,0.07108906031935408,0.06986844706773397,0.22092685155259012
swiss,DensMAP,0,dens_lambda,3.0,dens_frac,0.5,0.72766,0.5763553333333333,0.438828,0.3852471111111111,0.8368715555555556,0.16320093277446998,0.12997128785616696,0.08046086691398373,0.07408702450000026,0.24858960794677742
swiss,DensMAP,0,dens_lambda,5.0,dens_frac,0.1,0.6102324444444445,0.5464284444444445,0.25649377777777776,0.2675484444444445,0.7801195555555555,0.1153698624181099,0.11912593595794617,0.06276215126534633,0.06395935657867777,0.18465820174095826
swiss,DensMAP,0,dens_lambda,5.0,dens_frac,0.3,0.6221084444444445,0.607359111111111,0.34751200000000004,0.3697377777777778,0.8157902222222222,0.11832895827914994,0.12232304771909279,0.07016704332270468,0.07248120264220709,0.22359281831981634
swiss,DensMAP,0,dens_lambda,5.0,dens_frac,0.5,0.6852022222222223,0.5891948888888888,0.4287924444444444,0.38914933333333335,0.8255311111111113,0.14850981570687505,0.12603292292342202,0.07929801217994113,0.07504498391845835,0.23680879528992815
swiss,DensMAP,0,dens_lambda,10.0,dens_frac,0.1,0.6428764444444445,0.6507139999999999,0.34550733333333333,0.3331637777777778,0.7630191111111111,0.13285883509147317,0.15866079115748458,0.06986532112796384,0.06858754073561016,0.19029270642420232
swiss,DensMAP,0,dens_lambda,10.0,dens_frac,0.3,0.6626773333333333,0.6156664444444445,0.4336804444444445,0.4235484444444444,0.7908542222222222,0.15148710576068425,0.13792038813850688,0.08386722989497056,0.08196595081416111,0.224260062203646
swiss,DensMAP,0,dens_lambda,10.0,dens_frac,0.5,0.7244137777777778,0.6684051111111111,0.5185977777777777,0.48886955555555556,0.7887546666666667,0.19874797143430833,0.20335007206571554,0.11597243069141602,0.11137037092477306,0.2644688072602084
swiss,DensMAP,1,dens_lambda,0.01,dens_frac,0.1,0.38730088888888886,0.41606088888888887,0.13882177777777777,0.27884177777777774,0.8507986666666667,0.0750291544424519,0.07838774748198227,0.05585937391836813,0.06626961779263897,0.24511377906663093
swiss,DensMAP,1,dens_lambda,0.01,dens_frac,0.3,0.4050546666666666,0.42016133333333333,0.17714977777777777,0.28096844444444447,0.8516435555555556,0.07706181598632404,0.07888350593827942,0.05795648108516732,0.06647456708197841,0.2462693665318737
swiss,DensMAP,1,dens_lambda,0.01,dens_frac,0.5,0.414564,0.41722000000000004,0.16407955555555553,0.30458355555555555,0.8596066666666665,0.07818197898130735,0.07850532732347257,0.057182371026662716,0.06855335689056549,0.25581803007848636
swiss,DensMAP,1,dens_lambda,0.05,dens_frac,0.1,0.6235737777777778,0.4116122222222222,0.19444044444444444,0.29112933333333335,0.8517724444444443,0.11681641591787278,0.07795970349294182,0.058643026309394934,0.0669359369113926,0.24571480070238205
swiss,DensMAP,1,dens_lambda,0.05,dens_frac,0.3,0.6838462222222222,0.40195577777777775,0.31340222222222225,0.3241666666666667,0.8653782222222223,0.13577480525416952,0.07634048513722944,0.06790393636980004,0.06987376919217772,0.26404408169413995
swiss,DensMAP,1,dens_lambda,0.05,dens_frac,0.5,0.6930942222222222,0.40799711111111114,0.31608044444444444,0.3498028888888889,0.8825373333333334,0.13979909451448666,0.07715753655899674,0.06813856931227094,0.0722529125289061,0.291092894010917
swiss,DensMAP,1,dens_lambda,0.1,dens_frac,0.1,0.7302257777777778,0.42818266666666666,0.252056,0.30089244444444446,0.8526702222222222,0.15892833067584178,0.08013852180248249,0.0624982766285709,0.0673797905097256,0.2468863231051283
swiss,DensMAP,1,dens_lambda,0.1,dens_frac,0.3,0.815011111111111,0.4139557777777778,0.3686211111111111,0.369116,0.8727813333333334,0.20994397174715088,0.07827418603496478,0.07325208216791744,0.07377244533702693,0.2756255570996485
swiss,DensMAP,1,dens_lambda,0.1,dens_frac,0.5,0.8289444444444445,0.4209395555555555,0.41752755555555554,0.428744,0.8993591111111112,0.2230029927669746,0.07918271374543402,0.07901952357352111,0.0804260387610588,0.3253406882278701
swiss,DensMAP,1,dens_lambda,0.2,dens_frac,0.1,0.7038062222222222,0.45522511111111114,0.2571408888888889,0.310736,0.8547457777777778,0.14488925988705312,0.08452360623088198,0.06281974240344788,0.06800389996075473,0.24962938055442954
swiss,DensMAP,1,dens_lambda,0.2,dens_frac,0.3,0.860188,0.47365977777777774,0.4764273333333333,0.4121026666666667,0.8805364444444443,0.262544885185762,0.08764705370687445,0.086629700493397,0.07758468892824917,0.29135474681241047
swiss,DensMAP,1,dens_lambda,0.2,dens_frac,0.5,0.8437995555555555,0.5269637777777778,0.569575111111111,0.5250373333333334,0.9169324444444444,0.2556522541448396,0.09950688187355178,0.10361243844762626,0.09521326125491486,0.3746918926054757
swiss,DensMAP,1,dens_lambda,0.5,dens_frac,0.1,0.574587111111111,0.46156888888888886,0.25451155555555555,0.30998044444444445,0.8526115555555557,0.1038010719619523,0.08657272139629345,0.06243303482310783,0.06798274506709501,0.24634961525840926
swiss,DensMAP,1,dens_lambda,0.5,dens_frac,0.3,0.780276,0.46926844444444443,0.49700888888888894,0.44066666666666665,0.8889093333333333,0.1907721671185181,0.088017730152464,0.08938905739769594,0.08115201529871598,0.31339371665061394
swiss,DensMAP,1,dens_lambda,0.5,dens_frac,0.5,0.8348773333333335,0.5384855555555556,0.625564,0.5958506666666666,0.9342773333333333,0.25779216342068684,0.11496338105634611,0.11561712313749908,0.1107272312754031,0.4553795616327526
swiss,DensMAP,1,dens_lambda,1.0,dens_frac,0.1,0.5379266666666667,0.4661366666666667,0.2743471111111111,0.31988222222222223,0.8535995555555556,0.09682031609061068,0.08590546436804934,0.06400164972597205,0.06883492340448698,0.24756065379628048
swiss,DensMAP,1,dens_lambda,1.0,dens_frac,0.3,0.7112404444444445,0.4544957777777778,0.5002168888888889,0.45805244444444443,0.8932133333333333,0.1478380691236906,0.0863529821929337,0.09018641426533827,0.08355652734429656,0.31765226919109113
swiss,DensMAP,1,dens_lambda,1.0,dens_frac,0.5,0.7305204444444444,0.49962133333333325,0.5981611111111111,0.5633006666666667,0.9236084444444445,0.16407623707970573,0.09818647526337605,0.10917921165511889,0.1020466974535761,0.40574360338178767
swiss,DensMAP,1,dens_lambda,2.0,dens_frac,0.1,0.5614453333333334,0.4948404444444444,0.3024137777777778,0.32998711111111106,0.8506048888888889,0.10345313955752211,0.09177100045460376,0.0662570117779904,0.06944826791466298,0.245074628140449
swiss,DensMAP,1,dens_lambda,2.0,dens_frac,0.3,0.6263511111111111,0.5192891111111111,0.49300755555555553,0.4590844444444444,0.8861835555555556,0.11843272971012583,0.09728500407999596,0.08863439598773534,0.08362898943595057,0.30725091429692514
swiss,DensMAP,1,dens_lambda,2.0,dens_frac,0.5,0.746804,0.5309597777777777,0.5997008888888888,0.6059439999999999,0.9282706666666667,0.17251715355581662,0.1032901615461545,0.10885874901934697,0.1115048662897758,0.41474518369542823
swiss,DensMAP,1,dens_lambda,3.0,dens_frac,0.1,0.6133213333333334,0.4889053333333333,0.32174755555555556,0.3410997777777778,0.8485102222222222,0.11566227233064763,0.08931614668180463,0.06787340067411322,0.07020378726769944,0.24579067337934005
swiss,DensMAP,1,dens_lambda,3.0,dens_frac,0.3,0.6540066666666666,0.4957262222222223,0.5081604444444444,0.4628662222222223,0.8876737777777777,0.12817482088919752,0.09387106253076105,0.0908466029482016,0.08423736597213843,0.3237766671761376
swiss,DensMAP,1,dens_lambda,3.0,dens_frac,0.5,0.7437191111111111,0.5751955555555556,0.62288,0.6370502222222222,0.9413608888888888,0.19196942765481118,0.1133902803545522,0.1197925360699657,0.12654696215740474,0.5417633588413883
swiss,DensMAP,1,dens_lambda,5.0,dens_frac,0.1,0.6221231111111112,0.4959666666666668,0.36617044444444447,0.3516497777777778,0.8410844444444444,0.12328215810385433,0.09219211402056028,0.07202974319769576,0.07074321234304147,0.24048786166152958
swiss,DensMAP,1,dens_lambda,5.0,dens_frac,0.3,0.6817382222222221,0.5636333333333333,0.4984386666666667,0.46892444444444453,0.8787933333333333,0.14842729387127435,0.11714030623783955,0.08993999271807772,0.08604912239482539,0.3292140929461393
swiss,DensMAP,1,dens_lambda,5.0,dens_frac,0.5,0.7270591111111111,0.6237637777777778,0.6027328888888889,0.5859697777777778,0.9092333333333333,0.20927287823973695,0.17348498715974767,0.11728955810684474,0.12522434417640085,0.44315287460558395
swiss,DensMAP,1,dens_lambda,10.0,dens_frac,0.1,0.6975742222222221,0.5805766666666666,0.4701848888888889,0.40699133333333337,0.8174977777777779,0.1624354909093415,0.12074945518435977,0.08607900262235557,0.07711479720575862,0.24119895073493855
swiss,DensMAP,1,dens_lambda,10.0,dens_frac,0.3,0.7086626666666667,0.6062466666666666,0.5401928888888888,0.4943542222222222,0.8423604444444444,0.17580500671355098,0.1435835424706944,0.10493568841918724,0.0947236956083016,0.31891295657027685
swiss,DensMAP,1,dens_lambda,10.0,dens_frac,0.5,0.717616,0.6482308888888889,0.5822337777777777,0.561067111111111,0.8436342222222222,0.19673991792401396,0.1799677317864325,0.1188435110375557,0.12169288029054179,0.3466576487821863
swiss,DensMAP,2,dens_lambda,0.01,dens_frac,0.1,0.33330133333333334,0.4394435555555556,0.23041377777777777,0.40934333333333334,0.8706,0.06943013773533499,0.08249584466435592,0.06282921600315286,0.08005359463799144,0.2681480963810727
swiss,DensMAP,2,dens_lambda,0.01,dens_frac,0.3,0.3391208888888889,0.4355597777777778,0.22317022222222224,0.4152746666666667,0.8703124444444446,0.06993210247292897,0.08174022832347635,0.06236646030545204,0.0806630363589864,0.2678547754978075
swiss,DensMAP,2,dens_lambda,0.01,dens_frac,0.5,0.3440342222222222,0.42631688888888886,0.2294751111111111,0.3902555555555556,0.860631111111111,0.07045002730305855,0.08014329671828149,0.06304893382026074,0.07756635098374623,0.25636394455188566
swiss,DensMAP,2,dens_lambda,0.05,dens_frac,0.1,0.6230484444444444,0.4514888888888889,0.31005599999999994,0.4162755555555555,0.8761755555555556,0.11877179210154803,0.08426753204832937,0.069307817524182,0.08054964801467035,0.2774190224654434
swiss,DensMAP,2,dens_lambda,0.05,dens_frac,0.3,0.6635395555555557,0.4401126666666667,0.35360755555555556,0.42120911111111103,0.8734373333333333,0.13197400241443216,0.08225015949743797,0.07438533765919905,0.08111123019685205,0.27265504957214937
swiss,DensMAP,2,dens_lambda,0.05,dens_frac,0.5,0.6542142222222221,0.4393204444444445,0.34861733333333333,0.4256591111111111,0.8750088888888888,0.12762865851727265,0.08229978202887275,0.07333587705884209,0.0813978294135469,0.2756297257621252
swiss,DensMAP,2,dens_lambda,0.1,dens_frac,0.1,0.7327977777777778,0.4638577777777778,0.3532688888888889,0.4225333333333333,0.8827124444444443,0.1651495059663051,0.08593136862204259,0.07299195295212364,0.08102952572080399,0.29134634966487954
swiss,DensMAP,2,dens_lambda,0.1,dens_frac,0.3,0.7968946666666666,0.4528706666666667,0.4347146666666667,0.4396686666666667,0.8865106666666666,0.2065485633252094,0.0845764119626482,0.08263760082135437,0.08302195862797897,0.3011936919186927
swiss,DensMAP,2,dens_lambda,0.1,dens_frac,0.5,0.7888640000000001,0.44365355555555563,0.42478799999999994,0.46534711111111116,0.8947933333333333,0.19558863629935,0.08338635583844317,0.08107974844358379,0.08558683849991326,0.32021035294499434
swiss,DensMAP,2,dens_lambda,0.2,dens_frac,0.1,0.6994977777777778,0.49965822222222217,0.3471351111111111,0.4254773333333334,0.8841346666666666,0.1428236965330922,0.09532537511076895,0.07209257326978105,0.0813470409055149,0.29383148399459125
swiss,DensMAP,2,dens_lambda,0.2,dens_frac,0.3,0.8288959999999999,0.48195622222222223,0.48218311111111106,0.47906711111111117,0.9032084444444445,0.23500106239596774,0.08950563346790913,0.08672503315904066,0.08689057689494993,0.3588315867545669
swiss,DensMAP,2,dens_lambda,0.2,dens_frac,0.5,0.8666208888888889,0.45985422222222216,0.5468377777777778,0.523024,0.918212888888889,0.28439277629971904,0.08418922396673496,0.09835281635198528,0.09337633110397744,0.4203407739274369
swiss,DensMAP,2,dens_lambda,0.5,dens_frac,0.1,0.5719355555555555,0.4576460000000001,0.32767288888888885,0.4284528888888889,0.8849600000000001,0.10369191211827808,0.08591770722342423,0.06945341323657957,0.0814150540302799,0.29454965611889544
swiss,DensMAP,2,dens_lambda,0.5,dens_frac,0.3,0.7766826666666666,0.49013399999999996,0.491836,0.5002257777777778,0.9099484444444446,0.18980257628739428,0.09357377910931422,0.08841823495850663,0.08950856783534007,0.38813408622220147
swiss,DensMAP,2,dens_lambda,0.5,dens_frac,0.5,0.794708,0.5036211111111111,0.6253515555555555,0.6117497777777778,0.9449475555555554,0.2082300523332029,0.09656750678435073,0.118536871730124,0.11262715312183864,0.5455975752086051
swiss,DensMAP,2,dens_lambda,1.0,dens_frac,0.1,0.5266062222222222,0.47663488888888883,0.3477853333333333,0.42923866666666666,0.8859528888888889,0.0946655949880017,0.09032244649093144,0.07084592688044077,0.08091719232489769,0.29804905742402477
swiss,DensMAP,2,dens_lambda,1.0,dens_frac,0.3,0.7054733333333333,0.5277864444444444,0.4991884444444445,0.5247799999999999,0.9227324444444445,0.15897426323877395,0.11378700974595922,0.0918741257519946,0.09375508852527731,0.43713587057212966
swiss,DensMAP,2,dens_lambda,1.0,dens_frac,0.5,0.7342622222222223,0.5155211111111111,0.6204097777777777,0.6277084444444445,0.9517546666666666,0.16684617235560614,0.12880954771765846,0.11855577931540395,0.11769191910230853,0.5884757441101923
swiss,DensMAP,2,dens_lambda,2.0,dens_frac,0.1,0.5776035555555556,0.5015822222222222,0.3578631111111111,0.44158444444444445,0.8896711111111111,0.10644171381506486,0.09498158716275812,0.07145251970587585,0.08214706868652792,0.3078725995390772
swiss,DensMAP,2,dens_lambda,2.0,dens_frac,0.3,0.6685417777777778,0.5339675555555555,0.5332868888888889,0.5480506666666667,0.9276426666666667,0.1513710116951864,0.10597584245336705,0.0979018572665508,0.09832505890048002,0.45235324333450594
swiss,DensMAP,2,dens_lambda,2.0,dens_frac,0.5,0.6840888888888889,0.536212888888889,0.5778795555555556,0.5962902222222222,0.9396808888888888,0.15257653105387953,0.1179162975493435,0.10679424288816505,0.11195134074404808,0.5207617627670768
swiss,DensMAP,2,dens_lambda,3.0,dens_frac,0.1,0.6068453333333333,0.47157911111111106,0.40888,0.44286333333333333,0.8891546666666666,0.11305383411041771,0.08756626725914772,0.07698037063620951,0.08184084234200176,0.310677710479352
swiss,DensMAP,2,dens_lambda,3.0,dens_frac,0.3,0.6800986666666667,0.56755,0.5296368888888889,0.5300808888888889,0.9197444444444444,0.14300735904195883,0.11930987182819908,0.09683906081362333,0.09500697150247182,0.4445136878223449
swiss,DensMAP,2,dens_lambda,3.0,dens_frac,0.5,0.6968604444444445,0.5577257777777778,0.6212573333333333,0.6092302222222222,0.9336306666666666,0.1573174620586652,0.12195388309689328,0.12073471956406001,0.11498549973529984,0.5076195339104196
swiss,DensMAP,2,dens_lambda,5.0,dens_frac,0.1,0.6608048888888889,0.503814,0.40498488888888884,0.45000400000000007,0.8864884444444445,0.1355651484652648,0.09404873155077062,0.07664652696695587,0.08209780589524092,0.3259656345794179
swiss,DensMAP,2,dens_lambda,5.0,dens_frac,0.3,0.682292,0.5269442222222223,0.5104488888888888,0.5155266666666667,0.9037013333333332,0.14860128956906749,0.11592752825837492,0.09600948354708788,0.09328290589075963,0.40352943535249763
swiss,DensMAP,2,dens_lambda,5.0,dens_frac,0.5,0.6949702222222223,0.6031431111111111,0.5893906666666666,0.5853513333333333,0.9143533333333335,0.1503482059036167,0.12712036199172103,0.1104416855052433,0.11070440813307854,0.4533914869354141
swiss,DensMAP,2,dens_lambda,10.0,dens_frac,0.1,0.7113404444444444,0.5875613333333334,0.4972284444444445,0.4902457777777778,0.8711764444444444,0.18307454461423506,0.1314632865128229,0.09717989757017409,0.09013465090843345,0.35971481839696656
swiss,DensMAP,2,dens_lambda,10.0,dens_frac,0.3,0.7164764444444445,0.6159442222222222,0.5314777777777777,0.5231311111111111,0.8634080000000001,0.20324147159739564,0.1350460146995499,0.11635783287990889,0.10720749467314147,0.4002695423630291
swiss,DensMAP,2,dens_lambda,10.0,dens_frac,0.5,0.721012,0.6632411111111111,0.6015244444444445,0.5712600000000001,0.8565288888888888,0.19792614690944382,0.1577622286627861,0.13758814748713327,0.12452448870217175,0.4324516842726909
swiss,DensMAP,3,dens_lambda,0.01,dens_frac,0.1,0.4631528888888889,0.4182835555555555,0.05716755555555556,0.096164,0.7263693333333334,0.0843289332767033,0.07892453283461029,0.05350216482129479,0.05536124581837401,0.15264461056295053
swiss,DensMAP,3,dens_lambda,0.01,dens_frac,0.3,0.48024044444444447,0.42141399999999996,0.070024,0.09181111111111111,0.7221466666666666,0.0870009079147669,0.07947200587268924,0.05389048507895521,0.05509612067424916,0.15058517338707017
swiss,DensMAP,3,dens_lambda,0.01,dens_frac,0.5,0.46762622222222217,0.4220693333333333,0.08005777777777778,0.09068222222222222,0.7172186666666667,0.0850787673118411,0.07957981296397915,0.054576995878632524,0.05502779499595923,0.1485285894653164
swiss,DensMAP,3,dens_lambda,0.05,dens_frac,0.1,0.6961031111111111,0.41681866666666667,0.07846444444444445,0.09752311111111112,0.7284191111111111,0.1405628284055399,0.0785268397806195,0.05448746304654209,0.05529614252637088,0.15365666085554577
swiss,DensMAP,3,dens_lambda,0.05,dens_frac,0.3,0.7237773333333333,0.41275711111111113,0.06419733333333333,0.09748177777777778,0.7295235555555555,0.15230539491499606,0.0779739648054464,0.05360841839523594,0.055093101047537105,0.15380926519885912
swiss,DensMAP,3,dens_lambda,0.05,dens_frac,0.5,0.7238342222222223,0.41556933333333335,0.094744,0.10080488888888889,0.7179302222222222,0.15266996353404305,0.07827952396406981,0.05553028243830005,0.0551263792420754,0.1483665471967885
swiss,DensMAP,3,dens_lambda,0.1,dens_frac,0.1,0.7952293333333332,0.4321217777777778,0.10022377777777779,0.09808577777777777,0.7276595555555556,0.1956728101738838,0.08073975547501719,0.05534154808404242,0.05524860913523623,0.1533139865409838
swiss,DensMAP,3,dens_lambda,0.1,dens_frac,0.3,0.8290044444444445,0.4358473333333333,0.12577955555555556,0.10717244444444445,0.733488,0.2262614043603916,0.081646918519589,0.05654149811955061,0.055311187265487456,0.15635512447961183
swiss,DensMAP,3,dens_lambda,0.1,dens_frac,0.5,0.832016,0.4261602222222222,0.12647422222222224,0.10716533333333333,0.7213644444444445,0.22867183469647878,0.07996878436648967,0.056783054615034134,0.054971540656660905,0.15004844966475833
swiss,DensMAP,3,dens_lambda,0.2,dens_frac,0.1,0.7366071111111112,0.4776342222222223,0.10115777777777778,0.09629511111111111,0.7247217777777779,0.15972153228566963,0.08890160349579287,0.05495100547533356,0.055097775628069896,0.15195911629523198
swiss,DensMAP,3,dens_lambda,0.2,dens_frac,0.3,0.8396777777777777,0.5030920000000001,0.19293888888888888,0.11101333333333334,0.736336,0.2520510558289471,0.09426079824371156,0.06061044137706755,0.05525630181419204,0.15845869223947062
swiss,DensMAP,3,dens_lambda,0.2,dens_frac,0.5,0.8206124444444446,0.6215064444444445,0.2591451111111111,0.15524755555555553,0.7322991111111111,0.26373634403955704,0.1360280534841628,0.06537528506791224,0.056490837489187776,0.15630223494146545
swiss,DensMAP,3,dens_lambda,0.5,dens_frac,0.1,0.6348400000000001,0.4680562222222222,0.08730977777777778,0.09964222222222222,0.7220462222222221,0.11973095304331592,0.0882927067515108,0.05452453715867001,0.05518279910901464,0.15042438347915582
swiss,DensMAP,3,dens_lambda,0.5,dens_frac,0.3,0.7047146666666667,0.4919615555555556,0.1385448888888889,0.11753911111111112,0.7303368888888889,0.14286972468635406,0.09276270576242987,0.056851020405231496,0.05538306393594783,0.15456087926640708
swiss,DensMAP,3,dens_lambda,0.5,dens_frac,0.5,0.7566368888888889,0.5449053333333332,0.229476,0.16359933333333335,0.7209537777777778,0.18609993269642708,0.11903225962495935,0.06164441026756759,0.056663056992894006,0.15260056732599714
swiss,DensMAP,3,dens_lambda,1.0,dens_frac,0.1,0.5624577777777777,0.49598977777777775,0.08024977777777778,0.10623400000000001,0.7184964444444444,0.101598744452159,0.09278114654823771,0.05383969019165755,0.05522546163490941,0.1483542621980752
swiss,DensMAP,3,dens_lambda,1.0,dens_frac,0.3,0.6263773333333333,0.5890708888888889,0.17949244444444445,0.13975422222222222,0.7318075555555554,0.12385107602802534,0.11879427438911573,0.058703175234759986,0.05634828214504491,0.15569984514635027
swiss,DensMAP,3,dens_lambda,1.0,dens_frac,0.5,0.6673217777777778,0.6003262222222222,0.2406631111111111,0.22492800000000002,0.7708097777777777,0.1359003964246917,0.1305667563402096,0.061883479744648556,0.060688160173287216,0.1801132984924442
swiss,DensMAP,3,dens_lambda,2.0,dens_frac,0.1,0.5372297777777778,0.4743177777777777,0.10182666666666668,0.11946266666666666,0.7233528888888888,0.09626575789355495,0.0882609926210268,0.054885708109679555,0.055769933738733686,0.15068128025513103
swiss,DensMAP,3,dens_lambda,2.0,dens_frac,0.3,0.5514613333333334,0.6053146666666667,0.13172444444444445,0.1564977777777778,0.7423462222222222,0.1070937565974115,0.12285033115158318,0.05577028580551657,0.05733887087502698,0.16062226051781836
swiss,DensMAP,3,dens_lambda,2.0,dens_frac,0.5,0.6475217777777778,0.6384542222222221,0.3039262222222222,0.24864977777777778,0.7649168888888889,0.12768755983887314,0.14711591095571075,0.06684703156382975,0.06207793939415041,0.1854089713373446
swiss,DensMAP,3,dens_lambda,3.0,dens_frac,0.1,0.5161902222222222,0.4918102222222222,0.15146222222222222,0.12970444444444446,0.7237955555555555,0.09251018749438632,0.09123948033552669,0.05710611839389618,0.055971495804004734,0.15082681212643362
swiss,DensMAP,3,dens_lambda,3.0,dens_frac,0.3,0.5521613333333333,0.5796948888888889,0.21566666666666667,0.1854891111111111,0.7451497777777778,0.10493747444796939,0.11747119052405909,0.05998856634354945,0.058361466283853886,0.16541121204517684
swiss,DensMAP,3,dens_lambda,3.0,dens_frac,0.5,0.6350671111111111,0.6786357777777777,0.35673600000000005,0.30763066666666666,0.7875426666666667,0.12481963842268955,0.1590247116290425,0.07103584955923888,0.06625846463019328,0.20969205275377276
swiss,DensMAP,3,dens_lambda,5.0,dens_frac,0.1,0.5441293333333334,0.5019782222222222,0.17151466666666668,0.15704177777777778,0.7186995555555555,0.09885992730126504,0.09617647586495509,0.05812236597817614,0.057004134898510694,0.14968841617015355
swiss,DensMAP,3,dens_lambda,5.0,dens_frac,0.3,0.5405648888888889,0.6141955555555555,0.2359897777777778,0.22467733333333334,0.735387111111111,0.09752879474291105,0.13414655430362712,0.06087928346970771,0.06028975007496598,0.16337656928840724
swiss,DensMAP,3,dens_lambda,5.0,dens_frac,0.5,0.5793893333333333,0.6786735555555555,0.37897911111111116,0.34735822222222223,0.786276,0.11423409109186244,0.17024636952979927,0.07501237662004312,0.07011974524952953,0.22083881193289054
swiss,DensMAP,3,dens_lambda,10.0,dens_frac,0.1,0.6242284444444445,0.6045411111111111,0.29928133333333334,0.24737377777777778,0.7049222222222221,0.12725081589863518,0.1303255438433869,0.06562495209930934,0.06164297460996483,0.152508698777291
swiss,DensMAP,3,dens_lambda,10.0,dens_frac,0.3,0.5940702222222222,0.6776135555555556,0.34093933333333326,0.31193377777777775,0.7099480000000001,0.12333345118444666,0.16598798372520393,0.0706062187659488,0.06732745938324045,0.17343506681940263
swiss,DensMAP,3,dens_lambda,10.0,dens_frac,0.5,0.5834911111111111,0.6773922222222222,0.4513733333333333,0.4276217777777779,0.7550284444444445,0.12273934391962618,0.18268404792290105,0.08567696458046811,0.07993482891686947,0.2222796155762669
swiss,DensMAP,4,dens_lambda,0.01,dens_frac,0.1,0.43692711111111104,0.4302086666666667,0.057424,0.10911466666666667,0.6631746666666666,0.08069804701400254,0.08062579297261571,0.053227558547374154,0.05659556841439305,0.13024053883796993
swiss,DensMAP,4,dens_lambda,0.01,dens_frac,0.3,0.4557217777777778,0.42660088888888886,0.04871399999999999,0.10598533333333333,0.662416,0.08322287949120119,0.08015627355475248,0.052997830748722406,0.056440769233063875,0.12996072477967216
swiss,DensMAP,4,dens_lambda,0.01,dens_frac,0.5,0.4585235555555556,0.4284348888888889,0.07408711111111112,0.10546044444444444,0.6591031111111111,0.08359268630741973,0.08050494298135219,0.053853476138713385,0.05640008794021923,0.12872209508062396
swiss,DensMAP,4,dens_lambda,0.05,dens_frac,0.1,0.6688982222222222,0.40957,0.08778466666666668,0.11083244444444444,0.6645942222222222,0.13351412681252217,0.0777512510955872,0.05449657430943318,0.05644741197300253,0.1302650246282946
swiss,DensMAP,4,dens_lambda,0.05,dens_frac,0.3,0.6944271111111112,0.4038388888888889,0.11160555555555556,0.11625066666666668,0.6744257777777779,0.14442778546825438,0.07704644213824081,0.05582096860769326,0.056872929002260125,0.13380149798972887
swiss,DensMAP,4,dens_lambda,0.05,dens_frac,0.5,0.7100177777777777,0.40715755555555555,0.10772133333333334,0.10960222222222223,0.6573893333333333,0.15216901739131194,0.07748623360903882,0.05561040330167461,0.05649973162506717,0.1270528540530338
swiss,DensMAP,4,dens_lambda,0.1,dens_frac,0.1,0.7520662222222223,0.4316562222222222,0.10493444444444444,0.11542355555555554,0.6693248888888889,0.1738880774862193,0.08094880106049408,0.05499318425660984,0.05641805409068336,0.13131781378299506
swiss,DensMAP,4,dens_lambda,0.1,dens_frac,0.3,0.7954755555555555,0.4224708888888889,0.15184888888888887,0.12697333333333333,0.6769351111111112,0.2090751201965897,0.08010992096360425,0.057600482605638416,0.05708488337748189,0.1337388113889882
swiss,DensMAP,4,dens_lambda,0.1,dens_frac,0.5,0.8103235555555556,0.41234288888888887,0.19327377777777777,0.14365288888888889,0.6907568888888888,0.21557627840910012,0.0783053051728238,0.060212560076813845,0.05829436336078809,0.13907535769227458
swiss,DensMAP,4,dens_lambda,0.2,dens_frac,0.1,0.7043342222222222,0.49840400000000007,0.096884,0.11245733333333334,0.6694782222222222,0.14740524418345727,0.09202913405912279,0.054696112601982455,0.056214923284713364,0.1313065462950821
swiss,DensMAP,4,dens_lambda,0.2,dens_frac,0.3,0.8070022222222222,0.4956988888888889,0.18942044444444445,0.15023955555555552,0.6985515555555555,0.22223640974395237,0.09179177242121564,0.05908977757706543,0.0578633698394214,0.13947401635916207
swiss,DensMAP,4,dens_lambda,0.2,dens_frac,0.5,0.843924,0.49357533333333337,0.22588511111111112,0.18790444444444449,0.7083711111111111,0.24815734277709267,0.0928558410898318,0.061648196481356346,0.060148007826685425,0.14423946510403068
swiss,DensMAP,4,dens_lambda,0.5,dens_frac,0.1,0.5712457777777777,0.4425451111111111,0.07761866666666667,0.11484577777777778,0.6726417777777778,0.10343645419949388,0.08295803833047669,0.053761511221932894,0.05604504845842119,0.13161136667277826
swiss,DensMAP,4,dens_lambda,0.5,dens_frac,0.3,0.7557524444444444,0.5013644444444445,0.1791728888888889,0.1655928888888889,0.7137977777777778,0.17487617166984443,0.09760110913149846,0.05805979597005815,0.05832348891782278,0.14590821699900106
swiss,DensMAP,4,dens_lambda,0.5,dens_frac,0.5,0.8101942222222223,0.5624066666666667,0.3651831111111111,0.33359688888888894,0.772012,0.22358348900801436,0.13318901642501724,0.07310342333578697,0.07136439789342684,0.1779060041228603
swiss,DensMAP,4,dens_lambda,1.0,dens_frac,0.1,0.55624,0.4509448888888889,0.09171777777777779,0.12006133333333333,0.6732088888888889,0.10064763599192235,0.08374042254728413,0.05410408596408388,0.05619729891205049,0.13144345561707776
swiss,DensMAP,4,dens_lambda,1.0,dens_frac,0.3,0.6180413333333333,0.5750164444444446,0.19774177777777777,0.16730933333333334,0.7052288888888888,0.11932963047839701,0.11711658295220653,0.059053183319894384,0.057908195665841336,0.14354831616401426
swiss,DensMAP,4,dens_lambda,1.0,dens_frac,0.5,0.7422964444444444,0.6421140000000001,0.3516004444444444,0.2936533333333334,0.7642666666666666,0.19323205605919888,0.19193882873397733,0.07082620006849621,0.066055893660569,0.18108537707221964
swiss,DensMAP,4,dens_lambda,2.0,dens_frac,0.1,0.5437346666666667,0.4900095555555555,0.09935066666666667,0.13210177777777776,0.672164,0.09716130411838288,0.0916108973688401,0.0545728306371119,0.05668164021317633,0.1305570568976429
swiss,DensMAP,4,dens_lambda,2.0,dens_frac,0.3,0.5999173333333333,0.617548,0.2289128888888889,0.19725066666666669,0.7159186666666667,0.11739404045167486,0.13170120884065284,0.06049346288252586,0.05928422651252955,0.15255805663059438
swiss,DensMAP,4,dens_lambda,2.0,dens_frac,0.5,0.6726524444444444,0.599108,0.3635231111111111,0.2921813333333333,0.7503368888888889,0.14253107381168031,0.12644206731395297,0.0716693219779945,0.06550351930809085,0.18468418044601342
swiss,DensMAP,4,dens_lambda,3.0,dens_frac,0.1,0.537780888888889,0.5192166666666667,0.12301844444444446,0.14722444444444444,0.6772231111111112,0.09637829795635312,0.09550050696457803,0.05566661394341485,0.05726169655698107,0.13152713198031038
swiss,DensMAP,4,dens_lambda,3.0,dens_frac,0.3,0.5739857777777777,0.624414,0.21827733333333335,0.19319022222222224,0.7145213333333333,0.10942977515416691,0.13050401870026837,0.05979258044745864,0.05888515601222862,0.155912092588305
swiss,DensMAP,4,dens_lambda,3.0,dens_frac,0.5,0.6396093333333334,0.6886773333333334,0.2975902222222222,0.2752051111111111,0.7307044444444444,0.13134470832560888,0.1865941311434355,0.06542742627995357,0.0639867422870376,0.16494820060807966
swiss,DensMAP,4,dens_lambda,5.0,dens_frac,0.1,0.5643928888888888,0.5447473333333333,0.169906,0.16889066666666666,0.6729737777777778,0.10248195587335643,0.1005706981306296,0.057549164173948245,0.05798136043008055,0.1301589897830706
swiss,DensMAP,4,dens_lambda,5.0,dens_frac,0.3,0.579024,0.6165071111111111,0.22422266666666665,0.20980266666666664,0.7009128888888889,0.10681085597095527,0.1284358596316314,0.06008898559351063,0.05962211837288268,0.15164685291296992
swiss,DensMAP,4,dens_lambda,5.0,dens_frac,0.5,0.6235097777777777,0.683364,0.2686551111111111,0.25514511111111116,0.6830413333333333,0.12508499621532063,0.18553404400394533,0.06321402736357339,0.06236468869736614,0.1430064713718878
swiss,DensMAP,4,dens_lambda,10.0,dens_frac,0.1,0.6276071111111111,0.6165577777777778,0.27814933333333336,0.2453528888888889,0.6626226666666667,0.12498627138988387,0.1290690254945191,0.06386989013423565,0.06188804870157342,0.14004322463098504
swiss,DensMAP,4,dens_lambda,10.0,dens_frac,0.3,0.6139217777777778,0.64894,0.3365046666666667,0.30065555555555556,0.6706768888888888,0.1370605874952428,0.15453007278104033,0.06933761574545366,0.06564605656422215,0.1668900002431919
swiss,DensMAP,4,dens_lambda,10.0,dens_frac,0.5,0.6185631111111112,0.7170391111111112,0.3912784444444445,0.3652755555555555,0.6595697777777777,0.14528321198894834,0.200987978904726,0.07798492043048044,0.07223481951050868,0.1900406552002224
swiss,PaCMAP,0,n_neighbors,5.0,FP_ratio,1.0,0.5006795555555555,0.46132222222222224,0.21341733333333335,0.31588533333333335,0.8185373333333331,0.09236653405406631,0.0858860477752973,0.06052744466170589,0.06781981539711152,0.2180798608082069
swiss,PaCMAP,0,n_neighbors,5.0,FP_ratio,2.0,0.3408848888888889,0.4288042222222222,0.43419266666666667,0.5515215555555556,0.8574231111111111,0.0694585998258596,0.07999852091772157,0.08184805821412289,0.10682171848466093,0.4250474312584978
swiss,PaCMAP,0,n_neighbors,5.0,FP_ratio,5.0,0.3039128888888889,0.45822111111111113,0.6375057777777777,0.6539444444444444,0.8480871111111111,0.06628320721397499,0.08710078987724099,0.13418902357343127,0.14063312591694602,0.6160659904999733
swiss,PaCMAP,0,n_neighbors,8.0,FP_ratio,1.0,0.4587582222222222,0.48239355555555563,0.29482555555555556,0.38535177777777774,0.8773404444444445,0.08364053125607633,0.09037551357717936,0.06575093199672646,0.0762655917749138,0.2922889356326943
swiss,PaCMAP,0,n_neighbors,8.0,FP_ratio,2.0,0.3835337777777778,0.44908933333333334,0.5936128888888889,0.6692644444444444,0.8319408888888888,0.07390300402181016,0.08472512294787257,0.11941729002364534,0.16920316651177258,0.6415128647181312
swiss,PaCMAP,0,n_neighbors,8.0,FP_ratio,5.0,0.41424444444444447,0.47274555555555553,0.6391973333333334,0.7494528888888891,0.8508035555555555,0.07760886241160578,0.08813358154282261,0.12810340447225302,0.26573728454099743,0.7717455995238667
swiss,PaCMAP,0,n_neighbors,10.0,FP_ratio,1.0,0.5181964444444445,0.4962308888888889,0.2063991111111111,0.17204933333333333,0.7295995555555556,0.09634205773865998,0.0991312583833428,0.06025419605311047,0.06014783989496419,0.15567100815904117
swiss,PaCMAP,0,n_neighbors,10.0,FP_ratio,2.0,0.4246013333333334,0.465182,0.5885124444444444,0.49811666666666676,0.764948,0.078814752376631,0.08797321583563392,0.12896495210772352,0.12492213457276524,0.5961101607828803
swiss,PaCMAP,0,n_neighbors,10.0,FP_ratio,5.0,0.38251466666666667,0.47348755555555555,0.7099464444444445,0.7465448888888888,0.8392617777777779,0.07399968841213689,0.08813137600510021,0.16370953542182157,0.18567301829437344,0.49613100895048645
swiss,PaCMAP,0,n_neighbors,15.0,FP_ratio,1.0,0.47786933333333337,0.4812082222222222,0.24721644444444446,0.003280888888888895,0.49518222222222225,0.08712980377693624,0.0920229334814524,0.06282159599111174,0.051884398602979546,0.09632182891397831
swiss,PaCMAP,0,n_neighbors,15.0,FP_ratio,2.0,0.5105524444444444,0.49169288888888885,0.17234,0.1932217777777778,0.7178675555555556,0.09475386189131273,0.10159331223195486,0.05772740337215268,0.06026780714847043,0.14916948705359684
swiss,PaCMAP,0,n_neighbors,15.0,FP_ratio,5.0,0.44098044444444445,0.49297222222222226,0.6796115555555555,0.7539586666666669,0.8547977777777778,0.08184483263216784,0.09452943255803278,0.15841505006837048,0.6656710147637537,0.7561746751472268
swiss,PaCMAP,0,n_neighbors,20.0,FP_ratio,1.0,0.5184084444444444,0.4674691111111111,0.19169600000000003,0.0024120000000000014,0.6223217777777778,0.09424173599251537,0.08948358874441967,0.05882892355515838,0.05187416082396767,0.1152932280429102
swiss,PaCMAP,0,n_neighbors,20.0,FP_ratio,2.0,0.43316888888888894,0.46438,0.3399675555555555,0.5245428888888888,0.8849595555555555,0.08074404255315054,0.08904080943213623,0.07036719976061558,0.09472847163322205,0.29106774188316603
swiss,PaCMAP,0,n_neighbors,20.0,FP_ratio,5.0,0.42625155555555555,0.4882026666666667,0.7072617777777778,0.7398497777777777,0.9034511111111111,0.08073073381143717,0.09410783957219834,0.15682716879964892,0.26244311658988806,0.7629074097351702
swiss,PaCMAP,0,n_neighbors,30.0,FP_ratio,1.0,0.5571013333333333,0.46523022222222216,0.19375244444444445,0.005624000000000004,0.6843515555555556,0.10308078952348376,0.08757945738909673,0.058994616154699774,0.05194241799881987,0.13466091086213217
swiss,PaCMAP,0,n_neighbors,30.0,FP_ratio,2.0,0.5507915555555556,0.4675811111111111,0.21635333333333334,0.005097333333333335,0.6479311111111111,0.1026529279455061,0.08802923949007416,0.06070040829404717,0.051937402094394,0.12283002954780792
swiss,PaCMAP,0,n_neighbors,30.0,FP_ratio,5.0,0.5606911111111111,0.4815608888888889,0.36498444444444444,0.40413422222222223,0.8847177777777777,0.1077346648759546,0.09120296229024519,0.07349498635422924,0.0769135457465596,0.29635026753503707
swiss,PaCMAP,0,n_neighbors,40.0,FP_ratio,1.0,0.5717177777777778,0.458558,0.20224444444444445,0.008410222222222222,0.7155951111111113,0.1049987182485067,0.08542612867593927,0.05970505576655779,0.05200065991972567,0.14748676665577828
swiss,PaCMAP,0,n_neighbors,40.0,FP_ratio,2.0,0.5792444444444443,0.4642911111111111,0.18275422222222223,0.008481777777777779,0.6944035555555556,0.10796971137449263,0.08660961863552374,0.0586505777816669,0.052003178734094754,0.13893796831465122
swiss,PaCMAP,0,n_neighbors,40.0,FP_ratio,5.0,0.555064,0.47847266666666666,0.2764062222222222,0.48556311111111117,0.8983577777777778,0.10424002875527617,0.08937111062269879,0.06416841495733346,0.08874778827623486,0.32346662474573473
swiss,PaCMAP,0,n_neighbors,60.0,FP_ratio,1.0,0.5502373333333332,0.4477917777777778,0.18264533333333335,0.007198666666666668,0.6898355555555555,0.09957474950251831,0.08378185689050462,0.059088960895382535,0.05196512133536686,0.13723595539226124
swiss,PaCMAP,0,n_neighbors,60.0,FP_ratio,2.0,0.5597831111111111,0.46217977777777774,0.182136,0.008630666666666665,0.7009644444444445,0.10308752112325632,0.08632308883712625,0.058772702866212306,0.05200461208723358,0.141814327798698
swiss,PaCMAP,0,n_neighbors,60.0,FP_ratio,5.0,0.5237564444444445,0.4741022222222222,0.31708711111111115,0.5959271111111112,0.9190053333333333,0.09637812666293973,0.08937579857207774,0.06779875947491709,0.11109692099987964,0.37079204801264687
swiss,PaCMAP,0,n_neighbors,80.0,FP_ratio,1.0,0.5536791111111111,0.41401177777777776,0.11215733333333333,0.006616888888888891,0.6444857777777778,0.10017148577139671,0.07808151500889626,0.055732139708578564,0.05194720851629942,0.12217661376566369
swiss,PaCMAP,0,n_neighbors,80.0,FP_ratio,2.0,0.5664635555555555,0.4165768888888889,0.1362982222222222,0.007270666666666665,0.6491435555555556,0.10449378831644021,0.07862019448325025,0.05602910035134084,0.05197001034055054,0.12373024650072934
swiss,PaCMAP,0,n_neighbors,80.0,FP_ratio,5.0,0.502643111111111,0.43766555555555553,0.3175044444444445,0.6894724444444444,0.9224151111111111,0.09059965487493486,0.08132560681850542,0.06799707281049945,0.1374015068346438,0.37972502903680905
swiss,PaCMAP,0,n_neighbors,120.0,FP_ratio,1.0,0.307844,0.44230444444444444,0.39907422222222216,0.41217777777777775,0.9805595555555555,0.066487721309345,0.08173362924771291,0.07562751374538895,0.07842267069489028,0.887981608304311
swiss,PaCMAP,0,n_neighbors,120.0,FP_ratio,2.0,0.28763155555555553,0.49272066666666664,0.84782,0.673401111111111,0.8441555555555554,0.0648861947729065,0.09286206921332571,0.44797402707337586,0.24981458505986712,0.7363468088539604
swiss,PaCMAP,0,n_neighbors,120.0,FP_ratio,5.0,0.34746622222222223,0.4506568888888889,0.835512,0.6846995555555555,0.8488964444444445,0.07014000671079697,0.08364775460022127,0.40038415884240297,0.5005378639567903,0.7370536535871628
swiss,PaCMAP,1,n_neighbors,5.0,FP_ratio,1.0,0.5996084444444444,0.42061644444444446,0.17073577777777782,0.23263377777777777,0.7739968888888888,0.1097171011174803,0.0788615893207402,0.05893806264927937,0.06211855972188309,0.17756891270566869
swiss,PaCMAP,1,n_neighbors,5.0,FP_ratio,2.0,0.4990906666666667,0.4010651111111111,0.25284133333333336,0.32947377777777775,0.8430222222222223,0.09006138482630016,0.07645993820014152,0.06404728711424469,0.0691110141031258,0.24257063097742373
swiss,PaCMAP,1,n_neighbors,5.0,FP_ratio,5.0,0.32551288888888885,0.4294097777777778,0.5807002222222222,0.6365724444444445,0.8778804444444445,0.07044435280856969,0.08204988172141121,0.11000802127412687,0.12838975471924322,0.6321345879817305
swiss,PaCMAP,1,n_neighbors,8.0,FP_ratio,1.0,0.4887248888888889,0.4942404444444445,0.17420266666666667,0.34287733333333337,0.8637177777777778,0.08807948865210077,0.09242668484570774,0.05754615520720243,0.07151940128602344,0.2822361449165146
swiss,PaCMAP,1,n_neighbors,8.0,FP_ratio,2.0,0.43873555555555555,0.45352311111111115,0.571204888888889,0.6468097777777778,0.900941777777778,0.08060345575542999,0.08458257870162145,0.11996820134506339,0.1793140394413632,0.6592520524038707
swiss,PaCMAP,1,n_neighbors,8.0,FP_ratio,5.0,0.3926746666666666,0.4538791111111111,0.6143155555555556,0.6781684444444444,0.8003528888888887,0.07504626515640943,0.08515727954551662,0.14396128173848566,0.2499574797176052,0.7371400014594469
swiss,PaCMAP,1,n_neighbors,10.0,FP_ratio,1.0,0.35572933333333334,0.43449288888888893,0.2863948888888889,0.3928333333333333,0.8846875555555557,0.07102355810248184,0.08126700101089726,0.06509084223648517,0.07777541239786145,0.3130127413025596
swiss,PaCMAP,1,n_neighbors,10.0,FP_ratio,2.0,0.3950466666666666,0.4693395555555555,0.19344,0.3366728888888889,0.8512471111111111,0.07538333130090918,0.08790532443622967,0.05875970253492712,0.070099862869873,0.24915817149247463
swiss,PaCMAP,1,n_neighbors,10.0,FP_ratio,5.0,0.42439911111111106,0.4795528888888889,0.5798000000000001,0.7083284444444443,0.8560817777777776,0.08032976864321784,0.09046821467162836,0.12697982189730955,0.45097104569601365,0.7813925318113121
swiss,PaCMAP,1,n_neighbors,15.0,FP_ratio,1.0,0.504987111111111,0.47541066666666665,0.1981088888888889,0.0037057777777777775,0.589828888888889,0.09086263494650107,0.08934479731814496,0.059846707473599756,0.05187685266963606,0.10710846628026408
swiss,PaCMAP,1,n_neighbors,15.0,FP_ratio,2.0,0.41137333333333337,0.5036448888888889,0.33598799999999995,0.40571044444444443,0.8237831111111111,0.08001197699725174,0.09756930236615213,0.06908140169346454,0.07816511742253154,0.2329668590100465
swiss,PaCMAP,1,n_neighbors,15.0,FP_ratio,5.0,0.4137808888888889,0.47346200000000005,0.6620017777777778,0.7506875555555556,0.8373724444444444,0.07805769956183958,0.08947964356743365,0.16715161224912478,0.7297164472917551,0.7514020073106101
swiss,PaCMAP,1,n_neighbors,20.0,FP_ratio,1.0,0.5230186666666666,0.4715571111111111,0.21330844444444444,0.006285333333333337,0.6861333333333333,0.09470373375130574,0.08950452535580197,0.05981310174092492,0.051919663664796376,0.13552734714154627
swiss,PaCMAP,1,n_neighbors,20.0,FP_ratio,2.0,0.6040404444444445,0.48222488888888887,0.3666635555555555,0.5357622222222221,0.8873337777777779,0.12315660562217186,0.09266205460398541,0.07267113900695718,0.09628774117342445,0.29633228142531126
swiss,PaCMAP,1,n_neighbors,20.0,FP_ratio,5.0,0.47130133333333335,0.46871088888888884,0.3319155555555556,0.43924488888888885,0.846775111111111,0.08853889096773036,0.08924507211168245,0.06925776933862944,0.08137617314826373,0.2625442313624514
swiss,PaCMAP,1,n_neighbors,30.0,FP_ratio,1.0,0.5445177777777779,0.4621222222222222,0.2513497777777778,0.012555111111111114,0.7740568888888889,0.10024578798630068,0.08706709916966304,0.06214871315666559,0.052078662439294994,0.18056485197453598
swiss,PaCMAP,1,n_neighbors,30.0,FP_ratio,2.0,0.5498133333333334,0.46715066666666666,0.2738426666666667,0.008508888888888896,0.719227111111111,0.10212061606372053,0.08784624908786723,0.0643827654981329,0.05197809375669735,0.1490536644471258
swiss,PaCMAP,1,n_neighbors,30.0,FP_ratio,5.0,0.48677688888888887,0.4890331111111111,0.22840888888888888,0.43040622222222225,0.8915351111111111,0.09191927280243763,0.09185826981388073,0.061104901435292056,0.07980812096699572,0.30826641821514383
swiss,PaCMAP,1,n_neighbors,40.0,FP_ratio,1.0,0.5737355555555556,0.45984644444444445,0.2521768888888889,0.01124488888888889,0.7615128888888889,0.10573833100899599,0.08536487147511623,0.06250848658515232,0.05205376545862836,0.1716550452864648
swiss,PaCMAP,1,n_neighbors,40.0,FP_ratio,2.0,0.5705724444444444,0.4601922222222222,0.22757066666666667,0.012266222222222227,0.7569364444444444,0.1057391109240606,0.08599762139121775,0.06061974639950104,0.052083203433246995,0.1693065979469594
swiss,PaCMAP,1,n_neighbors,40.0,FP_ratio,5.0,0.5471248888888889,0.4835824444444444,0.30654844444444446,0.4881231111111112,0.8964986666666667,0.10177023814638048,0.09027773931769212,0.06713204787276987,0.0891217338506127,0.31969199021105993
swiss,PaCMAP,1,n_neighbors,60.0,FP_ratio,1.0,0.5537666666666666,0.446852,0.172164,0.008341333333333336,0.7122831111111112,0.10043662756811109,0.08313399204510792,0.05806003941349277,0.0519902716143301,0.14621756394202978
swiss,PaCMAP,1,n_neighbors,60.0,FP_ratio,2.0,0.5534604444444444,0.45616333333333325,0.19582088888888888,0.008782222222222219,0.697928,0.10129036728625018,0.0850419860865519,0.05982507974958834,0.052006504607254436,0.1406475116267648
swiss,PaCMAP,1,n_neighbors,60.0,FP_ratio,5.0,0.5124173333333333,0.47228422222222216,0.2949306666666666,0.6004151111111111,0.9196631111111111,0.09366906114407476,0.08881116701669242,0.0659418934078703,0.11225469383528888,0.37247774019338875
swiss,PaCMAP,1,n_neighbors,80.0,FP_ratio,1.0,0.5465431111111111,0.4112295555555555,0.1545186666666667,0.006811555555555554,0.6480115555555556,0.09885123166673654,0.07771852594393529,0.05816333439769867,0.0519528202117347,0.12326795368700291
swiss,PaCMAP,1,n_neighbors,80.0,FP_ratio,2.0,0.5574004444444444,0.4210711111111112,0.15704755555555555,0.007246666666666665,0.6471302222222222,0.10211371582229349,0.07925001044365922,0.05684415662997714,0.051968287990710293,0.12310419088647948
swiss,PaCMAP,1,n_neighbors,80.0,FP_ratio,5.0,0.4950888888888889,0.43584822222222225,0.29079599999999994,0.6944395555555555,0.9229066666666667,0.08930371419012008,0.08103880615279307,0.06583699115887662,0.13932722907977152,0.3810779599846935
swiss,PaCMAP,1,n_neighbors,120.0,FP_ratio,1.0,0.2994515555555556,0.44511022222222224,0.3641453333333333,0.4154208888888889,0.9817333333333333,0.06570218805324671,0.08212381734689046,0.07202634152238668,0.07886900146684947,0.8960971640043908
swiss,PaCMAP,1,n_neighbors,120.0,FP_ratio,2.0,0.28647377777777777,0.47931955555555555,0.6501828888888889,0.7115515555555556,0.8640715555555556,0.0645400908008749,0.09276935251679527,0.13006384895422624,0.5756546463331292,0.7724596861042541
swiss,PaCMAP,1,n_neighbors,120.0,FP_ratio,5.0,0.3425328888888889,0.4515557777777778,0.8052297777777777,0.6808048888888889,0.8596457777777777,0.06963406700099511,0.08373229956348638,0.4346541882744568,0.5316096205091199,0.7452168407997106
swiss,PaCMAP,2,n_neighbors,5.0,FP_ratio,1.0,0.5371395555555556,0.4644175555555556,0.1861342222222222,0.24351377777777777,0.7860391111111111,0.09682462002671186,0.08651151240431874,0.05890613933275631,0.06245836370759677,0.1897424094301866
swiss,PaCMAP,2,n_neighbors,5.0,FP_ratio,2.0,0.41253911111111113,0.43902533333333327,0.34891222222222223,0.4390933333333333,0.7781337777777778,0.07754781212145175,0.08216726508293663,0.07060952589894084,0.08277570176522336,0.28836235614333294
swiss,PaCMAP,2,n_neighbors,5.0,FP_ratio,5.0,0.2667368888888889,0.44195822222222225,0.6161751111111111,0.6809213333333333,0.829552,0.06452893104243165,0.08381089080073834,0.12582973030982028,0.1469084054265864,0.595057235712766
swiss,PaCMAP,2,n_neighbors,8.0,FP_ratio,1.0,0.525668,0.49066977777777776,0.20573733333333336,0.25652933333333333,0.8146382222222222,0.09629037369871546,0.09350979252305551,0.059281958378828596,0.06381923511052201,0.21817563644370264
swiss,PaCMAP,2,n_neighbors,8.0,FP_ratio,2.0,0.360236,0.459142,0.6380366666666667,0.7285515555555555,0.8147982222222221,0.07127708984130636,0.0862528423301632,0.1327644794305894,0.24400988817755365,0.6576144619658685
swiss,PaCMAP,2,n_neighbors,8.0,FP_ratio,5.0,0.44162533333333326,0.4813995555555555,0.6574615555555555,0.7362137777777777,0.8131168888888889,0.08142542252241632,0.09039465812724479,0.14065300047470508,0.272224705434971,0.7431068573077563
swiss,PaCMAP,2,n_neighbors,10.0,FP_ratio,1.0,0.4587937777777778,0.49033400000000005,0.16250222222222221,0.20562133333333332,0.7584119999999999,0.08510429756096617,0.09697732238551975,0.05777629818080876,0.06064373780115485,0.17007326522990882
swiss,PaCMAP,2,n_neighbors,10.0,FP_ratio,2.0,0.2950408888888889,0.4685988888888889,0.5091853333333333,0.5764457777777776,0.7499231111111111,0.06517598528720421,0.0879609283627559,0.12960396117976372,0.39092636575905954,0.6241770170386639
swiss,PaCMAP,2,n_neighbors,10.0,FP_ratio,5.0,0.4051986666666667,0.44980288888888886,0.6608217777777778,0.8009248888888889,0.8296084444444444,0.07726444539226893,0.08443693217549494,0.14958389106218561,0.6494105956484263,0.7761242013525615
swiss,PaCMAP,2,n_neighbors,15.0,FP_ratio,1.0,0.4874653333333333,0.4818364444444444,0.19853377777777778,0.0028222222222222216,0.5549635555555557,0.08876943491057804,0.09221177882713116,0.05990891238743069,0.05187675159373623,0.09993546138927197
swiss,PaCMAP,2,n_neighbors,15.0,FP_ratio,2.0,0.48288977777777775,0.4987,0.2801471111111111,0.3118408888888889,0.8870262222222223,0.0904774862705939,0.1018533952608333,0.06458912218781551,0.068905705710739,0.37164026636932784
swiss,PaCMAP,2,n_neighbors,15.0,FP_ratio,5.0,0.43965422222222217,0.47727022222222226,0.7056764444444444,0.7680022222222221,0.8201555555555555,0.08135175776883471,0.09033059616430318,0.1700790645555165,0.7026427759562811,0.7467423674048742
swiss,PaCMAP,2,n_neighbors,20.0,FP_ratio,1.0,0.5305986666666667,0.47280333333333335,0.2328848888888889,0.002542666666666667,0.6165853333333333,0.09739421577135957,0.09037045220893401,0.06174006884040882,0.051878027570199096,0.11389176306790574
swiss,PaCMAP,2,n_neighbors,20.0,FP_ratio,2.0,0.4216897777777777,0.48806333333333335,0.4390635555555556,0.6520826666666666,0.9528257777777778,0.07959494596884165,0.09350213786308474,0.08089112749125099,0.1274512011675753,0.4902426360377904
swiss,PaCMAP,2,n_neighbors,20.0,FP_ratio,5.0,0.5120195555555556,0.4836046666666667,0.41699155555555556,0.5044044444444444,0.886324,0.09516985274907998,0.09367933995055308,0.07882157047051111,0.09079032619598139,0.29612661167219234
swiss,PaCMAP,2,n_neighbors,30.0,FP_ratio,1.0,0.5557115555555555,0.4583762222222222,0.21546888888888888,0.005881777777777779,0.6761208888888888,0.10337660633776813,0.08656040442905814,0.06050562017935937,0.051947111105012975,0.13194195803864106
swiss,PaCMAP,2,n_neighbors,30.0,FP_ratio,2.0,0.5526551111111111,0.46288799999999997,0.2554328888888889,0.01333066666666667,0.7645324444444445,0.10316282701607912,0.08744633614751206,0.06268554273436364,0.05209136688579185,0.17479807221640253
swiss,PaCMAP,2,n_neighbors,30.0,FP_ratio,5.0,0.5400555555555555,0.4850442222222222,0.353996,0.43127644444444446,0.8911533333333332,0.10280062324351497,0.09173648380830657,0.07129728038651173,0.08020747321080873,0.3086787645676113
swiss,PaCMAP,2,n_neighbors,40.0,FP_ratio,1.0,0.5785808888888889,0.45746266666666663,0.2046408888888889,0.010220444444444442,0.7448995555555554,0.10701493235852065,0.08528857511092469,0.059251376565992914,0.052033915482536254,0.16204810804425124
swiss,PaCMAP,2,n_neighbors,40.0,FP_ratio,2.0,0.5690151111111111,0.45905555555555555,0.2651604444444444,0.014110222222222224,0.7771546666666665,0.1055737344288572,0.08505114394567007,0.06344854913154452,0.05211929187474982,0.18392772458084214
swiss,PaCMAP,2,n_neighbors,40.0,FP_ratio,5.0,0.5482248888888889,0.4771295555555556,0.29256844444444446,0.485522,0.8972573333333332,0.10266477340013308,0.08876666954880155,0.06564002893705287,0.08877373074182197,0.32123293144190346
swiss,PaCMAP,2,n_neighbors,60.0,FP_ratio,1.0,0.5522777777777778,0.45221711111111107,0.19419244444444445,0.008296888888888888,0.7145866666666667,0.10025174755583319,0.08419844051740769,0.05897226001789165,0.05199110040095314,0.14720083276966303
swiss,PaCMAP,2,n_neighbors,60.0,FP_ratio,2.0,0.553487111111111,0.4556597777777778,0.1981088888888889,0.009433777777777777,0.7147244444444444,0.10157294391301222,0.08460001495993688,0.05970257348747123,0.05202363995177069,0.14763861615002669
swiss,PaCMAP,2,n_neighbors,60.0,FP_ratio,5.0,0.5158617777777778,0.4661413333333333,0.34748355555555555,0.5768351111111111,0.908904,0.09470155469140365,0.08681884206049276,0.07078314857066331,0.10622531785225836,0.3463550611415177
swiss,PaCMAP,2,n_neighbors,80.0,FP_ratio,1.0,0.5467671111111111,0.4087895555555556,0.1440617777777778,0.006732444444444446,0.6477417777777777,0.09899212419652732,0.07756766428752988,0.05744291837151638,0.05195231671334516,0.12320369795051199
swiss,PaCMAP,2,n_neighbors,80.0,FP_ratio,2.0,0.5589386666666667,0.4153011111111111,0.20107066666666668,0.007422222222222224,0.6571319999999998,0.10261223138269372,0.07839557566048555,0.05909091648387157,0.05197564962688866,0.12624402688687325
swiss,PaCMAP,2,n_neighbors,80.0,FP_ratio,5.0,0.4956435555555555,0.4301542222222222,0.2780448888888889,0.6911800000000001,0.9227306666666667,0.08935330166972937,0.0804560293694361,0.06485041654616465,0.13795836876973697,0.38059598558332763
swiss,PaCMAP,2,n_neighbors,120.0,FP_ratio,1.0,0.30927822222222223,0.4426162222222222,0.44202355555555556,0.4162106666666667,0.9810817777777777,0.06653432791845622,0.08190831174117189,0.08219829017058597,0.0789207105194798,0.8910026817430269
swiss,PaCMAP,2,n_neighbors,120.0,FP_ratio,2.0,0.25226577777777776,0.49859933333333334,0.42948133333333327,0.5288377777777779,0.9047475555555555,0.06192759477398699,0.0952311246296774,0.07940473076464231,0.1027530259087214,0.4647968512776594
swiss,PaCMAP,2,n_neighbors,120.0,FP_ratio,5.0,0.34367111111111115,0.45371577777777783,0.8283688888888889,0.6794619999999998,0.8493457777777778,0.06972151839776976,0.08406141002346132,0.3648080150852961,0.4896654743433608,0.733746207028893
swiss,PaCMAP,3,n_neighbors,5.0,FP_ratio,1.0,0.6277977777777778,0.47119711111111107,0.23747733333333332,0.315208,0.838420888888889,0.11648570274080527,0.08839882812610131,0.061405332918458504,0.06791865675826124,0.2456127003353411
swiss,PaCMAP,3,n_neighbors,5.0,FP_ratio,2.0,0.5451942222222222,0.4429633333333334,0.2686184444444444,0.38926133333333335,0.8662013333333334,0.09873301593338549,0.08279014934694615,0.06338371728479233,0.07467048753100473,0.2774269576954196
swiss,PaCMAP,3,n_neighbors,5.0,FP_ratio,5.0,0.3652711111111111,0.4498242222222222,0.6333924444444444,0.6632022222222222,0.8720426666666666,0.0747394313867236,0.08480603902536374,0.1439519714100554,0.17539469446270886,0.7458307670115893
swiss,PaCMAP,3,n_neighbors,8.0,FP_ratio,1.0,0.5625315555555556,0.502572,0.2687248888888889,0.34173733333333334,0.8769768888888889,0.10595908285324804,0.09409358456386221,0.06338816676399611,0.07064242222664076,0.3058986507710222
swiss,PaCMAP,3,n_neighbors,8.0,FP_ratio,2.0,0.46741733333333335,0.45450644444444444,0.6563106666666667,0.7001497777777779,0.8343066666666668,0.08514149730535082,0.08522246271597847,0.1296204484791831,0.1915374417888533,0.684620405971415
swiss,PaCMAP,3,n_neighbors,8.0,FP_ratio,5.0,0.353996,0.46682333333333326,0.6434548888888889,0.7432915555555557,0.8450822222222222,0.07116254857755897,0.08650319291951038,0.1390614069349099,0.30381354029387087,0.7613447169242342
swiss,PaCMAP,3,n_neighbors,10.0,FP_ratio,1.0,0.33552133333333334,0.5102802222222222,0.11106977777777777,0.333508,0.832652,0.06901426719513722,0.09828363171953744,0.055311269320197004,0.07197620701213472,0.22878076438134098
swiss,PaCMAP,3,n_neighbors,10.0,FP_ratio,2.0,0.38391333333333333,0.4820773333333333,0.2903491111111111,0.45482733333333336,0.9037662222222222,0.07405398120886315,0.09008975366249869,0.06481354952192553,0.0831325585600674,0.36561045151528787
swiss,PaCMAP,3,n_neighbors,10.0,FP_ratio,5.0,0.45070755555555564,0.462052,0.6896022222222221,0.7755719999999999,0.8358928888888888,0.08472885405933796,0.08684185543776132,0.15997072529373163,0.5915738195925915,0.7717025151778802
swiss,PaCMAP,3,n_neighbors,15.0,FP_ratio,1.0,0.3992582222222222,0.508170888888889,0.2241848888888889,0.23617688888888888,0.719388,0.08434065254714279,0.10747863581859782,0.060314296272134096,0.06263841690245159,0.15168878937974026
swiss,PaCMAP,3,n_neighbors,15.0,FP_ratio,2.0,0.46773333333333333,0.5075153333333333,0.36412088888888894,0.4011777777777778,0.895936,0.0892130144970964,0.10258053957281796,0.07247614166895543,0.07782948057617377,0.44789143660190484
swiss,PaCMAP,3,n_neighbors,15.0,FP_ratio,5.0,0.44421466666666665,0.48924866666666667,0.6189426666666666,0.7044257777777777,0.8509377777777777,0.0830027588129481,0.09403391359468455,0.12909429717085208,0.3005706269278205,0.6936739817446794
swiss,PaCMAP,3,n_neighbors,20.0,FP_ratio,1.0,0.5106195555555555,0.48203,0.23683022222222222,0.006220000000000002,0.67938,0.09291616020324037,0.09119960023945507,0.06162898606186027,0.051913495044618445,0.13299043362419177
swiss,PaCMAP,3,n_neighbors,20.0,FP_ratio,2.0,0.4373746666666667,0.5186604444444444,0.46502044444444446,0.5923715555555555,0.9058871111111111,0.08258463494622109,0.10509255169873835,0.08449625378687325,0.10773529510388796,0.3370602271365778
swiss,PaCMAP,3,n_neighbors,20.0,FP_ratio,5.0,0.492568,0.47843155555555555,0.5063013333333334,0.6561697777777777,0.9382622222222221,0.09223301122916736,0.09326184208147827,0.0909549144684538,0.12498072466854893,0.44890765636849134
swiss,PaCMAP,3,n_neighbors,30.0,FP_ratio,1.0,0.540348,0.47240933333333335,0.2768808888888889,0.01371066666666667,0.7837737777777778,0.09984890334445685,0.08834834491365393,0.06379585895245418,0.05210596288697591,0.19015584490149515
swiss,PaCMAP,3,n_neighbors,30.0,FP_ratio,2.0,0.4277742222222222,0.5067888888888888,0.5698106666666667,0.8511911111111111,0.9561297777777777,0.08001804197555132,0.09663762430796033,0.10343868566041417,0.25582699040167534,0.5001335184563512
swiss,PaCMAP,3,n_neighbors,30.0,FP_ratio,5.0,0.5517684444444444,0.4898826666666667,0.4077231111111111,0.4655328888888889,0.8954528888888889,0.10546979419313406,0.09366909874360446,0.07795820743204408,0.0847596217961415,0.31690602478269586
swiss,PaCMAP,3,n_neighbors,40.0,FP_ratio,1.0,0.564632,0.4698813333333333,0.27443022222222224,0.01357244444444445,0.7921444444444445,0.1036210293069493,0.08686983448409917,0.06372646661438439,0.052106194902174996,0.19538820070523213
swiss,PaCMAP,3,n_neighbors,40.0,FP_ratio,2.0,0.5800671111111111,0.46847955555555554,0.26321955555555554,0.015337333333333342,0.7910026666666666,0.10789406578790384,0.08764607962271719,0.06314144652808712,0.052151450394042995,0.19602237139622686
swiss,PaCMAP,3,n_neighbors,40.0,FP_ratio,5.0,0.57294,0.4835924444444445,0.43516888888888894,0.5718466666666666,0.9013151111111112,0.108901869567711,0.09027991825015264,0.0809996657722698,0.10417438550925628,0.32733305663823387
swiss,PaCMAP,3,n_neighbors,60.0,FP_ratio,1.0,0.5559284444444444,0.45485,0.2018528888888889,0.00834711111111111,0.7201755555555556,0.1010267863822332,0.0848828614017889,0.05917682987591156,0.05199739784510983,0.14960893241597736
swiss,PaCMAP,3,n_neighbors,60.0,FP_ratio,2.0,0.5558511111111111,0.4621395555555555,0.225608,0.010357333333333333,0.7342955555555555,0.10194175457798627,0.08639070843800703,0.06104037909061112,0.052045964860371184,0.1566271519709903
swiss,PaCMAP,3,n_neighbors,60.0,FP_ratio,5.0,0.5267297777777777,0.48442844444444444,0.35690444444444447,0.5662062222222223,0.9073662222222223,0.09721829519977068,0.09184526647246172,0.0716730486447177,0.10378012027021083,0.3428946706721169
swiss,PaCMAP,3,n_neighbors,80.0,FP_ratio,1.0,0.5571813333333333,0.41603755555555555,0.17354044444444444,0.006975999999999998,0.6597853333333334,0.10114860708249737,0.07846972430422397,0.05912667750204523,0.05196214555068058,0.126989267502215
swiss,PaCMAP,3,n_neighbors,80.0,FP_ratio,2.0,0.3844293333333333,0.44618111111111114,0.35296,0.012974666666666669,0.7722742222222222,0.07388539346233362,0.08333465411621045,0.07274815757581918,0.052089386503679246,0.17616255693056845
swiss,PaCMAP,3,n_neighbors,80.0,FP_ratio,5.0,0.4959031111111112,0.4459491111111111,0.30600400000000005,0.6930097777777777,0.9229426666666667,0.08944424041160287,0.08300466392725243,0.06711646863670068,0.13874437335514617,0.3811756102917616
swiss,PaCMAP,3,n_neighbors,120.0,FP_ratio,1.0,0.305676,0.4393075555555556,0.41631911111111114,0.41781622222222226,0.981884,0.0661398854896528,0.08120296454895959,0.07889585381578575,0.07908836049570228,0.8957587986547279
swiss,PaCMAP,3,n_neighbors,120.0,FP_ratio,2.0,0.2617297777777778,0.49860666666666664,0.5476662222222222,0.5400351111111111,0.8983973333333333,0.06264486935216937,0.09480817264884381,0.09994261126556561,0.10554669555088661,0.46955207380935626
swiss,PaCMAP,3,n_neighbors,120.0,FP_ratio,5.0,0.34069555555555553,0.46123622222222227,0.8108822222222223,0.6890417777777778,0.8582964444444444,0.06947513744148205,0.08559160044386266,0.4206910869839081,0.5846445505580423,0.7475446631326157
swiss,PaCMAP,4,n_neighbors,5.0,FP_ratio,1.0,0.6067293333333335,0.44077422222222223,0.2735613333333333,0.34119955555555553,0.8266506666666666,0.11403548581756238,0.08193001531861832,0.0642123649291283,0.07060982866410946,0.23152785535257664
swiss,PaCMAP,4,n_neighbors,5.0,FP_ratio,2.0,0.5614302222222223,0.44995444444444443,0.33926133333333336,0.4314613333333333,0.8748266666666666,0.10090380423698135,0.08405551643060924,0.06966540003380561,0.07955938782829743,0.3009519112509724
swiss,PaCMAP,4,n_neighbors,5.0,FP_ratio,5.0,0.32956088888888885,0.449982,0.5759933333333334,0.6048817777777777,0.8366444444444444,0.06851614668101962,0.08532577910803563,0.11431774964525131,0.12761553397865077,0.6630487288731558
swiss,PaCMAP,4,n_neighbors,8.0,FP_ratio,1.0,0.5713817777777778,0.4517668888888889,0.14833866666666667,0.19960311111111112,0.7967964444444444,0.10434556289096189,0.0839838581560871,0.05713423721553629,0.05992453922808505,0.19459502007728896
swiss,PaCMAP,4,n_neighbors,8.0,FP_ratio,2.0,0.48460400000000003,0.4620293333333334,0.5982804444444444,0.6430088888888889,0.8218453333333333,0.08831063549291082,0.08528361789758535,0.11849749798736295,0.15590835590236263,0.6384964215522412
swiss,PaCMAP,4,n_neighbors,8.0,FP_ratio,5.0,0.3146893333333334,0.46483844444444444,0.6347417777777777,0.7277124444444444,0.8400204444444443,0.06755562397196141,0.08617219118837494,0.1386942077672143,0.26019929875506476,0.77262291601576
swiss,PaCMAP,4,n_neighbors,10.0,FP_ratio,1.0,0.3655764444444445,0.44316622222222224,0.31815333333333334,0.3807488888888889,0.9030453333333334,0.07182880298747449,0.08384433164591219,0.06744455699054391,0.07768797937248303,0.3390151765293038
swiss,PaCMAP,4,n_neighbors,10.0,FP_ratio,2.0,0.38563288888888897,0.5270457777777777,0.4955924444444445,0.44247311111111115,0.7637813333333333,0.07458497693466491,0.1032748251301143,0.0963963622878161,0.0891434089893328,0.5663552679758496
swiss,PaCMAP,4,n_neighbors,10.0,FP_ratio,5.0,0.4613413333333333,0.48827600000000004,0.6137213333333333,0.7622422222222223,0.8513502222222222,0.08812353154569014,0.09093061235334526,0.13823741661781155,0.5792372335933359,0.7803720026901189
swiss,PaCMAP,4,n_neighbors,15.0,FP_ratio,1.0,0.41022044444444444,0.4842248888888889,0.08616711111111111,0.07204266666666667,0.7007093333333332,0.0770430640450403,0.09213845262644682,0.05409760798349511,0.054225378979390386,0.1420977254100925
swiss,PaCMAP,4,n_neighbors,15.0,FP_ratio,2.0,0.5240226666666666,0.4655348888888889,0.4285164444444444,0.543364,0.8941728888888889,0.09766773436135329,0.08708037307689703,0.07979397367191941,0.09811750341964559,0.3196874603856582
swiss,PaCMAP,4,n_neighbors,15.0,FP_ratio,5.0,0.47568622222222223,0.48474066666666665,0.6781164444444444,0.7436355555555557,0.8242093333333333,0.08757100770533627,0.08962393910652156,0.17284349694349346,0.7073030608110038,0.7485911899219663
swiss,PaCMAP,4,n_neighbors,20.0,FP_ratio,1.0,0.5507573333333333,0.46984044444444445,0.2398773333333333,0.00537777777777778,0.6735244444444444,0.10137470384655502,0.09003330202175129,0.061503989276518796,0.05190330104378047,0.1310285637234117
swiss,PaCMAP,4,n_neighbors,20.0,FP_ratio,2.0,0.47025999999999996,0.4766246666666667,0.49452799999999997,0.6638422222222222,0.9326346666666667,0.08664995534138348,0.08944634350352931,0.08865338025527314,0.12765679358620802,0.4291693701947815
swiss,PaCMAP,4,n_neighbors,20.0,FP_ratio,5.0,0.5609173333333333,0.4798515555555556,0.327156,0.3783333333333333,0.8680506666666666,0.10737457382391907,0.09105113780180492,0.06921127859802925,0.07423712255840173,0.26791508809631187
swiss,PaCMAP,4,n_neighbors,30.0,FP_ratio,1.0,0.5730106666666667,0.4655077777777778,0.2833688888888889,0.010372000000000003,0.7544293333333334,0.10713058113300608,0.08712626546270148,0.06448415824644418,0.05202253532644179,0.1674195404304975
swiss,PaCMAP,4,n_neighbors,30.0,FP_ratio,2.0,0.577064,0.46980644444444447,0.24919999999999998,0.008453333333333342,0.7145235555555556,0.10949777337984454,0.08811425719406658,0.06218622601670466,0.051995123795677015,0.14698035726837372
swiss,PaCMAP,4,n_neighbors,30.0,FP_ratio,5.0,0.555472,0.4887444444444445,0.34080444444444447,0.4284826666666667,0.8859884444444445,0.10599528172292,0.09224452337329228,0.0703794927464036,0.07995356274241781,0.29941617747421356
swiss,PaCMAP,4,n_neighbors,40.0,FP_ratio,1.0,0.5956266666666666,0.4594666666666667,0.25460444444444447,0.01058622222222223,0.7514982222222222,0.11142121074928504,0.08507893686101528,0.06247953436386973,0.05203765227452073,0.16566843920066826
swiss,PaCMAP,4,n_neighbors,40.0,FP_ratio,2.0,0.5976951111111112,0.4634944444444444,0.258908,0.011956888888888894,0.756392,0.11337839209218753,0.08604053100179163,0.06295151958441114,0.05207515235077788,0.16962642422040622
swiss,PaCMAP,4,n_neighbors,40.0,FP_ratio,5.0,0.5613773333333333,0.48449000000000003,0.3466053333333333,0.5059440000000001,0.8975226666666667,0.10582438752691176,0.09086887598998972,0.0710794099883628,0.09221545210619278,0.32183551324291587
swiss,PaCMAP,4,n_neighbors,60.0,FP_ratio,1.0,0.568876888888889,0.452724,0.17750711111111112,0.007767111111111112,0.6991684444444445,0.10404998073321256,0.08425990252549329,0.05815042878514333,0.05197814735967427,0.1408526182428813
swiss,PaCMAP,4,n_neighbors,60.0,FP_ratio,2.0,0.5712004444444444,0.46359266666666665,0.2101911111111111,0.008997777777777776,0.7070933333333334,0.1057027996723556,0.08621636235403274,0.06056728257918772,0.05201411290544411,0.14441156227776716
swiss,PaCMAP,4,n_neighbors,60.0,FP_ratio,5.0,0.5322973333333334,0.4755642222222222,0.33369822222222223,0.5484633333333333,0.9027413333333333,0.09831967173707282,0.08901623411919943,0.06959389921388108,0.09994323927712392,0.3330891570488534
swiss,PaCMAP,4,n_neighbors,80.0,FP_ratio,1.0,0.5664337777777777,0.4134066666666667,0.1374431111111111,0.006683111111111114,0.6473146666666667,0.10335847552250768,0.07810138916606191,0.05723129485274932,0.05195130849323485,0.12311192601344292
swiss,PaCMAP,4,n_neighbors,80.0,FP_ratio,2.0,0.39364,0.4343935555555556,0.34401688888888887,0.01211866666666667,0.7658297777777777,0.07495637000171973,0.08087452901029847,0.07258706161766929,0.05205347912961302,0.1724262549638301
swiss,PaCMAP,4,n_neighbors,80.0,FP_ratio,5.0,0.5014022222222222,0.43626044444444445,0.244672,0.6368288888888889,0.9224408888888889,0.09069984299143913,0.08086730476109907,0.06206670122338527,0.12068051533010235,0.37977444713594355
swiss,PaCMAP,4,n_neighbors,120.0,FP_ratio,1.0,0.31419155555555556,0.4390368888888889,0.3617404444444444,0.4144593333333333,0.9807711111111111,0.06713658724875148,0.08119786197344489,0.07164453928469072,0.0787060969766196,0.8912655127513534
swiss,PaCMAP,4,n_neighbors,120.0,FP_ratio,2.0,0.2947488888888889,0.481456,0.79104,0.5961831111111111,0.8341919999999999,0.06534198193275782,0.0915702333282562,0.232914600042548,0.136877873426574,0.5282750270786584
swiss,PaCMAP,4,n_neighbors,120.0,FP_ratio,5.0,0.34754711111111114,0.45423844444444444,0.8450635555555557,0.6816933333333333,0.8565751111111111,0.07016595414445567,0.08433093213301363,0.40267073666371017,0.500963455666076,0.7434852731098776
swiss,TriMap,0,n_inliers,5.0,n_outliers,2.0,0.42997244444444443,0.5450313333333333,0.4298713333333334,0.40671999999999997,0.46388755555555555,0.08559454010638612,0.12050353808684319,0.08164677355491087,0.07757594234903203,0.08562591261446117
swiss,TriMap,0,n_inliers,5.0,n_outliers,5.0,0.40749911111111115,0.4950082222222222,0.40780466666666665,0.40389777777777774,0.5520542222222222,0.08208076261099759,0.10382736914756914,0.07747836437267189,0.07679925105526962,0.10222702680798659
swiss,TriMap,0,n_inliers,5.0,n_outliers,10.0,0.4042346666666667,0.5038082222222222,0.4195853333333333,0.33958,0.5551986666666667,0.08082333577919804,0.10523399260929812,0.08102831889716497,0.06984452677224864,0.10184920217739794
swiss,TriMap,0,n_inliers,8.0,n_outliers,2.0,0.4296226666666667,0.5314764444444444,0.4329624444444444,0.3880331111111111,0.5601755555555555,0.08075782801375649,0.12871504978858733,0.0804614858418245,0.07446813296405758,0.10363256921695019
swiss,TriMap,0,n_inliers,8.0,n_outliers,5.0,0.4369311111111111,0.5351855555555555,0.42984044444444447,0.37327955555555553,0.45195644444444444,0.08695870284604561,0.12188427544783965,0.08134573523669533,0.07350985573423892,0.08306070641010836
swiss,TriMap,0,n_inliers,8.0,n_outliers,10.0,0.44508533333333333,0.5647555555555555,0.436676,0.3629886666666667,0.5402177777777778,0.08915572514566564,0.13020292956917814,0.08404557436537888,0.07247408701798863,0.09964556110353676
swiss,TriMap,0,n_inliers,10.0,n_outliers,2.0,0.4532253333333333,0.5461473333333333,0.44846288888888886,0.44762088888888896,0.5606066666666667,0.08626252423933392,0.12393177797661319,0.08369254221816166,0.0825447497246541,0.10427103340099747
swiss,TriMap,0,n_inliers,10.0,n_outliers,5.0,0.4341426666666667,0.5252902222222222,0.43145177777777777,0.35492666666666667,0.4548711111111111,0.0858500653132587,0.11277322189381167,0.0829932561691615,0.07144806942889971,0.08356221861084628
swiss,TriMap,0,n_inliers,10.0,n_outliers,10.0,0.4331653333333333,0.557998,0.4264024444444444,0.340232,0.5645751111111111,0.08860955176848576,0.14749987860781738,0.08110317137544135,0.06994214760159234,0.10500320969923035
swiss,TriMap,0,n_inliers,15.0,n_outliers,2.0,0.40831911111111113,0.5175011111111112,0.40723733333333334,0.3699786666666667,0.5633848888888888,0.08212816106728597,0.11315280311111423,0.07805147893008359,0.07286580505605499,0.10326749525924464
swiss,TriMap,0,n_inliers,15.0,n_outliers,5.0,0.43549822222222223,0.5239457777777778,0.4398646666666667,0.37033555555555553,0.5494573333333334,0.08590252681209976,0.1187309403435357,0.08409335324934203,0.07327002612375422,0.10308218573740832
swiss,TriMap,0,n_inliers,15.0,n_outliers,10.0,0.4444297777777778,0.558362,0.44102422222222226,0.3483386666666667,0.5776626666666667,0.0876700988787243,0.1409470433629043,0.0834031335875293,0.07053311024131426,0.10851333278767535
swiss,TriMap,0,n_inliers,20.0,n_outliers,2.0,0.4291568888888889,0.54505,0.43082333333333334,0.3634733333333333,0.5428200000000001,0.08705814240493111,0.1286524024744577,0.08193246858266544,0.07249591671807556,0.09978146317825451
swiss,TriMap,0,n_inliers,20.0,n_outliers,5.0,0.43426888888888887,0.5434586666666666,0.4250948888888889,0.32264933333333334,0.5732657777777778,0.08261891446820852,0.11843186393712078,0.08008495266644686,0.06810613266281293,0.10576312811428996
swiss,TriMap,0,n_inliers,20.0,n_outliers,10.0,0.4384995555555556,0.6014602222222222,0.4248815555555556,0.31750222222222224,0.5644862222222222,0.090786721548685,0.15488771635332046,0.08453008385900132,0.06731593871700667,0.1069004006224577
swiss,TriMap,0,n_inliers,30.0,n_outliers,2.0,0.40269466666666665,0.5151993333333333,0.3996326666666667,0.3416888888888889,0.5386520000000001,0.0819040123461337,0.11370548224167086,0.07676095861358209,0.06982266525984977,0.09828304186727102
swiss,TriMap,0,n_inliers,30.0,n_outliers,5.0,0.4209017777777777,0.540036,0.41560822222222227,0.32411733333333337,0.5528755555555555,0.08545465604563035,0.13274384653804655,0.07898194874410072,0.06789805397120617,0.10135811572226167
swiss,TriMap,0,n_inliers,30.0,n_outliers,10.0,0.4892417777777778,0.604474,0.4785304444444445,0.34478444444444445,0.5587137777777778,0.11559758048290011,0.15164104680334947,0.10073796479947011,0.07041445731489196,0.10571437639005711
swiss,TriMap,0,n_inliers,40.0,n_outliers,2.0,0.4467444444444445,0.5557497777777778,0.4415688888888889,0.3709057777777778,0.5614066666666666,0.09473512655756448,0.13196515682577234,0.08602957537275202,0.07370698238604599,0.10457169393199853
swiss,TriMap,0,n_inliers,40.0,n_outliers,5.0,0.43247777777777774,0.58163,0.41721044444444444,0.30535822222222225,0.5554715555555555,0.08446470955398688,0.14035750251993573,0.07901440211025693,0.0661755385715353,0.10187490973131272
swiss,TriMap,0,n_inliers,40.0,n_outliers,10.0,0.4751271111111111,0.6130242222222222,0.47106844444444446,0.30233377777777776,0.5743062222222223,0.10865092930088664,0.16375985421757322,0.09544085578439168,0.06583594522212649,0.10753961311208272
swiss,TriMap,0,n_inliers,60.0,n_outliers,2.0,0.459412,0.5556895555555557,0.4498251111111111,0.37822622222222224,0.5438471111111112,0.0878339707757465,0.13219807372394565,0.08403695425635628,0.07381209256342962,0.10105343685361336
swiss,TriMap,0,n_inliers,60.0,n_outliers,5.0,0.449456,0.5813726666666666,0.4376433333333333,0.30876933333333334,0.5798204444444444,0.09128649220498292,0.14622355629028466,0.0837822281515983,0.06643144617830411,0.10809269277254857
swiss,TriMap,0,n_inliers,60.0,n_outliers,10.0,0.5906497777777777,0.5990566666666667,0.583388888888889,0.3076844444444444,0.597352,0.14303728521152395,0.16022649670022598,0.13058148595282076,0.06644988541436891,0.11442316021105843
swiss,TriMap,0,n_inliers,80.0,n_outliers,2.0,0.4270155555555556,0.5852637777777778,0.4229435555555555,0.3126108888888889,0.5472102222222223,0.08887864363367746,0.15401055638801678,0.08100944207769689,0.06698299284186139,0.10111301222177384
swiss,TriMap,0,n_inliers,80.0,n_outliers,5.0,0.46412577777777775,0.6011202222222223,0.4595022222222222,0.2794213333333333,0.5914786666666667,0.09459324964841692,0.15423032620622482,0.08689192296882665,0.06399861681532584,0.10973320505220337
swiss,TriMap,0,n_inliers,80.0,n_outliers,10.0,0.673960888888889,0.6033617777777778,0.6714086666666668,0.3556515555555555,0.6142777777777778,0.1997649091332856,0.15442573121966743,0.19360577787761568,0.07114839258273656,0.12774751721433852
swiss,TriMap,0,n_inliers,120.0,n_outliers,2.0,0.42054355555555556,0.5556268888888889,0.4226157777777778,0.3272302222222222,0.5594244444444445,0.08637178971224078,0.14334277838746148,0.08147971357670857,0.06816872465749317,0.10326551996721052
swiss,TriMap,0,n_inliers,120.0,n_outliers,5.0,0.6062111111111111,0.5964068888888889,0.604735111111111,0.3296808888888889,0.5911031111111111,0.157927096557331,0.16854136679250387,0.13978150342311885,0.06848819871448072,0.11373409727539352
swiss,TriMap,0,n_inliers,120.0,n_outliers,10.0,0.7936799999999999,0.5738051111111111,0.7864422222222224,0.4068882222222222,0.6401413333333333,0.33531632925027083,0.14831472255305317,0.35775413533804556,0.07720952949998976,0.1547151993699313
swiss,TriMap,1,n_inliers,5.0,n_outliers,2.0,0.44766400000000006,0.5401766666666667,0.44040466666666667,0.4325791111111111,0.5660835555555555,0.09186147957672564,0.11931109988802016,0.08495238714518152,0.0821281093986963,0.10683241891416881
swiss,TriMap,1,n_inliers,5.0,n_outliers,5.0,0.42620088888888885,0.5495588888888889,0.4200986666666666,0.38909244444444446,0.5730453333333333,0.08207354426064048,0.12108982260038754,0.07985535202622629,0.07490166239327449,0.10583922656753098
swiss,TriMap,1,n_inliers,5.0,n_outliers,10.0,0.44471822222222224,0.5468457777777778,0.43483511111111117,0.38019866666666663,0.5538626666666667,0.08589887243902844,0.12430526730599818,0.08222380444950948,0.07439590032843253,0.10246179103799094
swiss,TriMap,1,n_inliers,8.0,n_outliers,2.0,0.4269937777777778,0.5203793333333333,0.4189124444444444,0.41772933333333334,0.5486248888888888,0.08118065352308909,0.10954047045357082,0.07883732597000961,0.07833764837059738,0.10173753486955492
swiss,TriMap,1,n_inliers,8.0,n_outliers,5.0,0.4323457777777778,0.5177708888888889,0.41619022222222224,0.3665964444444444,0.5667048888888888,0.0848460804359044,0.11886669700842167,0.07950882362478105,0.07273647684170116,0.10471323584757543
swiss,TriMap,1,n_inliers,8.0,n_outliers,10.0,0.44400400000000007,0.5527851111111111,0.4398513333333333,0.3709904444444444,0.5779395555555555,0.09345482728500656,0.13306333249466434,0.08424122401144346,0.07363454084245305,0.10817357886362994
swiss,TriMap,1,n_inliers,10.0,n_outliers,2.0,0.4245168888888889,0.529681111111111,0.4232422222222222,0.3827866666666667,0.4686857777777778,0.08572391849369743,0.11690995500600318,0.08058306589502656,0.07465991599060126,0.08563423726401986
swiss,TriMap,1,n_inliers,10.0,n_outliers,5.0,0.4516177777777778,0.5563846666666667,0.441204,0.34316755555555556,0.5762115555555556,0.08573297055449361,0.1307214649092576,0.08216827464400822,0.07011331992650967,0.10714990594824829
swiss,TriMap,1,n_inliers,10.0,n_outliers,10.0,0.41598444444444443,0.5369006666666667,0.4088128888888889,0.34266444444444444,0.5441066666666666,0.08442725943943688,0.12419209030357287,0.07865836281091358,0.07006362738064582,0.0998704022591123
swiss,TriMap,1,n_inliers,15.0,n_outliers,2.0,0.44554177777777776,0.5662182222222222,0.4322462222222222,0.409616,0.4737902222222223,0.08767001587300453,0.13872301261607062,0.0832185708623984,0.07818362070381593,0.08797000530048633
swiss,TriMap,1,n_inliers,15.0,n_outliers,5.0,0.45040577777777774,0.5523344444444445,0.4383302222222222,0.3787528888888888,0.5301733333333333,0.08702331983242981,0.14310631958234898,0.08283112804637546,0.0740670008742675,0.09770586329572906
swiss,TriMap,1,n_inliers,15.0,n_outliers,10.0,0.4199622222222222,0.5383966666666666,0.4181366666666667,0.340282,0.5531831111111111,0.08384360409504299,0.14085468215871907,0.07966650956333526,0.0695553039812099,0.10183832758550988
swiss,TriMap,1,n_inliers,20.0,n_outliers,2.0,0.4599062222222222,0.5533513333333333,0.4503062222222222,0.39980977777777776,0.57,0.09008716245327224,0.1265577224387575,0.0855299834751286,0.07704662564375872,0.10717082818948684
swiss,TriMap,1,n_inliers,20.0,n_outliers,5.0,0.42202666666666666,0.5317162222222223,0.42374755555555554,0.342348,0.5409466666666667,0.08567308939179531,0.12816287914853078,0.08221442203237136,0.06993389219045712,0.10022248281750601
swiss,TriMap,1,n_inliers,20.0,n_outliers,10.0,0.45532711111111107,0.5503786666666667,0.4495877777777778,0.35974666666666666,0.5661884444444444,0.09585460967870021,0.13239893707704076,0.08814959717633167,0.07196065630550781,0.10593483594947223
swiss,TriMap,1,n_inliers,30.0,n_outliers,2.0,0.4584808888888889,0.5681915555555556,0.4454613333333334,0.3903844444444445,0.5626484444444444,0.09798278832224107,0.13163578495483436,0.0870972358415347,0.07636217496643466,0.10522645592067892
swiss,TriMap,1,n_inliers,30.0,n_outliers,5.0,0.44495155555555554,0.5576746666666667,0.4352166666666667,0.3427633333333333,0.5628755555555556,0.09019743619197845,0.14129621165048842,0.08182168851792028,0.06986296809723926,0.1044749572605902
swiss,TriMap,1,n_inliers,30.0,n_outliers,10.0,0.48354177777777785,0.5840106666666667,0.474996,0.3046973333333334,0.5710791111111111,0.09560462151664433,0.13009680265572332,0.09049207589631723,0.0661682416679143,0.10719766286115326
swiss,TriMap,1,n_inliers,40.0,n_outliers,2.0,0.415164,0.5027228888888888,0.41188377777777774,0.34124666666666664,0.5449702222222222,0.09029631352015993,0.12280239266382731,0.0815391754243589,0.07026230671924995,0.10047865432710668
swiss,TriMap,1,n_inliers,40.0,n_outliers,5.0,0.4359648888888889,0.5671315555555556,0.43060977777777776,0.3333406666666667,0.5591862222222223,0.09367265051924806,0.13237639353042224,0.08451699927994338,0.06885939624775513,0.10547192935538807
swiss,TriMap,1,n_inliers,40.0,n_outliers,10.0,0.5093764444444444,0.6068788888888889,0.5056971111111112,0.3062195555555556,0.5776155555555555,0.11126218089187166,0.1559281635286775,0.10062307575995005,0.06627451214884911,0.10722537024148401
swiss,TriMap,1,n_inliers,60.0,n_outliers,2.0,0.4595444444444445,0.5689217777777777,0.43963377777777773,0.332854,0.46023155555555556,0.08543915206755431,0.13589705643394867,0.08206550628905668,0.06911955767273581,0.08414543175599976
swiss,TriMap,1,n_inliers,60.0,n_outliers,5.0,0.4698653333333334,0.5869944444444445,0.45578644444444444,0.3349942222222222,0.5664897777777778,0.10448728056399546,0.1534103026141852,0.09045455612349247,0.06910660921139933,0.10551219210066956
swiss,TriMap,1,n_inliers,60.0,n_outliers,10.0,0.5908582222222223,0.6331224444444445,0.5897086666666668,0.3041106666666667,0.5865924444444444,0.15297559464454963,0.17958148257090129,0.1345620383664919,0.0661004725807466,0.11050908674679324
swiss,TriMap,1,n_inliers,80.0,n_outliers,2.0,0.42300444444444446,0.5213124444444445,0.42716466666666664,0.2970777777777778,0.5659235555555555,0.0892210712962292,0.1194560875428605,0.08167233491508741,0.06547670549109515,0.10439917537694512
swiss,TriMap,1,n_inliers,80.0,n_outliers,5.0,0.48701466666666665,0.6099028888888889,0.47774377777777777,0.3214488888888889,0.5669671111111111,0.1080416994122994,0.16549556138149052,0.09506600568168001,0.06757205230169938,0.10463397823719965
swiss,TriMap,1,n_inliers,80.0,n_outliers,10.0,0.6607297777777779,0.6078,0.6539195555555555,0.3365191111111111,0.6143364444444445,0.20405875258739659,0.15731279124667055,0.1780141849226442,0.06921359132127809,0.1255004959048161
swiss,TriMap,1,n_inliers,120.0,n_outliers,2.0,0.4361582222222222,0.5945755555555555,0.43550333333333335,0.29690911111111107,0.5662146666666668,0.08824430135292399,0.13700049125492533,0.08381279968488864,0.06546310039038097,0.10434998875088217
swiss,TriMap,1,n_inliers,120.0,n_outliers,5.0,0.578516888888889,0.6620277777777779,0.5672655555555555,0.31683866666666666,0.5882231111111111,0.16114983568627061,0.17638299446677358,0.13463618694407276,0.06722430606362316,0.11337283830108336
swiss,TriMap,1,n_inliers,120.0,n_outliers,10.0,0.8032964444444444,0.5841371111111111,0.7871195555555554,0.3905231111111111,0.6323186666666667,0.34154247967076184,0.1426348723575021,0.34642806569564355,0.0752003745864315,0.15319180555716116
swiss,TriMap,2,n_inliers,5.0,n_outliers,2.0,0.4225133333333333,0.5085737777777777,0.42476644444444445,0.40894222222222226,0.5732862222222223,0.08362417047930659,0.11274855999181752,0.07984296770975467,0.07811521376275063,0.10696959830312731
swiss,TriMap,2,n_inliers,5.0,n_outliers,5.0,0.44007066666666667,0.5336166666666666,0.4340308888888889,0.41145333333333334,0.5644608888888889,0.08533388751456222,0.12872279049840832,0.08171445568018712,0.07773219630720202,0.10485461295406656
swiss,TriMap,2,n_inliers,5.0,n_outliers,10.0,0.42158933333333337,0.5433902222222222,0.41517088888888887,0.3689604444444444,0.4473995555555556,0.08298164719411079,0.12620533944790718,0.07977032894264366,0.07276632655343179,0.08239345040051685
swiss,TriMap,2,n_inliers,8.0,n_outliers,2.0,0.4474573333333333,0.5417037777777778,0.45066799999999996,0.4282755555555556,0.5645226666666666,0.09134506827113928,0.1249054755213124,0.08538035259362559,0.08116408712452046,0.10565481884853832
swiss,TriMap,2,n_inliers,8.0,n_outliers,5.0,0.4461044444444444,0.5433148888888888,0.4351964444444444,0.38921022222222224,0.5757128888888888,0.0837697975936322,0.1315876369805825,0.08150139204194082,0.0751229144367866,0.10824042593516278
swiss,TriMap,2,n_inliers,8.0,n_outliers,10.0,0.4506395555555556,0.5471593333333333,0.4391095555555556,0.3569391111111111,0.558432,0.0884099455242809,0.12714680181267174,0.08281360730104345,0.07146201725825402,0.10335384833042266
swiss,TriMap,2,n_inliers,10.0,n_outliers,2.0,0.4275968888888889,0.5098588888888889,0.42091066666666666,0.3838702222222222,0.4702742222222222,0.08423083523542035,0.11443817374334017,0.08041866298606734,0.07505765336830633,0.08663138772379798
swiss,TriMap,2,n_inliers,10.0,n_outliers,5.0,0.3938644444444444,0.5029391111111111,0.39492600000000005,0.3729044444444445,0.5357053333333334,0.08460826188528094,0.11190572307035512,0.07674307607707881,0.07344021882495748,0.09781245031855954
swiss,TriMap,2,n_inliers,10.0,n_outliers,10.0,0.4339653333333333,0.5567219999999999,0.42916333333333334,0.34396666666666664,0.5606515555555556,0.08895173142016771,0.1280497812321304,0.08347539458613254,0.0702973169387664,0.10359216106683357
swiss,TriMap,2,n_inliers,15.0,n_outliers,2.0,0.40772488888888886,0.5261026666666666,0.40507066666666663,0.3756795555555556,0.5544226666666666,0.08093029244693307,0.11234357927033123,0.07747697302115164,0.0733579492429372,0.1016348148930859
swiss,TriMap,2,n_inliers,15.0,n_outliers,5.0,0.4366653333333334,0.5433524444444444,0.4238935555555555,0.3504302222222222,0.5725315555555556,0.08646777155661572,0.13377468821494812,0.08070473304568437,0.07060683476979417,0.10695407927698375
swiss,TriMap,2,n_inliers,15.0,n_outliers,10.0,0.4511115555555556,0.5815424444444444,0.44741044444444444,0.32854044444444447,0.5515088888888888,0.0959088032744956,0.15311493858954395,0.0899771813222453,0.06879593395328973,0.10177239135806479
swiss,TriMap,2,n_inliers,20.0,n_outliers,2.0,0.43946311111111114,0.5334146666666666,0.4345051111111112,0.36909644444444445,0.5744977777777778,0.08502365868630901,0.11341723138877081,0.08089421493590165,0.07287153908709118,0.10650995059053996
swiss,TriMap,2,n_inliers,20.0,n_outliers,5.0,0.43933822222222224,0.54186,0.4416675555555556,0.34606577777777775,0.5577373333333333,0.08721780187565384,0.13870650242785232,0.08280183388772602,0.07067039801503147,0.10350652826810643
swiss,TriMap,2,n_inliers,20.0,n_outliers,10.0,0.45111466666666666,0.5678126666666667,0.4435591111111111,0.33627822222222226,0.5553933333333333,0.0924084156471361,0.13760977228124263,0.08573985031382496,0.06937282867543731,0.10313653625715333
swiss,TriMap,2,n_inliers,30.0,n_outliers,2.0,0.4342973333333333,0.5314986666666667,0.42937377777777774,0.3804093333333334,0.536480888888889,0.08576430497806964,0.11620270664030183,0.08145201147873052,0.07411969749018135,0.10005246477842296
swiss,TriMap,2,n_inliers,30.0,n_outliers,5.0,0.437908,0.5702344444444445,0.4284513333333334,0.3174822222222222,0.5425062222222222,0.08579190053482275,0.13205113337605642,0.08061318036942702,0.06739970888004154,0.09915296357390113
swiss,TriMap,2,n_inliers,30.0,n_outliers,10.0,0.5036062222222222,0.6209788888888889,0.49097933333333327,0.3359102222222222,0.5786835555555555,0.10720950912611654,0.17602799998753324,0.09774739112678019,0.06949741815599383,0.10908857177168396
swiss,TriMap,2,n_inliers,40.0,n_outliers,2.0,0.4436333333333333,0.5520957777777777,0.4350651111111111,0.3546,0.5514377777777778,0.08961060095523968,0.12688905883309254,0.08340165736792318,0.07162627645111527,0.1016757600820975
swiss,TriMap,2,n_inliers,40.0,n_outliers,5.0,0.46009999999999995,0.5664175555555555,0.45536844444444446,0.3499208888888889,0.5664204444444444,0.09349073008665666,0.14008309328463303,0.08584328206167928,0.07081861952498206,0.10561725709225463
swiss,TriMap,2,n_inliers,40.0,n_outliers,10.0,0.49616000000000005,0.59597,0.4949942222222222,0.3159835555555556,0.5837315555555556,0.1079174181893664,0.14004745291203569,0.09647096207826357,0.0672279615875476,0.10987636785330376
swiss,TriMap,2,n_inliers,60.0,n_outliers,2.0,0.45990133333333333,0.5591864444444444,0.4494382222222222,0.3699031111111112,0.5550457777777777,0.09085620103290179,0.1378136213161319,0.08539638853051078,0.07319892267583539,0.10273064331486259
swiss,TriMap,2,n_inliers,60.0,n_outliers,5.0,0.4885284444444445,0.6159413333333332,0.4765488888888889,0.32079111111111114,0.5885102222222222,0.10346793940562442,0.156243160127003,0.09288579752401596,0.06785873036353308,0.11071241518249837
swiss,TriMap,2,n_inliers,60.0,n_outliers,10.0,0.5711822222222223,0.59814,0.5741755555555556,0.31389066666666665,0.5977248888888889,0.13451784998421823,0.14876736007973487,0.12382737071115271,0.0670927584359447,0.11363007647876641
swiss,TriMap,2,n_inliers,80.0,n_outliers,2.0,0.4278662222222222,0.5489517777777778,0.4170724444444444,0.34153444444444436,0.5646982222222222,0.08986301949507186,0.13162961997101869,0.08088740431191055,0.06986570237105609,0.10448760512237129
swiss,TriMap,2,n_inliers,80.0,n_outliers,5.0,0.4934102222222222,0.6100113333333333,0.48958111111111113,0.3084377777777778,0.5929302222222221,0.11115209863705826,0.16509432226968926,0.09865676744376374,0.06639947665237192,0.1113830642237254
swiss,TriMap,2,n_inliers,80.0,n_outliers,10.0,0.7037115555555555,0.5938753333333333,0.6972471111111112,0.3696457777777778,0.6142435555555555,0.20566474367866605,0.13998768112950544,0.1974604471300344,0.0728819513500377,0.12307312395401811
swiss,TriMap,2,n_inliers,120.0,n_outliers,2.0,0.4365902222222222,0.5871224444444445,0.42781555555555556,0.32868977777777775,0.5607017777777777,0.09364394111096762,0.14698927343949267,0.0824648486663147,0.06840135326129816,0.10358037279261122
swiss,TriMap,2,n_inliers,120.0,n_outliers,5.0,0.5945866666666667,0.6295237777777778,0.58657,0.32959644444444447,0.5875186666666666,0.1559259540650247,0.1622148688775576,0.14017618556876246,0.06850528243533,0.11109561938289174
swiss,TriMap,2,n_inliers,120.0,n_outliers,10.0,0.802668,0.5433242222222222,0.779508,0.40123155555555556,0.6401515555555555,0.36743728499281925,0.13453832245956399,0.3478755259238766,0.07636087295690788,0.161849705198924
swiss,TriMap,3,n_inliers,5.0,n_outliers,2.0,0.43383422222222223,0.5397991111111111,0.42984,0.42678400000000005,0.5916693333333334,0.08697294706533672,0.1256933073213458,0.08248806963146092,0.08017534914016652,0.11338169433220083
swiss,TriMap,3,n_inliers,5.0,n_outliers,5.0,0.4296066666666667,0.5461757777777778,0.41828666666666664,0.4192208888888889,0.5347115555555555,0.08419681380821828,0.11889503192535361,0.07990468099478307,0.07905494348177644,0.09908148966515695
swiss,TriMap,3,n_inliers,5.0,n_outliers,10.0,0.44340577777777784,0.5384506666666666,0.44061000000000006,0.3707297777777778,0.5521008888888889,0.09409305456668682,0.12357255998930511,0.08397448078812847,0.07397977233295289,0.10241321192641423
swiss,TriMap,3,n_inliers,8.0,n_outliers,2.0,0.4553213333333333,0.5491246666666667,0.4472355555555555,0.4126053333333333,0.47975111111111113,0.08946146967096477,0.129726480349553,0.085418669726325,0.07916675935159169,0.08837406488907953
swiss,TriMap,3,n_inliers,8.0,n_outliers,5.0,0.4462555555555555,0.5537179999999999,0.4399628888888889,0.39165333333333335,0.5565528888888889,0.08770356535040777,0.1298516386456043,0.08202563407600899,0.07541197211352826,0.10316105812567977
swiss,TriMap,3,n_inliers,8.0,n_outliers,10.0,0.4132404444444445,0.5454193333333333,0.40650955555555557,0.33011955555555555,0.5738395555555555,0.08031399366421271,0.12149756457724424,0.07770538426745671,0.0686012996602174,0.10618146652844962
swiss,TriMap,3,n_inliers,10.0,n_outliers,2.0,0.4395835555555555,0.5446577777777778,0.436346,0.40727733333333327,0.569356,0.08352065534390216,0.12287448834997478,0.08069784119240928,0.07705899868038925,0.10575397420576346
swiss,TriMap,3,n_inliers,10.0,n_outliers,5.0,0.40818177777777775,0.492616,0.40933688888888886,0.32592888888888893,0.5741795555555556,0.08047573376432339,0.10594761686623597,0.0772540562211094,0.06817430291481068,0.10543223571747995
swiss,TriMap,3,n_inliers,10.0,n_outliers,10.0,0.41872577777777775,0.5162453333333333,0.4171591111111111,0.3665693333333333,0.4912057777777778,0.07990087248477237,0.11794289644587691,0.07878058994122034,0.07223462824245411,0.08966191839243207
swiss,TriMap,3,n_inliers,15.0,n_outliers,2.0,0.40431200000000006,0.519848,0.40333600000000003,0.36636088888888885,0.4758337777777778,0.07736105689425485,0.10539730103535924,0.07653675468105803,0.07209022749131273,0.08643613342180685
swiss,TriMap,3,n_inliers,15.0,n_outliers,5.0,0.40868000000000004,0.5236553333333334,0.4043704444444445,0.32690355555555556,0.453912,0.08477474668600686,0.12094578018507501,0.07871712631030749,0.06872804649216022,0.0830903833969246
swiss,TriMap,3,n_inliers,15.0,n_outliers,10.0,0.4391262222222222,0.5501044444444444,0.43477533333333335,0.3327311111111111,0.566664888888889,0.0924660316390898,0.1373395319770439,0.08353281460219887,0.06907819482095934,0.10591035169442331
swiss,TriMap,3,n_inliers,20.0,n_outliers,2.0,0.4415991111111111,0.5535951111111111,0.4371704444444445,0.39916666666666667,0.5495546666666666,0.09400209248632721,0.13187436689758109,0.08517808239691194,0.0772900721205532,0.10215416815916234
swiss,TriMap,3,n_inliers,20.0,n_outliers,5.0,0.4361466666666667,0.5464944444444444,0.4234015555555556,0.34778,0.45806266666666673,0.09173853402231233,0.13011864799485884,0.08392915343732735,0.07110308733730325,0.08442510739690762
swiss,TriMap,3,n_inliers,20.0,n_outliers,10.0,0.42826044444444444,0.5408280000000001,0.4281128888888889,0.3287257777777778,0.5691844444444444,0.086595703342282,0.13873185841325214,0.08144461047107068,0.06828603566675152,0.10598126161852386
swiss,TriMap,3,n_inliers,30.0,n_outliers,2.0,0.42346533333333336,0.5442222222222222,0.406664,0.35488177777777774,0.5713733333333333,0.08505772949775556,0.1315817994791201,0.07800760784014144,0.07146243357870835,0.1057721018812684
swiss,TriMap,3,n_inliers,30.0,n_outliers,5.0,0.42078933333333335,0.5651815555555555,0.40968088888888887,0.32222755555555554,0.5605604444444444,0.0902131861017581,0.1502660986978504,0.08090075394513382,0.06802304786866609,0.10354949257217487
swiss,TriMap,3,n_inliers,30.0,n_outliers,10.0,0.44301288888888884,0.5894906666666666,0.4312217777777778,0.3343668888888889,0.5618,0.10593864439067696,0.1544662068872651,0.08849948816928782,0.06889534262946351,0.10413294778052772
swiss,TriMap,3,n_inliers,40.0,n_outliers,2.0,0.42779511111111107,0.526948,0.4202811111111111,0.3764117777777778,0.5607524444444445,0.08436646242901136,0.12395261445984715,0.08003995806274951,0.07374976813224174,0.10420187928565158
swiss,TriMap,3,n_inliers,40.0,n_outliers,5.0,0.4573084444444444,0.5862724444444444,0.4444411111111112,0.32845244444444444,0.5694266666666666,0.09064991785498351,0.14636951040894583,0.08418705868541759,0.06835976712008053,0.10655441209966336
swiss,TriMap,3,n_inliers,40.0,n_outliers,10.0,0.4995128888888889,0.6287631111111112,0.4902466666666666,0.29258844444444443,0.5728746666666666,0.11147154755216934,0.16666610214957153,0.09726573578506534,0.06508782104392205,0.10628706961460403
swiss,TriMap,3,n_inliers,60.0,n_outliers,2.0,0.4454791111111111,0.5661924444444445,0.4429417777777778,0.3636735555555556,0.5430555555555555,0.08689483484353046,0.13097583605007876,0.08377595036447742,0.07230106675951002,0.10104840194455741
swiss,TriMap,3,n_inliers,60.0,n_outliers,5.0,0.44570533333333334,0.6000048888888889,0.43398244444444445,0.3281422222222222,0.5690644444444445,0.0971135026226723,0.16700575525996184,0.0859147015196135,0.068354793771234,0.10557968382469123
swiss,TriMap,3,n_inliers,60.0,n_outliers,10.0,0.5559653333333334,0.6182426666666667,0.5643566666666666,0.3037782222222222,0.5926866666666668,0.1403337737230715,0.16095350162590377,0.12762675458778067,0.06612240313185644,0.11223449086299232
swiss,TriMap,3,n_inliers,80.0,n_outliers,2.0,0.43489466666666665,0.5652224444444444,0.43539511111111107,0.3011675555555555,0.5608871111111111,0.08851320768142959,0.14055956579912748,0.08357994618753445,0.06600087960057056,0.1032494333848324
swiss,TriMap,3,n_inliers,80.0,n_outliers,5.0,0.4790791111111111,0.5988388888888888,0.484678,0.3201813333333333,0.5937315555555556,0.11019949237283568,0.16859172951178636,0.09732235689850127,0.06750446816266575,0.1125628872547256
swiss,TriMap,3,n_inliers,80.0,n_outliers,10.0,0.6843897777777779,0.6095195555555555,0.678628,0.34759066666666666,0.6189248888888887,0.2182740455398593,0.14542444066307036,0.19835475768707808,0.07027238001924241,0.12673845921372812
swiss,TriMap,3,n_inliers,120.0,n_outliers,2.0,0.4421075555555556,0.5744013333333333,0.4363504444444444,0.28746133333333335,0.556076888888889,0.09608455246984252,0.13927447322426234,0.0838979534648377,0.06457699244997894,0.10187271756384322
swiss,TriMap,3,n_inliers,120.0,n_outliers,5.0,0.5643728888888889,0.6253064444444445,0.5738868888888888,0.3049444444444444,0.5934048888888888,0.15266137587791617,0.17736885762402074,0.132603222592405,0.06606810061203229,0.11529564986579618
swiss,TriMap,3,n_inliers,120.0,n_outliers,10.0,0.7998644444444444,0.5444013333333333,0.7846404444444446,0.3997142222222222,0.6477622222222221,0.34312647494153664,0.14088199065055118,0.34335055043552504,0.07611078014790158,0.16863244731676322
swiss,TriMap,4,n_inliers,5.0,n_outliers,2.0,0.4416377777777778,0.541128,0.4280717777777777,0.4148148888888889,0.5721257777777777,0.08846878476496972,0.11757731077733499,0.08245351901233094,0.07891381940516912,0.10798983781437793
swiss,TriMap,4,n_inliers,5.0,n_outliers,5.0,0.43178622222222224,0.5465017777777779,0.4265991111111111,0.40460311111111114,0.5562062222222223,0.08428634914593934,0.1210267362512577,0.0810070659723689,0.07679189422528046,0.1029986527816304
swiss,TriMap,4,n_inliers,5.0,n_outliers,10.0,0.46269111111111105,0.5460562222222223,0.4550617777777778,0.37407822222222226,0.5587733333333333,0.09089995409811316,0.12319838229322966,0.08674010607289974,0.0740213939936016,0.10409962605597292
swiss,TriMap,4,n_inliers,8.0,n_outliers,2.0,0.4348222222222222,0.5294528888888889,0.4326308888888889,0.41834511111111106,0.5402062222222223,0.08548420230671608,0.11814923284730597,0.08152791918084691,0.07932687794032309,0.09953646737680452
swiss,TriMap,4,n_inliers,8.0,n_outliers,5.0,0.4453035555555555,0.547686,0.4318471111111111,0.38108844444444445,0.5477586666666667,0.08721173940727667,0.12108036471669595,0.08104919931813631,0.07452811964053901,0.10067212188243144
swiss,TriMap,4,n_inliers,8.0,n_outliers,10.0,0.45480044444444445,0.5771788888888889,0.4402826666666667,0.3526991111111111,0.5802622222222222,0.0866949508788756,0.1315975902405373,0.08226821085463454,0.07106074619937448,0.10925518376690135
swiss,TriMap,4,n_inliers,10.0,n_outliers,2.0,0.43983822222222224,0.5345262222222222,0.43759133333333333,0.4158208888888889,0.47790444444444447,0.08564575357913441,0.12935458271617084,0.08272052782718485,0.07843340591845727,0.08757818446764626
swiss,TriMap,4,n_inliers,10.0,n_outliers,5.0,0.4009142222222222,0.5174484444444445,0.3880742222222222,0.3359284444444444,0.5596311111111111,0.08101878558657478,0.13740286176830593,0.07560352602644874,0.0692600518909435,0.10229407360820109
swiss,TriMap,4,n_inliers,10.0,n_outliers,10.0,0.4219493333333334,0.5101,0.42111533333333334,0.3734351111111111,0.556932,0.08387567875273895,0.11250550915699739,0.0803700124191506,0.07328356159332597,0.10305584989341979
swiss,TriMap,4,n_inliers,15.0,n_outliers,2.0,0.44197288888888886,0.5391651111111111,0.43788777777777776,0.4250217777777778,0.5813288888888889,0.09094564457947008,0.12400367527875841,0.08501792613591747,0.08091773850009976,0.11045244886598016
swiss,TriMap,4,n_inliers,15.0,n_outliers,5.0,0.41806933333333335,0.5393386666666666,0.41452400000000006,0.33488844444444443,0.5307235555555556,0.08171271838539876,0.11665803935175009,0.07899438031318345,0.06897427026997019,0.09643113575032854
swiss,TriMap,4,n_inliers,15.0,n_outliers,10.0,0.41983111111111115,0.5532251111111111,0.40955844444444445,0.3264062222222222,0.5401484444444444,0.0893401084857221,0.12455207759733894,0.07895513101299582,0.06834822294763436,0.09868256189699698
swiss,TriMap,4,n_inliers,20.0,n_outliers,2.0,0.4265386666666666,0.5627964444444444,0.4278666666666666,0.36907999999999996,0.556284,0.08708421707686538,0.12840565841169266,0.08231197831006466,0.07320112621287932,0.10209992392627676
swiss,TriMap,4,n_inliers,20.0,n_outliers,5.0,0.4233337777777778,0.5245242222222223,0.4208955555555556,0.34748355555555555,0.555536888888889,0.08528559710901917,0.12050189352977296,0.08011495498374503,0.07036807126275903,0.10218845470620636
swiss,TriMap,4,n_inliers,20.0,n_outliers,10.0,0.4513546666666667,0.5830868888888889,0.4380995555555556,0.33119066666666663,0.5516404444444444,0.09329935518219029,0.14558917917756814,0.0859370203069245,0.06901918689605414,0.10190944790981865
swiss,TriMap,4,n_inliers,30.0,n_outliers,2.0,0.43994577777777777,0.5410684444444445,0.43779622222222225,0.36405111111111105,0.42732933333333334,0.08553233062185629,0.13243065326040449,0.08235543884473079,0.07238601087591523,0.07919802859155878
swiss,TriMap,4,n_inliers,30.0,n_outliers,5.0,0.4171222222222223,0.5525002222222222,0.4106235555555555,0.3340533333333333,0.5215653333333333,0.0874272792696635,0.12443970365506561,0.07971613496768692,0.06902647530429465,0.09520592155661373
swiss,TriMap,4,n_inliers,30.0,n_outliers,10.0,0.4556768888888889,0.5840624444444444,0.4463748888888889,0.3303595555555556,0.5547724444444444,0.10324707412197655,0.1536734593050868,0.09055867238261228,0.06853786588945962,0.10228018813225832
swiss,TriMap,4,n_inliers,40.0,n_outliers,2.0,0.44021822222222223,0.5678186666666667,0.43803088888888886,0.3404706666666667,0.561088,0.09123624834622476,0.13525020567217305,0.08329319446516081,0.07014391474675023,0.10405928184037863
swiss,TriMap,4,n_inliers,40.0,n_outliers,5.0,0.4614728888888889,0.5780233333333333,0.45789399999999997,0.3418888888888889,0.5733675555555555,0.09152167061218307,0.13635481439404865,0.08722288515939539,0.07001008672668314,0.10884091761551419
swiss,TriMap,4,n_inliers,40.0,n_outliers,10.0,0.4821066666666667,0.6258317777777778,0.47147533333333336,0.2871488888888889,0.5962106666666667,0.10814074160524728,0.16223335523258148,0.09446549824016023,0.06461800039186914,0.1119417561101864
swiss,TriMap,4,n_inliers,60.0,n_outliers,2.0,0.4466217777777778,0.5468433333333333,0.4428762222222222,0.36844755555555553,0.5557337777777778,0.0900194866310303,0.13177185803214053,0.08444450262921746,0.0729490151726159,0.10342184258214522
swiss,TriMap,4,n_inliers,60.0,n_outliers,5.0,0.457616,0.6085135555555555,0.45062844444444444,0.3199497777777778,0.5555364444444445,0.10744210896705428,0.16491774712476864,0.09226009256039203,0.06762713960300815,0.10257669112505366
swiss,TriMap,4,n_inliers,60.0,n_outliers,10.0,0.5723031111111111,0.6204700000000001,0.5715377777777778,0.2908702222222222,0.589368,0.14933798432048032,0.15620288992184717,0.12689664108522308,0.06487892955481556,0.11083794958472482
swiss,TriMap,4,n_inliers,80.0,n_outliers,2.0,0.45176266666666665,0.5923644444444445,0.4356124444444444,0.34248222222222224,0.5566315555555555,0.09171041263491866,0.14713035151994847,0.08445477037807214,0.06989031270296005,0.10334405610291314
swiss,TriMap,4,n_inliers,80.0,n_outliers,5.0,0.46846,0.6271595555555555,0.46140333333333333,0.2893791111111111,0.5708488888888889,0.10306149580701629,0.16401377896170577,0.09118058134273258,0.06473356612028185,0.10540240007559297
swiss,TriMap,4,n_inliers,80.0,n_outliers,10.0,0.6508991111111112,0.631823111111111,0.6618071111111111,0.3344057777777778,0.613331111111111,0.18709038542552497,0.162776883875086,0.1825909579530157,0.06900584701164755,0.12229501188204127
swiss,TriMap,4,n_inliers,120.0,n_outliers,2.0,0.44693022222222223,0.5900957777777778,0.44464533333333334,0.3193013333333333,0.5471337777777778,0.09476368031112431,0.1453536838639196,0.08757088224274755,0.067575869695216,0.10074405574871803
swiss,TriMap,4,n_inliers,120.0,n_outliers,5.0,0.5893066666666666,0.6193131111111111,0.6058906666666667,0.3094986666666667,0.6054324444444446,0.14529177338126126,0.15297417366531046,0.13947259944222784,0.06652540078540022,0.11557845923143359
swiss,TriMap,4,n_inliers,120.0,n_outliers,10.0,0.7964519999999999,0.5268504444444445,0.7871115555555556,0.3990133333333333,0.6334151111111112,0.3250655823918271,0.13153066918831946,0.3473629195074875,0.07621595579661206,0.15742801701220732
