dataset,method,param1_name,param1_value,param2_name,param2_value,AUROC_kNN_mean,AUROC_kNN_std,AUROC_LOF_mean,AUROC_LOF_std,AUROC_IF_mean,AUROC_IF_std,AUROC_centroid_mean,AUROC_centroid_std,AUROC_linear_mean,AUROC_linear_std,AUPRC_kNN_mean,AUPRC_kNN_std,AUPRC_LOF_mean,AUPRC_LOF_std,AUPRC_IF_mean,AUPRC_IF_std,AUPRC_centroid_mean,AUPRC_centroid_std,AUPRC_linear_mean,AUPRC_linear_std,n_seeds
fashion,DR-SNE,lambda,0.0,k_density,40.0,0.8037976888888888,0.020063938486624765,0.5596300000000001,0.028328451050812324,0.8036187555555557,0.02428742362236773,0.7954519999999999,0.02976026508245142,0.7570238222222223,0.09613432247377295,0.2570903686363686,0.035802317246129624,0.13750404328156723,0.017218453519939916,0.2755676793109446,0.051047934990309816,0.30849623823937067,0.071581006619381,0.4033664623334613,0.05877062711070942,5
fashion,DR-SNE,lambda,0.0,k_density,80.0,0.8077004444444444,0.03142713739963923,0.5480338666666666,0.033469599462611674,0.8064584888888888,0.03223548872888571,0.7995722666666667,0.029974588374278147,0.7710283555555556,0.15153881403277258,0.2604146279721502,0.039782161772053015,0.13228226365102863,0.01354207486868401,0.27953968594019185,0.05295309043475945,0.3089399141086582,0.03927371271981462,0.41303800670281693,0.056422157018106184,5
fashion,DR-SNE,lambda,0.0,k_density,300.0,0.7898250666666666,0.03270124507555272,0.54237,0.02265208748508838,0.8083050222222221,0.034170065366496055,0.8099364888888889,0.027030632266028004,0.8110954666666667,0.07936250027323834,0.23222810357656248,0.026020413693304517,0.1386942050630219,0.012428442825496475,0.26613773302828425,0.032541529134210524,0.28923547792516546,0.033258257002423124,0.40468055630788247,0.0823526804895087,5
fashion,DR-SNE,lambda,5e-05,k_density,40.0,0.8091280888888888,0.0170817248193776,0.5712636,0.024829204337027705,0.8075823999999999,0.015706573346261264,0.8017530666666668,0.023772391591097754,0.7836504888888889,0.11096893096122237,0.25898593557929955,0.026493760158708936,0.14303932523491603,0.010875788826012723,0.2767794238212291,0.042993237946108556,0.30073016452115614,0.05378088230548581,0.42926440471243466,0.05711040554705907,5
fashion,DR-SNE,lambda,5e-05,k_density,80.0,0.8084259555555555,0.018088899032484094,0.5513047111111111,0.03731466373775503,0.8091748888888889,0.02020198709453853,0.7990153333333333,0.026362683541441143,0.7603695111111112,0.1231702578371264,0.26460673143209,0.016286192383406593,0.14174760781050216,0.015122645088985283,0.2949852494986772,0.0375817847498073,0.31059215567110704,0.03821339450773627,0.38495584812300476,0.042534697716822355,5
fashion,DR-SNE,lambda,5e-05,k_density,300.0,0.7939048,0.0351547802097391,0.5549085777777778,0.024473274881433887,0.8097663111111112,0.02838715098729191,0.8094106666666667,0.021548104989580315,0.8128105777777778,0.084201713549556,0.235947188550647,0.03414794863772398,0.14378742225719282,0.01212565942066353,0.2639561205207319,0.03525428214033394,0.2825283832144524,0.033039282224188,0.4208815360947563,0.06834699853217964,5
fashion,DR-SNE,lambda,0.0001,k_density,40.0,0.8015185777777777,0.026218082099531626,0.5714624888888888,0.0326603301304824,0.7998175111111111,0.028449086042469863,0.7942772444444445,0.03178659018664672,0.7573728,0.11370068228441169,0.25990392397053613,0.03742578062088155,0.1451441949755804,0.026154520938453128,0.27448994880791583,0.04408077545212908,0.2930496951719019,0.04361074637744573,0.34967195214532903,0.0709358714229665,5
fashion,DR-SNE,lambda,0.0001,k_density,80.0,0.8097076444444445,0.028853683814534598,0.5562512444444445,0.029140241795771835,0.8110398222222223,0.03203888507423439,0.8037686222222222,0.03196930529194183,0.7608747555555555,0.1231400862943612,0.2637914248357557,0.04302237974159329,0.13970721836194555,0.019982468885562737,0.2915941807949688,0.06238106418145063,0.31390944033788676,0.05593757677091029,0.4000745984977879,0.014204237711812994,5
fashion,DR-SNE,lambda,0.0001,k_density,300.0,0.794169688888889,0.038221036492460836,0.5373178666666666,0.011830447511024736,0.8117770222222223,0.030647175256457142,0.8087565333333334,0.027637119280300923,0.8155704,0.06502507932251032,0.23973754299956954,0.04040658121110997,0.1370493289774509,0.010284753539521777,0.27043186800672003,0.041460322310551447,0.28381375740432657,0.0288949023261266,0.4097346666868784,0.039313309341022354,5
fashion,DR-SNE,lambda,0.0002,k_density,40.0,0.8013540444444445,0.0314015829318708,0.5681123555555556,0.012434091739951537,0.799693511111111,0.038038205896339924,0.7899268444444444,0.04668962796241934,0.7398486222222223,0.11618701292657457,0.24700449401184219,0.03173109879670325,0.1368962202587983,0.009293965953264295,0.2630108693488329,0.042429136312672214,0.2899713944827362,0.0605407454260555,0.3906618065003267,0.06608707490937449,5
fashion,DR-SNE,lambda,0.0002,k_density,80.0,0.8047129777777778,0.01527585781681365,0.5455568444444444,0.03137293607727277,0.8035927111111111,0.019340371991647683,0.7914250666666666,0.023053859616553356,0.7860226666666666,0.13642276864924685,0.25253411141037063,0.0277190768701027,0.1369954819384474,0.017361928039586052,0.2815697226128967,0.054846490414290155,0.3122327324494988,0.05060043565096561,0.425777903535146,0.040480169603016695,5
fashion,DR-SNE,lambda,0.0002,k_density,300.0,0.7827127111111111,0.04493295347525996,0.5420787111111112,0.022363341711463914,0.8047251111111111,0.03882352186211052,0.8109381333333333,0.03178541580841098,0.8176541333333333,0.08935423074062795,0.22524181530122483,0.038101632524397896,0.13783359983819113,0.01861503423426871,0.25623318961880803,0.041206562532009,0.2789791960869719,0.030821095502149468,0.409228995634993,0.06947432752607685,5
fashion,DR-SNE,lambda,0.0005,k_density,40.0,0.8029587555555555,0.0217449681431286,0.5780091111111111,0.022528677426069715,0.8033311111111111,0.02740341907657541,0.8005862222222222,0.033404236697361145,0.7376996444444444,0.11428530917262057,0.2684490249861284,0.04476465342422642,0.14750275700528256,0.015983948631498344,0.2875099219304567,0.05635712730880927,0.318238619698056,0.07779758982362148,0.39588356010226944,0.06365132342072018,5
fashion,DR-SNE,lambda,0.0005,k_density,80.0,0.8040224,0.026187294496509434,0.5591460444444445,0.008842712213672159,0.8075062222222222,0.029945384073899118,0.8039948444444442,0.030583109537742056,0.7677072,0.09207257342620256,0.24988614827747258,0.02942947846828912,0.13718229537356505,0.006126715755793095,0.27145497395454415,0.04338290359649026,0.2952244721869949,0.05418286345423957,0.38967287587634714,0.017901040601451642,5
fashion,DR-SNE,lambda,0.0005,k_density,300.0,0.7694312888888889,0.04373152440319408,0.5319094222222222,0.01618671870804375,0.7933369333333333,0.03654782083939673,0.7933169777777778,0.035686006150905544,0.8228265777777779,0.06793182920255385,0.21515884735226537,0.02704026722705168,0.13330972238144023,0.013842180250564913,0.24921997552210334,0.03460164290352677,0.2655925704868675,0.0342341743812578,0.40007279557937014,0.054768903069315256,5
fashion,DR-SNE,lambda,0.001,k_density,40.0,0.8024825777777778,0.023590136734462117,0.5549756444444445,0.006848043531720983,0.7974486222222222,0.028198285284703535,0.7858272888888889,0.03749280259799012,0.7723589333333334,0.09636383755438253,0.2596965379403274,0.028985101224085662,0.13608417033679354,0.015286991123371526,0.2738956264984395,0.044659128649524156,0.2842045862197917,0.04247985413115365,0.38349498254522607,0.027056589948388714,5
fashion,DR-SNE,lambda,0.001,k_density,80.0,0.7974408,0.0321011274436058,0.5496388888888889,0.02968248485238974,0.8002364,0.03685963519691138,0.7917420444444445,0.03663894623882297,0.7656856000000001,0.09437304571481918,0.25211236801521497,0.03176464528160677,0.13288731444863375,0.009616605569216995,0.2865470416652865,0.06006571347978493,0.3066382800179445,0.06072889601395281,0.3691784111198692,0.04625850033324181,5
fashion,DR-SNE,lambda,0.001,k_density,300.0,0.7949380444444445,0.0356875670290694,0.5441599555555555,0.012284163202681915,0.8139101777777779,0.02824228866866921,0.8141656888888888,0.016837214324594976,0.8163971555555556,0.08026880296258883,0.2366540151799661,0.028020623361110584,0.13905895552831432,0.010400661660783947,0.2650638044116834,0.023534839810989958,0.2862149180991625,0.011142131773519566,0.40539361348698694,0.07131927740223344,5
fashion,DR-SNE,lambda,0.002,k_density,40.0,0.8020932444444444,0.019226799599889717,0.5714113777777777,0.028879973784827855,0.7993726666666666,0.024811069339667258,0.7917316444444444,0.027210782357072194,0.7641348444444445,0.04962150622919787,0.25713334505983454,0.04171976091411363,0.14623617742855438,0.027098418708103776,0.2746963546103986,0.058739955289684745,0.28513443518440096,0.05618558025891936,0.3413168395129148,0.04784372631511742,5
fashion,DR-SNE,lambda,0.002,k_density,80.0,0.8065291555555556,0.035940000175326496,0.5624086666666667,0.03676507026116829,0.8110792888888888,0.03543326883148021,0.8081827555555556,0.03615326646362844,0.7607163555555555,0.09981506584291111,0.2694203591005571,0.05642800826031601,0.1405614471310827,0.015749004162204254,0.29655486145616816,0.06576265069824724,0.322952704501711,0.07688444789895538,0.37610838861942697,0.051373230575030605,5
fashion,DR-SNE,lambda,0.002,k_density,300.0,0.7959499555555556,0.048705040303574774,0.5381186666666666,0.04073141933885955,0.816380088888889,0.048494376525862276,0.8154104,0.04089994382150753,0.8219192888888889,0.07623826350062105,0.24109056219984665,0.038903119986600815,0.13883516670194126,0.02441259050850217,0.2786673697491985,0.044833433733899315,0.29832667414590563,0.0355061740770293,0.40731323315750645,0.06380483328868822,5
fashion,DR-SNE,lambda,0.005,k_density,40.0,0.7887352,0.027321674213292322,0.5644622222222223,0.0063381895689815,0.7825713777777777,0.03342278729183963,0.7727950222222223,0.04167346077633275,0.7299244444444445,0.12230832122585293,0.27441136874941147,0.050974017416054056,0.14415950533697683,0.018710653492238057,0.2810662498057185,0.058105191218387225,0.29561174332250345,0.06781197805224064,0.382812413950509,0.06038823070505598,5
fashion,DR-SNE,lambda,0.005,k_density,80.0,0.8090220444444445,0.02033290603704042,0.5761313777777778,0.013768986132645634,0.8081328444444444,0.024512445005207804,0.8040904,0.025118102752525302,0.7565049777777778,0.1347966740577347,0.27851812471603077,0.048831253368538205,0.14155734235012576,0.010846075221598998,0.3083710083917194,0.06579903599797965,0.3291226095148301,0.06405498890373813,0.3889609210221946,0.04275758688203409,5
fashion,DR-SNE,lambda,0.005,k_density,300.0,0.7819235555555555,0.03327905672778839,0.5267518222222222,0.0266339768013864,0.8021797333333334,0.028632830038865728,0.8032002666666667,0.0307320194040654,0.8188077333333335,0.0782579716721057,0.2247296701247922,0.026404451891088573,0.13271238568801683,0.023764198342285374,0.2587014863807898,0.03571829051400463,0.2812316024406697,0.04640157332872928,0.40926925043264406,0.06546856819138398,5
fashion,DR-SNE,lambda,0.01,k_density,40.0,0.814772088888889,0.025734076959894554,0.5837178222222222,0.023850113687334185,0.8106419111111112,0.030511379832352296,0.8036525777777778,0.03526439969105346,0.7593345777777778,0.1093317743625982,0.28763053079418716,0.05156025371224582,0.15170473195574183,0.024715146852371726,0.3005404344027477,0.07283941414540522,0.32801572382162,0.08040000975912262,0.3969489917101372,0.0707421781378463,5
fashion,DR-SNE,lambda,0.01,k_density,80.0,0.810240888888889,0.025722088901982274,0.5824990222222223,0.0229564640852803,0.8086072888888889,0.02915418792286924,0.8057148444444445,0.02407914616139307,0.7452248000000001,0.11583057831091917,0.2854142517596646,0.041134303622872466,0.15272903934388457,0.016879387365276364,0.3110063329849238,0.05629840161991889,0.3424588856990537,0.07042058522792685,0.40514456994755055,0.061844612884592094,5
fashion,DR-SNE,lambda,0.01,k_density,300.0,0.8038399999999999,0.0379507747327353,0.5582462222222222,0.03033880889732891,0.8205730666666667,0.04143031810529794,0.8183902222222222,0.02991343398772978,0.8166723555555556,0.06555711334601094,0.24724137293941678,0.029479946385913405,0.1455542564238961,0.01793521641103352,0.28457047690191917,0.04156534031573812,0.29722757474540434,0.0410059106364477,0.4162865757831198,0.04942843413773604,5
fashion,DR-SNE,lambda,0.1,k_density,40.0,0.8194115555555556,0.01708263537363719,0.6458701333333333,0.03522499547638172,0.8067855999999999,0.018115814300300258,0.7977035555555555,0.025122539733607053,0.7629794666666666,0.06884943554922524,0.38746004552298097,0.040761085865698515,0.19871485161938002,0.017892440203923027,0.37862256948235834,0.048756581350583326,0.3946037771283373,0.060183842283181965,0.43130224159214,0.09547349094356786,5
fashion,DR-SNE,lambda,0.1,k_density,80.0,0.8172927111111111,0.02162990527333242,0.6042206222222222,0.029478914502687997,0.8049548888888889,0.019544113542773956,0.7935901333333334,0.018983936857443665,0.7622512,0.081991359758826,0.3574881926787797,0.04563596605933218,0.17274389294066475,0.046995782120573,0.3650920240656831,0.05703048168036047,0.37717491224109,0.08575370880949088,0.4015174236603617,0.11293785608137817,5
fashion,DR-SNE,lambda,0.1,k_density,300.0,0.7975449777777778,0.023550878467325065,0.5514577333333334,0.015797883781860974,0.8117419111111112,0.02396205329914593,0.812930888888889,0.025297597422641222,0.8214575111111111,0.093770450538707,0.2748045718144091,0.017584729634172996,0.1501146505346714,0.011429743330640342,0.31641439615178435,0.012966004231900466,0.3742943280486609,0.05286531315989449,0.46385295032609875,0.1219030139715948,5
fashion,DR-SNE,lambda,1.0,k_density,40.0,0.8066069333333333,0.0232433752518066,0.6598723555555556,0.017378421027168453,0.7878610222222222,0.023060100585263466,0.7790050666666668,0.02078600447856001,0.7447836444444444,0.05038082607490789,0.40920754532993203,0.0733977389713154,0.211115673499997,0.039516522707375386,0.40559672515998335,0.0734328087976373,0.4090628232976455,0.0792899922208816,0.39823560171689365,0.0530968207446433,5
fashion,DR-SNE,lambda,1.0,k_density,80.0,0.8030439111111111,0.027428342528608332,0.6565608888888889,0.01032472794966375,0.7921350666666666,0.02693904798578165,0.7814633333333333,0.025955891643562257,0.7470239111111111,0.04303768486177818,0.38877162817419314,0.06933162883014012,0.21404117352424942,0.01862691732069815,0.38066785483869026,0.07656621858602956,0.3831662439793365,0.07686929619115869,0.3926976576552635,0.06719411286436076,5
fashion,DR-SNE,lambda,1.0,k_density,300.0,0.8113743111111111,0.01766174543448612,0.5915466222222222,0.033442758230803095,0.8067445333333334,0.013998316312866424,0.8024109333333334,0.02268809349917177,0.7845678222222222,0.1100004848351156,0.3659541975502646,0.042979449239790184,0.1742549684429714,0.020611029290818508,0.37684631096676646,0.05582903644276706,0.40812321962209663,0.0843438186426756,0.44682288696152767,0.13997235255369972,5
fashion,DenSNE,perplexity,5.0,dens_lambda,0.0,0.7267700444444445,0.0415199625259709,0.535308888888889,0.01221506414935429,0.8277941333333334,0.03211427012934813,0.8262796444444443,0.03458121689323959,0.6403122666666666,0.08356707855331436,0.19238946209736224,0.022992498922501797,0.12465230956614688,0.006144600214419719,0.30640322127231306,0.04210342589962128,0.315311220583697,0.06163557218816831,0.29839392673519566,0.04492699283311235,5
fashion,DenSNE,perplexity,5.0,dens_lambda,0.01,0.7476515555555555,0.03789596351807092,0.5429097777777778,0.022998771136790528,0.8260864,0.03475615686123774,0.8245947555555556,0.0376965379848005,0.6392344000000001,0.08192873469757535,0.20175597747862759,0.026227624753665107,0.1300887801274014,0.01527374829635527,0.3099187009823229,0.05389396353469895,0.3171305089877686,0.06935344453088187,0.2883944312244394,0.05234408797687534,5
fashion,DenSNE,perplexity,5.0,dens_lambda,0.05,0.8123388444444444,0.023478732677851704,0.5375906666666667,0.011531202471747905,0.8359236888888889,0.03419004738065387,0.8360101333333333,0.033922655370674216,0.6395687111111111,0.08625270055509518,0.2510220296109893,0.02855897568286291,0.12616622543372674,0.011375492073251583,0.33208296445844354,0.0442720156213148,0.35150939639739354,0.05931854358190373,0.30876986173792853,0.03695142876300039,5
fashion,DenSNE,perplexity,5.0,dens_lambda,0.1,0.8487262222222223,0.015416333063858024,0.5464564888888889,0.014744131046154242,0.8476632444444444,0.034901057900624075,0.845444088888889,0.03683455001094281,0.6402194666666666,0.08432999590023307,0.30181465378870137,0.030213063999023394,0.1275132440556813,0.009373279571742544,0.36362538541013184,0.045732656327501675,0.378498122372497,0.06423976015924904,0.324312874898228,0.046472891704935966,5
fashion,DenSNE,perplexity,5.0,dens_lambda,0.2,0.868010311111111,0.0136291188066916,0.5544059555555556,0.014476012439826939,0.8520721777777778,0.032477909098985576,0.8474712,0.03418329639508996,0.6402940444444445,0.08528065043216627,0.3442223478892248,0.0302546995802104,0.12889452001662763,0.009828346509952972,0.3781699984720207,0.04820934229261726,0.3892149252638305,0.055865171940654684,0.33160183614140915,0.0401847237804054,5
fashion,DenSNE,perplexity,5.0,dens_lambda,0.5,0.8785792888888888,0.014665727439960453,0.5710614666666667,0.016718794130418286,0.8479511111111112,0.033114138094300374,0.8412087111111111,0.03258389010053818,0.6373315555555555,0.08416195167548791,0.3763963551991581,0.029846627383412056,0.13311139589222415,0.011034796159072035,0.3999376434438355,0.048377908583970106,0.3973126872570647,0.050983300627616523,0.3266720124789278,0.04860819940710457,5
fashion,DenSNE,perplexity,5.0,dens_lambda,1.0,0.8736681777777777,0.01551537341183389,0.6005324888888889,0.038116734470910865,0.8375631111111111,0.031171902826142472,0.8306863999999999,0.031565253784486026,0.6348808,0.0825556175082166,0.38361076325164173,0.03496733638838915,0.15768046019614593,0.0165674783900231,0.383436584246921,0.04437517334928854,0.38660858129047077,0.04405271338832254,0.3151950303721288,0.051235071404112535,5
fashion,DenSNE,perplexity,10.0,dens_lambda,0.0,0.6265842666666666,0.05152228407980377,0.5444518222222222,0.017743404237513256,0.8599892444444445,0.03814240635607685,0.8487858666666668,0.05417595071515919,0.7354434666666666,0.11252763473126207,0.1718279814705083,0.03203302762474168,0.14091699515875897,0.015233344558499954,0.4116866899298196,0.09106332671411886,0.4465343837315364,0.14497144424218944,0.42529991233154674,0.19056801043933821,5
fashion,DenSNE,perplexity,10.0,dens_lambda,0.01,0.6657803555555556,0.04809984113256274,0.5436307555555555,0.01660699173046713,0.8644901333333334,0.036922340565764766,0.8546654222222223,0.051446549555585544,0.7371319111111111,0.11333732497519665,0.1848007718321332,0.032633305424391176,0.13844663064698798,0.011907048132443143,0.41772252227992474,0.08560251715984314,0.4663998504527104,0.14460367752298992,0.43703915321771414,0.18580010817554946,5
fashion,DenSNE,perplexity,10.0,dens_lambda,0.05,0.7948868444444445,0.021941975749971667,0.5437405333333334,0.013680296497581046,0.8760565333333334,0.030104917510041747,0.8654532444444445,0.04100447809257489,0.7361760888888889,0.11363646559893213,0.2533907355311661,0.03474931016246697,0.13530676558193255,0.004842663236573351,0.4397220000644727,0.07939530118773915,0.4854455018324299,0.12021627264506334,0.4522298190835574,0.18032543258573747,5
fashion,DenSNE,perplexity,10.0,dens_lambda,0.1,0.8523001777777777,0.013495674048915416,0.5442516,0.021738235628881906,0.8805719111111111,0.02720051682451986,0.8711082666666666,0.03466833659168794,0.7340421333333333,0.11485185416129083,0.3292089618102633,0.037636765980808624,0.13701032644844252,0.008774975487197998,0.4676402230814622,0.06724177326051307,0.49773704842276467,0.09509931906741936,0.458725894665516,0.16350845671627928,5
fashion,DenSNE,perplexity,10.0,dens_lambda,0.2,0.8833136000000001,0.009954191090027898,0.5429387111111111,0.02924227940795382,0.8866997333333332,0.021477886295868942,0.8765818666666666,0.03121242151657567,0.7329329777777778,0.11620264201386496,0.4046196489320783,0.041265694238076266,0.13695660714507202,0.00758111111635303,0.4911383701351088,0.05345898447425101,0.5156344929569903,0.09242644431933371,0.4747267553437521,0.15761683197596354,5
fashion,DenSNE,perplexity,10.0,dens_lambda,0.5,0.8996156444444445,0.009214726449856136,0.5580905333333334,0.03505308565822648,0.8819027555555555,0.02480595942565338,0.8709783111111111,0.03304125779508824,0.7282141333333334,0.11814364366736985,0.4556078039751676,0.04491349525604096,0.14226602637790658,0.01559443793609797,0.4878097541895928,0.0703504936910823,0.5010236948321793,0.08212555191458268,0.4676729833099798,0.13474013939195106,5
fashion,DenSNE,perplexity,10.0,dens_lambda,1.0,0.9024679111111112,0.006449746557562569,0.5698352,0.023280222556634245,0.8742129777777776,0.023142854839314428,0.8615036444444444,0.028954937220992374,0.7244239111111112,0.11590887800609627,0.4589520390653993,0.029399444033119948,0.14470584074236884,0.01316659288567045,0.4607827394720557,0.0407674851894626,0.47120006599497427,0.058316504899314274,0.4441230563378677,0.11987148458660692,5
fashion,DenSNE,perplexity,15.0,dens_lambda,0.0,0.5676502222222222,0.028634933802552165,0.5411629333333334,0.013662813378557312,0.8476929777777779,0.022157735779610038,0.8292590222222221,0.027446487498223197,0.7646477333333334,0.10333112983055623,0.1446088242254136,0.016201670067756607,0.13538626999670625,0.008534264627383778,0.3684984993150847,0.058100561972364774,0.3728090089849525,0.08924597929457614,0.507827877996585,0.1732505311920159,5
fashion,DenSNE,perplexity,15.0,dens_lambda,0.01,0.6137829333333332,0.03090391950945566,0.5417576444444444,0.0157132900159682,0.8498104444444443,0.02509004161705752,0.8330077333333333,0.026998984856270735,0.7641132444444445,0.10441063860624056,0.156175748422046,0.014509187787742392,0.1360448079291148,0.010978870387267027,0.3766763498373022,0.05397587807813019,0.38940866031288657,0.10189716113916873,0.5016564631398805,0.18695242723022262,5
fashion,DenSNE,perplexity,15.0,dens_lambda,0.05,0.7780351111111111,0.019332182954280533,0.5445442222222222,0.011828599355631658,0.8661681777777778,0.019367252948606545,0.8522129777777778,0.02012810312590109,0.7624347555555555,0.1054106925864055,0.23044356597091883,0.017227115890700057,0.13817088805804906,0.011375730018193633,0.42090110404478975,0.06641542266959763,0.44901032321578943,0.07550192025144352,0.5312355054472704,0.15519634486043746,5
fashion,DenSNE,perplexity,15.0,dens_lambda,0.1,0.8498844444444444,0.011439407940304082,0.5410446222222223,0.016473498530580395,0.8729047555555557,0.0189584401690763,0.8615401777777777,0.017494658183232637,0.7630709333333334,0.10634029741393408,0.31476765568904547,0.018262731206900903,0.13430688978771932,0.011814259048653141,0.45799269796586506,0.06134691412803577,0.5027182933738923,0.05885695718208576,0.5480705216712892,0.14765244211625844,5
fashion,DenSNE,perplexity,15.0,dens_lambda,0.2,0.8835678222222223,0.008010686039578111,0.5397982222222223,0.018995492712941382,0.8762204444444442,0.020517098749248612,0.8646211555555556,0.01867105334329451,0.7607701333333333,0.10550837332233835,0.3977490891147775,0.03419640145835699,0.13062328353537925,0.012427320583380077,0.4755424775087289,0.08794834179919195,0.5060225040212234,0.07886578528730304,0.5390728147627224,0.15604029530985314,5
fashion,DenSNE,perplexity,15.0,dens_lambda,0.5,0.9008213333333334,0.00800484296003456,0.5487510222222223,0.023552168428175296,0.8773631555555556,0.0196312802664209,0.8618791111111112,0.019017208485156346,0.7572958222222221,0.10617388446729294,0.4524373207839302,0.04172867222187276,0.13306085253982797,0.00884067312355279,0.4718182248948685,0.08484800253988121,0.48672967695557406,0.07131929390592458,0.532110324738098,0.14576875588602428,5
fashion,DenSNE,perplexity,15.0,dens_lambda,1.0,0.8995065777777779,0.005227356590897019,0.5554802666666667,0.027652211848397227,0.8614938222222221,0.01913249630341012,0.8449254222222221,0.015542097929156954,0.7489987555555555,0.10527579617080804,0.45143037934102104,0.02496473238653926,0.13573542587267898,0.014077621556580863,0.4353131619253589,0.06032437630074395,0.4514722945548568,0.05138192203291752,0.4971541608603015,0.1403888035190046,5
fashion,DenSNE,perplexity,30.0,dens_lambda,0.0,0.5364606222222222,0.012084269401699033,0.5636938666666667,0.010837477498631053,0.8650905333333334,0.02371684293815444,0.8421005333333333,0.04129941105896411,0.7822568888888888,0.10464452029869119,0.1389186510847546,0.02166755286249745,0.15636638946449238,0.008867933519627573,0.40632598119689156,0.08496990764897228,0.4775402255936204,0.1767220519217777,0.5449147755438587,0.15601941728158913,5
fashion,DenSNE,perplexity,30.0,dens_lambda,0.01,0.5898129777777777,0.014623872225040815,0.5649779555555556,0.01085107027252423,0.8702458666666667,0.0215021076828514,0.8438609777777778,0.0475253809922578,0.7834811555555555,0.10576949831397583,0.1534125667592612,0.022015748593744045,0.16069179519936871,0.009098599337394956,0.41366109147600605,0.06633543860913288,0.47276685175130606,0.17984038316127038,0.5535778665055651,0.15802743636829825,5
fashion,DenSNE,perplexity,30.0,dens_lambda,0.05,0.7797322666666666,0.01256548645838292,0.5705859555555556,0.00920733304424542,0.8787407111111112,0.025840025981047978,0.8577052444444444,0.03754094487310395,0.7840593777777778,0.10661011713999037,0.23752362469178454,0.019918560270623362,0.16749417067026157,0.010311444398862973,0.4344226313587062,0.07815629995511705,0.5054090273941245,0.15696401109563876,0.556101287924464,0.11284051490604904,5
fashion,DenSNE,perplexity,30.0,dens_lambda,0.1,0.8571925333333332,0.011604228200887443,0.5701772888888889,0.00596725209915039,0.8841723555555555,0.028287137432732038,0.8650537777777778,0.030009885279995926,0.7834821333333334,0.11044275156332811,0.33052134211000445,0.029735694071297763,0.16594685886225322,0.010671566323562373,0.47216398675622084,0.09333837812980253,0.5286409760813428,0.1201236051740534,0.5677519596997543,0.10182193626938818,5
fashion,DenSNE,perplexity,30.0,dens_lambda,0.2,0.8923179555555556,0.010066327188781641,0.5603146666666666,0.0130037550531176,0.8903247555555556,0.02624110185958162,0.8686593777777777,0.0302618818906794,0.7822182222222221,0.11226885241428158,0.41640488683865334,0.04369120512634464,0.15656689029557044,0.016191626803180918,0.4988794786189537,0.09999099767157398,0.5477161354970199,0.09455066139670007,0.5682602562672201,0.09607094727150454,5
fashion,DenSNE,perplexity,30.0,dens_lambda,0.5,0.9083679111111109,0.0067243573498069,0.552977688888889,0.02445577337305188,0.8919371555555555,0.02220641350712412,0.8643755555555556,0.027604260619434794,0.7796040888888889,0.11322989339072112,0.47332669580463776,0.03467161572305631,0.13953741876888057,0.021046731653412493,0.49853942389976014,0.08131001647831221,0.5286563734812464,0.07497081497381007,0.5511146482663167,0.09248090782060576,5
fashion,DenSNE,perplexity,30.0,dens_lambda,1.0,0.9108427555555556,0.007079453277349343,0.5432188888888889,0.02801471388880504,0.8841108000000002,0.0257267706156664,0.8538192888888888,0.028818486494129845,0.7708189333333333,0.11104838291488024,0.4832116983670115,0.036441901288718805,0.1351757968412415,0.021948185786364413,0.4787002296158332,0.07475178827727771,0.49757213746755136,0.0609160381216404,0.5339356751104625,0.07768909191742392,5
fashion,DenSNE,perplexity,50.0,dens_lambda,0.0,0.5342742222222222,0.018996373592846918,0.5907810222222223,0.01291140928666979,0.8608734222222223,0.0507217367426201,0.8289858666666667,0.0732802788092437,0.8048602666666668,0.08399440415258717,0.14472602562311393,0.02149603735427656,0.17920426210813553,0.012310987538072716,0.4144886282908214,0.14463120803102406,0.460685572233825,0.2254096945166177,0.504207840268013,0.08558734954887921,5
fashion,DenSNE,perplexity,50.0,dens_lambda,0.01,0.5884357333333333,0.016137260992980035,0.5891415555555556,0.010551653002559355,0.8653837777777778,0.05271992229475903,0.8321918222222221,0.07453532939658064,0.8053292444444444,0.08326861951474486,0.15848887477158446,0.018067619679501577,0.1771283594179323,0.008207887332844698,0.4317289492329941,0.14938649212593874,0.4731515500550401,0.2431686379752784,0.5073115428163211,0.0887334953981879,5
fashion,DenSNE,perplexity,50.0,dens_lambda,0.05,0.7775737777777778,0.015573198379044901,0.5844039555555556,0.011263864201534801,0.8771851999999999,0.0451993659634325,0.8460664888888889,0.06607678287882075,0.8079908444444444,0.08429362216408035,0.24294015328629442,0.025539864114849837,0.1731905145276007,0.013525881219652699,0.46177397101799206,0.1264880361147106,0.518314328550793,0.20695341974868345,0.5228036328597045,0.06558236218251254,5
fashion,DenSNE,perplexity,50.0,dens_lambda,0.1,0.8559047111111111,0.013940569879064708,0.5792998666666667,0.0147443626637605,0.8843460888888888,0.0417629106465191,0.8551920000000001,0.05971691166549223,0.8097168,0.08215456005792444,0.3314012137015075,0.03342263270558654,0.16779876578094238,0.013874015423620137,0.49489930841950314,0.12368493576441424,0.5386236179183441,0.19595880339515784,0.541167135816912,0.058032385692850796,5
fashion,DenSNE,perplexity,50.0,dens_lambda,0.2,0.8906673777777778,0.010582847140071648,0.5547249333333333,0.01833693414093232,0.8894362222222222,0.03802686213977603,0.8563528,0.05476467827088531,0.8062449777777777,0.08485645295927491,0.4075054405831183,0.032297670158823226,0.14649580879570917,0.015010314365457902,0.5091543622419576,0.09715130126473326,0.532493619383456,0.16680184881576668,0.5444336223509778,0.0694990567852159,5
fashion,DenSNE,perplexity,50.0,dens_lambda,0.5,0.9053781333333333,0.008194725153158186,0.5276602666666667,0.025050346051378725,0.8908582222222222,0.03165161284873055,0.8541372444444445,0.04829092760271711,0.7999981333333334,0.09064670920839385,0.4561622629664991,0.03860239462431331,0.12565515407847733,0.017232258522330797,0.5084829946506042,0.08088065836142481,0.5109015539301064,0.1339270860856911,0.5314605325155947,0.06738958032715442,5
fashion,DenSNE,perplexity,50.0,dens_lambda,1.0,0.9077903111111111,0.007529783735356154,0.5126988888888888,0.01595300651876171,0.8874336444444444,0.03031894695539329,0.8532797333333333,0.04491407865131262,0.7951240888888889,0.08950682815164386,0.4673196361657045,0.03700155547684012,0.11465472307311604,0.010548254012326662,0.4829093431075545,0.0820885993305587,0.4963274346193981,0.11565297539458301,0.5195292358763823,0.06375794539235999,5
fashion,DenSNE,perplexity,75.0,dens_lambda,0.0,0.5468811555555556,0.013444429195950958,0.6031260444444444,0.004689746889376829,0.8825021777777777,0.028028582646917106,0.8489374222222221,0.03143882786179304,0.8200690666666667,0.08254003500380667,0.14097271075648082,0.013293320284433002,0.1853080632377584,0.014338607760524464,0.45512986582804427,0.1163597105474433,0.49616562964882915,0.12891568487747376,0.484690128411705,0.15580488062488743,5
fashion,DenSNE,perplexity,75.0,dens_lambda,0.01,0.6063467555555555,0.013830025383692466,0.6011455111111111,0.0049161770814623975,0.8851939999999999,0.028791931477798096,0.8536923555555556,0.02710981660734631,0.8245784888888888,0.08105338924930894,0.15786968755884356,0.01286274003829881,0.18287943093900041,0.017926788711889113,0.4663312852750975,0.10302236486882783,0.5386454802712464,0.10617060815439436,0.5050209354745845,0.1525184071188562,5
fashion,DenSNE,perplexity,75.0,dens_lambda,0.05,0.782964,0.014717155988677339,0.5890273777777779,0.007245847831689535,0.8892559111111111,0.01872688492060625,0.8621300444444444,0.02515624191957235,0.8235696000000001,0.08439981832617502,0.2452969172185865,0.017910450377105567,0.17765966678110973,0.015901245653950288,0.485789265339896,0.0760689262247797,0.5817750521019085,0.07493072903472744,0.5256024973085428,0.12865688002872722,5
fashion,DenSNE,perplexity,75.0,dens_lambda,0.1,0.8535793777777776,0.01063123974559862,0.5854077333333334,0.008830383007506501,0.8986629777777777,0.01765685878107472,0.8702208888888888,0.023800402463658072,0.8252839111111111,0.08405894364290148,0.32959342665948343,0.021737949707064715,0.17368518204776967,0.009830000099710941,0.5186921696787697,0.07588873194259885,0.5976843820386344,0.06199091607255647,0.5426218763122397,0.13134337293376266,5
fashion,DenSNE,perplexity,75.0,dens_lambda,0.2,0.8880444444444444,0.006915482576021712,0.5765371111111112,0.009230944132657659,0.9022309333333333,0.01851699739905322,0.8734222222222222,0.0238677846934491,0.8222027555555556,0.08734943666034142,0.40746555750285013,0.02389443990540284,0.16167654557522093,0.009264991477716134,0.5304812730931496,0.07754431403427843,0.5997102853171701,0.06509481158943718,0.5546517851212605,0.11918854842408305,5
fashion,DenSNE,perplexity,75.0,dens_lambda,0.5,0.9013283555555555,0.005432147340680596,0.5456390666666666,0.009110031465029462,0.9017364888888888,0.012024645788166196,0.8701903111111111,0.022501282446634227,0.8109937777777777,0.09345586019422204,0.4530652775750452,0.027308107738087305,0.13568291066524168,0.015138096871548015,0.5219903649952692,0.05772615846352091,0.5643246833545272,0.06318587573489322,0.5473875648471117,0.11182657960055523,5
fashion,DenSNE,perplexity,75.0,dens_lambda,1.0,0.9055976888888887,0.005911006243012908,0.5263012888888889,0.017870006886773555,0.9022295999999999,0.013236185674874489,0.8714315555555556,0.021553455258502004,0.8017822222222222,0.09891044149552408,0.47012886636193996,0.03531034101631817,0.1264247392598011,0.018733873858799467,0.5187405107657049,0.06287284595362992,0.5456096284013945,0.06043093806469926,0.5297807917528035,0.0962176577771017,5
fashion,DenSNE,perplexity,100.0,dens_lambda,0.0,0.5657576888888889,0.0024656185240569447,0.6153148444444444,0.0045583141306386665,0.8949789333333333,0.015661689310520154,0.852180711111111,0.03453297865483517,0.8225388444444445,0.08210651390685031,0.14486582507732898,0.007264743733584206,0.1990695393713588,0.006593253642237581,0.44860979195609446,0.07148613279792022,0.5242505468345289,0.11962145750126038,0.433532646925615,0.15635875551803022,5
fashion,DenSNE,perplexity,100.0,dens_lambda,0.01,0.6227136888888889,0.00319529916140322,0.6136187555555555,0.0033127431197992672,0.8964561777777778,0.014445985571973931,0.8573242666666667,0.031122287656879095,0.8261678222222223,0.0823956757379061,0.1648827858436682,0.006278079194721282,0.1977014428179312,0.008422889748413766,0.46284525835566936,0.056842719441012324,0.5531051494641397,0.10546292151049273,0.4487757209256844,0.15892975901044962,5
fashion,DenSNE,perplexity,100.0,dens_lambda,0.05,0.7893839111111112,0.006059017525378146,0.602292711111111,0.006726221573205256,0.8988044888888889,0.010887307804032829,0.8640186666666667,0.02582983940625815,0.8294907555555554,0.08184036017166073,0.25980380930489927,0.009587928294485822,0.18862403700863817,0.009001833991962308,0.499681282377942,0.03982252536033318,0.5884681114668038,0.05251575060760719,0.4906165306579241,0.15272204412340717,5
fashion,DenSNE,perplexity,100.0,dens_lambda,0.1,0.8552926222222222,0.006970065473238816,0.5954278666666667,0.005853680765863639,0.9040268444444445,0.011756389706175057,0.8673690666666667,0.026622382719976277,0.8267165333333333,0.08098933372198389,0.33706589198305614,0.011526691524927584,0.1795484156492617,0.011411417241316606,0.519385443961494,0.04241263571697226,0.5939758037759022,0.04308298817553127,0.5105541678936478,0.14228670658839337,5
fashion,DenSNE,perplexity,100.0,dens_lambda,0.2,0.8850805333333334,0.008512928946571874,0.5881034222222222,0.004215952782784306,0.9057199555555556,0.010195618112759753,0.8681051555555556,0.023826796970772644,0.8183260444444445,0.08057910518769354,0.40231813569546615,0.01846438064496638,0.16314429044483,0.00793571515742029,0.524637608035905,0.03643181228682564,0.584018016700163,0.03371813355390176,0.5203037624810097,0.11985097272623307,5
fashion,DenSNE,perplexity,100.0,dens_lambda,0.5,0.8984216,0.006890230870005412,0.5554051555555556,0.010736977410384704,0.9043927111111112,0.011553950173099632,0.8673379555555556,0.017559802368470833,0.8104311111111111,0.08647432206209406,0.4548432201445351,0.02102965561490722,0.1399584410999924,0.010864750629820102,0.5340484007568337,0.042809607147712654,0.5687216140893241,0.038075288804858644,0.5231090024413763,0.10368838235517826,5
fashion,DenSNE,perplexity,100.0,dens_lambda,1.0,0.8991854222222223,0.005789979316366412,0.5438611111111111,0.018202058020936298,0.9018960444444444,0.011171856158873953,0.8663638222222222,0.018954678736005606,0.8040521777777778,0.09281946793168443,0.46351076071999947,0.0266179625247273,0.13415752828729963,0.012399634690338978,0.5235670836094416,0.04564318283853117,0.5478148044758894,0.04340931305035974,0.5231244727789204,0.08065783457473315,5
fashion,DensMAP,dens_lambda,0.01,dens_frac,0.1,0.6294267555555555,0.033053707603098184,0.6176363555555555,0.022286379768818438,0.8771881777777779,0.007957326977519505,0.8190630222222222,0.026079634212480655,0.8997576888888889,0.01814131027268635,0.18815977357515365,0.023237819356020956,0.22252992288037104,0.022948725934594526,0.5489993009627994,0.04579514020073122,0.5505622762458785,0.010849448859126665,0.5307438193833796,0.04206960524709005,5
fashion,DensMAP,dens_lambda,0.01,dens_frac,0.3,0.6276427555555556,0.03415524005261642,0.6164350222222221,0.022569443777148694,0.8763805333333334,0.01043766332773815,0.8191370666666666,0.02522122438084911,0.9000076444444444,0.017872495291389432,0.1871864617714462,0.024237241023499227,0.22279085153872166,0.0236870251747081,0.5397417679390305,0.0596104180728733,0.5496903479344188,0.015918181190739972,0.5292333535485364,0.04159030946023164,5
fashion,DensMAP,dens_lambda,0.01,dens_frac,0.5,0.6314706666666667,0.03786428078946833,0.6172996444444444,0.022790633503619324,0.8767759999999999,0.011499469209435936,0.8210469333333335,0.027584025404946606,0.9005779555555555,0.01938799259208171,0.18966860796197055,0.02722848391349936,0.22464056518251502,0.025756286347528908,0.5605157653185068,0.04950834410105469,0.5590349796191443,0.02124546602883457,0.5392904001891508,0.051179397935862334,5
fashion,DensMAP,dens_lambda,0.05,dens_frac,0.1,0.8624685333333334,0.014145851986874677,0.5889235111111111,0.014543533208361582,0.8874732444444444,0.008267389858748756,0.82761,0.0202729591303597,0.9017683555555556,0.01642549053148792,0.3805990166029108,0.015470260345073922,0.18040785548562988,0.00995847185796958,0.5667292645097177,0.049112447333518515,0.5541355765896554,0.010648009230799773,0.5490034866544694,0.030907171393943382,5
fashion,DensMAP,dens_lambda,0.05,dens_frac,0.3,0.8627396444444445,0.015813673272218973,0.5894582222222222,0.010715601707352525,0.8893986222222221,0.002410834343562235,0.8335718222222223,0.01672222423506809,0.9061916444444444,0.01454948127164938,0.3841473750090941,0.015858573934264087,0.18387152315309058,0.008805133280431136,0.568599511078476,0.04386284813400608,0.5703586504835247,0.015775144020703204,0.548619171636036,0.03466963176807664,5
fashion,DensMAP,dens_lambda,0.05,dens_frac,0.5,0.8631491555555556,0.01731301950000072,0.5953987555555555,0.013577462665555982,0.8934670666666665,0.00555088681247768,0.8364721333333331,0.01852562205390013,0.9079220444444445,0.015267295360174744,0.38464765099286546,0.027690631180624616,0.19118451254748817,0.017438588949035383,0.569581292560871,0.04658057849748753,0.5863664080186106,0.02654600298605887,0.5617138592943215,0.03890599975470925,5
fashion,DensMAP,dens_lambda,0.1,dens_frac,0.1,0.8937084444444444,0.005180847416264925,0.5869527111111111,0.015241968389294334,0.8842185333333333,0.008892231781965486,0.8333101777777777,0.01627523689566068,0.9022445333333333,0.016094153875795342,0.46580372159316374,0.009278858926700223,0.17489631785189536,0.011808262577311128,0.5608091086488043,0.037480840387889784,0.5569634384037946,0.014066566155237633,0.5533512714301104,0.03424619083503116,5
fashion,DensMAP,dens_lambda,0.1,dens_frac,0.3,0.8943133333333334,0.0074200604236999935,0.5913711555555555,0.010643237335173915,0.8896055111111112,0.005557916126049204,0.8491341777777779,0.010547267258733927,0.9120589333333333,0.011120573973107515,0.4785460018895007,0.014164362654801846,0.1776759980735582,0.005723442171054253,0.5743687315365227,0.027763347341585632,0.5881546249522317,0.01841074709703223,0.5551162526095927,0.03811279234370255,5
fashion,DensMAP,dens_lambda,0.1,dens_frac,0.5,0.8924078222222223,0.007823916070392355,0.5947764,0.016742517598639164,0.8935549333333332,0.008467966722002293,0.8496938222222223,0.012224761102364146,0.9187249777777777,0.006891200382094048,0.46972402095355414,0.018126475176240324,0.1803110001904879,0.011773990573469052,0.5620607890189765,0.04431005474871499,0.5952113171459352,0.01797362656207856,0.585250157654921,0.026082804242348698,5
fashion,DensMAP,dens_lambda,0.2,dens_frac,0.1,0.9048451555555556,0.002859518177492035,0.582674488888889,0.019855807513417242,0.886113688888889,0.009031203889505974,0.8382608444444445,0.009326578532398076,0.9030856,0.015091935623020122,0.4958335567224309,0.017985803322651858,0.17329888805857077,0.012987728726677614,0.5479711633306019,0.03550035232439993,0.560334783400423,0.01567067513760153,0.5494899519122942,0.026190171756209368,5
fashion,DensMAP,dens_lambda,0.2,dens_frac,0.3,0.9061399111111111,0.003626728858399235,0.5954299111111111,0.01726290416077777,0.8845940444444444,0.010546484466516185,0.8497758666666666,0.013346129015329751,0.9172441777777778,0.007634631916713669,0.5055224427497989,0.027909218334112335,0.17179607282285775,0.005356178623254882,0.5627098490244729,0.0057267598920720374,0.5875092843729676,0.027759668519806498,0.5806706803250596,0.022453173319129563,5
fashion,DensMAP,dens_lambda,0.2,dens_frac,0.5,0.9057533333333334,0.004928510034533098,0.5972641777777777,0.019381010549912075,0.8872571111111112,0.011054007411425598,0.8449864888888889,0.01795309113340774,0.9212598222222222,0.004024881301524044,0.4966936039947015,0.013524798408243704,0.17410397851952783,0.005217404625059083,0.5387257632287037,0.02293395999137648,0.5789994273807243,0.028718878615636118,0.5969050794851701,0.022508935880986812,5
fashion,DensMAP,dens_lambda,0.5,dens_frac,0.1,0.9082452444444444,0.002892407505056814,0.5851028444444444,0.0113031845151141,0.8847954666666666,0.006085971893737129,0.8412796444444444,0.006084903962844197,0.9051594666666667,0.013192919101164624,0.47605512749511714,0.020926331796512813,0.1571857426024068,0.00972342087430825,0.5103611032556264,0.01846156116582542,0.5618073626860112,0.014234987837555453,0.554002199262462,0.02289427779064713,5
fashion,DensMAP,dens_lambda,0.5,dens_frac,0.3,0.9110891555555556,0.0017043321591291376,0.597982888888889,0.017476393070809323,0.8844507555555555,0.014578564834444373,0.8433613333333334,0.02058650703258009,0.9209341333333334,0.00494556214483191,0.5019415606980208,0.014361956818670554,0.16230530773045138,0.0046004913495030835,0.5523597146219995,0.020450628218511263,0.5831214683528735,0.040501422084015075,0.6054478982331732,0.031403601910152866,5
fashion,DensMAP,dens_lambda,0.5,dens_frac,0.5,0.9081192,0.0034035088560679535,0.5866523555555556,0.020491334241636672,0.8854879999999999,0.005477358633952872,0.8430692444444444,0.017469341441791044,0.9310403555555554,0.007547145047002422,0.497303512639556,0.02285431212628814,0.15623081638472686,0.006933907053254296,0.5352124998660431,0.025545067890432944,0.5774872835752475,0.027195849389286403,0.6408762582224744,0.03541614990461327,5
fashion,DensMAP,dens_lambda,1.0,dens_frac,0.1,0.9056081777777777,0.003954056315128779,0.594932,0.008168371444136376,0.8862864,0.004816396179512698,0.8451962222222221,0.007584980513008307,0.9034908444444444,0.01319952328581761,0.44854715962941966,0.030250908595594993,0.15520416810020757,0.0063186202022494815,0.4846334694157878,0.02444909512419492,0.5356463136164944,0.0184251119782791,0.5460804052805825,0.021721551827654093,5
fashion,DensMAP,dens_lambda,1.0,dens_frac,0.3,0.9088270222222221,0.003018083136244614,0.5796812888888889,0.026516432932089037,0.8871281777777777,0.013756181869963217,0.8441208,0.021305741071537706,0.9242178666666666,0.004439449319648674,0.4852618664026206,0.03355865055040074,0.15845230751121686,0.007979285000175215,0.5299502049816213,0.02069342478467461,0.5775557698823224,0.03695040292271564,0.6336347690282176,0.03480369294990712,5
fashion,DensMAP,dens_lambda,1.0,dens_frac,0.5,0.9071939555555554,0.001066170051060143,0.5773797333333334,0.01125524480365147,0.8893214222222223,0.00617080234213338,0.843443911111111,0.01791327470637837,0.9322149333333334,0.002898025067839621,0.4790053496161487,0.024215307828792505,0.15001368067714385,0.003931507267032723,0.5247328184059394,0.014377130257570363,0.5674379535969812,0.02902445712335741,0.658824647117374,0.0438960395406577,5
fashion,DensMAP,dens_lambda,2.0,dens_frac,0.1,0.8992233777777778,0.003862680417776788,0.5916456,0.016749465950137484,0.8881426666666666,0.009170604063467532,0.8497040444444444,0.009541913342307178,0.9003600888888889,0.011848370157854232,0.4341045247265491,0.02665744178708103,0.16318974746566073,0.0069969208519651185,0.46188578166196387,0.022249081287490858,0.4979362575460889,0.012137419336795375,0.5304461660967285,0.016335802556033608,5
fashion,DensMAP,dens_lambda,2.0,dens_frac,0.3,0.9058113777777776,0.003098487525898435,0.5921072444444444,0.013676328177178062,0.8946789777777777,0.00565476523969383,0.855628488888889,0.01574084733032319,0.9165600000000002,0.004067158561629019,0.46882415615155787,0.02988306845608753,0.16251906144450748,0.011780758852650114,0.5058287668536682,0.02449804479031425,0.5435602762818802,0.029655060729502556,0.6134394723561767,0.028413950869018365,5
fashion,DensMAP,dens_lambda,2.0,dens_frac,0.5,0.9044155555555555,0.0010855815531971118,0.5903347555555556,0.014216289538309125,0.8950505777777777,0.007639777594526357,0.8488347111111111,0.013752455520720004,0.9272080888888888,0.0032001808189654874,0.4607398499963883,0.0074894952524657745,0.15491597453139408,0.006493106549925262,0.5008366433559758,0.015556255913556501,0.5332226040540279,0.016066290346101308,0.6477275381048087,0.04152875120605899,5
fashion,DensMAP,dens_lambda,3.0,dens_frac,0.1,0.8973104000000001,0.0035962538478632356,0.6092607555555556,0.016631870372537466,0.8888323555555555,0.008504438245214458,0.8504554666666666,0.010828211322031295,0.8896568888888888,0.013851552888831668,0.43316267286663807,0.024196381569132702,0.17424067810319066,0.007588636726792387,0.4465618644508983,0.021682016630850984,0.4692788882548206,0.015263659325610742,0.5156453707430303,0.013871150788076377,5
fashion,DensMAP,dens_lambda,3.0,dens_frac,0.3,0.9033684444444445,0.004291792603689811,0.5924705333333333,0.023025372637619425,0.896661511111111,0.00931736123615145,0.8596202666666667,0.016472676694798537,0.9083504888888889,0.0067650316112515966,0.45171484566722186,0.021167965183444343,0.16774362780583169,0.00549110656262996,0.4764392459807943,0.019010280106526587,0.5071545285541709,0.031173282936074683,0.5787340587344766,0.026635452609802178,5
fashion,DensMAP,dens_lambda,3.0,dens_frac,0.5,0.9031250666666667,0.0034759781158298256,0.5923030666666667,0.008454871552710908,0.8975069333333334,0.0024293887225867823,0.8567773333333333,0.013328687872219845,0.913689688888889,0.005217782674614541,0.45517004377086784,0.019861942861016765,0.1592729739011513,0.012181030289323174,0.4910615702674481,0.025395221328419,0.5120956497294398,0.025530172877567304,0.6212913071201347,0.0517176813953427,5
fashion,DensMAP,dens_lambda,5.0,dens_frac,0.1,0.8922260444444445,0.004307392744664665,0.6289110666666666,0.012873919808839996,0.8863254222222222,0.005695023353988117,0.8461508888888888,0.00904195963956137,0.8658468444444443,0.015268120133301822,0.41525085479768487,0.016372174287257093,0.18335947096429933,0.008393559276985266,0.42025776662759273,0.009622062896084355,0.42576510956993563,0.007432787243545014,0.4802901578878952,0.01897104460905493,5
fashion,DensMAP,dens_lambda,5.0,dens_frac,0.3,0.8987201777777779,0.004812715530270696,0.6193720888888888,0.012788746930962203,0.8983976888888889,0.005753247974990213,0.8651234666666667,0.013056511198688664,0.8826690666666666,0.006800172493091797,0.43762834440932297,0.019683490379771726,0.18892389889817904,0.009699767962617185,0.4587840915778257,0.018365991743446875,0.4706534973127347,0.020966704233236846,0.5426702821974244,0.032196819126942826,5
fashion,DensMAP,dens_lambda,5.0,dens_frac,0.5,0.9005395555555555,0.006089202068182653,0.6083893333333334,0.014226285738070684,0.8990114222222221,0.0032033248298341983,0.8620642666666667,0.012772910190161166,0.8978692444444443,0.005600575635317625,0.44244133374250777,0.017694136340906826,0.1726615023601123,0.008350222832093628,0.4630152662882474,0.015368917050981395,0.4801459991477996,0.018076692854937425,0.5870200072332611,0.04244751052232736,5
fashion,DensMAP,dens_lambda,10.0,dens_frac,0.1,0.8845194666666666,0.004095998111978713,0.6747361777777778,0.016083473946343692,0.8822998666666667,0.004792307337781346,0.8487856888888888,0.004285045133086938,0.8279721777777777,0.018417415350895663,0.39426656714894753,0.008579095296213394,0.19726996563987398,0.0063755433509668355,0.3967367476904652,0.006999691078991624,0.39449436416275746,0.004979706963149822,0.4360854274112202,0.020410879526295164,5
fashion,DensMAP,dens_lambda,10.0,dens_frac,0.3,0.8910781333333333,0.00420621991405957,0.674976888888889,0.021911568534779026,0.8929284888888889,0.0012915893013867215,0.864744311111111,0.005331772140945522,0.835215288888889,0.015356060620733948,0.4070359758034708,0.00893269658559354,0.2164652494630543,0.01564802492737388,0.41766176463121807,0.004942003108526072,0.41908332178384394,0.009199071672313791,0.4629258983940424,0.03865959369228001,5
fashion,DensMAP,dens_lambda,10.0,dens_frac,0.5,0.8947836444444445,0.0023495332743775636,0.6548811111111111,0.022903809660468327,0.8991729333333334,0.004794692622390873,0.8746919111111111,0.011250007044826352,0.8497171555555555,0.013647343613816547,0.4198769533237138,0.011380520107210176,0.20492813324811743,0.015324732292303227,0.4358599070484582,0.01294879930784179,0.4411895839485032,0.01230718412548843,0.4963771190813365,0.015824512543466954,5
fashion,HIGH-D,,,,,0.8913702222222222,0.0,0.5016702222222222,0.0,0.8999462222222222,0.0,0.8745906666666666,0.0,0.9999813333333332,0.0,0.42306238316439,0.0,0.1137432867770793,0.0,0.5374604923573937,0.0,0.45922193539667566,0.0,0.9998338125324835,0.0,5
fashion,PaCMAP,n_neighbors,5.0,FP_ratio,1.0,0.6060956444444444,0.038850197126023174,0.5361542222222223,0.012152952190240502,0.8729682222222221,0.008588524065846785,0.8598281333333333,0.010292431319142228,0.9218211555555555,0.007947829163044332,0.1816352103819816,0.021711038881291084,0.15013704921698595,0.007517554789674193,0.5749133470331425,0.023386788397865232,0.5325715217718374,0.03927451644867246,0.6695344224368724,0.037519894236244675,5
fashion,PaCMAP,n_neighbors,5.0,FP_ratio,2.0,0.601960088888889,0.02512859326831576,0.5351879111111112,0.01689733360410439,0.8534587555555555,0.01036848158175112,0.8646234666666667,0.012287178468068743,0.9231762666666666,0.012012801528081816,0.16197113134806745,0.009213469788783393,0.14538107532767133,0.010591478496533451,0.5421766552167387,0.021107374079596897,0.4852464466056848,0.08708692852341089,0.6441870722149375,0.03209639194282981,5
fashion,PaCMAP,n_neighbors,5.0,FP_ratio,5.0,0.6068202666666667,0.03288249470064995,0.49743951111111107,0.024551140259355897,0.8237588444444445,0.006596686402380998,0.8614321333333332,0.011816240075463358,0.8971618666666668,0.01190904654329516,0.1712944532828517,0.01673309015351528,0.10802710936032633,0.016909192352601587,0.40838599076674054,0.022555163019728947,0.38831317841538515,0.09454254674309058,0.6042921667245164,0.032289314070283924,5
fashion,PaCMAP,n_neighbors,8.0,FP_ratio,1.0,0.5329832000000001,0.028110897443895954,0.5545871111111111,0.02171601843039229,0.8576385777777779,0.010487924593856493,0.8421879999999999,0.006322127919624792,0.9193374222222221,0.009042597733389444,0.1492027302479047,0.009140309926405105,0.17188648113939767,0.029656612301485634,0.5519626644698545,0.015381497662556342,0.4864665864398773,0.014594957429233444,0.6528772625548013,0.019396874090892833,5
fashion,PaCMAP,n_neighbors,8.0,FP_ratio,2.0,0.5267228444444445,0.03372775144214645,0.5602658666666667,0.03111977580396245,0.8653733777777777,0.0040317827150937405,0.8612996444444445,0.009518091847102407,0.9345342222222222,0.0025410280606356864,0.1312969829104238,0.01375409529365705,0.16664756015851792,0.025433977300482163,0.5783164013256046,0.010188570765292868,0.4774660786530204,0.016451376701501867,0.6710356242105127,0.01491850005011272,5
fashion,PaCMAP,n_neighbors,8.0,FP_ratio,5.0,0.5637763555555556,0.01874543265629276,0.5340092444444444,0.012445770719603457,0.8239721333333334,0.008508067424436966,0.8460240888888888,0.008756884046985295,0.9120812444444443,0.012182145665980136,0.13832966709911712,0.016940060669678545,0.13054725320914684,0.007812165283938696,0.3660426809556342,0.05456474800861183,0.3324701582902182,0.0637147713709233,0.5917017016090169,0.03187822005710095,5
fashion,PaCMAP,n_neighbors,10.0,FP_ratio,1.0,0.5385421333333333,0.021402792127531385,0.5733446222222222,0.023732109030739634,0.8649475555555556,0.019949173463493338,0.8448303111111111,0.00853415424523613,0.9219122666666667,0.011982485706796431,0.15353545707997468,0.012875837488728635,0.18433968610313992,0.03202655752191605,0.5650548119498326,0.021656643130329084,0.4751962812794971,0.015590875967925797,0.6680064452040916,0.03708440142902512,5
fashion,PaCMAP,n_neighbors,10.0,FP_ratio,2.0,0.5090709333333334,0.017422286461332842,0.5580439555555555,0.014440473667379152,0.8631742222222222,0.008092230529234232,0.8638102222222223,0.0056640966721190926,0.9333435555555555,0.002399831002280478,0.11747871362400504,0.0035497518247064805,0.1660728831713296,0.009716079273738982,0.571620780117824,0.01912043574099084,0.4833571189323392,0.016187051596067727,0.6627628467341888,0.010040754856908519,5
fashion,PaCMAP,n_neighbors,10.0,FP_ratio,5.0,0.5244495111111112,0.017422520223074917,0.5444532444444444,0.015897247831225616,0.8276268444444443,0.02235597414198345,0.8547736444444445,0.012713120747897329,0.9303319111111111,0.003095133422601211,0.11227859259650907,0.007707528790652641,0.13590489754689156,0.009163444982006977,0.3553206157320412,0.04801938137939926,0.30126321169468706,0.028504430442103896,0.6319232425835327,0.03814788115557682,5
fashion,PaCMAP,n_neighbors,15.0,FP_ratio,1.0,0.5419501333333333,0.017633121926619,0.5757526222222222,0.021187070656941278,0.873443288888889,0.013240905498855822,0.8427428444444445,0.0076415719900431766,0.9143289777777778,0.0029996985758037314,0.15610495176587516,0.009948694175643811,0.1886855400008704,0.016989091487702425,0.5570740311359486,0.01797072443814758,0.35316985530941325,0.03901010943344875,0.6479877006217504,0.007838928718886029,5
fashion,PaCMAP,n_neighbors,15.0,FP_ratio,2.0,0.4927781333333333,0.01346413084448939,0.5580982666666666,0.012617981344880513,0.8622892,0.017085032793950652,0.8561961777777778,0.0007116871694505797,0.9293949333333332,0.003962214153416086,0.11322906917265423,0.0058552511945627606,0.1665975254526361,0.015242744818082526,0.49702603092852116,0.05351130032688489,0.41804329775732113,0.07493191609221593,0.6711207665379411,0.023792868091319537,5
fashion,PaCMAP,n_neighbors,15.0,FP_ratio,5.0,0.4923514666666667,0.02463600961034453,0.5466688444444444,0.010085599467912692,0.8406996,0.011834283183996094,0.8754694222222221,0.012272649460497338,0.9377063111111109,0.0030019231926085694,0.1023141633471866,0.006749079598585893,0.14524042976421667,0.011463143928603198,0.43509578615602484,0.05140045283467656,0.4139008909990321,0.1014762878011919,0.6911165505359643,0.005139631302526454,5
fashion,PaCMAP,n_neighbors,20.0,FP_ratio,1.0,0.5404626666666668,0.005803236534176823,0.5731444888888889,0.018898082780412103,0.8803328,0.009150604418544777,0.8362963555555556,0.0037537474727116237,0.9093112,0.0012752372192779819,0.14516867138235273,0.004587300210374454,0.20481702337483249,0.0160836896782067,0.5289236794125812,0.021346934037520904,0.2850418237270313,0.0035787197612424564,0.6396466180939262,0.00393518031466963,5
fashion,PaCMAP,n_neighbors,20.0,FP_ratio,2.0,0.4607920888888889,0.008305928344811026,0.5471810222222222,0.01942551417283497,0.8565910222222222,0.007913101410998147,0.8437905777777779,0.007241585396296269,0.9267451555555557,0.0014592934397200672,0.09999978099007653,0.004950048784778394,0.1723589602275532,0.02471201853799032,0.433985945812847,0.05177817157607799,0.32053960486694394,0.0451085018335814,0.6604257605356254,0.00564005317110265,5
fashion,PaCMAP,n_neighbors,20.0,FP_ratio,5.0,0.42710311111111104,0.018152015901380006,0.5363068888888889,0.01470691835015155,0.8420353777777778,0.005395140097953248,0.8819593777777778,0.010850246319557048,0.9379005333333333,0.002478860379337034,0.08811444608279537,0.0033865471042754526,0.14278572696103026,0.011559529146944506,0.4418304319691648,0.055634775284589585,0.46499678955596746,0.11614467631696002,0.6855362598650743,0.005040353970976176,5
fashion,PaCMAP,n_neighbors,30.0,FP_ratio,1.0,0.5337871999999999,0.010261843366280459,0.5713031111111111,0.016808290466902166,0.8834547111111111,0.006984450907481022,0.8353169777777778,0.004295808389409225,0.8940481777777778,0.002946464926896613,0.1425122207136546,0.004786210995286859,0.20902118372458714,0.012811389398319162,0.46885421961334756,0.021802160232380564,0.280691292427916,0.0043658746261215145,0.6223775081565078,0.004994067958893268,5
fashion,PaCMAP,n_neighbors,30.0,FP_ratio,2.0,0.48188702222222224,0.008799929351007079,0.5664032444444445,0.003972619431888348,0.8480043555555555,0.02290954528198151,0.8140556444444444,0.018595413634470145,0.9262842666666666,0.006103798352736192,0.11015282113834916,0.005203521884840778,0.19117559259790534,0.007131972664885311,0.2941510316096658,0.036472705453188925,0.23501927727434763,0.015728048240979915,0.6760310129337317,0.02775706143927516,5
fashion,PaCMAP,n_neighbors,30.0,FP_ratio,5.0,0.38726604444444446,0.0033642009834119867,0.5488733333333333,0.016915396640521687,0.8888720444444445,0.028952910044747857,0.8914916444444444,0.0035659710418909853,0.941876711111111,0.0022045152452788187,0.08301991942299732,0.0006022723384865565,0.14058358219900077,0.011627498299674903,0.4711418008792395,0.03213193457313892,0.4370346225345937,0.09234711561193272,0.6943024219347265,0.01725370675232757,5
fashion,PaCMAP,n_neighbors,40.0,FP_ratio,1.0,0.5138161777777778,0.006005980168769654,0.5894295555555555,0.005171027356911412,0.8805288444444445,0.01162332773412217,0.828182,0.0021537600769668047,0.8879201777777777,0.0023228191598535196,0.14127441434212834,0.003429350564620597,0.21093323910792558,0.004858898602562141,0.44446980062642555,0.040579562262680426,0.270216544239127,0.0021370150458011957,0.6165210683966367,0.003493974836839982,5
fashion,PaCMAP,n_neighbors,40.0,FP_ratio,2.0,0.4753667555555555,0.00527498258987239,0.5793700444444444,0.009382513766458192,0.8301943555555555,0.004616729293865896,0.7989222222222223,0.002009446137068066,0.9253880000000001,0.001570861837839415,0.11825322658563335,0.0024609432585134886,0.21371165554283905,0.014558514063830717,0.2517154177392101,0.010626711884234766,0.21712891116670058,0.0032834079360544765,0.6707272280911718,0.003228776990005365,5
fashion,PaCMAP,n_neighbors,40.0,FP_ratio,5.0,0.3464376888888888,0.005586214861957126,0.5533781777777778,0.01277265001207126,0.8668711111111111,0.01812311068603489,0.8743273777777777,0.004753664877014706,0.9427555555555556,0.0017811531290531637,0.07965996791725158,0.003901853529516776,0.1545316935868702,0.01804230086820967,0.358308317068874,0.045443142525830225,0.35390865322697207,0.044071256128780815,0.701129123207114,0.019516522128480224,5
fashion,PaCMAP,n_neighbors,60.0,FP_ratio,1.0,0.4963048,0.0036760339390418863,0.6176847111111111,0.00779742708181967,0.8840853777777777,0.0063267298213293575,0.814370711111111,0.0029910432978940272,0.8716279111111112,0.0014082983830860216,0.13962683704320297,0.0021307880239168305,0.2137538748861966,0.004301633732602586,0.4396178433422834,0.02391783880906982,0.26207887021892057,0.004525594441034725,0.6042740164263927,0.001387685462908485,5
fashion,PaCMAP,n_neighbors,60.0,FP_ratio,2.0,0.44574400000000003,0.004700023535533407,0.6063193777777778,0.0054065764147374525,0.8182142666666665,0.010318751434663473,0.7911640444444444,0.0012586928983456067,0.9121053333333334,0.0008412408824006898,0.11359724966316007,0.0019135743000745886,0.21464823373635222,0.004993449308185644,0.24110241845651084,0.014993999788979072,0.2178003368397216,0.002504792759679143,0.6419731207808943,0.0014072906045475768,5
fashion,PaCMAP,n_neighbors,60.0,FP_ratio,5.0,0.31335955555555556,0.007568706926761632,0.5868281333333334,0.01718486667987098,0.8465580444444445,0.010954224484611358,0.8570306666666667,0.004284722893210868,0.9358949333333332,0.0038432768374634307,0.07541116747639527,0.0019038052563280798,0.16348787123254244,0.013851246597817364,0.2923594108335905,0.015008366466150032,0.2965427637146696,0.017196300850368496,0.6667794799458259,0.011144192314217614,5
fashion,PaCMAP,n_neighbors,80.0,FP_ratio,1.0,0.4808712,0.003188599977620905,0.6241098222222222,0.003768975092043508,0.8919266666666668,0.005427354328984392,0.8065992888888889,0.002159012819683006,0.8593659555555556,0.0013910398845806105,0.13140007473661838,0.0014978535860527716,0.2012511645637373,0.007034245364929664,0.4767740147677978,0.01999476414352962,0.26278431701993527,0.005001550479938973,0.6001758426340258,0.0016098421591620058,5
fashion,PaCMAP,n_neighbors,80.0,FP_ratio,2.0,0.4207654222222222,0.005211697814875711,0.5987604888888889,0.009801474070796434,0.8271076888888889,0.00742219035189432,0.7911216888888888,0.001408779610202859,0.9044332444444445,0.0006317412659947465,0.10814198793137368,0.0016337306040356142,0.19967238772077622,0.009103331010160505,0.24924152201057578,0.011068962660354289,0.2190314083025088,0.001761930425787825,0.6278852731224418,0.000977987341283108,5
fashion,PaCMAP,n_neighbors,80.0,FP_ratio,5.0,0.3000744888888889,0.0034184928828540533,0.6057797777777778,0.014830750684029859,0.8451781777777778,0.02080302654998801,0.8415618666666667,0.004555058990822942,0.9344015111111112,0.003995267627742045,0.07640328120558242,0.0029354482452141548,0.16842322218664924,0.009679462855894203,0.29394864915950636,0.0351880226908396,0.2619889078017601,0.0065072223413047865,0.6591611963597375,0.014528470169299255,5
fashion,PaCMAP,n_neighbors,120.0,FP_ratio,1.0,0.47106533333333334,0.0028394775732322177,0.6144092444444444,0.008829710437487528,0.8733633333333334,0.0020667081357845524,0.7754522222222222,0.0023381277199006636,0.8436332444444444,0.0018567479708243959,0.1210590272545502,0.0010345130245968963,0.18482053949334168,0.006586536938777799,0.39168073110395085,0.012295261444495009,0.2363997153487125,0.007437091082668493,0.591714644864529,0.000767441162674859,5
fashion,PaCMAP,n_neighbors,120.0,FP_ratio,2.0,0.40540844444444446,0.005589759022169512,0.5934233333333333,0.01368603437048602,0.8211440888888888,0.008703071187166563,0.7805526222222222,0.0036636472497184693,0.8917720000000001,0.002369422537348139,0.0993275480683383,0.0011650397286551938,0.1690063642142341,0.006845509422422313,0.23312140975510917,0.008383171222916803,0.2087317395409536,0.002587017063998809,0.6093651480069424,0.005267572643449812,5
fashion,PaCMAP,n_neighbors,120.0,FP_ratio,5.0,0.3048126222222222,0.004682957170605811,0.6178632444444444,0.00928888980940987,0.8558102666666667,0.004707597228331814,0.8326448888888889,0.0018947219151639702,0.9297141333333334,0.0005163061011874367,0.07410449338293959,0.0006063514931554906,0.17047959517380978,0.009337941202521759,0.30442804842235327,0.009680774276550924,0.24793403665944574,0.0033022055800415897,0.6251872357438695,0.006688332756373599,5
fashion,TriMap,n_inliers,5.0,n_outliers,2.0,0.8205072888888889,0.004949733845943603,0.5809264888888889,0.017665330457784137,0.8075720000000001,0.003918616762753539,0.7355676444444444,0.003136249964842595,0.8006224888888889,0.03374147842319175,0.42281613047335964,0.013449576994627456,0.13930768288497208,0.0046286078035405725,0.3879879812249667,0.008089552645457158,0.344685323330309,0.008345690726326157,0.4565649413867988,0.07194606787099403,5
fashion,TriMap,n_inliers,5.0,n_outliers,5.0,0.8373660444444445,0.005319864034278442,0.5502278222222221,0.019152608406567243,0.8255903555555555,0.006467214813728734,0.7298840444444444,0.0039190639862593584,0.8051255111111111,0.036438305674857084,0.45574739050262947,0.02120756073245247,0.13103213893154095,0.003719111286646273,0.414433472074205,0.017518075361715728,0.33978176936065596,0.008566844620017826,0.45889683794231484,0.0972443560665424,5
fashion,TriMap,n_inliers,5.0,n_outliers,10.0,0.8443223111111111,0.008151209380238854,0.5185375555555555,0.021526471618009947,0.8348314222222222,0.004420623283242479,0.7272203111111112,0.004634027301080567,0.7797869333333333,0.0023522871790747995,0.46150156061380826,0.014712424058092744,0.12046883366594449,0.010224365039895272,0.41730779175284793,0.013509055359507815,0.32991638736041723,0.00744075318583353,0.3759031169962951,0.008209886909364411,5
fashion,TriMap,n_inliers,8.0,n_outliers,2.0,0.8353816000000001,0.006141945874149965,0.5741895555555556,0.01551933188154006,0.8214074666666666,0.004727514917878677,0.7318496,0.005590627735685162,0.7913586666666665,0.028748618661823815,0.44559620669261113,0.01338277398329668,0.1460020262831575,0.006725334792984626,0.4044328447575115,0.013491628454915312,0.33975150406777443,0.011956755298770104,0.4233672436598434,0.07923555989012215,5
fashion,TriMap,n_inliers,8.0,n_outliers,5.0,0.8441057777777777,0.003073979027535618,0.5497386666666666,0.011511034628660544,0.8311195111111112,0.004065514179134107,0.7271182222222222,0.0025910721933421576,0.7932126222222222,0.028545042937543022,0.46729957111832227,0.020701375237801443,0.12709257771115645,0.006941378830781285,0.41940121734638075,0.017895887965572798,0.331125357090979,0.007991114260029155,0.42108186138598375,0.07633252599893374,5
fashion,TriMap,n_inliers,8.0,n_outliers,10.0,0.8514409777777778,0.002519464364003113,0.5192344888888889,0.009765949473604056,0.8408693333333334,0.004117687928503489,0.7251236444444444,0.0022774365359562545,0.7926973333333333,0.029711322297928083,0.4695863152339367,0.010234540884493873,0.11919719075283049,0.006780098263997609,0.4250230850123615,0.009351907192599708,0.32595864105612316,0.006242454802574845,0.4193518882489934,0.09253635027539207,5
fashion,TriMap,n_inliers,10.0,n_outliers,2.0,0.836883111111111,0.0046350129116711596,0.5635140444444444,0.012527087600007944,0.8247687555555556,0.0033841542941213812,0.7282781333333334,0.0022398037700644743,0.8166299555555556,0.03511603517033139,0.4419603261415738,0.01131242144400207,0.135748416327683,0.0035325059747498464,0.40151749241129825,0.010035613405106114,0.3369696321045651,0.007222617583399983,0.48698096915012323,0.09511283434003098,5
fashion,TriMap,n_inliers,10.0,n_outliers,5.0,0.8455381333333334,0.004530446928597497,0.5240145777777778,0.014922821987284982,0.8371199111111111,0.005091083625707825,0.7258306222222222,0.0025991551067868403,0.7787088888888889,0.0013199037750187086,0.46544519321137534,0.009789782105636347,0.12322526458152842,0.010332105212021938,0.42448347788612006,0.0032458011280035405,0.3255871950819079,0.007755470483714245,0.37582822304909336,0.0038673579044830944,5
fashion,TriMap,n_inliers,10.0,n_outliers,10.0,0.8530305777777778,0.004663363565411785,0.5264297777777778,0.011017637844792852,0.844494622222222,0.0029732460558524504,0.7240187555555556,0.0009434368690728137,0.7941787555555555,0.030741551865532624,0.4838115620772731,0.014641739950173031,0.12277811833967342,0.0055604825049359275,0.43672398257902534,0.007121704829398104,0.3264029757334964,0.004388843412005332,0.4204970636021098,0.09478640599911059,5
fashion,TriMap,n_inliers,15.0,n_outliers,2.0,0.8367659555555556,0.004017451505926276,0.5450153333333334,0.01124296690006912,0.8268381777777778,0.0031016585224881935,0.7274865777777777,0.004133217434456408,0.7793224888888889,0.0029619770607893204,0.4497050017184671,0.007980276701034374,0.13159047841527113,0.005567353878857095,0.4091487534217745,0.00680638536414681,0.3313248241033348,0.0065963906833098095,0.37514647616264013,0.006947703074842984,5
fashion,TriMap,n_inliers,15.0,n_outliers,5.0,0.8540692444444444,0.007342313480735019,0.5305928888888889,0.022611549482510013,0.843592577777778,0.003827490957162436,0.7263995555555556,0.0014909505792042527,0.7801568888888889,0.0009895387128342084,0.4797728973260956,0.014949748021079392,0.12301661890007946,0.009751791416434364,0.43953204697071746,0.009581839313977148,0.3255824396102385,0.0009910254824770763,0.3871363350856628,0.0100320524845622,5
fashion,TriMap,n_inliers,15.0,n_outliers,10.0,0.8573392888888888,0.0036852162922938036,0.5105466222222221,0.01558340584526601,0.8502407111111111,0.002706030865846435,0.7229902666666667,0.0022178911148951893,0.7790922666666666,0.0008499473680146759,0.46332701770638424,0.008987326033640917,0.11832313352672792,0.004175158344248875,0.4403723824375608,0.009673858849371312,0.31991936462021686,0.00400633005003686,0.3795159801907441,0.007363201625656724,5
fashion,TriMap,n_inliers,20.0,n_outliers,2.0,0.8485194666666667,0.003466498733824205,0.5450853777777778,0.014172764508462894,0.8355261333333333,0.0020742949693216563,0.7269813333333334,0.0030539719047596742,0.7786939555555555,0.005001015952092661,0.4782961278589298,0.015052580322773236,0.12968741836211137,0.007036916408886353,0.4236828535711073,0.017605294453934047,0.3365496724875578,0.00774700475554193,0.3798912376094158,0.011186613315233039,5
fashion,TriMap,n_inliers,20.0,n_outliers,5.0,0.8520911999999999,0.003151355129244764,0.5228980444444444,0.012052257905768542,0.8429141777777778,0.0026130481533741382,0.7242344888888889,0.0015939920411221125,0.7920843555555556,0.030120171598547234,0.4730646917410766,0.015375950751589004,0.11901863731119018,0.004634157632913685,0.42961786169543154,0.007575308800191566,0.3242631595026846,0.005074553458559864,0.4210191761750567,0.09711374634556443,5
fashion,TriMap,n_inliers,20.0,n_outliers,10.0,0.8576410666666666,0.004023789253986035,0.5092746666666667,0.014717694222756778,0.8486720444444444,0.0026431661868595237,0.7237907555555556,0.0009318463498630667,0.7789112888888889,0.0004763069453334342,0.4656121089173646,0.014483455203530489,0.11496538828438992,0.005591822180664911,0.43713094980400846,0.002445633384702773,0.3200554306050942,0.0031137708126613203,0.37896795899955615,0.004976017600043969,5
fashion,TriMap,n_inliers,30.0,n_outliers,2.0,0.8498396444444444,0.0034664452692835857,0.5321508444444445,0.020373743906688082,0.8396877777777778,0.0028543930102195936,0.7258015111111111,0.00385242125050707,0.7791400888888889,0.001221814816947962,0.47130784716103624,0.011072605095007074,0.1249493855993105,0.005753395841001482,0.43175805570248976,0.011906085050042084,0.32652284119757863,0.009133598392803083,0.3850481395287376,0.005708744746699652,5
fashion,TriMap,n_inliers,30.0,n_outliers,5.0,0.8565984888888888,0.0026032320765626525,0.5112088444444445,0.01654115453104022,0.8487313777777779,0.0022393115752087963,0.7231429777777778,0.0014949158083564455,0.7791917333333334,0.0012887134593256076,0.4635099306540987,0.012539147218518402,0.1146657782845627,0.006561127875795772,0.4343949247899899,0.008005514571278606,0.32112727220494913,0.004309468540598418,0.37886278293877396,0.008883108517336768,5
fashion,TriMap,n_inliers,30.0,n_outliers,10.0,0.8607762666666666,0.00252257674649852,0.5130772,0.008778223315837696,0.8535016000000001,0.0030366008912662916,0.7230006666666666,0.0011548864302028308,0.7793003555555555,0.0010663671523935213,0.46141557196946936,0.013190613939212514,0.11654787686422,0.0022345377539805273,0.45052493071649485,0.01152031080789906,0.3197530213984273,0.002110966500193618,0.3811186652398556,0.006579739539439563,5
fashion,TriMap,n_inliers,40.0,n_outliers,2.0,0.8512233777777778,0.004526909496568701,0.5199885333333334,0.01328849690763391,0.8426932888888888,0.0027702972448260736,0.7256142222222223,0.003670484382876253,0.7793846222222222,0.0012275552176361005,0.46210617518372865,0.022963696545883407,0.12121265803628356,0.005821953285702562,0.43090648867556747,0.013176199265066035,0.328409043489844,0.010360928459539547,0.3806578490498255,0.009234575309808847,5
fashion,TriMap,n_inliers,40.0,n_outliers,5.0,0.85784,0.004274514992341598,0.5018899555555556,0.018002530336141763,0.8499322666666668,0.00239270689418521,0.7220797777777778,0.0011445043350024762,0.7940538666666667,0.030470709564643178,0.4680179948221418,0.014850555670502343,0.11327135575867046,0.00673279944868669,0.4418643703190779,0.012017118377875185,0.3188136872468914,0.003967566564903118,0.42193829106631353,0.09353457531862924,5
fashion,TriMap,n_inliers,40.0,n_outliers,10.0,0.8607315555555555,0.003941923626421966,0.5081111555555555,0.007259096412496968,0.8546321777777777,0.002279764219994107,0.7228172444444445,0.0004901834778685254,0.7793504888888889,0.0009081968895142641,0.45547005146489833,0.02052913595373367,0.11665922922388165,0.003963667170267075,0.4505763182337212,0.008539732295853891,0.31881639075623097,0.0036790186449577205,0.3831006659844099,0.005185334061939264,5
fashion,TriMap,n_inliers,60.0,n_outliers,2.0,0.8525196444444445,0.006964820016817871,0.5232885777777778,0.016284738895779218,0.8441153333333334,0.0038804388449800073,0.7241342222222222,0.0012477191833476366,0.7798897777777778,0.0015371825116342625,0.46885727613028366,0.022640714268546056,0.1212316628920967,0.008647919066193359,0.4350446158148178,0.007478208065489691,0.32148461162909037,0.0063976758340011175,0.3783990736998287,0.005095250068721915,5
fashion,TriMap,n_inliers,60.0,n_outliers,5.0,0.8585111111111111,0.002661697740953624,0.5117018222222222,0.021611550534464303,0.8524736444444445,0.0007287413570204869,0.7223439111111112,0.0009265410199923016,0.7790398222222222,0.0011818815549269886,0.4615381182395117,0.007200724532918975,0.1191959234496204,0.012085061688877755,0.4462023628299664,0.011742309000054598,0.31889586776033185,0.003681167926861601,0.38240962101562287,0.0041997719710516,5
fashion,TriMap,n_inliers,60.0,n_outliers,10.0,0.8580543111111112,0.0031013660295719087,0.504044,0.01382334938866075,0.8541600444444445,0.002593097725182308,0.7216519555555555,0.0010364551457423177,0.7791911111111111,0.0003710606752154117,0.4318113704339696,0.0018967590477743995,0.11404405177457466,0.005253530924263792,0.4379190563241314,0.004644536875658598,0.31543804438164674,0.0012573585219358004,0.38021396002415003,0.00459177296693022,5
fashion,TriMap,n_inliers,80.0,n_outliers,2.0,0.8561828444444444,0.002417091581545877,0.5051803555555556,0.011503817163161904,0.8474535111111111,0.0017442777726462753,0.7230899555555557,0.0015062893201670774,0.7798424888888889,0.001978377052779102,0.4590999259839458,0.013598552625213797,0.11574843412565183,0.003448750821165014,0.4310591913251116,0.008424067121436708,0.31968620989848007,0.0019372204817932922,0.3748751546880976,0.003283772266108992,5
fashion,TriMap,n_inliers,80.0,n_outliers,5.0,0.8592281777777778,0.0027622780829249247,0.5106260444444445,0.012099345457656107,0.8534198222222222,0.0023509269114989325,0.7219053333333333,0.0011119853005512421,0.7792394666666667,0.0006622485751654958,0.44786000057946584,0.013056740046477952,0.117119008894956,0.0034168833067213513,0.4418037906460909,0.01178832542852194,0.3167067831371228,0.0029616139414292,0.3802584222021775,0.0068099587356157615,5
fashion,TriMap,n_inliers,80.0,n_outliers,10.0,0.8588549333333333,0.002401968998885035,0.506954,0.004198878459897083,0.8551620444444443,0.0011226769859648013,0.7225912888888889,0.0005706477670806202,0.7787000888888889,0.0008886802755202618,0.43272241760702634,0.009269575410920071,0.11363645981749075,0.0026719281929876958,0.4433023571159211,0.009979087891976565,0.3167590701846672,0.002168114990272279,0.3807658943887692,0.0046132937082959185,5
fashion,TriMap,n_inliers,120.0,n_outliers,2.0,0.8573755555555556,0.005209043674226515,0.5154715111111111,0.011592795743291553,0.8503627111111112,0.002679405648116862,0.7231897777777778,0.0009918308298604997,0.7793751111111111,0.001687102125019965,0.455344321894684,0.006966133158165064,0.11933668167852274,0.007528264687179869,0.4469927785752632,0.0041799859702284625,0.3219420381354249,0.0036693144277785052,0.38281425742960107,0.006748885945320969,5
fashion,TriMap,n_inliers,120.0,n_outliers,5.0,0.8580531555555556,0.0028312126372865318,0.5090540888888888,0.010310683370677746,0.8537110666666667,0.001517559301015557,0.7225525333333334,0.0008615686755656691,0.7787129777777777,0.0004922305391822371,0.4370460320844298,0.005060286472157884,0.11543685797800293,0.0051919150222916955,0.44344700661900066,0.006113601986982707,0.3168306869286373,0.0008085414782097201,0.3771112112396829,0.0041312701299161215,5
fashion,TriMap,n_inliers,120.0,n_outliers,10.0,0.8590137777777779,0.0015482612150807974,0.5061689777777778,0.0114397908268885,0.8553038222222222,0.0019759374858907353,0.7207015555555556,0.0005576886161583253,0.7809490666666667,0.000549736691180075,0.4261168475580865,0.0066392586563485635,0.11712565642823632,0.004718865403082902,0.4449134141525336,0.007583022019096958,0.3127803637945167,0.0016076680896660249,0.38844504615054126,0.0034050213849364207,5
fashion,UMAP,n_neighbors,5.0,min_dist,0.0,0.4842888,0.008106822631296952,0.5660885777777778,0.013469249441176858,0.8550141777777778,0.012622755084018352,0.8459157333333334,0.014780828579323902,0.901522488888889,0.011083426205570304,0.13966794702648255,0.010349154228935245,0.15509166815763892,0.02069795262705437,0.44994641325288276,0.060167509398698825,0.5803976344056333,0.03575194831947682,0.6138615473241711,0.02577392150232799,5
fashion,UMAP,n_neighbors,5.0,min_dist,0.1,0.5687929777777778,0.018588056155618995,0.5603308444444444,0.0162666834854194,0.8580597777777778,0.0030940412583936286,0.8425766222222222,0.006164357882913866,0.8897403555555556,0.010437147755688577,0.15953750565015848,0.01632148324125925,0.15533860397645588,0.014699708386405351,0.4826604302534399,0.05573384201566296,0.5553257174404761,0.042240552748816475,0.601473673654491,0.0248375317671282,5
fashion,UMAP,n_neighbors,5.0,min_dist,0.5,0.8401507555555556,0.014151523142382407,0.5817622222222222,0.010801181829484205,0.8461091111111111,0.009643567146478653,0.8222828444444443,0.005314355481402818,0.8644492444444444,0.012124928873509142,0.3065186684308257,0.018207100371849846,0.1679947768175755,0.01939604943493342,0.4631418045615736,0.023765050310374455,0.5723229687959386,0.01368979229937455,0.5698062047696762,0.0161434542652157,5
fashion,UMAP,n_neighbors,8.0,min_dist,0.0,0.4711430222222222,0.009862070057411113,0.5797972,0.009105249948908527,0.8590183555555555,0.006220725408455753,0.8428019555555555,0.011913392793899132,0.9176292444444444,0.00881652877242854,0.13226866662962597,0.010438974404458437,0.19362411552568545,0.020329517696359958,0.6019475257724337,0.027757114805877572,0.5946766487012893,0.019561297963174223,0.6584579460151454,0.04082076534903119,5
fashion,UMAP,n_neighbors,8.0,min_dist,0.1,0.5492915555555555,0.017143278186011014,0.5847616444444445,0.010390252868986424,0.8563003555555555,0.0035701200505457308,0.8306567555555556,0.005023192068597969,0.8968716444444444,0.006051399824997121,0.1623555281737079,0.008776571344761553,0.1941269478112718,0.011734183151028445,0.5839065474184082,0.01613049222373151,0.5904590477591914,0.008277207686638375,0.6043572684274184,0.014173422575121235,5
fashion,UMAP,n_neighbors,8.0,min_dist,0.5,0.8357961777777778,0.011390969221815412,0.5912920444444444,0.021999725522642444,0.8430816444444446,0.003867087913197132,0.8177080888888888,0.002443373677601347,0.8704662222222221,0.0032066044192003047,0.37918928506863747,0.027137125954910992,0.20576775099843908,0.008631661238803753,0.4627319228045249,0.01815466415564125,0.5516225028224081,0.006817921161539258,0.5752389630266433,0.0034830817174878108,5
fashion,UMAP,n_neighbors,10.0,min_dist,0.0,0.4580784888888889,0.004389183029243317,0.5903345777777778,0.008775637075955753,0.8565060888888889,0.0012485450060365,0.8430777333333334,0.010667955466584772,0.9174651555555556,0.008485327598526769,0.13672945986675777,0.0038726980599450896,0.20573503386974612,0.006448123345084009,0.5772748488923521,0.030009386829105363,0.584936827804686,0.005908386896030596,0.6648423566972693,0.03359834607202281,5
fashion,UMAP,n_neighbors,10.0,min_dist,0.1,0.5490412444444445,0.007940320996092494,0.5815188444444443,0.012315868359233767,0.8557675111111112,0.006458854084429399,0.8393308888888888,0.014562228122826346,0.9048394666666667,0.006618800297096057,0.1549019497418634,0.004649272683916317,0.1933915468956852,0.011247149619189857,0.5660258427470065,0.019222589388910315,0.5856357555250671,0.008685596982652572,0.6294341980505372,0.01812427234916078,5
fashion,UMAP,n_neighbors,10.0,min_dist,0.5,0.8278143111111111,0.005528105834151478,0.5886896888888888,0.007669245489954346,0.8390668,0.008341209036323988,0.8177848888888889,0.0082993732620728,0.8664943111111111,0.0032809601033843934,0.37176569068172005,0.020785267083561397,0.20640908650385398,0.015070889278865034,0.4372669699587582,0.03138668650964023,0.5588348030655333,0.008588780850807337,0.5703801606497102,0.0045005609378071755,5
fashion,UMAP,n_neighbors,15.0,min_dist,0.0,0.4617650666666666,0.010848653257034163,0.6076728444444444,0.004258719932874973,0.8617021333333332,0.0029680566889198354,0.8510159111111111,0.006288915990518747,0.9201377777777779,0.003123308755190023,0.1300307417577197,0.006823600022857925,0.21630689299303948,0.020564447884094145,0.573458362143459,0.02894275199148875,0.5794011625345103,0.024638422096397158,0.6737308384616101,0.009152925472375985,5
fashion,UMAP,n_neighbors,15.0,min_dist,0.1,0.5463852444444445,0.007493383830065746,0.6023899111111112,0.009707774892983429,0.8568860888888888,0.0028888804598166938,0.8416880000000001,0.0031897240253702867,0.9007651555555556,0.004268394333085537,0.1568385436047936,0.008810432406348464,0.21927343792922027,0.011794548312863407,0.5704154343762099,0.03653975080035596,0.5886393515619288,0.005531272095463955,0.6194232291738108,0.007000372487770103,5
fashion,UMAP,n_neighbors,15.0,min_dist,0.5,0.8178300444444446,0.006572348394393241,0.5886967999999999,0.005161426952660846,0.8279768888888889,0.0032629562904039214,0.8053572444444445,0.003557881078380917,0.8637613333333333,0.0007675976955555467,0.3588736687607388,0.001739495173255473,0.1960376555244157,0.009761189456713717,0.4155636262638837,0.017282237243021876,0.5460367834737568,0.007161891748803692,0.5648723150416386,0.0028123657608101994,5
fashion,UMAP,n_neighbors,20.0,min_dist,0.0,0.47080311111111106,0.009764143165331293,0.6023040888888889,0.014252594133899954,0.8673866222222223,0.00591071137203101,0.8479063111111111,0.008095652608074102,0.9162533333333333,0.0040107298680009205,0.1271536033812883,0.007891195011415685,0.22200094241451848,0.019726210264190032,0.531419405054708,0.038973637499142295,0.5822223766348851,0.01449332389903005,0.6525759205842036,0.00933857597513962,5
fashion,UMAP,n_neighbors,20.0,min_dist,0.1,0.5515022222222222,0.004261184012124505,0.6080922666666666,0.0151613907986091,0.861664711111111,0.002432906849485167,0.8345812,0.008675324412904488,0.8967820444444445,0.0035732807983976382,0.16080539354391082,0.005570528186151827,0.23850950095517814,0.024769249097271604,0.5540037410722836,0.016942323330710714,0.5835169076390725,0.0032922156923002456,0.6087332976971258,0.006007126573311529,5
fashion,UMAP,n_neighbors,20.0,min_dist,0.5,0.8141813333333333,0.006732300030725327,0.5855682666666666,0.007532019592757297,0.8372803111111111,0.00671889933225948,0.8028094222222222,0.004592569698389748,0.8609453333333332,0.0024654951972983706,0.35746798852772976,0.009086250983538541,0.19563878439416102,0.008021569595065357,0.4238193418929061,0.019108647561601317,0.5329655560210813,0.0044781295376779455,0.5610801041732796,0.004087957425946698,5
fashion,UMAP,n_neighbors,30.0,min_dist,0.0,0.47016275555555553,0.009251823616835594,0.6272291999999999,0.009914540376588976,0.8831084444444445,0.014802866212283564,0.8500722666666668,0.004491826921898992,0.9038255111111111,0.004190782626458057,0.1380813802277867,0.0073512074412249535,0.24452664588296527,0.009401452905764742,0.5556187492775848,0.036813418223074094,0.5913614944165951,0.006899459224519539,0.6182069578553501,0.0055874349436199474,5
fashion,UMAP,n_neighbors,30.0,min_dist,0.1,0.5549930666666667,0.00624748940073898,0.6375175111111111,0.013516765808103315,0.8826667555555556,0.019759532528458464,0.8377098666666667,0.0058937101995305075,0.8854152,0.0075173105408716965,0.1752828469145191,0.009424833641917655,0.26470363994729235,0.014417297202972308,0.5196498769284532,0.04229745546815312,0.5735726109048263,0.002812755528588826,0.5891908472079275,0.009335233556041366,5
fashion,UMAP,n_neighbors,30.0,min_dist,0.5,0.8096884444444445,0.004364373421010671,0.6083962222222222,0.011214360010470676,0.8421735111111112,0.006728351590173294,0.7913379555555555,0.002508307079473782,0.8474175111111111,0.006720393063166465,0.338020142364447,0.0068379715998915045,0.21113549275143423,0.023102292873377315,0.4134005083752773,0.0237659638038604,0.5096054024885863,0.004883636341565331,0.5352486343340525,0.015471825879719531,5
fashion,UMAP,n_neighbors,40.0,min_dist,0.0,0.47424337777777775,0.009587575795763323,0.6445358666666667,0.009340451618340921,0.8933461777777778,0.01858828075341834,0.8510166666666666,0.009367123658286415,0.8942765333333333,0.005013198869355132,0.14532917409913135,0.007522140121503367,0.2767635856414468,0.011518196867664851,0.4975335576965019,0.04639775010021492,0.5765158201268237,0.008763557692085007,0.6009364550350716,0.0067953966045410695,5
fashion,UMAP,n_neighbors,40.0,min_dist,0.1,0.55732,0.005097342139673294,0.6674846222222223,0.012059057917670323,0.8916004000000001,0.0033349751156825876,0.8334994666666666,0.003881213611904583,0.8744354666666666,0.0023249119011584784,0.1975968012757127,0.004479955720278307,0.30106235113997515,0.022968447407127647,0.5018249918848402,0.012346208652675461,0.5555743300683057,0.004783861000456051,0.5722734655536514,0.004303015283040198,5
fashion,UMAP,n_neighbors,40.0,min_dist,0.5,0.7980273777777777,0.01341149287719528,0.6226234222222222,0.011524204197478696,0.8346831111111112,0.008195700861871661,0.7773508444444445,0.0016025781882275107,0.8402734222222221,0.005694205878146282,0.33120529153024103,0.012211083831121392,0.21513161559383914,0.010700276333136917,0.3754760264490804,0.013282000125131161,0.47966516952678384,0.0041585927063184465,0.522373784960577,0.014407941187692166,5
fashion,UMAP,n_neighbors,60.0,min_dist,0.0,0.4893704,0.0054475469581939644,0.6698863111111111,0.010507296689373365,0.9092216000000001,0.006332015157948889,0.8525355555555555,0.0035338376299799195,0.8803462222222223,0.0019343753258442276,0.15727394456078936,0.0029558776238318273,0.304006295824646,0.018474193190202427,0.5004031020973192,0.07143921697146106,0.5527942284901393,0.0034708864442320976,0.5825026127674283,0.0031081473085671656,5
fashion,UMAP,n_neighbors,60.0,min_dist,0.1,0.5598790222222222,0.003948759722767097,0.6769098222222223,0.01387313819020212,0.8882322222222221,0.012196624303267796,0.8194659555555555,0.006715385177631344,0.8674927111111111,0.00368546432205441,0.19583800095684856,0.009861598815000783,0.30454817239150966,0.022374917115202543,0.4472639992280801,0.029217952115639434,0.5334436587637355,0.0029550605307152485,0.5609062260967969,0.003583278565613646,5
fashion,UMAP,n_neighbors,60.0,min_dist,0.5,0.7862309333333334,0.0071852949876298885,0.6313135555555556,0.011429087156661672,0.8327781777777779,0.005859088389042923,0.7613788444444445,0.002002443633090307,0.8283405333333332,0.0035674950841323803,0.3255261186346364,0.005807617846611729,0.22595509829168448,0.00901604137700269,0.36442111367536206,0.025834178251538328,0.422078189684347,0.004778761405389261,0.5053700034651106,0.01066167912486085,5
fashion,UMAP,n_neighbors,80.0,min_dist,0.0,0.5038401777777778,0.009722741977725893,0.6699798222222222,0.007057087370723545,0.8936101333333333,0.016609267079808015,0.8371280888888888,0.0094346751324209,0.8767846222222222,0.0038238131391919008,0.15745420099008917,0.005045650049333685,0.3127508710805019,0.009732202002703996,0.46936642992723937,0.02333041549155545,0.5434037595722601,0.004927769104420168,0.5757665890086534,0.0036410224840545905,5
fashion,UMAP,n_neighbors,80.0,min_dist,0.1,0.5752670222222223,0.00935079114049107,0.6715940444444445,0.010099687371276955,0.8812169777777777,0.016345547534042864,0.8043835111111111,0.006164027179661475,0.8610500444444444,0.002021283899522516,0.1950168851564234,0.013357044579790804,0.29149491157056207,0.02104715326195867,0.450106168729037,0.05311557945724933,0.5137961994901593,0.004906603991947337,0.554851414668095,0.0030030986795749537,5
fashion,UMAP,n_neighbors,80.0,min_dist,0.5,0.8005507555555555,0.00736798606183585,0.6259901333333333,0.008955179244368405,0.8242382222222222,0.005303131495099978,0.7482048000000001,0.0024123720082468267,0.8223217777777778,0.0034748551866086667,0.32560125016727626,0.005321306379493783,0.2171318543317736,0.00830001158935255,0.324579788394571,0.019533172861562816,0.37448599010193934,0.006382977544666373,0.5049353543869252,0.0067898563311198645,5
fashion,UMAP,n_neighbors,120.0,min_dist,0.0,0.5272627555555556,0.007744698394688583,0.6781575555555556,0.008551066758951769,0.9066137333333334,0.002678287247062444,0.8229065333333333,0.007527272369421547,0.8624771555555556,0.004793023217702186,0.16792010387587253,0.004209769075535002,0.2984284677545947,0.00789566366294142,0.43943265158518996,0.019104606821123804,0.524861987382174,0.005811781672375588,0.5567118820072977,0.005472261835473517,5
fashion,UMAP,n_neighbors,120.0,min_dist,0.1,0.6099223111111112,0.010616203326827474,0.6815753777777778,0.006650607020285598,0.885758,0.007165233875724284,0.7783840444444444,0.006919141301892534,0.8462854222222222,0.004308084635274939,0.2025553815674474,0.005220364723963082,0.2844001092767978,0.01100212213586484,0.4235811372291008,0.023480587096150918,0.46924871529445467,0.014566681303920487,0.5405255157371723,0.0037294492312547325,5
fashion,UMAP,n_neighbors,120.0,min_dist,0.5,0.8082512000000002,0.004795687006745388,0.6291407555555555,0.006795474030468029,0.8310706222222223,0.008813816485888198,0.7274683555555556,0.0027698744349131392,0.8094242666666667,0.003057244294547471,0.34004781179458377,0.007413723186139711,0.21328753754615767,0.007976368464047376,0.3465200329209237,0.01583074795148543,0.2980191963085532,0.017711171620771442,0.49055258224069165,0.00701760552353603,5
fashion,t-SNE,perplexity,1.0,learning_rate,50.0,0.6238064444444444,0.019817331590875654,0.5437907555555556,0.011918770624523307,0.5924546666666666,0.025932787297402986,0.5943209777777778,0.024039727626587074,0.5451092,0.012741068128373365,0.13401615932319505,0.005361721973472991,0.11215200888449488,0.003543346547556967,0.1274651688684655,0.006596845697937564,0.12683623169909203,0.005725636641572636,0.13194725906268562,0.006132647274806441,5
fashion,t-SNE,perplexity,1.0,learning_rate,200.0,0.6082404,0.015827059372487576,0.5346816444444444,0.020259352691937023,0.5796399111111111,0.018832504815338626,0.5781909777777778,0.0177695941279368,0.5604749777777778,0.03114854879785484,0.1278103503153289,0.005707632660303906,0.11362118323760709,0.008504757070845716,0.12104294853356519,0.007404660185218766,0.12090847640352445,0.006627958459898015,0.12664368584655483,0.011364842290297644,5
fashion,t-SNE,perplexity,1.0,learning_rate,500.0,0.4915960444444444,0.026716569499788654,0.5034873333333334,0.03390251875234474,0.43711199999999995,0.02464448875459394,0.4351056444444444,0.024807367037800433,0.5429872444444445,0.02579148662946791,0.10069384216004436,0.008217177345310024,0.10287893965422976,0.010405597639711574,0.09058501406469154,0.006238824244253776,0.08980076488082858,0.006199978542844917,0.10896557966732197,0.005563452493518018,5
fashion,t-SNE,perplexity,2.0,learning_rate,50.0,0.7899057777777777,0.024798451459021265,0.5616831111111111,0.01396986640532811,0.8112889333333333,0.035943599671130866,0.8070628444444445,0.03570904216311893,0.8022442666666667,0.14214191396328413,0.23236564570256993,0.016543068112273282,0.1381641189553337,0.006189486692214094,0.2869509325514441,0.033615002230556204,0.28083465242577693,0.035203140437568725,0.417658383653538,0.21542335248660283,5
fashion,t-SNE,perplexity,2.0,learning_rate,200.0,0.7548351999999999,0.03468103346801935,0.5610109777777778,0.0186606247090855,0.7672736,0.046985155877674635,0.7632836,0.0504918835722787,0.8906437333333332,0.05215689915667436,0.2040002419069964,0.029516855474335534,0.13664520412920203,0.017482261782575125,0.2567173318317094,0.07192901921518756,0.26360582416931605,0.06904737399143138,0.5178209396035651,0.12151971107219592,5
fashion,t-SNE,perplexity,2.0,learning_rate,500.0,0.803873688888889,0.03156144447616776,0.5554981777777778,0.018449215586657415,0.8308421777777777,0.04294456969002863,0.8204486222222223,0.03977106907871848,0.7401650666666667,0.12367763472999037,0.2538379401906211,0.0395469731670212,0.13443635193314424,0.007049987729746592,0.31961701168126866,0.07460727184794633,0.29270929176074156,0.042503388888810896,0.40093798945322046,0.1860252635715442,5
fashion,t-SNE,perplexity,3.0,learning_rate,50.0,0.7359833777777778,0.019435807050739745,0.5391332,0.012677850624583766,0.8171214666666667,0.04000485205004119,0.8198364444444446,0.030205510835599293,0.8309521777777779,0.10260680912817954,0.2158825197723327,0.025507455617321286,0.13437317878753727,0.010942829474318206,0.3283468482784752,0.056519195703303805,0.3869759250032564,0.04122492387808949,0.46570823498691893,0.15996628552190598,5
fashion,t-SNE,perplexity,3.0,learning_rate,200.0,0.7118371555555555,0.022902497608366507,0.5457124444444444,0.007540304062703585,0.7989530666666667,0.04769676697675184,0.7988155111111112,0.04761720615009606,0.8599247999999999,0.06543148290087428,0.2021534616812422,0.012685342051646061,0.14136337762985224,0.014953000619835973,0.30759200169855,0.07921972038285809,0.3640015091287677,0.08436731958203832,0.554362124431273,0.09629839596636597,5
fashion,t-SNE,perplexity,3.0,learning_rate,500.0,0.7051292444444444,0.02117158591399288,0.5467563111111111,0.022086768501850134,0.7873037777777778,0.03866745112039517,0.7968259555555555,0.034480345537783376,0.8780608000000001,0.06377526182834597,0.1933905577030011,0.03198428265124802,0.13656605041600586,0.019960544321659807,0.29833519920248935,0.06292778700345975,0.40705749190308316,0.08020732037981357,0.5357236163630879,0.06254548664669127,5
fashion,t-SNE,perplexity,5.0,learning_rate,50.0,0.6401688,0.0136948605928206,0.5414749333333333,0.004968248357144809,0.7938710222222223,0.0160667129026536,0.8013030666666665,0.010878828255258384,0.8817900444444444,0.0470420174995677,0.1606660311097438,0.009328681734490411,0.12706090630501626,0.0044450029854076634,0.30707545585887397,0.0670718708196062,0.4182918849618792,0.10752815810994777,0.6013959411210642,0.06237738882648246,5
fashion,t-SNE,perplexity,5.0,learning_rate,200.0,0.6144782222222223,0.006605867074235534,0.5399956888888889,0.00934765706909927,0.7924536,0.02390573136475744,0.7982815999999999,0.021888002243971454,0.9331843555555555,0.004969409527484325,0.15013062653308284,0.010129966005446361,0.12430938172991009,0.0060406314326765485,0.33196576004368505,0.04296396917804963,0.5059052907301622,0.026460688890632245,0.6744101092303929,0.042917465469466606,5
fashion,t-SNE,perplexity,5.0,learning_rate,500.0,0.6118481777777778,0.007768678134695366,0.5278535555555555,0.0047141155697477686,0.7856728000000001,0.013841881037517595,0.8021560000000001,0.008166929779586234,0.8953618666666667,0.06463572177230766,0.15159328333964106,0.010837035342773303,0.1215201286391407,0.0051656308557689965,0.30427397147313895,0.03134953378501857,0.48316978138252453,0.06795575146750828,0.64100913793315,0.08362189494720283,5
fashion,t-SNE,perplexity,10.0,learning_rate,50.0,0.5686352,0.011303113183740358,0.5403529777777777,0.004718733975951872,0.8184947555555556,0.011494652821912274,0.8229045333333334,0.00473128066498537,0.8838264888888888,0.049046038574102356,0.1402709285581058,0.012443092996873729,0.1375939736530694,0.005156785876327439,0.35119910297169554,0.06977244036190854,0.47454055875995904,0.06697441739142683,0.6103701281812905,0.08354763588629624,5
fashion,t-SNE,perplexity,10.0,learning_rate,200.0,0.5597078222222222,0.005865533750880258,0.5394757777777778,0.002620852952290703,0.8225808888888888,0.016218035711690813,0.8245798222222224,0.013814099094318605,0.9025110222222222,0.04909657634831503,0.12861388423592038,0.009202111603709727,0.13204930839058032,0.00414192776636064,0.3792587441790335,0.04494543855891299,0.542864866146911,0.082841901021768,0.6334210914893971,0.07565202377604986,5
fashion,t-SNE,perplexity,10.0,learning_rate,500.0,0.5574644444444445,0.00280933744660356,0.5422747111111111,0.0021528440299483013,0.8177183111111113,0.009738599385441589,0.8255764444444444,0.00444964895272302,0.8574854222222221,0.007815977901582356,0.13878505036082003,0.0032422903819036607,0.13364096943120993,0.005385218389302227,0.3449512991775512,0.05052565887826158,0.451101053054327,0.034308550649324324,0.5614057641504508,0.01180324371006251,5
fashion,t-SNE,perplexity,15.0,learning_rate,50.0,0.5357447111111111,0.006668333862645407,0.5443412444444444,0.00440046429536866,0.8296406666666668,0.009863177043058486,0.8331351111111112,0.0026828694238965273,0.8820839111111111,0.052116414952453304,0.12613825441079937,0.006259680334282636,0.14416847964276885,0.011460936307689221,0.34536489502395523,0.046766614507770914,0.516110372302559,0.07160664253874348,0.6037106743810139,0.09802317561025767,5
fashion,t-SNE,perplexity,15.0,learning_rate,200.0,0.5301934222222222,0.003790861231832711,0.5527026666666667,0.002516556342933839,0.8337996888888888,0.013247989543817134,0.8368394666666668,0.0018516184285479274,0.8677635555555556,0.04127186406210043,0.12535816611376255,0.00364297023028263,0.14759560883117312,0.005668214207151739,0.35923157642425985,0.07937565283441199,0.5028873199436119,0.07056668641091783,0.5775427011819592,0.07192342028478747,5
fashion,t-SNE,perplexity,15.0,learning_rate,500.0,0.5224626666666666,0.005855868800392286,0.5500119555555556,0.0033689554281028,0.8312907555555554,0.005599930391101764,0.8359771555555555,0.003111751102427244,0.8916495111111111,0.043088290628589876,0.1202118161394514,0.007355282649812554,0.14774707312029345,0.005590405383751281,0.3743037155431055,0.07398550537256601,0.5512057021553779,0.04696110783714634,0.6012022678906036,0.05705444636597859,5
fashion,t-SNE,perplexity,30.0,learning_rate,50.0,0.5200943111111112,0.0017984522124576369,0.5621378666666667,0.007334962321766085,0.8373057777777777,0.005091714615765061,0.8331945777777777,0.003319766935892022,0.8437323555555555,0.0012962249995207577,0.12237045628025152,0.0016149400804505813,0.15215654406791335,0.002114681497099314,0.37436454935208296,0.04349967574482202,0.5112876766298105,0.01725614884270402,0.5335109983026002,0.0031913254765601447,5
fashion,t-SNE,perplexity,30.0,learning_rate,200.0,0.5188114666666668,0.003187656771647034,0.5646353777777777,0.00727700248864552,0.8350372888888888,0.00726005439288538,0.8324732000000001,0.004824701486575919,0.8648719111111112,0.04401338325914111,0.12114631993057674,0.001715384479057783,0.15500394703207104,0.0076065184947392665,0.343819714544377,0.02009674331421505,0.5259887582049132,0.027986443491566912,0.5585018622701121,0.052868764888227504,5
fashion,t-SNE,perplexity,30.0,learning_rate,500.0,0.5177006222222222,0.006597680300166855,0.5687893333333334,0.011728469403260156,0.8339744444444446,0.014262390623464821,0.8272295111111111,0.007803684369467481,0.8865794666666666,0.04819673180805715,0.11945358111673057,0.003648133154060456,0.15988161172332757,0.008765351239242625,0.37372726077494567,0.04310610319647315,0.5576071125754565,0.015338070890023566,0.5856005678719547,0.05708169376870689,5
fashion,t-SNE,perplexity,50.0,learning_rate,50.0,0.5297048,0.0037600294114951433,0.5919242222222223,0.0018413158271487742,0.8491144,0.004280223480954395,0.8301835555555556,0.0028602303110236943,0.8419941333333334,0.005245343683734564,0.13156255030303748,0.003783164165560692,0.17969642791646612,0.004614966353163463,0.38045226459273906,0.027664673491968342,0.5446473072000741,0.014286793636262611,0.5354964246768807,0.006576747361888414,5
fashion,t-SNE,perplexity,50.0,learning_rate,200.0,0.5293790222222222,0.002294673669475231,0.5850980444444445,0.0019058376817388397,0.8417064888888888,0.006397366376336936,0.8275147555555555,0.002960439530263387,0.8451653333333333,0.004795944593425799,0.12743000936851254,0.0022572503961048487,0.17848977227065443,0.0034656007671411445,0.36856224293994894,0.027505460472931467,0.5454496921184562,0.007175678402860395,0.5348817755036583,0.006149384400532527,5
fashion,t-SNE,perplexity,50.0,learning_rate,500.0,0.5268652444444445,0.002619746164312851,0.5878446222222221,0.0022630983754114943,0.8487041333333334,0.015440409446211858,0.8206649777777777,0.0022579898063170905,0.8446072888888889,0.004709681969813864,0.1276325736969008,0.003348162573156385,0.1785659570378762,0.005081399101441137,0.39752022089178335,0.05171533799246392,0.5463210929087305,0.006846056230384637,0.5373931567066019,0.008186428770947309,5
fashion,t-SNE,perplexity,75.0,learning_rate,50.0,0.5596875555555555,0.001511741339165941,0.6152330666666666,0.001398294175940517,0.8569248444444444,0.008335217192101627,0.8250068888888888,0.0012681404291908231,0.8382199111111112,0.0020982104638518025,0.14892278701853945,0.001016008888694501,0.19814400549905525,0.002712310812348204,0.37147154216315637,0.045344215093294137,0.5402399152385365,0.008587322048582688,0.5257062820957777,0.004365355316201651,5
fashion,t-SNE,perplexity,75.0,learning_rate,200.0,0.5640179555555556,0.0022727694228370197,0.6138340888888889,0.001901350810267218,0.8603240444444445,0.014906026762254129,0.8234662666666667,0.0007143523078657904,0.8385355555555556,0.003279131742954875,0.14778517769877314,0.004162573958439046,0.19622823224522987,0.001648149266472647,0.36481985050816973,0.04683835927614794,0.529558138846167,0.004780536250332634,0.5299357953286049,0.004321245402125087,5
fashion,t-SNE,perplexity,75.0,learning_rate,500.0,0.5634630222222222,0.0016375882115530053,0.6112768888888889,0.0040274437286763306,0.8515219555555555,0.007314029904366977,0.8187330666666666,0.0012503668834425118,0.839435111111111,0.0021997726930832167,0.1461759427040185,0.001669926478741895,0.1952285026248534,0.00405643499199094,0.3264204525646245,0.014561323069555498,0.5201225216319983,0.011966730326055343,0.5274330561272527,0.002500062160556705,5
fashion,t-SNE,perplexity,100.0,learning_rate,50.0,0.5829280888888889,0.002297351398222222,0.6178813777777779,0.004423615694468187,0.8692746666666666,0.0063576115108944274,0.8209727555555556,0.0029654351318125216,0.8375499555555557,0.001937641345859703,0.1621767936027677,0.003977901449478137,0.20445403483447225,0.0050410291006236525,0.3854892422705761,0.05323518161647201,0.5032496342304846,0.016279773951223715,0.5434748332462197,0.005334717368445764,5
fashion,t-SNE,perplexity,100.0,learning_rate,200.0,0.5855328888888889,0.0014689050932036147,0.6160466222222223,0.004107062187543051,0.8635693333333332,0.004198840454279451,0.8157802666666667,0.0018088088871197245,0.8362259555555556,0.0014455382730199807,0.163465115831137,0.0031360892319658934,0.1994068235372652,0.005727044779222142,0.34682307917160043,0.028272990615805394,0.49657653080493985,0.011887933972743866,0.536847186388613,0.0021075458460251854,5
fashion,t-SNE,perplexity,100.0,learning_rate,500.0,0.5875683555555555,0.0016740043335194857,0.6187450222222222,0.00349202759594822,0.8599153777777777,0.01243284304802358,0.8118509777777778,0.0032749937841804007,0.8366121777777777,0.0022595887881112064,0.16223951126615682,0.0034407303627141256,0.20167010005045044,0.005743217192869914,0.36764310879134854,0.03500048708770881,0.4945531489185925,0.01725338370119733,0.5371574143440092,0.004227990994290204,5
