dataset,method,param1_name,param1_value,param2_name,param2_value,AUROC_kNN_mean,AUROC_kNN_std,AUROC_LOF_mean,AUROC_LOF_std,AUROC_IF_mean,AUROC_IF_std,AUROC_centroid_mean,AUROC_centroid_std,AUROC_linear_mean,AUROC_linear_std,AUPRC_kNN_mean,AUPRC_kNN_std,AUPRC_LOF_mean,AUPRC_LOF_std,AUPRC_IF_mean,AUPRC_IF_std,AUPRC_centroid_mean,AUPRC_centroid_std,AUPRC_linear_mean,AUPRC_linear_std,n_seeds
cifar,DR-SNE,lambda,0.0,k_density,40.0,0.6299495129616833,0.03515673128566884,0.5425441529396904,0.018055210804802557,0.6131384715689989,0.03785506148252479,0.6017231163022239,0.048034555116715075,0.7447319246000788,0.07412927796066726,0.13862415703457592,0.012426482296771046,0.11293679258442628,0.004923955157059564,0.13526805210964177,0.01115857514010591,0.13441775521472993,0.012081927729485326,0.2513220812912674,0.0821220255718474,5
cifar,DR-SNE,lambda,0.0,k_density,80.0,0.6635117840239544,0.06652621043044066,0.5684218249634071,0.054641830051727146,0.6542575916308169,0.06537673354346583,0.6495617212402203,0.06566138116554963,0.7618493153229462,0.08536060248602245,0.15877578752540705,0.035530315802727204,0.12915040256106666,0.021886053067648445,0.156438326587785,0.0315230031511848,0.1547574943261904,0.03214054048034399,0.2911943438890997,0.13057543641319586,5
cifar,DR-SNE,lambda,0.0,k_density,300.0,0.7108021457920037,0.09392090225312504,0.5593588629085586,0.057686126888215214,0.695434247969745,0.10373410324490076,0.6906211224542868,0.10943853206122162,0.8181474711900675,0.05907132071818531,0.17846237579276764,0.06258173861631558,0.12625176778134026,0.028321660973064308,0.17428192367451326,0.0637189126185492,0.17285318619893925,0.05995415866593021,0.3778299140635954,0.11798268237226817,5
cifar,DR-SNE,lambda,5e-05,k_density,40.0,0.6145272830617657,0.028787988115962858,0.535646811775108,0.02313018545021027,0.5963888672179747,0.033722526558771525,0.5817580745826182,0.041010201767025405,0.7270164166462342,0.0745314577689358,0.13943159793638382,0.019302059173298133,0.11369204741711755,0.011976969666765671,0.13605114848918723,0.01894229448914095,0.13455581970976144,0.01857484271854192,0.23744502204893797,0.0728730335339629,5
cifar,DR-SNE,lambda,5e-05,k_density,80.0,0.6659416817124727,0.06745049100135417,0.5713933252346031,0.04464744593714296,0.6524772641151951,0.07130946583318037,0.6462323722592485,0.07450686208857686,0.7649746636054953,0.06975461457262845,0.16279442212483533,0.03889694414887176,0.13222164407459874,0.0220691553055037,0.16052575515252238,0.0365241317384865,0.15685347469141983,0.03559645565166746,0.3115094680863731,0.13494644856892415,5
cifar,DR-SNE,lambda,5e-05,k_density,300.0,0.6959211934110515,0.10077499967273695,0.5489298438208174,0.05395274086648511,0.6867765474890221,0.09496531482359716,0.6886815137195461,0.0997445674375156,0.8147304943197436,0.0637619632880887,0.17098562710792556,0.059754181654324875,0.12375207438278472,0.029931508334801984,0.17040934096525912,0.06258620839035701,0.16749701598571096,0.057649645674529584,0.3767757251981031,0.09891997440250552,5
cifar,DR-SNE,lambda,0.0001,k_density,40.0,0.6248784261715297,0.05460737044079014,0.5400173862648507,0.030167458454595626,0.6031464774238608,0.056436708434513004,0.5942417285216474,0.061787639587876,0.739082224401697,0.06520121838450556,0.13989429341987136,0.026450423453835647,0.11588899590631654,0.014696658469278581,0.1380412057727076,0.024303663552293908,0.13688593897442586,0.025592049169790732,0.25282745324127803,0.09112881475126441,5
cifar,DR-SNE,lambda,0.0001,k_density,80.0,0.6625257264709598,0.04626524631565191,0.5648519288351945,0.04331483729218299,0.6525183150183149,0.04879703426833335,0.64811012601327,0.0602534331727669,0.7785822021116139,0.0707510353315277,0.15682043174705418,0.02242037274634954,0.12841767054252234,0.027239783247555757,0.15486507784719533,0.020463193491587248,0.15373909111651624,0.020733877126728854,0.30839767561944575,0.0922880327882654,5
cifar,DR-SNE,lambda,0.0001,k_density,300.0,0.7096674876847291,0.07379296631989805,0.5618555379711566,0.037068695363362957,0.6990320531395582,0.07771034658666047,0.7032231924600079,0.08298398361572962,0.8250194109474028,0.05434647102857598,0.17572785905562557,0.051267432206880396,0.12786713082680487,0.016572890186161055,0.17551445786960862,0.052254983848910225,0.17455136133964325,0.05076140439877419,0.3949183409350244,0.08246781274966002,5
cifar,DR-SNE,lambda,0.0002,k_density,40.0,0.6234816738366434,0.06668204053389397,0.5350501805496735,0.04355810094632336,0.610015538045457,0.06248584154644155,0.6000368715125307,0.07288247071097767,0.7308418592901351,0.07610223630265305,0.1370795198742153,0.02786290137056281,0.10987239408389846,0.017176532423452198,0.1363126569948998,0.0262668756516757,0.13468928162416297,0.027180067760338104,0.2398136637854563,0.08995939928080614,5
cifar,DR-SNE,lambda,0.0002,k_density,80.0,0.6463392253453104,0.0679489329579746,0.561976461672202,0.04309564239697068,0.6395436755604098,0.06662247072493101,0.6336057367243979,0.06977984614545694,0.7662619159069463,0.08248942067405216,0.14494454572246396,0.030075585966482802,0.12513683772693734,0.02248404252147623,0.14308718865374911,0.028194707973499173,0.14138073326647815,0.027633027415347476,0.2868586522058781,0.1144973974931369,5
cifar,DR-SNE,lambda,0.0002,k_density,300.0,0.7127548499505904,0.06954770134408887,0.5573182057969076,0.032631571457626664,0.6995724019050591,0.07877139856486257,0.6923287750113308,0.09052316579317651,0.8209717175995067,0.05665064874269707,0.17367123986652894,0.04277085700361244,0.1222334231612077,0.017362297096213116,0.1723566051203051,0.04604365599547862,0.16777334457345128,0.04497695889767902,0.3813920837742731,0.08792760853778145,5
cifar,DR-SNE,lambda,0.0005,k_density,40.0,0.6228340540460217,0.03912593790125068,0.5480870000520102,0.03394368390583499,0.609919412061907,0.04107567123215159,0.601205754184963,0.05440251784573036,0.7444910059514522,0.09317249469893023,0.14399280189438227,0.02315739226717357,0.11904913194772729,0.019923299156483318,0.14160362949227148,0.01889119103374908,0.14187078590300556,0.021916049302178917,0.2592647669829365,0.10269351849608216,5
cifar,DR-SNE,lambda,0.0005,k_density,80.0,0.6763336899746636,0.060333803248903556,0.576433856035783,0.029234241857865453,0.6717113304207624,0.05971904659083167,0.6631854200566168,0.06384527348536317,0.7841076350964788,0.0480534266314875,0.1681076589871186,0.029707590468352477,0.13366854734428518,0.012516249079451314,0.16739067890749762,0.02854314009556504,0.16741360666964034,0.028852063630090945,0.3300445662506802,0.09359929998325998,5
cifar,DR-SNE,lambda,0.0005,k_density,300.0,0.6777655491904986,0.09599742172139901,0.5556951626804568,0.05575448475061528,0.6701261804456531,0.11099907597109859,0.670162216080066,0.12143036342495729,0.8117174323310227,0.05995432589111211,0.1629641783846993,0.05328059419472215,0.12419206137350851,0.0260056884827955,0.162266087524734,0.056407117755738784,0.16028918590926353,0.053854939823434166,0.35874730754536427,0.12517147650039334,5
cifar,DR-SNE,lambda,0.001,k_density,40.0,0.6172218754875957,0.05807362067968057,0.5273839708297112,0.010210959570122566,0.6049177960308791,0.05496289317204867,0.5937693645097296,0.05863587830360899,0.7399290618104005,0.08213936406950696,0.13157516116227558,0.022415709453975925,0.10765510970657685,0.006354308530833024,0.12844816881117832,0.01818467663379297,0.12901434693244196,0.021606621405387036,0.23926806382435592,0.09088676473711652,5
cifar,DR-SNE,lambda,0.001,k_density,80.0,0.6639871200469578,0.060800911091273266,0.5668878028665046,0.04300914197482235,0.6527469741212135,0.06427614109789928,0.6442808290424924,0.06943065427737694,0.7760576644450884,0.06859358640315819,0.15813445234309648,0.02771884036950447,0.126302683317232,0.020272378781995035,0.15572905030884976,0.02517482708445772,0.1529535142330975,0.025912123765802587,0.3054824913197712,0.09279211439251218,5
cifar,DR-SNE,lambda,0.001,k_density,300.0,0.7164865813699485,0.09181154171465979,0.5636112535199757,0.0489793859791012,0.707572637808439,0.09786274305614952,0.7032680976900043,0.10442894607581578,0.8227029140568695,0.05140014284933717,0.18400936474775373,0.06650418654280923,0.12710611166830252,0.025377315562240235,0.1860379490010802,0.07505052557708299,0.18259548565943137,0.07106732877280433,0.3992503940351715,0.13493533856332338,5
cifar,DR-SNE,lambda,0.002,k_density,40.0,0.6205174642801418,0.06151532452546455,0.5437080203434158,0.03929672176975752,0.6066117030366523,0.05329021757084942,0.5920892494929006,0.056053439108659765,0.7349892078847453,0.08582770652309003,0.14085707163799516,0.029481490636825054,0.11846994291519486,0.01899334541426394,0.13754357959468982,0.026706763787710253,0.1365972646023595,0.026172602039127073,0.24983568216077784,0.09565778580555756,5
cifar,DR-SNE,lambda,0.002,k_density,80.0,0.6490614017490286,0.0269042214918764,0.5609947692604893,0.035270885361394735,0.6415220133146098,0.02637628753784373,0.6276026922705422,0.036784713981759413,0.7624643358669727,0.07302866306933585,0.15042613436713043,0.018084672681407715,0.1240221243793455,0.0183747039416616,0.1489908367381275,0.016585048178482442,0.14500615289689572,0.020236113603969295,0.275769962220301,0.08197187600344125,5
cifar,DR-SNE,lambda,0.002,k_density,300.0,0.7125873028256395,0.0729676904910881,0.5531186612576066,0.014569850187261618,0.7023544829072212,0.0791602806168452,0.704701442911382,0.08043015012319187,0.8263205945508176,0.050306565377966295,0.1711851703165449,0.040759596874205835,0.12265241665936674,0.01362642484050377,0.17144406758593672,0.044338492029145325,0.1704661692257576,0.04087066833463955,0.4015437471112371,0.11933645522053056,5
cifar,DR-SNE,lambda,0.005,k_density,40.0,0.6233872196093292,0.0514074429677031,0.5453402581191628,0.028104396361771564,0.614400601089242,0.053180346004985335,0.6038948205276805,0.05639900601568155,0.7260329596029393,0.10214983372388349,0.13960479747957436,0.02507312712360449,0.1161280915251586,0.018348104038732622,0.13918204569511752,0.02414538684046547,0.1381819839351852,0.023539713159600073,0.23793089438248485,0.09017517720574768,5
cifar,DR-SNE,lambda,0.005,k_density,80.0,0.6539837951095557,0.05563516621655668,0.5473024820007579,0.04449453158687591,0.6478737582566183,0.052971166917274465,0.6377879135739176,0.053930663734462245,0.7761115321460149,0.07227732276199396,0.15464882443180583,0.030531982884193377,0.12138107208927432,0.024321249356326426,0.1541369825590595,0.02794578550072606,0.1502848118775663,0.027844599704615045,0.30259132262603766,0.09210484303719846,5
cifar,DR-SNE,lambda,0.005,k_density,300.0,0.7008447941510821,0.09730811350811074,0.5536260857127997,0.04086381973562262,0.6870121258052293,0.11036154028129724,0.6883450727771214,0.11419047179537181,0.8118979820044728,0.06035230107874409,0.17907452209925068,0.06381127876951248,0.12477838253167968,0.020894971693261398,0.17805703225583466,0.06914590961079858,0.1775497080985824,0.06415781035310676,0.37994414177372515,0.13749182405365915,5
cifar,DR-SNE,lambda,0.01,k_density,40.0,0.6301663768955859,0.05084716111856436,0.5501323473686557,0.028954511708906158,0.6164967976580552,0.048469778739125106,0.6016183529114564,0.045291979823458464,0.7328650558366583,0.06684943672278713,0.14135825988721817,0.025383753128577238,0.11621972180947433,0.016004895986157112,0.13991419073895134,0.02493841158657081,0.13597379028507345,0.02224314820699171,0.23921654876399034,0.07970713134945667,5
cifar,DR-SNE,lambda,0.01,k_density,80.0,0.6542179338578933,0.06743337452996272,0.5640332790941309,0.04128764331944497,0.6437206513905297,0.08462909001707428,0.6407333158727682,0.08786559258843586,0.7777601624204058,0.07176898950670117,0.15158400244258424,0.026920032631993458,0.12435458026981575,0.018160291913397884,0.1524728534119687,0.02982778581724942,0.14848716519034894,0.027911103110782657,0.3233197834490714,0.11175445269328803,5
cifar,DR-SNE,lambda,0.01,k_density,300.0,0.6812468886758948,0.1070506946235429,0.549646469993833,0.042153328687968,0.6656609659779031,0.12509587893711688,0.6638993528445861,0.13355353546818055,0.8097537688815578,0.05961789252001011,0.16800748260181786,0.061648046663489435,0.12180426943844688,0.02242300372225808,0.1661145017491732,0.06319704747494662,0.16202773227628628,0.05885036119373291,0.3626486447423212,0.12659180110095986,5
cifar,DR-SNE,lambda,0.1,k_density,40.0,0.5850359241839972,0.03941570475965089,0.5368506155777961,0.03431038061725786,0.5818370650647526,0.036073504134106114,0.5771862856548454,0.040203133571307434,0.7184144878110394,0.0514106036788317,0.13558667188562248,0.023889027888306342,0.11980413497636197,0.014078030640100688,0.13145905485727724,0.022020981487854162,0.13282350219360053,0.01972360239563548,0.23317742420661275,0.07595231310565181,5
cifar,DR-SNE,lambda,0.1,k_density,80.0,0.612642470781416,0.08957722181101552,0.551005375625051,0.03197874409234712,0.6041551501237099,0.08524318159239992,0.6064997418065369,0.08378781964220948,0.7547902317425643,0.09353746473115514,0.14404100499887426,0.043158968799835606,0.12154700578085134,0.01833644510679796,0.13932264724850804,0.035211063819169636,0.1430292703519464,0.04142349077161062,0.28792065596948513,0.14541286119491187,5
cifar,DR-SNE,lambda,0.1,k_density,300.0,0.6706717302305538,0.09478801147135409,0.5475124731590248,0.048782327180495265,0.6575124081462824,0.11003653890958758,0.6568466776631078,0.11813377962078599,0.8028908380328259,0.08111187107886751,0.16577352830809972,0.054513387668844164,0.12238280246135158,0.02385022681780845,0.16471137786643195,0.05496732282971513,0.16276164778790594,0.053579671490249364,0.3605994715222846,0.10517928439964655,5
cifar,DR-SNE,lambda,1.0,k_density,40.0,0.5577942848226825,0.04729431527333435,0.5198274468938769,0.029888458670254418,0.5630331044884798,0.049254930880339526,0.5635933285781156,0.05204618038670882,0.7068449130315256,0.08129961189556591,0.11574698725679204,0.022278591159017383,0.10892825642816577,0.020725695664649376,0.11683287345550511,0.02251929232975138,0.11711684549150887,0.022649261963458914,0.23317534423752403,0.08371590569672856,5
cifar,DR-SNE,lambda,1.0,k_density,80.0,0.5715082584758042,0.08017175000333888,0.5177711402863532,0.03358876717752235,0.5804150506356389,0.0713003181365785,0.5781103953517747,0.07229772956804709,0.736442428430258,0.09650329098156085,0.1207512023796619,0.03648216597935688,0.10595607520030015,0.015662834899596013,0.12122290471413921,0.03153691301794957,0.12257612272802616,0.035002737871972674,0.268390493976088,0.1309730448237415,5
cifar,DR-SNE,lambda,1.0,k_density,300.0,0.5839138042484899,0.1386531379426171,0.49213290090572037,0.03469698156801251,0.5790829395418644,0.1286570446263333,0.5835357551508666,0.12123175050032443,0.7719955754184963,0.09354474473916499,0.1260584263335484,0.04823817676865072,0.09755941281224874,0.011566007019118271,0.12475288100953334,0.048494996270378156,0.12677611505017286,0.04798058992553736,0.29372149697272454,0.1425695693206143,5
cifar,DenSNE,perplexity,5.0,dens_lambda,0.0,0.6404372757060384,0.017933246763665315,0.547881559785718,0.013646084244540025,0.6645024389065972,0.055490080269993323,0.6607316534040673,0.05344793337473965,0.7723024355630848,0.06965557655584945,0.14746588342037734,0.013345242212085552,0.12178848515657133,0.007318556477990678,0.15000609361306383,0.02557593764087619,0.1463701961696769,0.01679209697209198,0.323257937082151,0.08454330356623038,5
cifar,DenSNE,perplexity,5.0,dens_lambda,0.01,0.6413047314416482,0.017241640216976772,0.5474778306548084,0.013563135031527604,0.662632625994695,0.056459679944536566,0.661138911798141,0.05333801940398505,0.7731648760299876,0.0695130351652832,0.14695021900825175,0.016731646100379804,0.12056031773396966,0.010192119876953284,0.1470723337003364,0.022325499939122792,0.14705152281757378,0.01870412045344178,0.3284400771718828,0.09238894174639475,5
cifar,DenSNE,perplexity,5.0,dens_lambda,0.05,0.646688715273908,0.02114553578577753,0.5492909896053912,0.011034558194807274,0.6695103704611818,0.05239334747224253,0.6713154492566257,0.05205774852609988,0.7737073609284563,0.06933014343878584,0.14902631051212464,0.011862359720042199,0.12443505854070555,0.008667275587847294,0.15335313017338417,0.022215712432577885,0.15275060393367232,0.017304093863485914,0.33435863582050696,0.0884902422159844,5
cifar,DenSNE,perplexity,5.0,dens_lambda,0.1,0.6491919844861022,0.020233933046048855,0.5469867058229128,0.008137525809850185,0.674121817161878,0.05313022773833508,0.6727385781898966,0.05204015453114762,0.7739528304690577,0.07032888918095614,0.15049213844219367,0.016699947063564077,0.12103140816143662,0.006297248829014311,0.1550843181032418,0.01994629291806164,0.1547023144017858,0.013912234512319136,0.3340148192255106,0.08780325644619943,5
cifar,DenSNE,perplexity,5.0,dens_lambda,0.2,0.647489579386131,0.02026622016159213,0.5510359780516981,0.009319520143542431,0.6713035147746101,0.04693310516998792,0.6722967701669528,0.05045156087795857,0.7728585731374779,0.07103656230532596,0.14787791995953545,0.01654341815840937,0.11722410317678959,0.008484823227438786,0.15113928378914024,0.018897087523226237,0.15026017368307604,0.013847204786539523,0.33116620275839204,0.08657084030186035,5
cifar,DenSNE,perplexity,5.0,dens_lambda,0.5,0.6529188863874462,0.022484155396717997,0.5567966178513846,0.005787603105884609,0.6716704188306621,0.05163635372396049,0.6733917705013039,0.06153756636672986,0.771450768636367,0.07357525232832195,0.14889757768463088,0.016445061842718264,0.11100282463831095,0.0013661094265398958,0.15082132989637553,0.01830855447250647,0.15183333887524678,0.0189398439466189,0.33797546955082225,0.11262268733005978,5
cifar,DenSNE,perplexity,5.0,dens_lambda,1.0,0.6532608534129832,0.019485410533756308,0.5549131987012311,0.013630748638150107,0.6772524129015001,0.05166958988536782,0.6738949691282349,0.05986951560237502,0.7720178655016383,0.07309818442190742,0.14767144266517923,0.013865131665169998,0.10552828715597244,0.004335149124927525,0.15125140807055001,0.01649811631889832,0.15075752394948122,0.017545958553427714,0.3418152743734978,0.11665342968234653,5
cifar,DenSNE,perplexity,10.0,dens_lambda,0.0,0.6062253415955242,0.029119390198429698,0.5325420818194652,0.005441370889458129,0.6298512508451657,0.06810063954849227,0.6343855181329826,0.09743667035571885,0.8240658597656569,0.07062448010629907,0.13292671975896883,0.015210787330683977,0.11926553932296771,0.008865769033485071,0.12734154356277574,0.020329441384133517,0.131578482445288,0.029186171632855196,0.38000062626451503,0.10683458597797356,5
cifar,DenSNE,perplexity,10.0,dens_lambda,0.01,0.610145795718818,0.027621116547377943,0.5304836390789738,0.008752374453208901,0.6343606275401408,0.08147956733383684,0.6371933256061044,0.09972424396655215,0.8253369517568301,0.07131387350894665,0.1343265318811486,0.01477865617156536,0.11924808345784468,0.008059399820904253,0.12956552111991862,0.026857657918275844,0.13412792587908115,0.030585049066466228,0.39489494861407765,0.11417114656335758,5
cifar,DenSNE,perplexity,10.0,dens_lambda,0.05,0.619250830305597,0.025853884547313185,0.5303062471673019,0.007987125098256555,0.6456350444687159,0.06536146403478482,0.6418974619025328,0.09551743320024848,0.8258484162895927,0.07189433122718183,0.13774495718974614,0.0158599975019703,0.11892480246237618,0.00854367408699593,0.13531433097081988,0.023384927209447515,0.13771833843644993,0.03110662894198868,0.3938448394246929,0.1133040478524093,5
cifar,DenSNE,perplexity,10.0,dens_lambda,0.1,0.621590824658776,0.019801286142354987,0.5328533071053354,0.007614710489189217,0.6498909179056238,0.06549452159944179,0.6415700763063846,0.08920847841488523,0.8260015677358477,0.07032083336354368,0.13755350692846052,0.013365561340914,0.1162934844625362,0.01000956646632321,0.13572540877520156,0.026130002033022116,0.13632765463369964,0.029787150911872617,0.38990538426299537,0.11164436541888056,5
cifar,DenSNE,perplexity,10.0,dens_lambda,0.2,0.6292278715199607,0.0181284004296232,0.5336749288574847,0.008645315407096002,0.6482891896811775,0.061704606464950046,0.6435918797227114,0.09508950594546285,0.824474511289927,0.07231194127562562,0.1372749863472406,0.014047887577963533,0.10843266025007056,0.005416772620244176,0.13329385103049213,0.01941283853409015,0.1375050072654709,0.030358681060105884,0.3939448978665921,0.1172663463555013,5
cifar,DenSNE,perplexity,10.0,dens_lambda,0.5,0.6369020685197155,0.017134038790929437,0.5389485767781914,0.009360933933600603,0.6687824134959023,0.059678862248790474,0.6487123761971632,0.09444161730031729,0.8259437063950248,0.07267065592933285,0.13873300523621976,0.012926824010924067,0.10552144472431309,0.005146303390847649,0.1411664436962619,0.020845199963349503,0.14035770007152784,0.030193768629031923,0.4046263779227372,0.1259981105167519,5
cifar,DenSNE,perplexity,10.0,dens_lambda,1.0,0.6408062694573851,0.0192625099635488,0.5323713304950628,0.015252091682995513,0.6599346436187206,0.06450246835380964,0.6498733180274762,0.09643489817122082,0.8256380536299399,0.07210341718123199,0.14081339378479665,0.01627042517547121,0.09853858227325443,0.005077811807044414,0.1395528395720576,0.024506737101337567,0.1421843153125189,0.032444976498296633,0.41000611717630636,0.12873024714608236,5
cifar,DenSNE,perplexity,15.0,dens_lambda,0.0,0.609123795406757,0.01957016101817921,0.5284948528483012,0.014330052544639142,0.6442434467155562,0.08314565057704307,0.6528744919718551,0.11374104824709778,0.8530334016895884,0.06838451819711142,0.14014438770783105,0.022023836284967874,0.1099925214414978,0.008869484383413985,0.14370204804396652,0.060263067015233554,0.16370366569797862,0.08429211337261414,0.46582377278734344,0.15699147198379612,5
cifar,DenSNE,perplexity,15.0,dens_lambda,0.01,0.607294894084955,0.02299481348242915,0.5264199711714925,0.016684781753229357,0.6434656621269197,0.07943530496304808,0.6516453796372661,0.11183899797818586,0.8527355504536033,0.06806077333582532,0.1401656773650462,0.026222327173450983,0.10965096037539188,0.010337715339655081,0.1414284692918049,0.05235872185565031,0.16212402424313374,0.08276806697762877,0.4594017282688614,0.15502839072880428,5
cifar,DenSNE,perplexity,15.0,dens_lambda,0.05,0.6196930098299267,0.02619509921061452,0.5290271678963363,0.012324841023283387,0.652550217699812,0.0787194646071315,0.6565226355794307,0.11170818803945809,0.8534759527153037,0.06737301799099103,0.14310310500062404,0.026210685152798674,0.10929508790488848,0.008041471026499278,0.1410793621967409,0.039076544199137975,0.17078091452204222,0.09161167786173453,0.473636699524371,0.15590684884871284,5
cifar,DenSNE,perplexity,15.0,dens_lambda,0.1,0.625132625994695,0.023272874196120237,0.5296965205180216,0.015509157990422223,0.6631811013530081,0.07170840401466255,0.666287642377906,0.09449947713422766,0.8547690561635795,0.06678774503928787,0.14207918299875916,0.02333636155757105,0.10897770388892485,0.010831807313233318,0.14644395033186802,0.044952030225968984,0.1650175549347516,0.06849155401757423,0.4890093005090673,0.14364341005980677,5
cifar,DenSNE,perplexity,15.0,dens_lambda,0.2,0.6321790785279628,0.02533191149724935,0.5294280178915067,0.01543037786735475,0.6675065384243883,0.07528886402330308,0.6707958116933777,0.10080120795530155,0.8551264404966231,0.06608450640215925,0.1399326665275288,0.02113419745781954,0.10337923371693705,0.007792487909157822,0.14565305093791142,0.039304728988985266,0.1626138088586989,0.06575079635563699,0.4933411471120029,0.14826607701342856,5
cifar,DenSNE,perplexity,15.0,dens_lambda,0.5,0.6396407767350972,0.02563490048166134,0.5276844225753962,0.02724243946909596,0.6766757034378739,0.06101470128632994,0.6726141252256872,0.0866756487550769,0.8552493145799434,0.06620493441538156,0.141044549871922,0.02061171165868934,0.09843438842285364,0.00857201588141923,0.14781482372684787,0.03457206847025436,0.15579915815318382,0.0451308999782635,0.4936151989187202,0.1352559781859106,5
cifar,DenSNE,perplexity,15.0,dens_lambda,1.0,0.6396638098210107,0.023538914520225565,0.5190107475350884,0.02722601074167873,0.6741568311674803,0.0595527291511851,0.6727287334031755,0.0872642027946635,0.8546330866564131,0.06596821134776368,0.14024782265476118,0.018175628850122,0.09413818737871604,0.007365709234810409,0.14677147435159837,0.03295320878489947,0.15819164688247947,0.049382490939652024,0.4947561083515281,0.131049838131648,5
cifar,DenSNE,perplexity,30.0,dens_lambda,0.0,0.6183979559993759,0.020807223008468642,0.5312677391911672,0.02885150646992868,0.6571060785056728,0.05370223784932371,0.648524210745306,0.08046614397452288,0.8645816151394244,0.07222416130902147,0.14908834207059285,0.03032057686359179,0.11404754108039214,0.013250218067589263,0.13515058039288236,0.028124159564487588,0.1348248302593702,0.043628513160792214,0.5015607723110355,0.13012983679487292,5
cifar,DenSNE,perplexity,30.0,dens_lambda,0.01,0.6204361983520198,0.020726238507281943,0.5326453592046898,0.026751342250492107,0.663955263803134,0.06832105746331152,0.6518781252554072,0.08321500338828434,0.8654522286368127,0.07248347288160573,0.14983619520824237,0.0309428158919106,0.11373873693595149,0.01350702233394833,0.14360956297516603,0.04181423094930176,0.1399674002210708,0.05194201057085233,0.5052540298843982,0.1347555286843589,5
cifar,DenSNE,perplexity,30.0,dens_lambda,0.05,0.6281760582216972,0.020738177771601647,0.532461837520154,0.028477136998845333,0.6700654864067642,0.05970460792813698,0.6573793177748553,0.07879135261153813,0.8664052225664802,0.07181788270654538,0.1492017495326276,0.02656363409431505,0.11118609440317626,0.014135904420660254,0.14667938537818098,0.04051459836420463,0.1445163035585028,0.0508498802438367,0.5153135607740472,0.1351717748042458,5
cifar,DenSNE,perplexity,30.0,dens_lambda,0.1,0.6330371538535838,0.021067844585139186,0.5328301811440757,0.02369309325291624,0.6632731872589885,0.05748971379347161,0.6542708728053557,0.076967005385282,0.8653646471851341,0.0731117240370269,0.14663395945872518,0.024268331039747994,0.1074638167237012,0.012210992954754613,0.14150981239276056,0.03155238715177284,0.1403633375751995,0.04603330277757645,0.49982540203267745,0.13604937312652615,5
cifar,DenSNE,perplexity,30.0,dens_lambda,0.2,0.6370294934950107,0.018499935913105985,0.5303393572283024,0.021059160543336845,0.6678114481867017,0.05703846218769968,0.6579810571443432,0.0767017197878572,0.8657786854794969,0.07321729771344675,0.14283186732009767,0.020163840412775344,0.102293806138817,0.008622673606990388,0.13847069534739706,0.027537687432733344,0.13996631241903518,0.04488657722284181,0.4975839701427889,0.1383530693685602,5
cifar,DenSNE,perplexity,30.0,dens_lambda,0.5,0.6383335562341648,0.01891394176996148,0.5289857454918307,0.019983211978236524,0.6643119515710794,0.05326499976615979,0.657849267027766,0.07260867293215392,0.8644192690338736,0.07346063008154434,0.13973231909755432,0.016169968285262567,0.09794524000653033,0.007022708127377732,0.13564817225166928,0.02415421457279723,0.13702410994140835,0.03611606157810626,0.48322319007054776,0.13543713383147565,5
cifar,DenSNE,perplexity,30.0,dens_lambda,1.0,0.6371490240658597,0.016503967038965606,0.5107604447614589,0.018109441527577638,0.6604425788883193,0.04878732181890599,0.6553246364858941,0.07372032560933547,0.8638372192378277,0.07458036156345342,0.1363994805946525,0.010749765996274377,0.09217700962578271,0.004491029835520439,0.13295903811407564,0.019736147950699896,0.13621653178839827,0.03790118306785924,0.47426556274607823,0.13814259609936036,5
cifar,DenSNE,perplexity,50.0,dens_lambda,0.0,0.6251742341498934,0.013549546608028129,0.5215290161157301,0.019089719665667006,0.672854022245503,0.039127302202827,0.6279610517947232,0.04774633201826465,0.8700323763457638,0.05746999240444597,0.1416908670718738,0.017419154545782505,0.10518843606182701,0.008361085124540917,0.14238482135784208,0.017878982917663114,0.13001258036464416,0.02772970783740571,0.558894000072675,0.05948132925632828,5
cifar,DenSNE,perplexity,50.0,dens_lambda,0.01,0.6265536187949982,0.013596946254453485,0.5188716202661435,0.020527274196031765,0.6761338686668301,0.04118048044471016,0.6268677232166076,0.046614738340277864,0.8700161231601393,0.057473682556710516,0.1412601467772212,0.016301940800584145,0.10472356360346494,0.00809378006653609,0.14418307649115875,0.01886988905980425,0.12904892621239997,0.02577949781330084,0.5579851479793991,0.06150793263479042,5
cifar,DenSNE,perplexity,50.0,dens_lambda,0.05,0.6327868547949684,0.01293127402579005,0.5210346406467096,0.021134397936962087,0.6799564786126652,0.03912211005264707,0.6319532985608036,0.04862185265786336,0.8709898282920596,0.056909867917615,0.14064165213421503,0.013561653159259677,0.10478433066769563,0.009232621972811514,0.14556439903386278,0.019991176473986034,0.13227497854240397,0.028812612651659696,0.5616174318200418,0.06376498164921184,5
cifar,DenSNE,perplexity,50.0,dens_lambda,0.1,0.6356437933263491,0.014431211163350681,0.5196899449434946,0.015489709281782536,0.6896168613333927,0.03795699416898259,0.6379045650090275,0.04367870615982602,0.8717319023099955,0.05805619766338917,0.13722185300478631,0.011539615822653377,0.1008549600818091,0.005891587183041093,0.14629430899748147,0.018408295371600287,0.13139433434011955,0.026400762230784813,0.5617251955600627,0.075776069919245,5
cifar,DenSNE,perplexity,50.0,dens_lambda,0.2,0.6386901046890905,0.011557841777701732,0.523526161127581,0.016504429320233185,0.6883971758464659,0.02060295779305391,0.6465563679052522,0.04233064226842823,0.8717595791632302,0.059684197703520375,0.13607714849342356,0.008855382758137423,0.0980060632447201,0.004438562346675926,0.14447199716886294,0.012994966595187273,0.13817901448501124,0.03496796962483005,0.5597444387390222,0.08996239195772378,5
cifar,DenSNE,perplexity,50.0,dens_lambda,0.5,0.6344635334239797,0.015616431963171898,0.5157109329142797,0.017174710833646047,0.6803511059596252,0.030492580645482676,0.6519116532554666,0.03198305782773765,0.8726048376910447,0.0572523127489401,0.13345002199654138,0.009707251391737736,0.09533746769185159,0.005630825249037043,0.14101809682103847,0.017305508099244468,0.1410996751594083,0.036090325882469604,0.5533513460155133,0.0737367892554903,5
cifar,DenSNE,perplexity,50.0,dens_lambda,1.0,0.6272641151951497,0.013718967339614224,0.4965365854564638,0.020166101219499785,0.6745471862485047,0.015579771521434216,0.6477891023783519,0.03857970734166981,0.8712752342316236,0.06054181713215674,0.13098195209595245,0.007303498893518331,0.09030759274893294,0.005787728259835358,0.13799107607835656,0.012907999197661531,0.13815301860088164,0.031232632081540593,0.5312777263716851,0.10294587931646923,5
cifar,DenSNE,perplexity,75.0,dens_lambda,0.0,0.6270987970785131,0.011627280574938472,0.5168715496808802,0.02693675385551811,0.6466083316615772,0.029424513229194524,0.5737847260920284,0.071337770110519,0.8741374666577506,0.03661045212028337,0.14077473181467048,0.013905064525475628,0.10391900616206909,0.010285649513682401,0.12997013067698376,0.015421933562629222,0.10673123159549787,0.0190565569277488,0.4946026148313779,0.046589775980164075,5
cifar,DenSNE,perplexity,75.0,dens_lambda,0.01,0.6284711231972895,0.011047578490737734,0.5153465364925811,0.025684506664129452,0.6517086277481815,0.03086468169977184,0.5733653939029193,0.07039304180832097,0.8737509194659296,0.03654353546597719,0.14113105839976595,0.013468665091617989,0.1041865154544959,0.010544308412041514,0.13275387293040117,0.017480512654820868,0.1069984530621734,0.01889797842006045,0.49545679994893693,0.04516170069355595,5
cifar,DenSNE,perplexity,75.0,dens_lambda,0.05,0.6336093588629086,0.012042783990494405,0.5229647296584417,0.025925489970206154,0.6549905638648033,0.034256756139958836,0.5832938613111027,0.07137673030902761,0.8760050041236653,0.03586311066540639,0.14066285490841973,0.01204860910985974,0.10307546274080943,0.009851366203034643,0.1350012579580528,0.019933921226255986,0.11067267547495563,0.020910290356751973,0.5072732300887159,0.05758031409443037,5
cifar,DenSNE,perplexity,75.0,dens_lambda,0.1,0.6345331899337985,0.011820820793070794,0.5248766615399475,0.02852569549725612,0.658054660856385,0.0316415608952651,0.5966813781215403,0.06124630426567247,0.8771452347517256,0.03667921568834632,0.139029088689068,0.010505279650790966,0.10172468140226631,0.009686662601214301,0.13418852222600158,0.018219101894682618,0.11270073996049994,0.018842383741058174,0.5119617032402224,0.05673670241291713,5
cifar,DenSNE,perplexity,75.0,dens_lambda,0.2,0.6342461122379986,0.010420873217170147,0.5219504844378069,0.026079532325006597,0.6694718736300886,0.04401022525469545,0.6061108262933821,0.06987066603747231,0.8777172540103575,0.04040918250054224,0.13572999305712946,0.00624044479155879,0.0988346409975207,0.008315602448525871,0.13761322456102845,0.018708600083217987,0.11728371274981071,0.023948468790298678,0.5104073625530053,0.09210158866523116,5
cifar,DenSNE,perplexity,75.0,dens_lambda,0.5,0.6289479452258357,0.010917317524044862,0.5138396339968347,0.023869381296056893,0.6676737604856267,0.02951015016409121,0.6107191152322999,0.06144597753283465,0.876590768933568,0.041545833536778515,0.1329964496359628,0.004444178673405488,0.09711664173225618,0.008312951633003541,0.1367741864563605,0.013338123641920113,0.11787916582827003,0.02061167543274476,0.49126642069106347,0.09564624150671101,5
cifar,DenSNE,perplexity,75.0,dens_lambda,1.0,0.6275854638937803,0.009094575417032439,0.4994576544145509,0.022725062703326044,0.6662413440177131,0.019404999493010718,0.6168378359301281,0.0555108110545012,0.87618258178603,0.040991678514073926,0.13289228843173584,0.0038733583935238155,0.0926769087684121,0.0076626896621491145,0.13555924521234075,0.011420962370654236,0.12099882427570571,0.02064640731869443,0.4751657231618647,0.08936050702179539,5
cifar,DenSNE,perplexity,100.0,dens_lambda,0.0,0.6250423511579698,0.01445346508655956,0.5198677083565522,0.030900867877263226,0.6315971680449368,0.043511081158394596,0.5582845737764602,0.08487524806701444,0.8690336877456554,0.03773621939203317,0.1386051764849218,0.014592303057010148,0.10093068804095137,0.010528955052178116,0.12711994448414832,0.019422132727411,0.1028827132235117,0.02104340759307947,0.4765481099590917,0.07266893056828376,5
cifar,DenSNE,perplexity,100.0,dens_lambda,0.01,0.6251618817288189,0.013726625336637365,0.5188185884433348,0.03037705139964405,0.625659461397291,0.046270074416033834,0.5572028546166476,0.08557769023970414,0.8686952499832824,0.03779673193626226,0.13890222050767123,0.015069169253434161,0.10142870249522074,0.01042841468840176,0.12629908023581182,0.019522305913589263,0.10308528622537923,0.022070703790353106,0.47421331014816237,0.07654230744071928,5
cifar,DenSNE,perplexity,100.0,dens_lambda,0.05,0.6265050449888179,0.011653736394118984,0.5214542050241848,0.022971678410402957,0.6373747111576726,0.048036725740300906,0.561638209660522,0.08424776072468759,0.8692067145160453,0.03824620615670149,0.1353933047082973,0.010215258617458747,0.10056715450328357,0.008493908521856688,0.12808936708954746,0.02125662493624265,0.10508885512528092,0.024437312243654242,0.4732694014269197,0.08150718997407871,5
cifar,DenSNE,perplexity,100.0,dens_lambda,0.1,0.627984177755983,0.009750054914959354,0.5236525180363923,0.02098209854604789,0.6421406559971469,0.040478939163392846,0.5726921405166842,0.07631766733007518,0.8717463908640379,0.03533130586881918,0.1342129056127423,0.006802957389735029,0.09961164313339041,0.007909702896130421,0.12996441212848658,0.017893896472084374,0.10717105201330931,0.023571276770390153,0.47900117003671533,0.06116131262873616,5
cifar,DenSNE,perplexity,100.0,dens_lambda,0.2,0.6262283693318176,0.011035457316034036,0.5210209415331118,0.02433718153156183,0.6447761797026502,0.043668730352683406,0.5715454086143741,0.08339837375065437,0.869941730007653,0.038857022048392725,0.13146395394496985,0.006375668780291969,0.09772798850535877,0.007636929212695762,0.13049551834454662,0.017752889695024372,0.10736784142611148,0.025026446356592735,0.459641706344678,0.08352266685272561,5
cifar,DenSNE,perplexity,100.0,dens_lambda,0.5,0.621670140204623,0.009703638959944312,0.5093859360720415,0.025117819293786668,0.6546199912325672,0.036292215014819475,0.5846589431528579,0.07583581465404797,0.8707171462749557,0.038820678556180585,0.12975670859778404,0.004136018615783968,0.09639245826868936,0.008706108957848142,0.13306464796796375,0.014062537796847453,0.11110899340730733,0.023152869457560052,0.45363870607010603,0.07599320404917449,5
cifar,DenSNE,perplexity,100.0,dens_lambda,1.0,0.6222873897569638,0.008743694445238934,0.49868377059046426,0.01589838095520834,0.6633823157910379,0.025381669273742063,0.603435830565648,0.07400915555485439,0.8736610161305902,0.038720575558108976,0.13066259963158786,0.0028416132844721704,0.0931032874313147,0.005475238264256849,0.13489084361097037,0.00841021054582423,0.11854720081048775,0.024616040254379107,0.45174218287132295,0.07298649553665511,5
cifar,DensMAP,dens_lambda,0.01,dens_frac,0.1,0.5905152909970355,0.016747742747562345,0.49968315575567096,0.011429687563449411,0.5280654436841049,0.14672701760767703,0.41507756948933416,0.17678143662309204,0.8409435392194012,0.10246952804876072,0.12499088729591597,0.008095156965914127,0.0997512551411808,0.004728009083657506,0.10578637255993759,0.04033967179210045,0.08302189868365534,0.033107779547178265,0.36626221503608297,0.2361518511484414,5
cifar,DensMAP,dens_lambda,0.01,dens_frac,0.3,0.5934856303264011,0.016084196343884992,0.49812935120998,0.016335924361206695,0.5485078646843353,0.1400375104327682,0.4194308227269688,0.1757535192466602,0.8445484957908892,0.0991275299784806,0.12678041541843416,0.006553607654499809,0.0995479432679485,0.007687222498346535,0.10962316589977883,0.03713265062528144,0.08381644343204477,0.03378548113888833,0.37161689154372285,0.22998927003014938,5
cifar,DensMAP,dens_lambda,0.01,dens_frac,0.5,0.5878122469146809,0.00924278644026159,0.5005014339953489,0.005407729659828176,0.5382300930982472,0.12438856235933918,0.4218857503213487,0.1637004644483676,0.8570701357466064,0.07295741169949517,0.1209290858987635,0.0048026481646544356,0.09885411602258656,0.00517560545607956,0.1007821908659475,0.02802493166495044,0.08323815009590359,0.03164877464251937,0.37282507919415336,0.22768544892649722,5
cifar,DensMAP,dens_lambda,0.05,dens_frac,0.1,0.6142207944185631,0.01025684607067692,0.5028922776006954,0.008359830901407145,0.5448442573315798,0.14366102356380375,0.41189087704047134,0.17428116279620276,0.8409633216681899,0.10161887574869152,0.12772742571316953,0.004975900499135202,0.0977479173587336,0.0034262185548448775,0.10693732335905874,0.03751940668380698,0.08234218664300323,0.032496365394513914,0.36724437392046144,0.23872112682348381,5
cifar,DensMAP,dens_lambda,0.05,dens_frac,0.3,0.611944326802339,0.016300717895363068,0.5053374068460276,0.01564041019388412,0.5453993268394891,0.14120024123347788,0.4137932891989687,0.1771906523750614,0.8425598488732364,0.09977016408884433,0.12764614391179244,0.007225926376278163,0.09952195748753444,0.00738765337613054,0.10713473108598644,0.03733199939641466,0.08307627040602839,0.03380707271947299,0.36990508169321357,0.2397296119765828,5
cifar,DensMAP,dens_lambda,0.05,dens_frac,0.5,0.6080540571666332,0.013370371327743755,0.5077914521246164,0.018618947747090688,0.550759952522123,0.13632454267232696,0.4143894096099978,0.17146368221164843,0.8436693377616298,0.10262869245287573,0.12619912641120956,0.007090382855461673,0.10159932066578896,0.008672941968016276,0.1056821896845542,0.03287689019330669,0.0821778397835233,0.03088678826095655,0.37535718634302523,0.24149992890188726,5
cifar,DensMAP,dens_lambda,0.1,dens_frac,0.1,0.6273013582090662,0.0066189517712768,0.513947415836361,0.007698513956838581,0.5643773822526358,0.12337005201197987,0.4111902254270408,0.17111892432660925,0.8432015246416869,0.09545733977853588,0.13007705563826605,0.0032082079315262097,0.10010452965453624,0.0029987122299074418,0.1090296422417079,0.03577763961428835,0.08201025112371199,0.03209765512684964,0.36948355199563515,0.2396898747083895,5
cifar,DensMAP,dens_lambda,0.1,dens_frac,0.3,0.62624025737616,0.010506104567068597,0.513723864877516,0.016545744455979883,0.5736187114102935,0.13306818590143057,0.41611614805073227,0.17676972281718695,0.8460443461204109,0.0904793780259637,0.13008823343487388,0.005258300784702857,0.10126523058617529,0.006925411352367135,0.11544790327267922,0.043117017716896515,0.08406512682265342,0.03610019236603522,0.37044784413863396,0.2365780802537412,5
cifar,DensMAP,dens_lambda,0.1,dens_frac,0.5,0.6261601059521952,0.011339009163722618,0.5136111142069559,0.015167913571495694,0.5756230078238191,0.1275691868152615,0.4097155971141772,0.1644856095385961,0.8504301057292943,0.08657045477481493,0.13019367887183847,0.007925906158676405,0.10061759420442731,0.005987648641769198,0.11430027173584076,0.03830145158925924,0.08132056620137754,0.030199681229008308,0.37622962299795065,0.23419424345870746,5
cifar,DensMAP,dens_lambda,0.2,dens_frac,0.1,0.6336103804917192,0.012888528865076045,0.5280861084486845,0.005920024718476771,0.5994790157442287,0.11014862625243146,0.41847109533468557,0.17357523892906812,0.8469342776898557,0.09501450021961638,0.13174574966965658,0.004451908468316661,0.1025257456912108,0.0014215205423417235,0.11824657754535965,0.03931270808628314,0.08393516004035628,0.035143382867149846,0.38206604532579286,0.23822672692804103,5
cifar,DensMAP,dens_lambda,0.2,dens_frac,0.3,0.6307293872456144,0.012964423355180488,0.5263874183625705,0.008369138562570377,0.5905900556509076,0.10464054622247827,0.4128390878897978,0.16436193650669156,0.8574068088773972,0.07379336329357503,0.12931865449869645,0.0040814161934197265,0.10174094225800709,0.0017854255123188603,0.1172085600290386,0.04073925671703884,0.08299738931193498,0.034283362006655785,0.3831025287503581,0.23278384853090303,5
cifar,DensMAP,dens_lambda,0.2,dens_frac,0.5,0.6352869662453842,0.009012155486001148,0.5201157784068535,0.01352493772364782,0.5784910449590976,0.10324288425612245,0.4087121718714011,0.16205284837677278,0.8596112052247955,0.06530539456207596,0.130404329617488,0.0031795013467721296,0.09994263565595474,0.004510215591508123,0.1128613524578496,0.04056268240617743,0.08271346947569969,0.03467421053902018,0.37165760905648026,0.22676384144186432,5
cifar,DensMAP,dens_lambda,0.5,dens_frac,0.1,0.6327233280580137,0.007256119482991325,0.5464688328912467,0.022174407308869673,0.6084207754719925,0.09416455626458146,0.4193801127878206,0.17030317284923413,0.8530873622658612,0.08308150275048445,0.12995073399322998,0.0016329263412766246,0.10679717598373599,0.008167948409717114,0.11969901022876846,0.03604405159832146,0.0843596050108643,0.03612181646811303,0.37796504844522455,0.22119263113875057,5
cifar,DensMAP,dens_lambda,0.5,dens_frac,0.3,0.6340882241490761,0.011084758931239537,0.5401807539992125,0.013364822905160266,0.6172666414045725,0.08687899016882804,0.4294110681407842,0.1751500208148468,0.8640222269279064,0.06863771521814618,0.130274138803195,0.006392184273849123,0.10626602529461068,0.004026294583442277,0.1203451495973135,0.033090030271281747,0.09050869059161792,0.048779187058058324,0.38779934680770367,0.22048067948443772,5
cifar,DensMAP,dens_lambda,0.5,dens_frac,0.5,0.6328929184405858,0.008276166073016494,0.5433465959328029,0.023200214332651587,0.6181503503258067,0.042558713935575844,0.4387347777307209,0.16245608647163348,0.8717088692240822,0.05490118262761502,0.13037400650567393,0.004873370724742501,0.10607567281998713,0.007744410734212943,0.11610053020915098,0.021036791742987938,0.09124893766791442,0.04787894838502325,0.4087542246981338,0.2107572605813513,5
cifar,DensMAP,dens_lambda,1.0,dens_frac,0.1,0.6319874766882881,0.008279264202524934,0.5469440760389036,0.02093313473060558,0.6236617591333615,0.08350340134780412,0.42282690264434686,0.1697125099107928,0.8494607657386561,0.08604161555922774,0.12810670042841213,0.0037494445202747298,0.10495978994166666,0.007919650420935764,0.12167936621027897,0.03215347258053707,0.08814259010099976,0.044155762198279574,0.37487526474231136,0.21749837308804962,5
cifar,DensMAP,dens_lambda,1.0,dens_frac,0.3,0.6359435020692628,0.007914632308677538,0.5603441310211087,0.012383216625198349,0.6357300280855048,0.06764628145622968,0.44944330517352826,0.1642804646471507,0.8674215574824095,0.06614513712379871,0.13127622749445628,0.00321531342380642,0.1123281957157374,0.0053741649930898585,0.12519491610268857,0.03092226756484426,0.09355780936501376,0.05126588339276386,0.4035386530676976,0.21119193756615456,5
cifar,DensMAP,dens_lambda,1.0,dens_frac,0.5,0.6364163304579126,0.012743132754482417,0.5500351997562951,0.011684486337418322,0.6407820754296414,0.03824365730679185,0.4469473266760285,0.15966017708829253,0.8752678524990898,0.047152672253892004,0.12979142550181041,0.004931488419156577,0.1084370725025419,0.004039231083461524,0.12258952593220111,0.020974333519101565,0.09314693822067585,0.05122582307846932,0.41347305723223043,0.1976426876641399,5
cifar,DensMAP,dens_lambda,2.0,dens_frac,0.1,0.6363342286516728,0.007779715039430913,0.5482547793653271,0.02262410051045783,0.640441547971974,0.08003757622516804,0.4492285773725936,0.1612953731266266,0.8518299229506127,0.08892681267781556,0.13068226774805825,0.003846764614786232,0.10709897182583852,0.00894227686841602,0.12732922490309911,0.03176551555472914,0.09010220952901145,0.04121394683493568,0.38806096739588536,0.21134038821955334,5
cifar,DensMAP,dens_lambda,2.0,dens_frac,0.3,0.6401852120158408,0.0013620265103991146,0.5516532740417122,0.02439880562951508,0.6379314988594907,0.06588650764429325,0.452555465156885,0.16306542321013076,0.8649240465416936,0.07178472311149689,0.13138937846113646,0.0026072166914507425,0.11001814005711301,0.007961622529681843,0.12457888926938192,0.028045118231510676,0.09424768716041988,0.05168702305608711,0.4004866199607986,0.21007387491570026,5
cifar,DensMAP,dens_lambda,2.0,dens_frac,0.5,0.6354385388107497,0.010092806557086102,0.55426530028457,0.013495675621839343,0.6384313539739503,0.011434601312658449,0.40393680018426464,0.047293501397368196,0.8613045085408167,0.053667425069460734,0.13024873986277366,0.0036450465198714565,0.11153812671453726,0.0052785719398495395,0.11987419200109647,0.00452740241619078,0.0732751396188821,0.005133701454123591,0.35324692706342714,0.10601848966003594,5
cifar,DensMAP,dens_lambda,3.0,dens_frac,0.1,0.6440803111695607,0.008363893221977545,0.5404248304096175,0.024343976576889585,0.648520913670508,0.0711131515088545,0.46205229439255807,0.15613312487232445,0.8500866526982145,0.08831077281601815,0.13336132783484184,0.004140182959252877,0.10330437119818911,0.008979553242745329,0.13012276226672198,0.03071038780576309,0.09293626940501695,0.043416862131193515,0.3903750932776179,0.2054778649138251,5
cifar,DensMAP,dens_lambda,3.0,dens_frac,0.3,0.6418716425562268,0.006913245086283011,0.5601752372036348,0.012601912973388259,0.645155436179777,0.054649707897018916,0.4743592529850136,0.1312008077210848,0.8691799664162747,0.0638945700073989,0.13376780252687218,0.004645816872100128,0.11020527208326088,0.003432775419453785,0.1274691926992834,0.024283854941354654,0.09126253694788104,0.03542056229738302,0.42078565590840605,0.19119174782265294,5
cifar,DensMAP,dens_lambda,3.0,dens_frac,0.5,0.6342618081715445,0.01161000838836485,0.5556597771734688,0.011891265548369433,0.65345045843271,0.017852947989134477,0.438412500278626,0.05905740986017219,0.8706753523690643,0.053447743821521225,0.13241365390543985,0.004644035104885224,0.11276873091906048,0.006668122382410136,0.1261376688682103,0.0077533418430649845,0.0785236367038557,0.007844962858299963,0.3895446631448326,0.12573608325594327,5
cifar,DensMAP,dens_lambda,5.0,dens_frac,0.1,0.6442329982390834,0.011688988955259844,0.5339748697887643,0.0173668054205298,0.6436441221050755,0.0644098790133186,0.46583770776214994,0.14625961729379208,0.8428451619374542,0.09205087890424343,0.13485321296177777,0.006950945318300368,0.10117804602564537,0.005465292020639929,0.128614024595866,0.02702456293324456,0.09247659237134782,0.037624248552932324,0.37571952386697577,0.1914644084728111,5
cifar,DensMAP,dens_lambda,5.0,dens_frac,0.3,0.6401579066639919,0.006020190948567252,0.5552450887516811,0.01659264002037342,0.6674574538038026,0.047609989776606576,0.4788445285275914,0.11813021973105926,0.8664295559072436,0.06099779558129231,0.13601052972162028,0.005564843597720671,0.11069190602674742,0.009011357317717014,0.13681874789560405,0.02395867437359364,0.09158425436069542,0.030711371458873007,0.41763262172545945,0.17471776457024385,5
cifar,DensMAP,dens_lambda,5.0,dens_frac,0.5,0.6395116800035664,0.008679245463955215,0.5648509536440571,0.026555228486224488,0.6614906307350527,0.036685878486496196,0.4586779008685703,0.10085932563590105,0.8513743693763978,0.07594834054822604,0.13447662223907625,0.0034482598149848526,0.11459347847413195,0.01366123910543978,0.13089749022603303,0.014368933175918155,0.08472083501068603,0.016958584739546232,0.39132248646723655,0.1717354199576091,5
cifar,DensMAP,dens_lambda,10.0,dens_frac,0.1,0.6454253319364882,0.010407133571398183,0.5190417214631211,0.022253685563261592,0.6481806648388798,0.07529718848931982,0.48367130671897407,0.13215007470589976,0.8266289407009488,0.0926163253443171,0.13459601536414634,0.007798735711228886,0.10105154884088119,0.008199467615667004,0.13148786926108333,0.028367716369419402,0.09621738380926989,0.030765674457697255,0.3391473837314634,0.15749781149887856,5
cifar,DensMAP,dens_lambda,10.0,dens_frac,0.3,0.648338460052456,0.008487607160467796,0.5429950163089108,0.022588744270921998,0.6698985429715653,0.04259204385256044,0.4844701275735758,0.10534418759462795,0.8411605889039967,0.07038882071366044,0.13806047036533914,0.006530808374959784,0.10527849516690586,0.005630256462452556,0.1365264112135882,0.019392255814245685,0.09344062560799497,0.02510094306284509,0.36414869929481875,0.13020159210646579,5
cifar,DensMAP,dens_lambda,10.0,dens_frac,0.5,0.6453015290997035,0.009573372278071146,0.5623947722325005,0.018613273163819784,0.6652190186419396,0.031107446027817526,0.4489373202862047,0.0820221485166715,0.8221559711417724,0.07651975455443152,0.1383650418793915,0.006284417135373665,0.11281067453443357,0.010057025541748697,0.13364193867619364,0.01262326073112492,0.08679582270971588,0.01390931154338569,0.3238472695239568,0.13430127693655192,5
cifar,HIGH-D,,,,,0.6081575203025508,0.0,0.5786907269539115,0.0,0.5946506586719569,0.0,0.6018926138094495,0.0,0.9902141891239256,0.0,0.1259109993124011,0.0,0.1154198126476244,0.0,0.1208338713114849,0.0,0.1239926238860359,0.0,0.9344474922089493,0.0,5
cifar,PaCMAP,n_neighbors,5.0,FP_ratio,1.0,0.5922103589446388,0.030645238014745845,0.5211620191843316,0.022181917752475116,0.45539605762729496,0.048218592585857215,0.24085493613891176,0.04991214447760827,0.8061869840774506,0.02922232190621922,0.12531526312161573,0.020175207234287645,0.10167427108131968,0.007431207257054618,0.08027958676760058,0.008418766605371636,0.059464024537346415,0.003627335232974108,0.21829676338105491,0.04177942459058919,5
cifar,PaCMAP,n_neighbors,5.0,FP_ratio,2.0,0.5445647489765137,0.017341728727720777,0.5197416300737802,0.0288825876252868,0.47950208598028066,0.050665529054735925,0.3107881680523668,0.04009012481333398,0.8235420428118196,0.025881810998336145,0.10969933892344681,0.005542342305946634,0.10352876446599268,0.009241292871485502,0.08548536773725571,0.008001705282794811,0.06487999855998147,0.005024191074464056,0.2272707275272472,0.03028496528693499,5
cifar,PaCMAP,n_neighbors,5.0,FP_ratio,5.0,0.518614076930507,0.01360516129443944,0.5296973563961394,0.013812820159967248,0.6905000130025485,0.10895475190667908,0.6308979559993758,0.16624162412060134,0.7588387609685784,0.07707778672980006,0.11973731606645119,0.004744554796663515,0.11305875721575578,0.005793592932087107,0.17479975082491991,0.06151501892563427,0.22235460522523104,0.17100881993706832,0.31050576052659695,0.07812277897432034,5
cifar,PaCMAP,n_neighbors,8.0,FP_ratio,1.0,0.5553048540371056,0.0514906713063345,0.5098621079731627,0.02561774357219653,0.5065178060614166,0.025625608524797606,0.2670516814152717,0.007798272603598294,0.7883286338408043,0.061139583529689415,0.11660403046524799,0.01538210657983099,0.10449658241712993,0.005906560957150296,0.08639446789119107,0.004390952830825765,0.06098949826047294,0.0005119024116009627,0.1956750306800408,0.044645620005756066,5
cifar,PaCMAP,n_neighbors,8.0,FP_ratio,2.0,0.5130016197460416,0.03558406842672382,0.5031578082161247,0.02374495712780686,0.4679626956883549,0.013516219966308618,0.33629438512805654,0.025914350061724226,0.8337247100431684,0.055988478504260746,0.10440082407336002,0.00827347116684816,0.10595014427792544,0.009647817422530895,0.08134463870442007,0.0021004413769625126,0.06635552929015265,0.0025095135090678704,0.24606223634033494,0.05691043177384842,5
cifar,PaCMAP,n_neighbors,8.0,FP_ratio,5.0,0.5719059507091961,0.033765593518429116,0.5024846012675627,0.011948271630852539,0.43586390789737645,0.15012207870582278,0.32432823261930765,0.2768203278694426,0.7921720943019117,0.10626325697986452,0.12839556576435512,0.015665760539283733,0.1025366037695212,0.010274328309874035,0.08439664307566158,0.026772086161900976,0.0806759482522715,0.047390682423655225,0.31377296575657165,0.2542791901182086,5
cifar,PaCMAP,n_neighbors,10.0,FP_ratio,1.0,0.5261354939853926,0.046058981743003206,0.4977623542785814,0.021478836505082186,0.5125130489861727,0.03498527363115396,0.3074502281018508,0.02125789004541575,0.848923203233548,0.008216994669447105,0.10315143819735828,0.011842239992847243,0.10248920358066041,0.011115964020273542,0.08836047806549419,0.005653342226901806,0.06438218535962996,0.002030293916440487,0.2542132895618925,0.017536071796274613,5
cifar,PaCMAP,n_neighbors,10.0,FP_ratio,2.0,0.5169168728499357,0.017675824476921558,0.46805050932839976,0.01676547445233735,0.5296493398420375,0.0335957736511327,0.40061204853294097,0.016764120064886954,0.8791949007719799,0.0038912063401045846,0.09295319535330235,0.004140650081250486,0.08912361415249179,0.0053691267072490815,0.09412891707960395,0.009882791034844251,0.073416661154795,0.0019256430288914542,0.29558144248645163,0.006605577322220238,5
cifar,PaCMAP,n_neighbors,10.0,FP_ratio,5.0,0.5442065287653524,0.027084170991409154,0.4853489141014496,0.0191347922341742,0.523496208828359,0.18828892629963626,0.45163302721619153,0.2583519864876853,0.7893078186181635,0.10976783168387985,0.11281219162039346,0.010646283039833183,0.09730082855111119,0.009422174507183523,0.1333334924597735,0.1030867461198243,0.13705288888976522,0.13898813533607884,0.36206633687876083,0.2512636088451745,5
cifar,PaCMAP,n_neighbors,15.0,FP_ratio,1.0,0.48480828670990944,0.026814769271688948,0.4855216622458002,0.014877362644247664,0.5322624805890526,0.07549758855566065,0.34087146795057544,0.07275095614315609,0.8142212587952953,0.055917293674745,0.09204778640541941,0.012278432646654283,0.10194469597976366,0.010906600657709556,0.09325967945238403,0.015647356687981166,0.06752625333166777,0.00660394230729713,0.2232091155188976,0.05519171951915234,5
cifar,PaCMAP,n_neighbors,15.0,FP_ratio,2.0,0.5419193804842892,0.030855360216637685,0.47706085749949845,0.009111100813415231,0.538055441009295,0.020595238450830108,0.40203438802576735,0.019345107804623434,0.8389728172436083,0.04318422870722871,0.10022313692033787,0.008862609604852762,0.09532245389371821,0.004099857259998723,0.09734075913193972,0.006459965299331149,0.07311102124379651,0.0026592874407509147,0.2425771854995701,0.0545135993338732,5
cifar,PaCMAP,n_neighbors,15.0,FP_ratio,5.0,0.5698629717138844,0.016059769835546845,0.49194896128212556,0.033938606263065614,0.4109491674653946,0.04457916408325021,0.14800067241750808,0.04020023424982618,0.6790260533921793,0.02230328214668265,0.12008034300492973,0.012349190211167637,0.09570765323672284,0.01041545588801263,0.07441022749644162,0.005349407788537793,0.0535276280004814,0.0019007606122514406,0.13066925930704046,0.006264021883592562,5
cifar,PaCMAP,n_neighbors,20.0,FP_ratio,1.0,0.532259508577967,0.019149050127103058,0.4831116398814167,0.015063918025385844,0.5367535144031087,0.08409290356094976,0.30592173208806067,0.047340696193921616,0.7106375706781387,0.035745768524309225,0.10823262018630897,0.009621207688559721,0.10680957752553247,0.011487843053726722,0.0952106282650244,0.017705151978726703,0.06388909615111367,0.00369176207434781,0.14386433713626653,0.015788944267579458,5
cifar,PaCMAP,n_neighbors,20.0,FP_ratio,2.0,0.5555169813283404,0.015796686040068467,0.47903278685479495,0.015563268266385117,0.5361360791000751,0.025361308681535702,0.4002232723328058,0.013000840731481854,0.7994901143481264,0.051798096972125195,0.1040069034377776,0.006412809060018727,0.09612173125995031,0.005093148749894678,0.09375572081460648,0.0064508332103116895,0.07261918203307935,0.0017871511964933388,0.20107634577781813,0.055076699936914164,5
cifar,PaCMAP,n_neighbors,20.0,FP_ratio,5.0,0.5719352064433201,0.011016238575080864,0.47983504409721445,0.009254211483218911,0.43278230390299355,0.06065158017617089,0.19857139142128996,0.043064991450274155,0.699234985771497,0.05180188601968174,0.11334951402511981,0.003590356804343418,0.0903636996418794,0.003038102014136418,0.07879356334001078,0.008833375518468965,0.05611842313013574,0.0024811822367702763,0.1410271926385222,0.02094177198091443,5
cifar,PaCMAP,n_neighbors,30.0,FP_ratio,1.0,0.5328029222299,0.033781869300091354,0.49090820015008657,0.010481477717915409,0.48714656286917946,0.0934727210970254,0.3087378519046876,0.08043395940180377,0.7897474905081396,0.05548112610283243,0.10757264388453087,0.013613346300789923,0.10930740795523719,0.007019488057453431,0.0852083976604447,0.012811441178495303,0.06463766781149372,0.007127906916686824,0.19876816408865894,0.0533022359325368,5
cifar,PaCMAP,n_neighbors,30.0,FP_ratio,2.0,0.5602553886275995,0.00929883794164164,0.46599629241617074,0.010196593187054917,0.5830095698756956,0.029505782596405638,0.42050882687292424,0.00676938864953896,0.8721460334797049,0.01113669759034888,0.1047719902169781,0.0021106532706841466,0.09054065180260971,0.0016339460680877094,0.10456486644916316,0.007678318206544422,0.07530834541459172,0.0006833985480249513,0.2840943610670128,0.013821315706249072,5
cifar,PaCMAP,n_neighbors,30.0,FP_ratio,5.0,0.5708236742973052,0.009870676971750076,0.4936296335510331,0.0052384134498656065,0.5177871148459384,0.045511853522403584,0.2534540341335473,0.023475566719412953,0.734890574266842,0.006315580041592152,0.11289419314895936,0.004388725214114521,0.09302534668504628,0.0027973413668344834,0.09158494540729016,0.008213545264031447,0.059652610929715855,0.0017850139107887023,0.15111041369178255,0.0023784736320762037,5
cifar,PaCMAP,n_neighbors,40.0,FP_ratio,1.0,0.5174867559755998,0.031759626306501185,0.4818332107378761,0.016096015222172817,0.46876114504157107,0.03160970223151839,0.32494288166194857,0.06650573741792223,0.8049427330613943,0.07951184330872421,0.1044974620237138,0.011400616749159072,0.110579692294643,0.011884792522581525,0.08089997780643929,0.004480176374539047,0.06599706650866947,0.006043120748388404,0.22034863669824953,0.06816665168376955,5
cifar,PaCMAP,n_neighbors,40.0,FP_ratio,2.0,0.579802398412946,0.007248763532326505,0.48521884217878136,0.008716966748794972,0.5432620793675561,0.02379291394344761,0.4261718082458447,0.006454032875798788,0.8102585463893781,0.02293743017640619,0.11525168666266886,0.0023056308739161863,0.10134339632300401,0.0040093443451182645,0.09565815974095218,0.0038824037772937745,0.07534518838148549,0.0007768228638117611,0.20616963413193848,0.027029456881240633,5
cifar,PaCMAP,n_neighbors,40.0,FP_ratio,5.0,0.587652965695562,0.005693380576627431,0.4868433248631018,0.005212824662986132,0.5127061368313904,0.04152379957062543,0.230111580441195,0.01888434054984762,0.7351138465996478,0.010307118891488878,0.11660252653653191,0.0022929326523655237,0.09224044671229877,0.0022376512189046594,0.09076721669781154,0.0074271269808008486,0.0576436088649815,0.0012100150026957556,0.15279019046280132,0.00519532826550047,5
cifar,PaCMAP,n_neighbors,60.0,FP_ratio,1.0,0.5480623416475343,0.009007455409339933,0.5157895054573552,0.014318715406699776,0.5291271482067629,0.03280681810826252,0.3062464707368358,0.062037223375808005,0.8607314676533744,0.0323840821627433,0.11816492306878171,0.00392766224232655,0.11449521867109777,0.005383271483416262,0.09043828735161992,0.006052241657122409,0.0652395975398741,0.005335166424542195,0.28499449756373274,0.055919971055078344,5
cifar,PaCMAP,n_neighbors,60.0,FP_ratio,2.0,0.5958506081477684,0.008567326188902305,0.49263108426394436,0.00826496889280079,0.5802008336491096,0.02231703220322666,0.41830675240918647,0.011284410763127152,0.8199666206004949,0.011575618792124676,0.12498448218513425,0.003937917174957664,0.10313852747926515,0.0023047053284479197,0.10788312507470162,0.007665797959319288,0.07442710385107586,0.001314885578512496,0.21846121539512903,0.014603843762071746,5
cifar,PaCMAP,n_neighbors,60.0,FP_ratio,5.0,0.5954745558700933,0.0033048319713700797,0.49147627220649526,0.00773094069417822,0.5222520971253222,0.029116145749858116,0.27367647987576993,0.03018989131634609,0.7382556338185141,0.008011427373203045,0.12057821379756839,0.0008091762704958474,0.09491969612828381,0.0034463161342623474,0.09292853263612808,0.006066355445224512,0.06069219026601166,0.0023510857398027314,0.15498298454153808,0.004343419118376234,5
cifar,PaCMAP,n_neighbors,80.0,FP_ratio,1.0,0.5770974039483168,0.02279036618760322,0.5320175218628564,0.0139207979966513,0.49157857440058256,0.029399235276798417,0.25862723736709536,0.021415883350997856,0.8196923597025018,0.04214923066291305,0.12638966076273453,0.0047475312169944035,0.11460428588351775,0.007201398883538889,0.083961165480649,0.004685388018430808,0.06072990098997296,0.0018315995226444444,0.22470621011900843,0.04127246766756432,5
cifar,PaCMAP,n_neighbors,80.0,FP_ratio,2.0,0.5826468916479058,0.014182113757912817,0.5099888363833597,0.011062063198635206,0.5984259486287884,0.02596652513780429,0.40895782716269535,0.019592516315575795,0.8175889188566673,0.02158310065341647,0.12119916696386027,0.005218807176695518,0.10879115607587911,0.006107954977177183,0.10892589374859366,0.006401195607873774,0.0734023418873769,0.0022253626309741907,0.21572855650028452,0.02428332493190313,5
cifar,PaCMAP,n_neighbors,80.0,FP_ratio,5.0,0.5878722443884715,0.005236933930284308,0.4928033680315627,0.005300271163343876,0.5899908239157732,0.04731888882988364,0.36021136571339407,0.012966913660735909,0.7916193931153364,0.023183317353126925,0.120647041627082,0.002749518528808081,0.09452703705908116,0.0029723257817433693,0.10822851229129796,0.011324305060631028,0.06836698807111877,0.0012739532785823618,0.1940259256966637,0.0247708468986074,5
cifar,PaCMAP,n_neighbors,120.0,FP_ratio,1.0,0.5333736412336818,0.008011011598270142,0.5416172105446954,0.00719166632313928,0.4475103834637303,0.04044043832336666,0.23474243808929401,0.0024003106373235187,0.83045178283515,0.0014842671184444529,0.11300360158559278,0.0024750340829004813,0.112611762023391,0.0025309482045886085,0.07816930001138163,0.0047395559136649895,0.05875139145936155,0.0001226071972318213,0.2305567784299029,0.001791460048555157,5
cifar,PaCMAP,n_neighbors,120.0,FP_ratio,2.0,0.5676100015603058,0.004967913175623404,0.521670140204623,0.008213589367094067,0.6225585393308517,0.020141195953119577,0.36210281858101323,0.03001564114084316,0.8146069701089985,0.036026343803678355,0.11944646119806908,0.0021949808739805043,0.11230514602876321,0.0016959513711147962,0.11380931296367305,0.004968089145708201,0.06875931192992821,0.002685615997495286,0.21753307289750437,0.03740401000845192,5
cifar,PaCMAP,n_neighbors,120.0,FP_ratio,5.0,0.5906599907867657,0.004853630511435531,0.5193194651866051,0.00913651791406319,0.5832625623193575,0.02280432854759896,0.3566249842111911,0.007916471853845825,0.7658599514076188,0.06352242963592912,0.12302225157573884,0.0022148813727332346,0.10114818356644761,0.0033177265501337853,0.10617460274657667,0.006433835928643875,0.06892175740071074,0.00161820761805202,0.18507952466839778,0.0456325158105219,5
cifar,TriMap,n_inliers,5.0,n_outliers,2.0,0.5416747468218057,0.01073534550278476,0.5092008819442897,0.0060061670717715555,0.5399320802591594,0.010208689112391896,0.5399664905750099,0.0073333396184116105,0.520480592767611,0.018594459195246677,0.10567087657849836,0.002415883565406982,0.09937463249804518,0.0038602152111432025,0.10541303488601339,0.002378828863850182,0.10541843924493077,0.0026345056494641787,0.10679276660264894,0.004634291429357888,5
cifar,TriMap,n_inliers,5.0,n_outliers,5.0,0.5431055844088298,0.010258690985027661,0.5096699953190825,0.009043749500920321,0.5437486533074768,0.011309136046388652,0.541590926821657,0.012533326382543637,0.5222423452139477,0.01970230408733388,0.10720274771142542,0.00332214448844077,0.09895723844345512,0.002983927377919221,0.10704958538087735,0.00290288700256289,0.10691390949797,0.003374347440463798,0.10881577340348203,0.0062080826279884435,5
cifar,TriMap,n_inliers,5.0,n_outliers,10.0,0.5436818759333972,0.008480616965186386,0.5196886911263179,0.017180293130325007,0.5431014050182407,0.01076146004225952,0.538789852811151,0.014525840943485663,0.517833366768458,0.022033019795172037,0.1072086093869733,0.001368572070462615,0.10309729716604983,0.0031950752211106328,0.10786621128648455,0.0013882301806034262,0.10666574186852136,0.002303342275579781,0.10564758838890627,0.007160718347713631,5
cifar,TriMap,n_inliers,8.0,n_outliers,2.0,0.5347571123940292,0.014847035840101665,0.5023147786966244,0.022446987311528596,0.535558533758331,0.015559303175492943,0.5395504090230256,0.010734829045960103,0.5153626968028591,0.014477989335643246,0.10641544190113053,0.004342836005603579,0.09594909395713273,0.005554674450348584,0.10671599255597426,0.003940607144927727,0.10698711698086245,0.004156186468322577,0.10837392958317645,0.008169272153312871,5
cifar,TriMap,n_inliers,8.0,n_outliers,5.0,0.5388693541076908,0.01460493926409489,0.5223605290922735,0.016554752932376387,0.5379015465602687,0.01527594340558376,0.5303054112891841,0.012304269690671794,0.5042492328496385,0.01611869777899286,0.10503577146941201,0.006141040874685973,0.10269608730320523,0.006590689028433526,0.10500717495526339,0.005866778574529085,0.10420362021956668,0.005631330125834947,0.10262774557526902,0.004025795771348892,5
cifar,TriMap,n_inliers,8.0,n_outliers,10.0,0.5405106472297142,0.012712762867015705,0.5145024389065972,0.022556519861439073,0.5415355731151876,0.011824574834329818,0.5351902365720823,0.011635107667484205,0.5068252234580835,0.007097207488242473,0.10488648961018152,0.004520561141780388,0.10118820193305218,0.0071433484315184355,0.10568508773283644,0.004402252004557365,0.10412547583023626,0.004138044006946659,0.10210907909658243,0.002595274647710421,5
cifar,TriMap,n_inliers,10.0,n_outliers,2.0,0.5440127907927097,0.010665899321344584,0.5132128647214854,0.011057403824274288,0.5465018036392275,0.008651871008677436,0.537798687114103,0.004963734180861911,0.5178803616937492,0.017953834321354806,0.1067053606721445,0.0030646433057822894,0.10087835801857097,0.003386431410424308,0.10726634602036136,0.0025078565636922974,0.10641806901705413,0.002402432193798001,0.10835660602877609,0.005079959491336216,5
cifar,TriMap,n_inliers,10.0,n_outliers,5.0,0.5355746940686089,0.012276809234537266,0.507547282838865,0.02002226192507432,0.5355239841294608,0.011618737236520427,0.5340506096337739,0.008923127130669442,0.5041843129824874,0.016034287782229192,0.10457076052021481,0.004255764596784248,0.09868581980047106,0.006288760787528612,0.10483543615356077,0.004013062556101432,0.104392072620757,0.003756997001452004,0.10177187202363425,0.0047393913176301304,5
cifar,TriMap,n_inliers,10.0,n_outliers,10.0,0.5335933843033234,0.007106223704461077,0.5198836829161373,0.009663414130893841,0.5321737846332166,0.0077886168652682615,0.5180883095943948,0.012798130073994624,0.5132814531648203,0.012263292418998482,0.10223178700658864,0.0022216352529460634,0.1001846528737472,0.0031967035899567934,0.10221632629337356,0.002310320056526973,0.09984735399478199,0.001927424769330557,0.10326993364594743,0.004310915851892558,5
cifar,TriMap,n_inliers,15.0,n_outliers,2.0,0.5396001902087095,0.015989494913436507,0.523292997570381,0.012580466194235404,0.5376222239558953,0.016378504227777996,0.5306585697939654,0.018015393808106,0.5087087354835833,0.011617175245347573,0.10408264956712401,0.0064631292798404,0.10037652827115692,0.004806944302734084,0.10375849607103138,0.00636250224369221,0.10260406009535845,0.006236114618098782,0.10275960678296774,0.005723058754076454,5
cifar,TriMap,n_inliers,15.0,n_outliers,5.0,0.5392112282578815,0.014172799552603208,0.5189684428147917,0.015909093896367323,0.5394378905408317,0.01235794265131942,0.5346637262331988,0.007915640345965251,0.5163985355415376,0.02072757216950012,0.10606423889423697,0.0036402684991482916,0.10225874925391909,0.0025047822937345667,0.10590362078073974,0.003339078650164678,0.10564393932304257,0.0032793165097991313,0.10554184445142797,0.00604339712350015,5
cifar,TriMap,n_inliers,15.0,n_outliers,10.0,0.5410966906656561,0.007562056603624033,0.5127107341610384,0.008265535146204298,0.5414268160845239,0.007704834159837445,0.5321464328436946,0.009949016008108897,0.5246216258386645,0.012725466535270923,0.10628975707647101,0.0026676573777461594,0.09922355277809145,0.0027626521823345767,0.10577394466894512,0.002180663302225225,0.10506488415472677,0.002443997397362339,0.1089577486649074,0.003056413110071754,5
cifar,TriMap,n_inliers,20.0,n_outliers,2.0,0.5284406600836622,0.007012077886770332,0.5099745335800102,0.012555043771494915,0.5301089334938218,0.010493511464530356,0.5282757599060844,0.011556455050318016,0.5044185446061713,0.018067806902025918,0.10278279369849339,0.0021460143845227764,0.10014083707412709,0.0037165645304505115,0.1030289123575574,0.0024344580736711005,0.10260085469007699,0.002616647569039375,0.10060139560164623,0.004215487414581872,5
cifar,TriMap,n_inliers,20.0,n_outliers,5.0,0.5369835201985304,0.008459211659902622,0.5196307833478219,0.019076460095972893,0.5355155789106093,0.007859438385015379,0.5336978690680516,0.00489446666646352,0.4995632072457631,0.013568572415875457,0.10656160646517805,0.0030500654722157407,0.10270920520285495,0.006769802916596087,0.10583633264084502,0.0027964661041811082,0.10584227321634612,0.002435065501130706,0.10260624346778233,0.004780583084733258,5
cifar,TriMap,n_inliers,20.0,n_outliers,10.0,0.5337281464309862,0.010592213859347433,0.5032552808921977,0.01634057163392515,0.5342434188529523,0.011825129153195595,0.5228693002399899,0.012824212115655128,0.5072096345169367,0.012371236368412742,0.10530438753711284,0.0031599045493329136,0.09861667658388178,0.005258124887173829,0.10577972188644671,0.0033424541567478915,0.10373390428859686,0.002519309455235478,0.1033229166166755,0.004010845515730429,5
cifar,TriMap,n_inliers,30.0,n_outliers,2.0,0.531799311236431,0.006222750724262553,0.5057344025143213,0.019439020402339625,0.5340580860991612,0.004941808041841686,0.5319970428489699,0.014477036338676079,0.49932869699603977,0.024733149866636557,0.10425328205182145,0.004027773686785339,0.09781789210625938,0.004500589956987241,0.10449667351696224,0.0034682672855686535,0.10422450879116962,0.004013611207690152,0.10191053680458506,0.008361403005529193,5
cifar,TriMap,n_inliers,30.0,n_outliers,5.0,0.5330954795711389,0.017410613602915383,0.5135369068051624,0.026447182051169964,0.532808634063705,0.013966690892519581,0.5315421858398531,0.01103136557440553,0.5160837809925031,0.022170928367482072,0.10582407844147908,0.004596799886632315,0.09987389881094721,0.00793955830295853,0.10569453211887292,0.0038796298810078148,0.10531830636297512,0.0037560170950046534,0.106508190245814,0.0065695265425258775,5
cifar,TriMap,n_inliers,30.0,n_outliers,10.0,0.5352807435971736,0.004793816185854459,0.5148156610124156,0.01726078090728754,0.5371160068802057,0.0025104343525019467,0.5088750287913574,0.00782473235762622,0.5139948287007111,0.01669524601523811,0.10569598626522028,0.0010732491482722097,0.10263641228348401,0.007087959177647079,0.1056686062630899,0.0021262932019167043,0.10140029583371706,0.002027454708144381,0.10366405652041262,0.004421784776234999,5
cifar,TriMap,n_inliers,40.0,n_outliers,2.0,0.5382940842119341,0.009318487128723721,0.506829031347287,0.008334066051812914,0.5396318142641672,0.011318465951867048,0.536775850923924,0.009281401387534301,0.5145001634606097,0.010076240317899447,0.10811126178192061,0.002487856691576341,0.10084209590807922,0.004905741941518392,0.10785805869673293,0.0033310602398257537,0.10760135078089043,0.0031791541329963674,0.10649243735427816,0.004473153279463366,5
cifar,TriMap,n_inliers,40.0,n_outliers,5.0,0.539216150651242,0.010307225026258615,0.5096415754630765,0.01565790369919228,0.5402312781876677,0.01257222789293837,0.524260990868496,0.012527705896241147,0.5164188752424047,0.014648691341848673,0.1055011171535379,0.003588268278504269,0.09944777176360102,0.004647173416792014,0.1058810181705376,0.004129147475653671,0.10309347690704687,0.0035179667625369893,0.10367727477226148,0.0038449185587351438,5
cifar,TriMap,n_inliers,40.0,n_outliers,10.0,0.5393263936874485,0.010086485948790433,0.4999400489638826,0.009902472020011816,0.540976695718075,0.00850476594390686,0.5255308754801655,0.01668167221934616,0.5069864550594774,0.018353112286189126,0.10773155141518342,0.004385334980747063,0.09662812957044786,0.004114045770730841,0.10908841965901481,0.004101021229483427,0.10544394907818078,0.004695718669839606,0.1067449070396967,0.006769021563604524,5
cifar,TriMap,n_inliers,60.0,n_outliers,2.0,0.5368463433118605,0.015215407548763242,0.5072395403784856,0.0072786307957076616,0.5387709526781534,0.016805221852138993,0.5288773599625527,0.01580078406663778,0.5015381086121451,0.011470254782685178,0.10516113965513352,0.004692106603505179,0.09826717540387339,0.0038728040479664803,0.10549243863077698,0.004812988840769879,0.10413197576462263,0.004135407945292588,0.10163985663326466,0.0036728253982137547,5
cifar,TriMap,n_inliers,60.0,n_outliers,5.0,0.5477695985556026,0.006276068915704028,0.5188128301718565,0.008795496962616597,0.5479188027996345,0.006834251369914149,0.5311161666258015,0.009239853869347652,0.5105914116309653,0.0056580213916065485,0.11063909333069474,0.002717593894592169,0.10236917595334227,0.0051275555777871625,0.11078041364643239,0.0033846660496838934,0.10741935109960618,0.0033021984891244663,0.10556827089210304,0.001992509482394678,5
cifar,TriMap,n_inliers,60.0,n_outliers,10.0,0.528810582588473,0.012995612752957322,0.5024656082592187,0.01323330591823993,0.5285826664883461,0.014616495303191843,0.5110119047619047,0.016550662281364804,0.5107492068445415,0.01625388782179628,0.10326160989183561,0.0037457206496633653,0.0971420187889706,0.004176081051181347,0.10375057196669764,0.004840664979118911,0.09975076803556879,0.004641948253988163,0.10354198254157025,0.003947339484332227,5
cifar,TriMap,n_inliers,80.0,n_outliers,2.0,0.5363577261143184,0.005655842304511624,0.5146374332226259,0.013954582364334526,0.5358588461909963,0.007268702118271284,0.5292362303011391,0.004919100309881632,0.5128416883994977,0.01688131056321608,0.10552747187574005,0.0009412533311518303,0.09910136341201074,0.003732821039398877,0.10585911505786509,0.0013597448098652694,0.10439647101249212,0.0008865509722167851,0.10479136892176566,0.005660604748696124,5
cifar,TriMap,n_inliers,80.0,n_outliers,5.0,0.5442668048651822,0.011090890282447486,0.5242228191011152,0.004221917625507505,0.5442140052307395,0.01245749502656607,0.5224404483278723,0.011215235030726741,0.5065306228592232,0.019027690319314308,0.10764176212869683,0.0034741899424224018,0.10180312897932557,0.002216935531327926,0.10785954503483466,0.0037240950951164483,0.10409758449485458,0.0039706824300056115,0.10379189085188727,0.005335280599980712,5
cifar,TriMap,n_inliers,80.0,n_outliers,10.0,0.5313836011858324,0.014231186248459631,0.5102780502121274,0.016726186497397173,0.5299953933828173,0.01448598146505367,0.527431569444754,0.012574909064529419,0.5214365587083639,0.013409250018299247,0.10445367401872181,0.004284200367997451,0.09783854026482051,0.005907390764095977,0.1044379221991544,0.004411450479804371,0.10289889156031529,0.0025952664428342044,0.10549701373682063,0.0038835019848722937,5
cifar,TriMap,n_inliers,120.0,n_outliers,2.0,0.5454190164129311,0.015774278474150163,0.5205426799366961,0.008319753194540619,0.5463282196167591,0.015844254344176238,0.5358850834763614,0.01660598355948387,0.5173761414380076,0.010524580094486747,0.10905514077172015,0.0032809477047149437,0.10104730782871887,0.003334391911888272,0.10906231813045089,0.0033245600735459526,0.10777556298889113,0.003670527294718146,0.10677671604824653,0.004238094589838643,5
cifar,TriMap,n_inliers,120.0,n_outliers,5.0,0.5456499045241439,0.0072473924947353136,0.5071680263617384,0.0053894869511636285,0.54731450935812,0.007726024311885151,0.5260457299630728,0.006910620322500002,0.5183757587915803,0.017602940057950912,0.10764191809988673,0.004285869932768757,0.0981341473023906,0.004939479400616444,0.10799660646307152,0.0032595910026240443,0.10470394557762397,0.004079137248732155,0.10751433038037939,0.006534170937902405,5
cifar,TriMap,n_inliers,120.0,n_outliers,10.0,0.5339812317499945,0.009230965645990344,0.4898154752617227,0.013221183815836918,0.5347924979010171,0.008634771816132097,0.5164745540125865,0.014894243712063672,0.5169644250273053,0.014480738470596164,0.10434029283191881,0.002342998682824819,0.09192800917156936,0.004072953878375378,0.10441410837370113,0.0019290452294218607,0.10078883212251448,0.003267114863883127,0.10371062931957446,0.004123031523242964,5
cifar,UMAP,n_neighbors,5.0,min_dist,0.0,0.5521365044691617,0.043475249510151595,0.4891001029058838,0.01355964571607974,0.6681057237218495,0.04734307018847588,0.39305153095721046,0.031592022679275765,0.8637754571324552,0.016905003428182543,0.11123241684254423,0.013271997996518367,0.09462354892893095,0.0063114465376996,0.13012247766888016,0.021850095659689234,0.07285414405310708,0.0038523450136351976,0.28423361668458025,0.03627911531990752,5
cifar,UMAP,n_neighbors,5.0,min_dist,0.1,0.5866018025247234,0.025210238046122328,0.49320115314030116,0.016285912437858943,0.63456848256544,0.018301225868211184,0.3678068972947269,0.038689200478622884,0.8676634977598466,0.013808094876946859,0.11793871089890914,0.009880184598906439,0.0965039666537105,0.007133860646577993,0.11587600767664027,0.006998241177317236,0.06999119119652224,0.0038882302949489267,0.29198555385298547,0.03667371117830923,5
cifar,UMAP,n_neighbors,5.0,min_dist,0.5,0.6352510234863176,0.03200684264896965,0.5032453896678034,0.022809317088096057,0.5808652638774343,0.0536275620590616,0.3798323971498413,0.05065912731414476,0.8531053800830677,0.021146562944895923,0.12867667388583065,0.007823262812260388,0.09998145125623316,0.009655154472966167,0.10344902377289869,0.013197978152753077,0.07057564072842544,0.005263392646656998,0.28047128295144785,0.04837841499687779,5
cifar,UMAP,n_neighbors,8.0,min_dist,0.0,0.552212197876498,0.023014096796915608,0.49082317277043436,0.010615868398818975,0.6767982524574817,0.02057250347580955,0.43133990333533945,0.04417712268148579,0.8814943085987711,0.0032628887245606856,0.11303645434809177,0.005969307371064251,0.09491744484806834,0.005180649318163078,0.1332730451518896,0.009723848548316523,0.0774163674798922,0.005792284016458201,0.3128248523216224,0.01433470004707351,5
cifar,UMAP,n_neighbors,8.0,min_dist,0.1,0.5671100535704998,0.02138581975603654,0.48895563530451974,0.011774271371790095,0.6247709693957159,0.036725853591581356,0.4342380320828596,0.03670797553712661,0.8779446128584059,0.00917564717113845,0.11564292722187182,0.004388499311809104,0.09340915571744002,0.004868891744115417,0.12585434930200384,0.030647719193844753,0.07669754296024207,0.0046332767569759485,0.31182480240234767,0.033131206777337864,5
cifar,UMAP,n_neighbors,8.0,min_dist,0.5,0.6046368016702702,0.025582109335313057,0.49303657802643597,0.02270619034695736,0.5869809661265036,0.013383415993063351,0.3810947588584505,0.014166469621639454,0.8590367712071567,0.00751943082518582,0.12207373054949766,0.008956167596658673,0.09520889664963443,0.004913859302994186,0.10620779177070738,0.010497889359913215,0.07053214632946439,0.001397392908824556,0.2752145751856807,0.022302585806741507,5
cifar,UMAP,n_neighbors,10.0,min_dist,0.0,0.5511132967775969,0.01924723730049342,0.46824884463069044,0.019873138134605745,0.6429323718877471,0.029506297795350054,0.4623897569637935,0.029383649572995774,0.8934336201324031,0.011525149330464092,0.10835884724522382,0.006412011409445047,0.0886710867156574,0.004568549337824581,0.14090950477151756,0.024952347669615453,0.08023961109142223,0.004017800709772151,0.35117080093969133,0.05019514837063404,5
cifar,UMAP,n_neighbors,10.0,min_dist,0.1,0.5757769022728455,0.016325065162977607,0.48118925952343794,0.013989864373889372,0.6141811830833129,0.029151402093580237,0.424839418526031,0.022980316330962612,0.8835500115165431,0.00680356512980925,0.11584255511676271,0.007197720115922052,0.09093630677501092,0.0044272051284247795,0.1205115292891555,0.022325276681510325,0.07540488972615238,0.0027715711795226077,0.3139215270000534,0.021714395342220468,5
cifar,UMAP,n_neighbors,10.0,min_dist,0.5,0.5965845091352191,0.008529051191062524,0.5052732299816478,0.015670877481611716,0.5561867054514114,0.018350121748831154,0.3784144692359702,0.006125398170556588,0.860964956274287,0.0024293453337212913,0.12922194665948722,0.0075800873793401904,0.1028889437496833,0.006049475967638484,0.09790617218307648,0.0026738063822113584,0.07025531346448026,0.0007950453282325197,0.27268736797784404,0.007526817376478978,5
cifar,UMAP,n_neighbors,15.0,min_dist,0.0,0.5597464317291904,0.012406520534061983,0.4958300826962085,0.00719081721731066,0.6554512255830713,0.04479181835928678,0.4894997455215508,0.03483413089615786,0.8918183321073787,0.009704351761265054,0.11050264221995847,0.003792716209502644,0.09536884819086097,0.0030294280569120634,0.1412702275110734,0.026674988296916224,0.08420845793152339,0.005224921698383317,0.3445055943847512,0.04731278299483846,5
cifar,UMAP,n_neighbors,15.0,min_dist,0.1,0.5833193091560231,0.010930871863159521,0.4951899393709739,0.011976142423033246,0.6097108140338363,0.03754864451548002,0.4246142422486236,0.04188741603188673,0.8760844125448589,0.009909250451247428,0.11793558627912071,0.004336688717970154,0.09592617860745174,0.0030163148363035823,0.11250634095692832,0.012832678814142632,0.07549829157218958,0.004677933381745492,0.29344169009432186,0.02315681609130489,5
cifar,UMAP,n_neighbors,15.0,min_dist,0.5,0.6029584512850233,0.015935203759484963,0.5274092329239388,0.02053047338785602,0.5528849868860011,0.01372009289946,0.37108084613155606,0.021853818135312945,0.8591090282266751,0.0050580552326273,0.13362668214759937,0.006294559604110038,0.1146349725538148,0.005716802434826031,0.09711367138426563,0.002769183372557143,0.06961289099845745,0.0020126994309760987,0.2675300995798049,0.008578714865393102,5
cifar,UMAP,n_neighbors,20.0,min_dist,0.0,0.5554189049625154,0.005581741527922395,0.4790102645832869,0.013070752360049587,0.5861291134490931,0.025602324404466102,0.39243158801982336,0.032695338015032736,0.8732026762959826,0.010500058480435146,0.10747715525313897,0.0033749528352625237,0.09213694057266145,0.0022964218461618475,0.10232662370201188,0.0059635155463766245,0.07219531659027172,0.0036001952255854002,0.29273075590722725,0.025261341438720813,5
cifar,UMAP,n_neighbors,20.0,min_dist,0.1,0.5758603972092816,0.006188797749418609,0.4902070841599239,0.005993428261782844,0.5616423426134379,0.035751161762136795,0.42848621544108356,0.003768905521230581,0.879593707509529,0.003802687454185011,0.11614300559418893,0.0038660615667686347,0.09669286743233284,0.002168268673502874,0.09773487618411202,0.008200023437655347,0.0758306964896123,0.000751371740642259,0.3016326071956529,0.015803200033169942,5
cifar,UMAP,n_neighbors,20.0,min_dist,0.5,0.5770003492113025,0.011612838698263924,0.5206679223413504,0.01444438785275004,0.5472412771474637,0.010466299879961347,0.37720356046928055,0.017751614761818774,0.8597864610034996,0.0055329416554860756,0.12570271105731418,0.0034450407321297443,0.11242931914030543,0.00466350465852998,0.09615181265809776,0.002825730044954983,0.07015659187580114,0.001643614703354892,0.26473312609152067,0.008617477704082346,5
cifar,UMAP,n_neighbors,30.0,min_dist,0.0,0.576468823603712,0.009343763642832603,0.4940755280892198,0.004153924983518386,0.589803958718766,0.023418271265980242,0.39851873109986696,0.0246264379167126,0.8757409595137791,0.009294516862776528,0.11704393673754414,0.004096240599436268,0.09521863337591455,0.0033950786095221157,0.10335247002416928,0.006037223053297323,0.07304831770170503,0.002458136336150581,0.3042967275927073,0.027648238309659512,5
cifar,UMAP,n_neighbors,30.0,min_dist,0.1,0.5772663442034639,0.012206194819096601,0.5029826917504402,0.008707994904599605,0.5677173190231,0.017876327070014544,0.37192285402224545,0.034981266326144664,0.8687599840997408,0.0136772697816356,0.11700834493970311,0.0028284786773539864,0.0982090424326902,0.0036612894502652316,0.09944302326099026,0.005114318202862908,0.07038102556634222,0.003523439256830196,0.28969284346427504,0.036858646279550655,5
cifar,UMAP,n_neighbors,30.0,min_dist,0.5,0.5675183335933843,0.009023644376325668,0.5242034081537124,0.0103174263451752,0.5515319324016079,0.022729954101467633,0.37003636998566003,0.02012314196818167,0.8558779877998945,0.008064831297751113,0.12923086511326742,0.0029619786751858865,0.12221693021838691,0.0034535133157908866,0.09760137200453575,0.005562874034358657,0.06955072337232517,0.0018310158019146908,0.2640040983523306,0.009133228235804487,5
cifar,UMAP,n_neighbors,40.0,min_dist,0.0,0.5685955018612219,0.008504627227143602,0.48447899716915943,0.013078960762276723,0.5536622142225591,0.042304096810814776,0.39229139268439467,0.019370919863850672,0.868215548818997,0.002289413115808944,0.11321626952610116,0.003149631921115486,0.09284355496992108,0.005229160085813512,0.09509623500018438,0.008212743413711452,0.07206468137440486,0.001935603848519463,0.2810649831186932,0.003105892421587663,5
cifar,UMAP,n_neighbors,40.0,min_dist,0.1,0.5746440087971528,0.007591330579415098,0.4930011925194481,0.00964962606789372,0.5630530726879611,0.02078097235818075,0.3664563968823603,0.012262593067933843,0.8605247271322322,0.0019508862962718386,0.11647975986082293,0.0027411898184082103,0.09632202127393225,0.0025953990708397056,0.09742803179147022,0.004381187245219052,0.06964366772758424,0.0010785046681305584,0.2666560463553905,0.004592703487323419,5
cifar,UMAP,n_neighbors,40.0,min_dist,0.5,0.5686336736286026,0.006706404419146105,0.5267632384518794,0.016129198121872367,0.5687216730193404,0.0195135759939442,0.3838774899880376,0.02287033239752777,0.8599293961616477,0.00924353162547143,0.12885557954863977,0.00418512895912615,0.12314025797000863,0.006171181110672262,0.10198512099325245,0.005583041186661706,0.07093220927346951,0.002171903959322217,0.2722091122985152,0.01191276386344748,5
cifar,UMAP,n_neighbors,60.0,min_dist,0.0,0.5762272548276605,0.005381413862564564,0.48631904353253236,0.009373569946295552,0.4983468652713075,0.03279938326389315,0.38242371219044646,0.010653993103409814,0.8665373841844429,0.0012979986170323697,0.11429601270291492,0.002639641514635149,0.09087838744523899,0.0031056183663354803,0.08506371774276575,0.005064159508426132,0.07106361867096106,0.0010305234153244708,0.2790272396353332,0.002724576120744053,5
cifar,UMAP,n_neighbors,60.0,min_dist,0.1,0.58460693295886,0.008413169060651015,0.5060753479110478,0.008334147931910698,0.5513997243459718,0.03980238132736881,0.36089334938219314,0.009909256562033288,0.859325706409885,0.0037251412079720068,0.1208083162637696,0.00397428767727806,0.09979537732148745,0.003228808919912698,0.09513527377396061,0.0079572857735014,0.0690511454632727,0.0009665845516258644,0.26607429062205623,0.006526770747712415,5
cifar,UMAP,n_neighbors,60.0,min_dist,0.5,0.5771503428957789,0.008152234274207993,0.5266051181745908,0.012000526494522023,0.5685879789581615,0.02964425445590237,0.37608738455594437,0.019158424951822437,0.8554688718988921,0.007510143036600389,0.12720468466298268,0.0031607393885339755,0.12210966017356924,0.006248658610811373,0.09971774028569348,0.0063368964755597754,0.07005708008945535,0.0017682066609812906,0.26429163184600657,0.008507068809839315,5
cifar,UMAP,n_neighbors,80.0,min_dist,0.0,0.5957341424633513,0.015452338056741927,0.48606461152100094,0.01795062628408087,0.4863177897153556,0.02680154224777615,0.3716406987198062,0.009034991629067117,0.8645042499758524,0.002026165335960682,0.12193540116069354,0.006499498384897139,0.09145519946871979,0.004831759539314388,0.08312847047042768,0.004039727712934134,0.06994208918437453,0.0008780962980342171,0.2730525699766289,0.0027016058557176744,5
cifar,UMAP,n_neighbors,80.0,min_dist,0.1,0.5990538788459681,0.008155032237036517,0.4999253282214743,0.011885183628684771,0.5163562772589142,0.039646644622401604,0.3647473047574467,0.008921552634672415,0.8595879863881892,0.0034378813680029457,0.1257754769468556,0.003259487813504889,0.09856392885379475,0.002545553714119042,0.0883465147628334,0.006856123038628833,0.06941963258571567,0.0008542228783357157,0.26500694196083174,0.0060760369289906205,5
cifar,UMAP,n_neighbors,80.0,min_dist,0.5,0.580651929206696,0.006436916379151307,0.5276928277942476,0.010368098301393928,0.5501791101055806,0.025017589711352078,0.37608877768614074,0.015689563101546025,0.8548810638313681,0.006553590085492451,0.11927862169413077,0.0028968790905580196,0.1185152246302162,0.0038639459183361655,0.09640248943164974,0.005415272711220461,0.06993880297262278,0.0016003511300441288,0.2671456047691573,0.006565179711281698,5
cifar,UMAP,n_neighbors,120.0,min_dist,0.0,0.5931813706915128,0.003870585842593535,0.49989862655937706,0.009601784652270996,0.49306620526194556,0.08043194990156105,0.3644059414216615,0.0255350763462208,0.8582995267072345,0.002768977337151213,0.12167246237804752,0.0013610622789150164,0.096555628413185,0.002662579720804438,0.08571395979677626,0.012975765696264366,0.06941203742440419,0.002625850978560717,0.26309773524707764,0.004504694757788896,5
cifar,UMAP,n_neighbors,120.0,min_dist,0.1,0.589579107505071,0.008046018691224175,0.5075248998803765,0.006061620266957036,0.4787197504996693,0.07184993792793196,0.34911002199288205,0.007688938437505394,0.8521318607018404,0.00214812413007042,0.12153928802335241,0.003673200770456104,0.09984574563075281,0.0022082289794359148,0.08326859394449995,0.010921711619829551,0.0680218778390214,0.0006001901931548716,0.2530698286091462,0.0031597104837445002,5
cifar,UMAP,n_neighbors,120.0,min_dist,0.5,0.5678515703363574,0.008861413408366516,0.5243046422813158,0.009774158801560247,0.5168767507002802,0.027186742530030703,0.36748234439664457,0.007124811652099699,0.850027955479274,0.0018643685573496013,0.11293768126142487,0.001960817971150503,0.11555542729952328,0.006822392751876439,0.0890626311037662,0.004897990980098545,0.06899036530407757,0.0006771730262979679,0.2603285323168209,0.004994405858666386,5
cifar,t-SNE,perplexity,1.0,learning_rate,50.0,0.5595033305099227,0.025380074675261332,0.510735554168617,0.016956908282048374,0.5554479285082733,0.04164906642139538,0.5542304720296607,0.041369620540084126,0.567763199444234,0.052411437524378345,0.10758604205827509,0.005301493594214056,0.09881361376319918,0.004599705479928423,0.10840563797271666,0.008448586262399901,0.10712266041521608,0.008385477858780258,0.13038878073681454,0.026393096455681865,5
cifar,t-SNE,perplexity,1.0,learning_rate,200.0,0.5630059384496504,0.028665196834313306,0.4998771259166796,0.019396277244323017,0.574879401362667,0.04454469107615915,0.5720309609254842,0.04557176380497537,0.5742652166967583,0.044254325609265115,0.1088155414429303,0.005493597112808854,0.09704384590831863,0.005076546653735255,0.11281643572698383,0.009289241125519829,0.11077037779096117,0.00869281595966825,0.12464327141222395,0.02113440369686249,5
cifar,t-SNE,perplexity,1.0,learning_rate,500.0,0.5098184565603429,0.05090864672409812,0.5202457110165021,0.022927144054786124,0.4898678105194332,0.05371929447373055,0.48999514261938193,0.055897468722414995,0.5616835792672507,0.02986545445670076,0.09779327464933521,0.012465057417697507,0.10126484108015923,0.009223254759001738,0.09499273421285062,0.011346210861884294,0.09466515678349108,0.0129393966539517,0.12222775956465011,0.007216323190512003,5
cifar,t-SNE,perplexity,2.0,learning_rate,50.0,0.5922637622688333,0.044938449456551774,0.5401957069299869,0.014749217203952001,0.5706650432056112,0.0641955727912163,0.5691973341060562,0.07819525218778636,0.8731367348000209,0.03647224361523783,0.13438750428788487,0.014170909923979047,0.10689807095163273,0.00532958413367245,0.12217817986102493,0.021002808460565698,0.12110608049038636,0.035242705284839124,0.5278821038497454,0.11515476500665538,5
cifar,t-SNE,perplexity,2.0,learning_rate,200.0,0.5615597299927929,0.042963495053771526,0.5378269212194162,0.011470309139071383,0.5646426342420258,0.06064651585167939,0.5472746193968303,0.06894693758445349,0.855081395953607,0.05215471975749554,0.12932367193804434,0.015285135770439636,0.10813269072805867,0.0050874570861962455,0.12941452250322016,0.02613207152805418,0.1082677281142789,0.028246972699091984,0.43149364040068827,0.13131870135131904,5
cifar,t-SNE,perplexity,2.0,learning_rate,500.0,0.5766255043131311,0.05398175847297844,0.5476760266440794,0.028508172218343522,0.5521764873057976,0.08833770386777247,0.537206513905297,0.09283830957033108,0.8528286115507211,0.05103276590543676,0.1294190615423287,0.025968945546617064,0.11463071455854976,0.023143858663254167,0.11726271336451081,0.029485787540428104,0.10132496191100149,0.020642403761299243,0.4443804165784167,0.13420930176688847,5
cifar,t-SNE,perplexity,3.0,learning_rate,50.0,0.5678184138376837,0.01140756067166997,0.5407694908202008,0.009338928839340024,0.5356763925729443,0.027736370138431814,0.5123555788363091,0.01588791221522439,0.8781494958726196,0.004973988986077823,0.13321096281184455,0.007232328824547395,0.11324795461267911,0.004505966375606042,0.10437155309778393,0.010699838391094462,0.0913130941062893,0.003617636263034923,0.4692127712088888,0.03194440696081709,5
cifar,t-SNE,perplexity,3.0,learning_rate,200.0,0.5337799708742914,0.053038096425074836,0.5265732154930938,0.01130705129698192,0.4710445318711038,0.11567694253573159,0.4185883504595472,0.09925278804729924,0.843826482847781,0.047393305592852444,0.11422767419652353,0.020219295002428538,0.10887187221456485,0.00706488533617297,0.10015922164580546,0.026346231216419966,0.0773350830371891,0.009489007094272674,0.3397514570700474,0.10399619852644665,5
cifar,t-SNE,perplexity,3.0,learning_rate,500.0,0.5599319037960011,0.01856893391142113,0.5442052285105023,0.010297876070654693,0.5313271794128791,0.05915803136019267,0.4971380926375855,0.04209274981009848,0.8778429143540706,0.013489314446883224,0.130682162542005,0.011936565983294288,0.11597885252689308,0.005240087557258816,0.10411567842491201,0.022669994297882023,0.08835122562608304,0.00841031466473042,0.4391677731644206,0.09139273055691238,5
cifar,t-SNE,perplexity,5.0,learning_rate,50.0,0.5634555944393672,0.03921138877177393,0.5248806087421706,0.01152042611590439,0.4560923905371167,0.14468796681448728,0.42845078349642246,0.10735792796724061,0.8562503250637125,0.04924720370063566,0.11261309011881873,0.0126674044776305,0.10210489265824765,0.004906477422201441,0.0853658017351584,0.016893053848237284,0.07805513000545622,0.010933853299704538,0.38386931867680446,0.11822972477086639,5
cifar,t-SNE,perplexity,5.0,learning_rate,200.0,0.5735016420361247,0.004906153816087775,0.5225626722837676,0.0061441525842746815,0.5218559837728195,0.015345259982164664,0.4643729242360074,0.01162914059270941,0.87561882843323,0.0029962517475014415,0.11427536665679687,0.003098479405113271,0.10147643993744963,0.0029864568117855097,0.09397018151913403,0.0041308075388470575,0.08070817864428488,0.001893144459400022,0.410920916243345,0.008171926897010217,5
cifar,t-SNE,perplexity,5.0,learning_rate,500.0,0.5840603615451486,0.01108365746986241,0.5312033301384214,0.004684839773968582,0.532410059514522,0.03227766566159338,0.46311260578501956,0.03817630940186841,0.8686836405649793,0.01733269924714086,0.12883793190583984,0.009109168927229393,0.11209459862319501,0.008823010601785612,0.1028230300322018,0.01585657370277344,0.08136434690725453,0.006510917331384186,0.415548727793832,0.07797077522866686,5
cifar,t-SNE,perplexity,10.0,learning_rate,50.0,0.5805904457273625,0.002161056831912803,0.5095916549643731,0.0027833520283883817,0.5173309111442985,0.031042675899783934,0.46058992562542256,0.009044009993373564,0.8792787672098017,0.0030900531685826307,0.11881664303566819,0.004118472389819403,0.10125559200384882,0.0029060268371169425,0.098934997130101,0.007197653745545823,0.08076831132055942,0.0015052330615557342,0.44642727053744774,0.014606764223004717,5
cifar,t-SNE,perplexity,10.0,learning_rate,200.0,0.5767485641471441,0.002840148013365253,0.5210529370899554,0.005712413251840484,0.5293984370936704,0.02671996200510775,0.44938823009309825,0.018136123158278405,0.879718439099778,0.006598731961563845,0.12413954957095004,0.003985524262404798,0.10596714597569683,0.004298938725938961,0.10703235110099052,0.021285094617010558,0.07874692393921474,0.0027400681664405627,0.4275941215665579,0.040422750098999836,5
cifar,t-SNE,perplexity,10.0,learning_rate,500.0,0.5759411987606714,0.0062505871859709185,0.5233377634873578,0.006614528973346758,0.5318794162227225,0.01863431721200802,0.44386186835476893,0.01460763443238158,0.8788308294139938,0.004828497322280339,0.1273530851773746,0.005137853713908311,0.1089836368731594,0.0026602305452451892,0.10442142627625026,0.007442534414081758,0.07822769911939086,0.0021157498688374812,0.4350538981310586,0.020489140101476882,5
cifar,t-SNE,perplexity,15.0,learning_rate,50.0,0.5917739376917875,0.01165585738889899,0.5195006185498071,0.01061746662567932,0.49076740112490624,0.05137080077060268,0.41865419908016255,0.06407203538964493,0.8584622443141713,0.024660660210330188,0.12818431230208807,0.007424132783595822,0.10362820885550979,0.0037430732302507898,0.10478966168850165,0.022700636289026466,0.07570364903713411,0.008330364863214536,0.4350817865257097,0.12956232269669135,5
cifar,t-SNE,perplexity,15.0,learning_rate,200.0,0.5986573011167332,0.007282297962104752,0.5332712926019214,0.007751507348893525,0.5188327519336647,0.033057293434240964,0.42343825461218965,0.04594657912368366,0.8639149559027854,0.017308488734188048,0.13273625600664804,0.005186891171482218,0.11471997210450277,0.0035243841505180353,0.09859076412440222,0.016417918879885418,0.07575172133581909,0.00666646832073659,0.4272286940235796,0.10980437597749822,5
cifar,t-SNE,perplexity,15.0,learning_rate,500.0,0.5943178863057159,0.005448219661897899,0.5314693715682559,0.007385098465634552,0.5717332025648456,0.018640176491894363,0.48146955731894875,0.030320704299794943,0.888029668100662,0.009793168681699254,0.13385364782831266,0.004214493331719202,0.11181121555877174,0.004998177864474489,0.1177332525542247,0.015674123941465813,0.08415037782576226,0.005279794058267884,0.5661548878664004,0.04248344525761371,5
cifar,t-SNE,perplexity,30.0,learning_rate,50.0,0.5478963734034727,0.014016087877074555,0.5062317035567543,0.007945287714948889,0.24292066959409758,0.026766322235836016,0.133005947737185,0.023236791541051245,0.6756595078349642,0.026214470406839597,0.10663170428007071,0.00759260501562738,0.09577422139869748,0.004807023967384563,0.05902191440728621,0.00184546359052101,0.05271850957545564,0.0012014160572943787,0.12797577274539346,0.008521149668422986,5
cifar,t-SNE,perplexity,30.0,learning_rate,200.0,0.5500204325762135,0.008157258591639766,0.5025621521818275,0.012635398312078813,0.23738372006627584,0.03614765052852854,0.14334153422642262,0.02351900062379452,0.6814975592358959,0.015747947147477456,0.10794173562322282,0.004536050901020741,0.09614974628972583,0.004639886585027847,0.058825431219051136,0.00236063198408975,0.05324752141715946,0.0009855408993145896,0.12910630752033156,0.00532009128851714,5
cifar,t-SNE,perplexity,30.0,learning_rate,500.0,0.5901980288136475,0.01717762467725715,0.5153447254233259,0.011963683109916669,0.4380129041006323,0.09583570635172613,0.26745164909465113,0.03373739452672534,0.7782796142329611,0.017476451176282017,0.12524459455754777,0.009448285110648387,0.10253469105510953,0.005614521426100971,0.07939179134811708,0.012388574895816637,0.06090961029353816,0.002191424573932117,0.21126411650422475,0.02970414484921164,5
cifar,t-SNE,perplexity,50.0,learning_rate,50.0,0.5725750247048421,0.023149109821277374,0.5183113961765077,0.02323275467422617,0.3428632726300069,0.11895615305621794,0.21283281880391408,0.12251631222135154,0.7217060829636894,0.07396986747723462,0.11561246757531722,0.01061723201930934,0.10041249685647798,0.009409357169029155,0.07028687875754533,0.016771335056374365,0.05821652645645081,0.009845989239887281,0.19897525569644853,0.14858783837234654,5
cifar,t-SNE,perplexity,50.0,learning_rate,200.0,0.5817441432806544,0.020833609554040143,0.5166478594090156,0.018529554139256815,0.3988203437873823,0.1749358212893699,0.2779351395730706,0.14091741317502776,0.7891570819309156,0.07737575972024854,0.12218427585267891,0.011883515986949604,0.10272335563091879,0.008291695784269153,0.07923548734324967,0.022982771512994483,0.06364823713743122,0.013201383534947393,0.27023189029696876,0.1858257904386175,5
cifar,t-SNE,perplexity,50.0,learning_rate,500.0,0.583299619582581,0.03317547210683697,0.5214445459881565,0.0296730015429173,0.41184880450854083,0.1399965027491358,0.30681045627800185,0.11399420587375945,0.8032039208256248,0.08189398371383001,0.11863123103952969,0.015188901014489817,0.09957857848896787,0.008357759592562637,0.08009511610091821,0.023637501804116386,0.0650413679351054,0.009060426157933801,0.25119932684019625,0.10589019555376275,5
cifar,t-SNE,perplexity,75.0,learning_rate,50.0,0.5948306510933286,0.009956794062454756,0.5164011824889106,0.011505685098457629,0.44556390195335427,0.042345641965785184,0.27718962916731676,0.04811463780841224,0.7937258988476026,0.04694694236231682,0.12217166847858021,0.004711975645692833,0.0996744322318835,0.0035844703447228477,0.07943594948230973,0.005917420156257201,0.06134025982926404,0.0035044820197722613,0.2136495962455472,0.05347551814573855,5
cifar,t-SNE,perplexity,75.0,learning_rate,200.0,0.5727332842951505,0.01988011967186237,0.5010176816084524,0.01806361480215291,0.3904721039609478,0.14494366000243222,0.2563254612189703,0.123287741426853,0.7769159255214022,0.09310983839522044,0.11169632629800681,0.00916615075101329,0.09504205074672242,0.008677516225265938,0.07578939341335156,0.020000488386437948,0.06143861564000254,0.0110366473341677,0.23375777115389815,0.14292106768494622,5
cifar,t-SNE,perplexity,75.0,learning_rate,500.0,0.6090751287252301,0.030991810460467013,0.5126014663159694,0.011972779735667533,0.5778675263208732,0.1734317168283533,0.5482561724955234,0.2387433615446967,0.8877950649755924,0.06680039671667344,0.13019022824758675,0.015492757008687888,0.09955637034069173,0.006034851663789225,0.11876107348324519,0.041606999734743765,0.19412740310887072,0.20682704054961576,0.535748602784687,0.27253957679173235,5
cifar,t-SNE,perplexity,100.0,learning_rate,50.0,0.6056078134171441,0.023215686930657942,0.519536421995854,0.028077441925731954,0.5035012612472045,0.13812176013199207,0.3757621350927639,0.15619987962216592,0.8388470640245489,0.0921366154311852,0.1290917197811599,0.013812871777101445,0.10009813804249137,0.010654669868515034,0.09952755658356552,0.028730835508103705,0.0747289209495121,0.017101879335470305,0.3900079720502914,0.21002260442778412,5
cifar,t-SNE,perplexity,100.0,learning_rate,200.0,0.6055224609737795,0.02579752605954034,0.5284984749868118,0.02002749019480283,0.509355240770048,0.13061729089045565,0.37323244284451185,0.12406319115776102,0.8514352027283062,0.046320885196573916,0.1286988758275932,0.015502242257826445,0.10231831737000463,0.006241502063705849,0.09738901554758338,0.025766508055142648,0.07234017749864083,0.013567465188415638,0.41025201902592434,0.198145725191438,5
cifar,t-SNE,perplexity,100.0,learning_rate,500.0,0.6337326973229611,0.019475420234569427,0.5414120024667692,0.008363782505114745,0.6473483624218919,0.08726738960761207,0.5681231378493041,0.16075388937488627,0.8822249589490969,0.07201521729256999,0.14643861006581452,0.013340290454532598,0.10853095671465889,0.004232531947636531,0.1532038298382462,0.03828297090010031,0.1237739047169921,0.048251311977324234,0.5681592080334669,0.27967258447181587,5
