dataset,method,param1_name,param1_value,param2_name,param2_value,AUROC_kNN_mean,AUROC_kNN_std,AUROC_LOF_mean,AUROC_LOF_std,AUROC_IF_mean,AUROC_IF_std,AUROC_centroid_mean,AUROC_centroid_std,AUROC_linear_mean,AUROC_linear_std,AUPRC_kNN_mean,AUPRC_kNN_std,AUPRC_LOF_mean,AUPRC_LOF_std,AUPRC_IF_mean,AUPRC_IF_std,AUPRC_centroid_mean,AUPRC_centroid_std,AUPRC_linear_mean,AUPRC_linear_std,n_seeds
fashion_dino,DR-SNE,lambda,0.0,k_density,40.0,0.8020403555555555,0.035980838024264994,0.6686414666666667,0.030738449471164934,0.7999690222222222,0.03572215143645996,0.7977306666666666,0.03952344232271579,0.6656793777777777,0.11470236882163261,0.36511970839700264,0.07110160003790644,0.2223735745412355,0.03285099177580989,0.3790675956480911,0.07380951244353165,0.40391213215505084,0.08822109917358927,0.32961221231388754,0.13136211039889734,5
fashion_dino,DR-SNE,lambda,0.0,k_density,80.0,0.8034922666666666,0.0651434769709272,0.6122041777777778,0.02676400425686945,0.8011733777777778,0.06056851862767171,0.8033760888888889,0.05148568690508938,0.7197922666666667,0.09589085310031496,0.33087391436559904,0.07225444553176365,0.16727071972258103,0.022952414854428928,0.3447620124462455,0.08489787900740611,0.38082089213547554,0.08799052032047415,0.35158895496121834,0.1109193365109401,5
fashion_dino,DR-SNE,lambda,0.0,k_density,300.0,0.7733648,0.05086898320573336,0.5726452,0.04417746222713149,0.8164139555555556,0.043788334402139466,0.8248498666666666,0.04287599971252157,0.7365657777777777,0.17015901651233312,0.26133448020810934,0.05770160424427761,0.15483181968414153,0.03202006426574194,0.3520369891651508,0.08922182325392032,0.39294027104476204,0.11619256789117849,0.4062930765292611,0.13139998520030904,5
fashion_dino,DR-SNE,lambda,5e-05,k_density,40.0,0.7887377777777778,0.027727619019559318,0.6496936,0.022882615855818078,0.7877875999999999,0.030541309370816918,0.7822688,0.03347284505961785,0.6726961777777778,0.12114019557993823,0.3290037906072455,0.07132854355453182,0.1969396685389444,0.02238698790000914,0.3460010222865725,0.07681425510994197,0.3581111570729668,0.08905177719960894,0.31650583427806295,0.13321954955895302,5
fashion_dino,DR-SNE,lambda,5e-05,k_density,80.0,0.8188259555555556,0.05620742376397182,0.6401746222222222,0.04092291884929134,0.8137308888888889,0.06015620447213919,0.8165672888888889,0.05405527869528282,0.7054806222222222,0.12971030963778812,0.34923463748695854,0.07706332636589559,0.18243120393500045,0.03590632666566697,0.3658447260522102,0.0917183677118123,0.40838285535935226,0.08668863921817936,0.4035586125207763,0.0912566988474343,5
fashion_dino,DR-SNE,lambda,5e-05,k_density,300.0,0.7750554666666667,0.03572642124607289,0.5708819111111111,0.03407104732238862,0.8143801777777778,0.03580965822488012,0.8237527111111111,0.0377890706200995,0.7542309333333334,0.13792332375101893,0.2681720646538056,0.04515786434084841,0.15436107994189693,0.023486079443108217,0.3446174341271229,0.056139584971052,0.3875810197644456,0.08163290827105554,0.40070395927355323,0.13483373725517372,5
fashion_dino,DR-SNE,lambda,0.0001,k_density,40.0,0.7639793777777777,0.05488750557285215,0.6347853777777778,0.036571388330290944,0.782487688888889,0.022197666040474743,0.7796818666666667,0.026951553716682317,0.7013040888888888,0.10361970027069012,0.30197271642245016,0.08531129465376,0.1985303874100443,0.05186503391423467,0.32255186654799095,0.07845389632510538,0.3436775072630508,0.0884755721280988,0.3315859473357429,0.1169247374627154,5
fashion_dino,DR-SNE,lambda,0.0001,k_density,80.0,0.7898823111111112,0.06792999375748064,0.6238801333333333,0.05190048526512599,0.7873962222222222,0.07207293899778036,0.7854097777777779,0.06797270917938451,0.7010290666666668,0.09190872716583803,0.32120655191728875,0.08017721103886283,0.17731270828918422,0.041560117274092666,0.33876187743501807,0.08737334254547967,0.3716354165951217,0.10270552384908832,0.35688153369625086,0.090443059096766,5
fashion_dino,DR-SNE,lambda,0.0001,k_density,300.0,0.7763033777777778,0.038673856744783686,0.5800450666666667,0.04113766866084394,0.8126127555555556,0.039002938126616114,0.8219125777777778,0.038344659954190015,0.7554325333333334,0.13770523560786374,0.26765459000017666,0.05745110404072883,0.16064652422240094,0.023705098389401356,0.3387926801156699,0.09462207852189289,0.3830444814935924,0.11074658411616325,0.37001422096166203,0.17113808522520182,5
fashion_dino,DR-SNE,lambda,0.0002,k_density,40.0,0.7879481777777777,0.025337731683678283,0.6491908888888889,0.023097970456511418,0.7868596,0.0258389986363326,0.7862435555555556,0.029497689409406776,0.6653031111111112,0.07228973625148076,0.32213205311396975,0.05472709214671345,0.19845675980154504,0.03341358488454702,0.33732088942343574,0.06194317839274637,0.3647133923597168,0.07087473030431991,0.3084460937265552,0.1132199685645066,5
fashion_dino,DR-SNE,lambda,0.0002,k_density,80.0,0.7991614222222222,0.05942217390208298,0.6172283555555556,0.04347736306148579,0.7970671111111111,0.06623857828829299,0.7939473333333333,0.06089095273469018,0.7158546666666666,0.11671683250087382,0.3416462369253612,0.07153014790116412,0.17364612156869466,0.030970863855958316,0.3801742602796231,0.09433830160582915,0.40156232342033266,0.10233609883956771,0.37149165709963905,0.14687409874940646,5
fashion_dino,DR-SNE,lambda,0.0002,k_density,300.0,0.7840549333333333,0.05375858723856511,0.5676991555555555,0.03651075462712286,0.8188114666666667,0.0450048536349822,0.8246541333333333,0.0468509133606898,0.7673245333333333,0.11585183941629178,0.2819864639543221,0.06604341195174554,0.15621465154274955,0.020715022742073534,0.35510362191971767,0.09026689462079945,0.3935683852243902,0.09312828945316493,0.41711597615070667,0.15642161766903057,5
fashion_dino,DR-SNE,lambda,0.0005,k_density,40.0,0.7838552,0.03285864322229195,0.6459358666666667,0.045588767021420236,0.7858984888888889,0.02790975130861336,0.7771354222222222,0.032007546381639995,0.6868184888888889,0.10644532824017232,0.3366111717410788,0.08386008644533728,0.20063671123667862,0.047031925224757215,0.35508091344318593,0.07772712800068113,0.3706967074356421,0.08724254622072504,0.3350669300196426,0.1149553807267874,5
fashion_dino,DR-SNE,lambda,0.0005,k_density,80.0,0.7893923555555555,0.07866482127741349,0.6144514666666667,0.055315867617810245,0.7898541333333333,0.08219122605085773,0.7906645333333333,0.08131403649980336,0.6927618666666666,0.10164212673809013,0.34004875598094036,0.08123011655919392,0.16724787384254897,0.038494387853786734,0.3687053954261862,0.10502154007340435,0.3990278446361193,0.1028054397996514,0.36707548106174276,0.1482376510969724,5
fashion_dino,DR-SNE,lambda,0.0005,k_density,300.0,0.7645982222222223,0.04934916833251715,0.567782,0.0249073363563905,0.8088640444444444,0.051017056704354476,0.8162174222222223,0.04784808170970664,0.7624473777777778,0.13059071216878565,0.25076685702145934,0.04696104430909637,0.15564419543396452,0.02385726603157089,0.3366542134032851,0.08952587906582238,0.3739814697192846,0.09675609984884306,0.40629228735607015,0.17768474332971954,5
fashion_dino,DR-SNE,lambda,0.001,k_density,40.0,0.7740240888888889,0.03505358504396609,0.6596840444444444,0.050578568347512114,0.7730235111111112,0.03291089975826794,0.7678885333333334,0.04043741506972208,0.6762308444444445,0.11341961788223892,0.3375563181184841,0.08359530470218628,0.22343111455740822,0.06194660290505823,0.3456739026695172,0.07755587750935752,0.36278783883157567,0.08581869274014717,0.3359026907290431,0.14336193648878678,5
fashion_dino,DR-SNE,lambda,0.001,k_density,80.0,0.7831028444444444,0.06777981492064249,0.6173804,0.03463029307990325,0.7801020444444444,0.07187963348584389,0.7816972444444443,0.06995951846561504,0.7192155555555555,0.11656349440307967,0.33130151542998354,0.07185668542937584,0.17662537242686796,0.03582063216538937,0.3529983059882217,0.08884070007054529,0.38818398941785914,0.09189095396730042,0.38758786461655925,0.12529663889807172,5
fashion_dino,DR-SNE,lambda,0.001,k_density,300.0,0.7688574222222223,0.03313659302007042,0.5744835555555555,0.03110645475551322,0.8126512,0.03729163110880977,0.8185234666666666,0.03700092792616875,0.762951111111111,0.11824753540907726,0.24959100947932678,0.0280797205068198,0.15577223835409257,0.020762388087002346,0.32697873759615204,0.05999883215914162,0.36507785887769306,0.05476189847341417,0.391925283472996,0.16511637367862006,5
fashion_dino,DR-SNE,lambda,0.002,k_density,40.0,0.7916483555555556,0.030344542208069047,0.6429451111111112,0.020454527641503573,0.7891632444444444,0.02982224029457974,0.7859572444444444,0.036975942585870274,0.6763509333333333,0.12695736161992086,0.3306558189842609,0.05245350313600682,0.19116457219458977,0.016954914304651045,0.3420494406850486,0.06023362535798136,0.3698122506502634,0.07560399816965781,0.3450538920572188,0.1437125678524955,5
fashion_dino,DR-SNE,lambda,0.002,k_density,80.0,0.7913761777777777,0.056455244447610985,0.6145513333333333,0.041632016593061434,0.7903756888888889,0.057003046477305204,0.7893494222222222,0.05422627136283707,0.7177072,0.1127733522868537,0.3371610092939454,0.06935658148539234,0.1780201875272425,0.025961407601100914,0.36520942856596417,0.07736888144639296,0.39509955345696546,0.08497583389295678,0.36322753841807776,0.13305238020335405,5
fashion_dino,DR-SNE,lambda,0.002,k_density,300.0,0.7577571555555556,0.041942546936446896,0.5751336888888889,0.03321429230985422,0.8052162666666666,0.03553873967710504,0.8124444444444444,0.036213768048173556,0.7367446222222223,0.15948871043496274,0.24716572247394195,0.048292072626045235,0.14939084989137177,0.0264288274624757,0.3240623742173624,0.07391873813071738,0.3635563732708585,0.08747958857950075,0.39530960705524243,0.12378156913360008,5
fashion_dino,DR-SNE,lambda,0.005,k_density,40.0,0.7895039111111111,0.02792730465731022,0.6619323555555555,0.03399960410103562,0.7832910666666667,0.026394426233722262,0.7764148888888889,0.03801539529983171,0.6571602666666667,0.11835672644332576,0.3469556237719672,0.07156734194570698,0.2126369096329491,0.03376065492235771,0.355000807071218,0.06456228358431752,0.37201242954550334,0.08578837074197847,0.3427870410566845,0.07738320700842868,5
fashion_dino,DR-SNE,lambda,0.005,k_density,80.0,0.8072174222222221,0.053611518979127845,0.6400141777777778,0.05879481548181561,0.8076520444444444,0.060686688343765546,0.8084451555555555,0.053691393248802274,0.7001194666666667,0.12754311868188428,0.3465753654069509,0.0938207523167195,0.18235143185191485,0.05219056818493675,0.37314768696390976,0.12053266932942257,0.3948468502291323,0.09838514047115375,0.36121450093474056,0.10926167325398291,5
fashion_dino,DR-SNE,lambda,0.005,k_density,300.0,0.7626737777777779,0.03559183096313879,0.5857614666666666,0.0242629686532103,0.8125258222222221,0.0391940400100088,0.8200283555555556,0.037267096551419694,0.7600885333333334,0.11089318862668075,0.24645846578922742,0.028377026088838835,0.1600582754341277,0.02174794787749759,0.3371429858553749,0.05858158696576516,0.382678384938332,0.08229786627011185,0.37443423783297003,0.1489954606632118,5
fashion_dino,DR-SNE,lambda,0.01,k_density,40.0,0.8073260444444446,0.018904352482306947,0.6665165333333334,0.037638157068605106,0.8014754222222222,0.016815800428154015,0.7961906666666667,0.019485072039770936,0.6796181333333333,0.1371794563143701,0.37926550543894644,0.0687622213144366,0.2158514028476865,0.04584820019823022,0.3890679997376211,0.06606014352976766,0.41300673197979015,0.06625579352237837,0.407188943858956,0.11846755835090769,5
fashion_dino,DR-SNE,lambda,0.01,k_density,80.0,0.7813924444444444,0.07392254547952769,0.6096627555555556,0.05574062988357132,0.7769328,0.07135844319109536,0.7799536,0.06023381789519985,0.7210842666666666,0.12619700437703849,0.33169410544666056,0.09106782341397676,0.173328008830109,0.030964972749554075,0.34516634878418945,0.10182158741145311,0.3779713422276215,0.08609065648190656,0.37872109312975977,0.15575809148986114,5
fashion_dino,DR-SNE,lambda,0.01,k_density,300.0,0.7559976888888889,0.04616246931517064,0.5740762222222222,0.026617254265180752,0.8044751555555555,0.039733038245983565,0.8132684444444445,0.03447419855199636,0.7497159999999999,0.1439876219848064,0.25080375713193803,0.04219882577712642,0.15416281615589594,0.025151834178348754,0.32515708401859833,0.06874435962254719,0.3704946471566333,0.08060277756272942,0.4105350960164434,0.17095234719905392,5
fashion_dino,DR-SNE,lambda,0.1,k_density,40.0,0.777174311111111,0.03667487534566069,0.6676175555555556,0.03212020126891412,0.7697265777777778,0.03451560614555489,0.7691056888888889,0.026254984876291944,0.6901439111111111,0.06327203845781644,0.39367276184811273,0.0839899885869535,0.2294175732573648,0.04447238022533757,0.3955180521203044,0.08198879921975327,0.418610369513453,0.07335430572362116,0.3543788208176578,0.10560284748355171,5
fashion_dino,DR-SNE,lambda,0.1,k_density,80.0,0.7847352,0.060081334351212816,0.6176267111111111,0.05298786187010594,0.7794217777777777,0.05747853626580327,0.7755114666666667,0.052929701159225656,0.6866048888888889,0.13587726516980203,0.3398428352994138,0.1052140727636548,0.18386631084401722,0.05262285434244126,0.3617639337735875,0.10655024214344092,0.3948816253047638,0.10612714908710022,0.3788946937897629,0.15007357976155472,5
fashion_dino,DR-SNE,lambda,0.1,k_density,300.0,0.7262912,0.07879613527240198,0.5728310666666667,0.04557604987688433,0.7820593777777778,0.059704045540161906,0.7877295111111111,0.05774225384731622,0.7448558222222222,0.10610065170119021,0.22898817788592854,0.06335289382450587,0.15487709777038264,0.02855659245571105,0.31324632792721757,0.09382630278104825,0.3497748922720995,0.10738572481946451,0.3802294642210634,0.14997461376062002,5
fashion_dino,DR-SNE,lambda,1.0,k_density,40.0,0.7660041777777777,0.032535969179196496,0.6672723111111111,0.04207769280823508,0.7547512888888889,0.03966917372077327,0.7541645333333333,0.03464925845165206,0.6745061333333332,0.11803426100209682,0.4521062446974481,0.07932292322047049,0.27947268890815413,0.05982990916361935,0.42832373403110163,0.07928687652285775,0.44572431007088814,0.055818984906321915,0.37997462998132525,0.0896261935035746,5
fashion_dino,DR-SNE,lambda,1.0,k_density,80.0,0.7576547555555555,0.07513976780058566,0.6519975111111111,0.06818134641290492,0.7535750666666667,0.07800789216141321,0.7496028444444445,0.07915898925024868,0.6662921777777777,0.07719874169165775,0.40316188476080106,0.15408684271494694,0.23161033732617442,0.0741056406186245,0.3909705722389538,0.13827400029496148,0.40743201764191356,0.11673801743458641,0.37075209163237355,0.09482653444878648,5
fashion_dino,DR-SNE,lambda,1.0,k_density,300.0,0.6883989333333334,0.08335768412792169,0.5578061333333333,0.029530240500038628,0.7407462222222223,0.07581267509501127,0.7410911555555556,0.07417208437380982,0.7178831999999999,0.1097182007663156,0.21016039488352964,0.07500339772291457,0.15532336322461168,0.03323025012741949,0.2767532768690596,0.13542159225533745,0.2937546379774722,0.1392799395528153,0.37483633821343537,0.1580686783242679,5
fashion_dino,DenSNE,perplexity,5.0,dens_lambda,0.0,0.7208930666666666,0.026770061764479942,0.5315605333333333,0.006487360422343024,0.8474054222222221,0.022766656980964285,0.8474223999999999,0.022539549343375723,0.6274568,0.08887652540207494,0.2078472400532029,0.017089501439821325,0.13039726692613865,0.009727190528725527,0.3561355444939207,0.028814519533712467,0.4000097858449836,0.06577673943563336,0.3544242178731933,0.1439540155784033,5
fashion_dino,DenSNE,perplexity,5.0,dens_lambda,0.01,0.7322661333333333,0.022913321648721653,0.5236187111111111,0.008245914343958528,0.8471988444444445,0.02086441045748169,0.8467817777777779,0.023877997349696173,0.6278389333333333,0.08946050695006685,0.21937968713625522,0.014346443096197462,0.12861732736808257,0.010805551619535503,0.37056427607439757,0.028095940033943542,0.40483139252971867,0.05035343538147456,0.3517945389210083,0.15025295453822698,5
fashion_dino,DenSNE,perplexity,5.0,dens_lambda,0.05,0.7756560888888889,0.01689894467710932,0.5333896,0.009931009401781479,0.8563693333333333,0.01786013407177361,0.8564772444444445,0.015906548592899434,0.6296822222222221,0.09005264637209327,0.24223048849986667,0.010798866222734085,0.1329425134186201,0.008185741760128339,0.39092912137430297,0.02954571943925462,0.4195980522651529,0.06049354276280404,0.3584845000202633,0.1502344631543296,5
fashion_dino,DenSNE,perplexity,5.0,dens_lambda,0.1,0.8176069333333335,0.011415935150827628,0.5358472444444444,0.014056866728127814,0.8631839555555556,0.01886908569323824,0.8628182222222222,0.0161889626536869,0.626116888888889,0.09692434075919698,0.2846120222164864,0.012134226337934415,0.1354120061208159,0.015048111203717589,0.41071980619347154,0.026796019790114887,0.4510547457401274,0.07406943935894947,0.36336720157715957,0.1554480806367039,5
fashion_dino,DenSNE,perplexity,5.0,dens_lambda,0.2,0.8513355555555556,0.006359406261593961,0.5759452444444444,0.013790617151607868,0.8675040444444445,0.011677899454276837,0.8656909333333334,0.012906377589355235,0.6310749333333334,0.09253486034635014,0.3552563437343511,0.009166632113059067,0.14942479738643982,0.01666636110518205,0.45234788776982643,0.006561159135756302,0.4782939473147077,0.05595337634818665,0.3705555196451555,0.1548689148865045,5
fashion_dino,DenSNE,perplexity,5.0,dens_lambda,0.5,0.8705837333333333,0.008004019271822324,0.5788813777777777,0.010410101317565309,0.8676034222222222,0.01623905574217688,0.8615148444444444,0.014656181493161613,0.6291776,0.0931057227094256,0.405386526338866,0.015195178180932179,0.15544120630481215,0.02272674249897569,0.44825960192181863,0.014203468790406097,0.46093193098205915,0.043610815857629076,0.368141259762472,0.14854177531852458,5
fashion_dino,DenSNE,perplexity,5.0,dens_lambda,1.0,0.8698766222222222,0.007821136424640543,0.5793249777777778,0.01042254800438471,0.8589255555555555,0.010827339221493149,0.8531069333333333,0.011110316098669151,0.6292852444444444,0.09080243474486276,0.41627243456999385,0.01893027561481065,0.14693187381605408,0.016939191538629536,0.4239865572373319,0.012334746808911098,0.4434572500813224,0.03948813276073777,0.3643122272583292,0.14055749369220788,5
fashion_dino,DenSNE,perplexity,10.0,dens_lambda,0.0,0.5967336888888889,0.039784826145741956,0.5259513777777778,0.015602219284527081,0.8655519555555555,0.02079595287098784,0.8637498666666668,0.024085129824370756,0.6424789333333333,0.11494752396394615,0.15044025804957256,0.016906813276659268,0.12459326084032488,0.014974047215025113,0.49031279851940013,0.08057436887043626,0.5610387003158727,0.07749583383083412,0.4500952188771131,0.2027950699688631,5
fashion_dino,DenSNE,perplexity,10.0,dens_lambda,0.01,0.6198635555555555,0.033315736862129686,0.5263737777777777,0.007058986602328417,0.8697929333333333,0.024120250794306505,0.8664856888888888,0.02673740600805369,0.6415828444444445,0.11477437679487465,0.15901002107885526,0.01503282169795651,0.12537781297599393,0.011781229368628498,0.4998907077962609,0.08183018246308321,0.5728316134431466,0.05376905426795294,0.455206529502611,0.2018057610314904,5
fashion_dino,DenSNE,perplexity,10.0,dens_lambda,0.05,0.7151392888888889,0.026795608452796032,0.5334822666666666,0.016197923323990518,0.8751286222222221,0.022729202585177178,0.8738273777777777,0.025765662012132682,0.6431329777777778,0.11412770853931385,0.21036129261812908,0.022236622047049015,0.13258236218865233,0.014398817710016198,0.5305642357259928,0.0826865210941262,0.6123460963098891,0.05197073476535373,0.46010024582981723,0.1993087673396811,5
fashion_dino,DenSNE,perplexity,10.0,dens_lambda,0.1,0.8032677333333333,0.015217123190101194,0.5489824444444444,0.015024305356880591,0.8803635999999999,0.017952182976994854,0.8745582222222221,0.02487891459861019,0.6406284444444444,0.11862368486213712,0.28199922908990765,0.019732703452895694,0.14108133935772113,0.016702066673091216,0.5491984647965042,0.05969275564313709,0.6214342752185379,0.04757506603878133,0.46241472216734564,0.19373683260809008,5
fashion_dino,DenSNE,perplexity,10.0,dens_lambda,0.2,0.8652220444444444,0.008557206580089162,0.5715205333333333,0.012774096500243354,0.8805884444444445,0.02252924893182418,0.8737164444444444,0.02989625681511903,0.6396828444444445,0.11792140168421669,0.38216393696074347,0.02360881794866477,0.14400470993597794,0.015465839217431323,0.5617150300861987,0.06729436017857349,0.6272581480984954,0.05771291734407664,0.4791126969050559,0.15695195817430804,5
fashion_dino,DenSNE,perplexity,10.0,dens_lambda,0.5,0.8927672,0.009351581903019905,0.5857276888888889,0.00883760523341753,0.8798029777777778,0.02352617943179017,0.8717768888888889,0.02793147420844068,0.6390111111111112,0.11663252487266504,0.47712663917926224,0.04304719214118173,0.14580129621496996,0.013026811657862332,0.5571087561929318,0.06653060115423706,0.6056905289742167,0.053427992248638985,0.47179530624192656,0.1571136459734732,5
fashion_dino,DenSNE,perplexity,10.0,dens_lambda,1.0,0.8995506666666667,0.008265217417767297,0.5824361333333334,0.01422899762535019,0.8774905333333333,0.0178470851391882,0.8669715555555555,0.02454194815131287,0.6387830222222223,0.11771222077777044,0.5210086102602467,0.04307975253362312,0.1375455574682239,0.012999633774367816,0.5523054210505691,0.050272729041745304,0.5870113118055945,0.0496886243690459,0.44204796617111314,0.17490550784805073,5
fashion_dino,DenSNE,perplexity,15.0,dens_lambda,0.0,0.5061878222222223,0.02157447152287535,0.5289464,0.011094586929925734,0.8739620444444445,0.023490630252596373,0.8720016888888888,0.02584536680574402,0.6656995555555556,0.13302725688545614,0.1303814548819348,0.00801656732112189,0.12925785153004746,0.013178602662132813,0.585323503167979,0.06677573490753329,0.634233788043261,0.07453546683582518,0.4287202898568675,0.18549262103844616,5
fashion_dino,DenSNE,perplexity,15.0,dens_lambda,0.01,0.5396420444444445,0.02378662799697897,0.5297488444444445,0.012512046029208732,0.8790972444444444,0.019892491077021603,0.8770199999999999,0.02555085444296206,0.6648703111111111,0.13197643169895948,0.14035909678506758,0.011710536496979475,0.13011908842735626,0.010657211716213222,0.5948053233322331,0.04536765335033269,0.6516929038060078,0.05476263699390252,0.42958381313168825,0.18601541524103918,5
fashion_dino,DenSNE,perplexity,15.0,dens_lambda,0.05,0.6653031111111111,0.020011997608841973,0.5406538222222222,0.011365950906540002,0.8824207111111111,0.01814340708023195,0.8770539555555557,0.02578703584629823,0.6707178666666667,0.12802656368129042,0.18836060574374308,0.014903298038631198,0.13608431751434252,0.008505814140176567,0.5810890870321929,0.032404501750864616,0.6356896111447472,0.06070837557150768,0.44010087095555256,0.174727891421762,5
fashion_dino,DenSNE,perplexity,15.0,dens_lambda,0.1,0.7864512888888889,0.01723659022910064,0.5566258666666666,0.0075248583294978185,0.8861606666666667,0.018584719216218452,0.8818168,0.026094610579084687,0.6648392888888889,0.13206165030149952,0.2786246760309291,0.027112996821215755,0.147009599304646,0.011347532262968505,0.5922941417476827,0.02292596700664185,0.6555571842357553,0.0454270575558812,0.43462576338625436,0.1769418179849259,5
fashion_dino,DenSNE,perplexity,15.0,dens_lambda,0.2,0.8685449777777778,0.009930846476671027,0.5852846666666667,0.006378758275385774,0.8896527111111112,0.01851826513579239,0.8837243555555556,0.02198811128241589,0.6616741333333334,0.13444946054605766,0.4073977527801903,0.028371252722792596,0.1495249459145698,0.009023588652882728,0.6005490638213598,0.03423871620488521,0.6416355338669286,0.05454142036476712,0.44136229477404837,0.1724810640113883,5
fashion_dino,DenSNE,perplexity,15.0,dens_lambda,0.5,0.9038277333333333,0.007346957113301555,0.5905569777777778,0.016431515495279343,0.8906262222222223,0.018325285463897518,0.8805754666666668,0.02362299433963374,0.6605528888888889,0.1329091960615532,0.5333883128287493,0.03401831257987073,0.14097523291480388,0.006254162321730863,0.604729070312831,0.031554472087962374,0.6301253876755771,0.05257417195736769,0.4363472208620892,0.17170795231735037,5
fashion_dino,DenSNE,perplexity,15.0,dens_lambda,1.0,0.9054746666666666,0.007746072030470315,0.5807360888888888,0.01738031149588026,0.8854586222222223,0.015343834591147479,0.8729060444444444,0.020207176983426105,0.6562314666666667,0.13683049402436964,0.5661406418756871,0.029652965827049432,0.1300194943658896,0.008610531573405127,0.5911291170499078,0.02638136530800094,0.6054682302668505,0.05167288527958162,0.40008996616507025,0.20981680942289072,5
fashion_dino,DenSNE,perplexity,30.0,dens_lambda,0.0,0.44503084444444435,0.014272790934043492,0.5336143111111111,0.009785128178598652,0.8831776888888889,0.017845866209860714,0.8732322666666666,0.022994751095321776,0.6727144888888889,0.13720130697523833,0.11134872871251104,0.010029834044958058,0.13622848478771513,0.01147046329162491,0.5810500895404346,0.08746837046081264,0.632212853968335,0.04547780335607725,0.40693334681137283,0.24496534642262519,5
fashion_dino,DenSNE,perplexity,30.0,dens_lambda,0.01,0.48237928888888887,0.012949171938252253,0.5387878666666667,0.00757212842462485,0.8857046222222221,0.02181368306927821,0.8759284444444445,0.02219526778392189,0.6727163555555556,0.13762821428704936,0.12306711573291089,0.009161177130516373,0.14150692760854383,0.013608761435945901,0.58920958433759,0.09601115211852661,0.6325365389402627,0.03788099287592404,0.41492112486461286,0.23822896289885662,5
fashion_dino,DenSNE,perplexity,30.0,dens_lambda,0.05,0.6289497777777777,0.013132840272752423,0.5528459555555556,0.008440420062099496,0.8950068,0.0174130981845617,0.8803326222222221,0.020606598206387845,0.6702965333333333,0.13778919656853533,0.1764361723285043,0.01365304178643864,0.15647692737289925,0.014684838264100025,0.620149183581696,0.06857415471232066,0.6433557211365997,0.025603711302670765,0.41484015069587743,0.23792316008474523,5
fashion_dino,DenSNE,perplexity,30.0,dens_lambda,0.1,0.7698938666666667,0.013452631686728285,0.5778179999999999,0.00763525946586698,0.8983983999999999,0.018487470945494293,0.8829110222222223,0.02109173033053012,0.6689322666666666,0.134675645432468,0.27400121528113874,0.022531606096845326,0.1730200456231337,0.01674773604295278,0.6396242002911258,0.07435962869961486,0.6438476263693336,0.03891111131392397,0.4138929154319887,0.2400852800523491,5
fashion_dino,DenSNE,perplexity,30.0,dens_lambda,0.2,0.8706010666666668,0.007323948490490505,0.5925582666666667,0.010273681836567333,0.9035039555555556,0.013625346281611618,0.8851110222222223,0.018604937354515103,0.6655655111111111,0.13596217398608415,0.4234916176091602,0.018587350282176916,0.16702483472908075,0.015257090870353191,0.6558294598578772,0.04664458348836197,0.6453945714104292,0.030490895574256435,0.41635146548146446,0.23313404019813838,5
fashion_dino,DenSNE,perplexity,30.0,dens_lambda,0.5,0.9110122666666666,0.006316945906854301,0.5766332000000001,0.016444817439913946,0.9029360444444444,0.012984800609715732,0.8825372444444444,0.015017579227913696,0.6632464,0.13418924370817822,0.5575502808059438,0.02123644763924674,0.13827884797790066,0.009787284591441429,0.6434488095947766,0.02903024551522216,0.6120587347087743,0.03227885834012895,0.41842659829927775,0.22331030454299158,5
fashion_dino,DenSNE,perplexity,30.0,dens_lambda,1.0,0.9140255999999999,0.007379531870461812,0.5520343555555556,0.02449491921598293,0.8923576888888889,0.018333775470493467,0.8713230222222222,0.016615017723897663,0.659548888888889,0.13865945257124737,0.583540804751545,0.03227788360799707,0.11633188036131581,0.007722529750142012,0.6054856845906651,0.051869783835715826,0.5721511836595405,0.03789460275285186,0.40536715052537825,0.23166047692804895,5
fashion_dino,DenSNE,perplexity,50.0,dens_lambda,0.0,0.43373208888888887,0.013327516317754015,0.5340480888888889,0.01122861247059565,0.8757785333333332,0.019577941101349288,0.8720134222222222,0.03198123115535649,0.7312567111111111,0.10608922992106426,0.11393501618537563,0.010822326477801689,0.14142294749484935,0.007116120935740539,0.5907923762659728,0.0671162280996971,0.6657218501125455,0.07154068142373368,0.44475263606095716,0.22900094435918306,5
fashion_dino,DenSNE,perplexity,50.0,dens_lambda,0.01,0.4707791111111111,0.012968899238439243,0.5348987555555555,0.010034935865130658,0.8786789333333334,0.021466778832465186,0.874326488888889,0.032407709309306955,0.7337615111111111,0.10522828209587658,0.12265092152848808,0.01134412492963569,0.14451891008870368,0.007701764810739098,0.5955055978046391,0.06316358184013045,0.6627452050841784,0.07317627331500973,0.4487158201329507,0.2287861998718162,5
fashion_dino,DenSNE,perplexity,50.0,dens_lambda,0.05,0.6184854222222222,0.014158176692264553,0.5494686222222223,0.010222153654842503,0.887583511111111,0.02087533157119677,0.8763333333333334,0.03168666013200167,0.7284619555555556,0.10820977900976975,0.1838992530736145,0.01449352654457559,0.1598672465380257,0.01061919446362432,0.6283253992453172,0.050524478807902944,0.675949926944631,0.06319652408818748,0.4449167342327872,0.24032366506143593,5
fashion_dino,DenSNE,perplexity,50.0,dens_lambda,0.1,0.7637698666666667,0.012437208767084757,0.5742604444444445,0.006362886424754201,0.8928041333333333,0.02008529209295345,0.879996711111111,0.03227090588405871,0.7289256,0.10689192471484661,0.28176135587174717,0.019992388949190726,0.17868406752450597,0.013634234073785776,0.6388579547279098,0.03870514508767241,0.6769019939859507,0.05058383616826506,0.4491709251952204,0.24221579070695753,5
fashion_dino,DenSNE,perplexity,50.0,dens_lambda,0.2,0.8669173333333333,0.007996607941364971,0.5920247111111111,0.003225356216904724,0.8991885333333334,0.023004977922716992,0.8831190222222223,0.029941368139485468,0.7250874666666667,0.10753001755003629,0.42397858821352497,0.020027995663414528,0.17380004450404987,0.012100493352133082,0.6624549189482373,0.06792469327053328,0.6717728312550293,0.053021757644433,0.44389177381023687,0.24635291997818667,5
fashion_dino,DenSNE,perplexity,50.0,dens_lambda,0.5,0.9103162666666667,0.0058970000039777395,0.5755015111111111,0.008051462914999018,0.9008835999999999,0.023670019415306442,0.8828552000000001,0.028598340631133062,0.7207234666666666,0.10915213461269843,0.5552852513384018,0.02508460453014067,0.13648675409608885,0.0028858679528277237,0.6684709327859599,0.059047498183419846,0.6554202607222981,0.04264189633446637,0.4373123902049635,0.2502340663182225,5
fashion_dino,DenSNE,perplexity,50.0,dens_lambda,1.0,0.9167260444444445,0.007184856080588102,0.5368575111111111,0.018569194371722626,0.8953937333333333,0.02185926236565107,0.874002311111111,0.028623032854980298,0.7120474666666666,0.11381139575800474,0.5895531346180334,0.030962406796243458,0.11324960700213951,0.0068824356498318265,0.6426025066735674,0.06220084194928665,0.62457263569387,0.028191779569231773,0.42022415608856384,0.24158871582023383,5
fashion_dino,DenSNE,perplexity,75.0,dens_lambda,0.0,0.4340932444444444,0.009328711492675768,0.552452,0.009550586119949241,0.8996540000000002,0.01453000804975431,0.8814494222222222,0.02364967016062096,0.7504809777777778,0.14458225400024927,0.120584204920234,0.011322182931575824,0.15429070918257626,0.004066868261020831,0.6743654212992052,0.0353846913420245,0.6864053094143017,0.037400431459243655,0.4545778811171459,0.2722877988483984,5
fashion_dino,DenSNE,perplexity,75.0,dens_lambda,0.01,0.4707746666666666,0.008158040771813249,0.5534149333333334,0.010671726464741795,0.8995484888888889,0.013930338461053451,0.8839736888888888,0.024194769228385166,0.7503472,0.14300145541498846,0.1333522503774558,0.014019566729608121,0.15588942818328405,0.002895332111063847,0.6713671752128836,0.04220519313664147,0.6897455879708104,0.0351422875040733,0.4555753284741139,0.27321961478968254,5
fashion_dino,DenSNE,perplexity,75.0,dens_lambda,0.05,0.6302980444444445,0.011035898144769601,0.5616800444444444,0.010685546754470499,0.9041494222222222,0.016377455004809752,0.884179111111111,0.02507697561853978,0.7478127999999999,0.14079009097967166,0.19526005713116093,0.020614694070670878,0.16932657973115278,0.004392951181056491,0.679604684843326,0.03353904533110524,0.6909858442945812,0.03743256945032823,0.44918884416228444,0.27375603354547545,5
fashion_dino,DenSNE,perplexity,75.0,dens_lambda,0.1,0.7701888,0.013273205064394975,0.5761641333333334,0.01085053653745374,0.9102097333333333,0.01581886910583855,0.8873023999999999,0.023275385819507145,0.7467324444444444,0.14007025061115438,0.29704971181057693,0.023351255998587964,0.17791757030716598,0.007194473436238942,0.6967481097474443,0.05318269621490773,0.6964651559829184,0.03488647339801791,0.4512653943556493,0.2709188915074175,5
fashion_dino,DenSNE,perplexity,75.0,dens_lambda,0.2,0.8679325333333333,0.007050649327596746,0.5862464000000001,0.011956652170276909,0.9135036,0.014660281051320358,0.8885971555555555,0.02109501089597331,0.7430210666666667,0.14029537574759204,0.4341390615078648,0.02220924508993731,0.17180164945385865,0.012351543398859945,0.716749780908517,0.04310226730862738,0.6924660939293725,0.028334094360665172,0.45733211300386556,0.26391262608573846,5
fashion_dino,DenSNE,perplexity,75.0,dens_lambda,0.5,0.910340888888889,0.004188883206597998,0.5773021333333334,0.01162917406449069,0.9133871555555556,0.015566436199737237,0.8877947555555554,0.01882572249862039,0.7373605333333333,0.1453145889065394,0.557710934355122,0.016337583295662792,0.14351389839845424,0.014171471033958365,0.7076789220694862,0.05042159334000446,0.6799743660441069,0.01726447409309473,0.4531897022434057,0.25728134483721377,5
fashion_dino,DenSNE,perplexity,75.0,dens_lambda,1.0,0.9187610666666668,0.005632431526327277,0.5498270666666667,0.01663742627175698,0.9093811555555555,0.018088907361715874,0.8826134222222223,0.023732746510431342,0.7341440888888889,0.14675057164408817,0.5963308105134465,0.024940787995519964,0.12063446835537897,0.01210236003364613,0.6863260201941357,0.05148781010864926,0.6584060184795876,0.017808437092721167,0.44823344537054943,0.2615993790500073,5
fashion_dino,DenSNE,perplexity,100.0,dens_lambda,0.0,0.43780515555555555,0.008193028874191353,0.550574,0.013752280859534017,0.8898150222222222,0.025398704485577205,0.8683962666666666,0.03182156908330344,0.7536531555555556,0.14139281972116277,0.12010927852633888,0.0031515731545728553,0.1579674946206615,0.007747805862523075,0.6409074769966197,0.04897336300822055,0.6485782697032957,0.049887203951148075,0.5087834543926697,0.20802373212171862,5
fashion_dino,DenSNE,perplexity,100.0,dens_lambda,0.01,0.4787148444444444,0.006610867114825153,0.5553417777777778,0.011611812790068773,0.8922396444444445,0.022762606371626793,0.8715958222222222,0.03142940624712651,0.7518314666666667,0.14309230846715434,0.13441761394114532,0.005622511048681071,0.1626448301447398,0.007811716208947854,0.6412879378198586,0.03881906047390394,0.6551637159400397,0.04668740065154789,0.5081385564948608,0.21135861281462678,5
fashion_dino,DenSNE,perplexity,100.0,dens_lambda,0.05,0.6402219555555556,0.009716086341097193,0.5668253777777779,0.012462976114857412,0.8991134666666666,0.019577413720666036,0.8750454222222223,0.026755351973016588,0.744716711111111,0.14677480178010835,0.20647950306823884,0.015955307091345163,0.1779023264261273,0.003458225222365183,0.6586735513103601,0.03401897035913173,0.6603459579851048,0.03651687230835798,0.505073821985496,0.2110674804523863,5
fashion_dino,DenSNE,perplexity,100.0,dens_lambda,0.1,0.7712882666666667,0.0074082181566682585,0.5783664888888889,0.013949958168351772,0.9021745777777778,0.019894316437330604,0.875274311111111,0.024191032096957957,0.7406679111111111,0.14751774131040463,0.29991247175857216,0.020192087045035938,0.18386660359821277,0.010321205853020137,0.6723263653642668,0.0320668142606259,0.6594749730366211,0.038479022919782904,0.504983967899648,0.20609980949160872,5
fashion_dino,DenSNE,perplexity,100.0,dens_lambda,0.2,0.8628787555555556,0.005388638430834978,0.5895716444444444,0.01170393890180926,0.9051900444444445,0.01887185745527835,0.8780836444444444,0.023134130848458164,0.7263008,0.1613828980519449,0.42484231495855695,0.020309778220831194,0.18241137696095577,0.007641029287367401,0.6875607356640304,0.028727463096113005,0.6562115421859284,0.04322041024485565,0.4984223562574958,0.2062679818625885,5
fashion_dino,DenSNE,perplexity,100.0,dens_lambda,0.5,0.9051211555555556,0.004500727190626508,0.5720515555555556,0.01454823141260027,0.9079055111111112,0.01788790286751156,0.8795598222222223,0.022403689867166846,0.7093679111111111,0.17958020800247546,0.5382538052632957,0.015619725436631397,0.15411230275521726,0.01007305542041316,0.6922974111697792,0.03158446145780416,0.6526818163721947,0.04583838561793549,0.4955014983980092,0.2069736807463681,5
fashion_dino,DenSNE,perplexity,100.0,dens_lambda,1.0,0.9141953777777777,0.006427632235747787,0.5501225777777778,0.01759881393422173,0.9069568888888888,0.020980527381006968,0.8789306666666666,0.024561234993278735,0.7059401777777777,0.17704324632220844,0.5756948674597936,0.02066523501656272,0.13480713241699716,0.009825598620487694,0.6832518004456152,0.05459779528257011,0.647603070086315,0.03266745516939326,0.4962962331652848,0.2038436238670713,5
fashion_dino,DensMAP,dens_lambda,0.01,dens_frac,0.1,0.4152392,0.006617875130990529,0.5584184888888888,0.012725135493130051,0.9132967999999998,0.010711366905198241,0.8930179555555554,0.02391354765900513,0.8319146666666667,0.12015894727514716,0.12246104369627664,0.009881434899575376,0.1551088104536155,0.009270369807632494,0.7577742019954947,0.028879715907286177,0.727968963967618,0.07644630122370392,0.6491523499480719,0.13519108373051314,5
fashion_dino,DensMAP,dens_lambda,0.01,dens_frac,0.3,0.41409342222222223,0.007107584148961474,0.5584977777777778,0.012292792037371901,0.9134216444444444,0.010540714783081445,0.8939551111111111,0.023530683036158285,0.8278889777777778,0.1197290431733253,0.12197913560864153,0.008770209441107455,0.157276204434831,0.010455915202230347,0.7612154838191454,0.025541520575327766,0.7313475220042573,0.07674616996336367,0.6486052512550191,0.1345164060943925,5
fashion_dino,DensMAP,dens_lambda,0.01,dens_frac,0.5,0.4134437333333333,0.007463946234572746,0.5567001333333333,0.01632703763140405,0.912711288888889,0.008802417512209866,0.8905253777777778,0.025186062827496813,0.8340799999999999,0.12579112416312305,0.1218595733630623,0.008891181368850334,0.15600742876680976,0.010184881376632253,0.7573720870974531,0.025596787242624024,0.7252716152931381,0.07995015427885357,0.6576816225222443,0.13016578664527245,5
fashion_dino,DensMAP,dens_lambda,0.05,dens_frac,0.1,0.7758317333333332,0.008228530430575908,0.5481960444444445,0.0073810338587959115,0.9186073777777777,0.008424675342537527,0.894992888888889,0.022126865177153014,0.8327062222222222,0.118828581475612,0.30716386145403546,0.01694633070005671,0.14130943135657043,0.006625725301710285,0.7689481756616463,0.03060520433947442,0.7296723547206326,0.06838882370288404,0.6561374423365443,0.13060438330501914,5
fashion_dino,DensMAP,dens_lambda,0.05,dens_frac,0.3,0.7770838222222222,0.009489263633505626,0.5448195111111112,0.011194946004093475,0.9199154666666667,0.007413322591252533,0.8972519555555556,0.018256699823744713,0.8328607111111112,0.1161054679298945,0.3086376043519101,0.016825426382322706,0.1368630315005543,0.005334609873192241,0.7682435721665444,0.023252736242231106,0.7340929275526943,0.06003261479599267,0.6551024056915118,0.12655056378767157,5
fashion_dino,DensMAP,dens_lambda,0.05,dens_frac,0.5,0.7747786666666666,0.010738285910530464,0.5456805777777778,0.008908420685016724,0.9189505777777777,0.00856238021251705,0.8937070222222221,0.023228242663290107,0.8313336888888889,0.12342643784398184,0.3092966846024801,0.01800463707182189,0.13801202389564532,0.008072326281996303,0.7686345532679342,0.021476171470825475,0.7285125450959866,0.06849545921558726,0.6568806655311911,0.13150559190456637,5
fashion_dino,DensMAP,dens_lambda,0.1,dens_frac,0.1,0.8950669333333334,0.0049795224878904755,0.5638395555555555,0.009288272483535098,0.9244685333333333,0.006698126094312407,0.8966561333333333,0.01937901321469468,0.8319895111111112,0.11908774934645855,0.5433013826726856,0.014158476774998511,0.15055868871053218,0.01133934326131331,0.781361556674631,0.0283421136812004,0.7299018505012955,0.058390491306148255,0.6584258714976902,0.1351957445380204,5
fashion_dino,DensMAP,dens_lambda,0.1,dens_frac,0.3,0.8969072888888888,0.0054208591692954155,0.5567483999999999,0.007952543892086147,0.9256455111111113,0.007679219755890567,0.896572888888889,0.01770808935884224,0.8326514666666667,0.11837037826712071,0.5454913266765722,0.016490870881951798,0.14356294493192687,0.006750918096130371,0.7820257361317187,0.030375034210040987,0.7277031802675161,0.05707301768688201,0.658497773319026,0.13470492718880717,5
fashion_dino,DensMAP,dens_lambda,0.1,dens_frac,0.5,0.8954226666666667,0.007160387071405111,0.5586549333333333,0.009680440993933902,0.9249377777777777,0.007381888573636181,0.8953683555555555,0.01943845038125956,0.8383624,0.11282777685693801,0.5384953331135891,0.01910977587952547,0.14704812391710337,0.006485387340611415,0.781423935627285,0.02679177840506109,0.727453024824511,0.06189692045419507,0.673330188308029,0.117510057664637,5
fashion_dino,DensMAP,dens_lambda,0.2,dens_frac,0.1,0.9256678222222222,0.0035718977575125905,0.5875671111111112,0.009385508411809535,0.9265186666666667,0.004868901384435323,0.8976785777777778,0.016374444175733065,0.8321764444444444,0.11844086842673444,0.6768067142994745,0.013333907393010474,0.1590256945418264,0.00981698222784032,0.7805166993664991,0.024938433513813505,0.7293611298938186,0.0462790884330266,0.661421275642317,0.13779633715118722,5
fashion_dino,DensMAP,dens_lambda,0.2,dens_frac,0.3,0.9245264888888889,0.008083045451001882,0.5932448888888888,0.006541539715682499,0.9294355111111111,0.0065626622353138235,0.9012388444444444,0.010670278881888921,0.830020711111111,0.11127048963034979,0.6775959704199069,0.02113988547049098,0.1614381609283335,0.006858774470882813,0.7863873619123989,0.02950644372055217,0.7277648725350397,0.040120361511860395,0.6613159289171247,0.12518028281475357,5
fashion_dino,DensMAP,dens_lambda,0.2,dens_frac,0.5,0.9255277333333334,0.006711653440927293,0.5902465333333333,0.006630375131558169,0.9303519999999998,0.006391158653817918,0.9011747111111111,0.011259368980410845,0.8211838222222221,0.12629333407102417,0.6820311013210558,0.020702313754988443,0.16093573488938764,0.006509670781038485,0.7931924145288204,0.02978275060006579,0.7278176298238869,0.043294829377221754,0.6408108517961036,0.1389186579616323,5
fashion_dino,DensMAP,dens_lambda,0.5,dens_frac,0.1,0.9299542222222221,0.0028911827645061957,0.6079288,0.010056919016954505,0.9274826222222222,0.0036288070426913894,0.898107111111111,0.013044125769342317,0.831555111111111,0.1197502147090526,0.6865901600869513,0.016759290104935654,0.16950328860902109,0.01647570096617964,0.7757520672209901,0.02777414076640463,0.7283390688610492,0.0365829784866012,0.6558221206195205,0.14517306967058966,5
fashion_dino,DensMAP,dens_lambda,0.5,dens_frac,0.3,0.9314912,0.00623965044446689,0.6093661333333333,0.00698506270569345,0.9315091555555556,0.006755301600489707,0.9010332,0.009315196586595152,0.8278218666666668,0.1112023132219652,0.713489428725495,0.013327086628815547,0.16743096760357928,0.007389803839081591,0.7911393059099947,0.023861109527265004,0.72543100534018,0.028912248138377308,0.6619092101790184,0.13007774839691685,5
fashion_dino,DensMAP,dens_lambda,0.5,dens_frac,0.5,0.9310997333333333,0.002129075765400281,0.6083125333333333,0.012939720139893494,0.9339352,0.009492081437430595,0.9082221333333333,0.01409197106980072,0.8237281777777777,0.1057270998109266,0.7170067247566381,0.0035992200985925722,0.16775497323182173,0.011012397037486845,0.7956968225596299,0.029872790727525876,0.7383826935335545,0.03372069237020005,0.6649796024497612,0.10936755176710368,5
fashion_dino,DensMAP,dens_lambda,1.0,dens_frac,0.1,0.9292314666666666,0.0023107918668396044,0.5928062222222222,0.0062388051226196315,0.926822888888889,0.0024881853668392634,0.8979404444444444,0.009646006622073575,0.8275906666666666,0.12323173218206655,0.6741152376878639,0.010022650275726847,0.16184045072897674,0.007499821294609884,0.7681424567121204,0.02378401322618244,0.7311418618548365,0.027293435439673882,0.6480179120207192,0.15094415704299594,5
fashion_dino,DensMAP,dens_lambda,1.0,dens_frac,0.3,0.9299226666666666,0.004581070768141084,0.6097039555555556,0.01393238967068469,0.9308985777777778,0.0039917383001382405,0.9018415111111111,0.010830966763046653,0.8256812444444444,0.11682318593621058,0.6980694829878797,0.01885567648796362,0.17430865474221385,0.019114252790656518,0.7885027153961174,0.024476178258228298,0.7280966238790378,0.02251390764362786,0.6595433120126312,0.1361818519087801,5
fashion_dino,DensMAP,dens_lambda,1.0,dens_frac,0.5,0.9277901333333333,0.0038970278437310555,0.6041831555555556,0.014149574574069733,0.9328341333333334,0.006995141773728888,0.9060763555555557,0.016533951784729266,0.8237064888888888,0.10370936806696582,0.6921583277226325,0.03356219022029862,0.1784354597843516,0.010094215257150862,0.7914747377955474,0.024037305539729464,0.7336092302192719,0.034417949115586155,0.6622587974644026,0.11991638192081212,5
fashion_dino,DensMAP,dens_lambda,2.0,dens_frac,0.1,0.9233668444444444,0.004133683672130138,0.605721511111111,0.01633757968716808,0.9256271111111112,0.0026914734502375224,0.8975608444444445,0.005643560522214776,0.8256457777777777,0.12101595217282848,0.64325664262101,0.037744046924514094,0.18856439497246166,0.01572966399172322,0.7634446343390033,0.022080139867891223,0.7283252856976412,0.022796047780242946,0.6356407810327283,0.15821848755804216,5
fashion_dino,DensMAP,dens_lambda,2.0,dens_frac,0.3,0.9234151111111111,0.003196001066147293,0.6120097333333334,0.013791488799032024,0.9282980888888888,0.004735884720819262,0.8953635999999999,0.012110173898905292,0.8262232888888889,0.10889735388439072,0.6608547657898025,0.01802599995750629,0.20186507425009967,0.011828683012913328,0.7769968906130873,0.020306016554724075,0.7199730818520711,0.019758003492797598,0.6612421300550446,0.13658404980518987,5
fashion_dino,DensMAP,dens_lambda,2.0,dens_frac,0.5,0.9219246222222222,0.002932609819862757,0.631722,0.023425424054820215,0.9311105777777777,0.0055851213402383065,0.9017363555555556,0.014719481212006674,0.8095764444444443,0.10033455258420002,0.6537773405738915,0.02291157396396741,0.21906077469078133,0.02246250942297184,0.7895164515253845,0.021876774209088234,0.734216032790996,0.02908218903353621,0.6483929193937494,0.11601709691064942,5
fashion_dino,DensMAP,dens_lambda,3.0,dens_frac,0.1,0.9206192,0.0026909479242200568,0.6121181777777778,0.014191844682470228,0.9244837777777779,0.002848722373362101,0.8973353333333334,0.007426146088543903,0.8226010666666668,0.11811551739940179,0.6236910661783103,0.014924730477081228,0.21465476767391994,0.009591504381851418,0.7570899359954314,0.03163213790708429,0.7305225374003907,0.029500443291088328,0.6282754521229885,0.15673224918054043,5
fashion_dino,DensMAP,dens_lambda,3.0,dens_frac,0.3,0.9207184000000002,0.006407477758038009,0.6247841777777777,0.01936636203139,0.9287815111111112,0.003373176040835775,0.8960101777777776,0.010004843721239155,0.8205947555555555,0.1152088127237872,0.6486343335217233,0.009178410328806702,0.23274512909945072,0.021583313143192714,0.771052440432538,0.02218876137580619,0.7227764440681784,0.011350646360671473,0.6417734368717624,0.14976605660274206,5
fashion_dino,DensMAP,dens_lambda,3.0,dens_frac,0.5,0.9182394666666666,0.0020149978745814833,0.6242898666666667,0.015987740643349607,0.9301889777777778,0.005565479371276026,0.8994898666666666,0.01258817306349665,0.8016174222222222,0.10678729358518917,0.6399377348091133,0.02711518112505547,0.22761108026280436,0.025211358093825735,0.7843054466740695,0.027132898531402366,0.7305489937118863,0.01737016141954107,0.6501840215298146,0.1307325250771297,5
fashion_dino,DensMAP,dens_lambda,5.0,dens_frac,0.1,0.9210060444444444,0.0017455015226094837,0.643592711111111,0.022822496668478583,0.9223782222222221,0.004987417887563181,0.8956072,0.008324595178085991,0.8146637333333334,0.11638508598723814,0.6157625842013793,0.027804655057664846,0.2541153000589854,0.020520575750231404,0.7435268455121867,0.02908489697405214,0.7216542209662219,0.027480711426445918,0.6086552108807449,0.1533766893577957,5
fashion_dino,DensMAP,dens_lambda,5.0,dens_frac,0.3,0.9168062222222222,0.0060888094642021235,0.6401329777777778,0.007324621589012227,0.9238336444444444,0.003604045064872188,0.8895215111111112,0.009102239054888928,0.8140936,0.11166018882641485,0.6076169261559656,0.022934850679372433,0.2495043301036492,0.01376854826828247,0.7519192424598533,0.019120792219394975,0.708501793865602,0.01968653639170952,0.6185674146569845,0.16234736006067918,5
fashion_dino,DensMAP,dens_lambda,5.0,dens_frac,0.5,0.9183124444444444,0.0035809765272741823,0.6369839555555556,0.02001798597150961,0.9280368888888889,0.005658638904092865,0.8920183111111111,0.013877126576305968,0.7956178666666667,0.11643036333411304,0.6160244254027474,0.018726172082636695,0.23833080573996787,0.01948303703978224,0.7683571204908833,0.022406662485714678,0.7192070181932392,0.01974356720767756,0.603681090302181,0.20196393883752134,5
fashion_dino,DensMAP,dens_lambda,10.0,dens_frac,0.1,0.9137337777777776,0.004295986527785378,0.6399908444444444,0.01929078429269169,0.9150253333333334,0.003937177117468898,0.8910549333333334,0.004864453759698727,0.789144,0.11381510438979206,0.573657262973432,0.0116405868885216,0.27661623150511516,0.017619357320037225,0.6796717011088949,0.01774561917152411,0.6920688930490634,0.019656993287074195,0.5655826697587532,0.1554944051578141,5
fashion_dino,DensMAP,dens_lambda,10.0,dens_frac,0.3,0.9138427555555555,0.004022419963217875,0.6433091555555557,0.03393544932404297,0.9171779555555555,0.0051895764079380345,0.886102311111111,0.0076212026684493945,0.7882363555555555,0.1186036132588894,0.5634088287284001,0.015596816702653046,0.26244054529148897,0.03890019692958694,0.6732562174586877,0.0385512716830913,0.6700380284843355,0.017730213496121656,0.5456168147456063,0.16350025876508062,5
fashion_dino,DensMAP,dens_lambda,10.0,dens_frac,0.5,0.9177673777777778,0.004034050754682915,0.6436198222222222,0.013648748822863922,0.9185292,0.006636330812790306,0.8774900444444445,0.00636951437263546,0.7933621333333333,0.11448007220813691,0.5775221868510936,0.007440386096173469,0.2604530183638397,0.012667967963250652,0.6912118880347478,0.02689769166798084,0.6706979066503467,0.028114121213441198,0.5768754616932855,0.1886861644548048,5
fashion_dino,HIGH-D,,,,,0.8684933333333333,0.0,0.45911599999999997,0.0,0.9131644444444443,0.0,0.917974222222222,0.0,0.9990671111111112,0.0,0.4403210238540448,0.0,0.0949774528753401,0.0,0.665198709188344,0.0,0.6918389775430024,0.0,0.994453083743374,0.0,5
fashion_dino,PaCMAP,n_neighbors,5.0,FP_ratio,1.0,0.451475911111111,0.030030066476495167,0.5478748,0.01776618761816819,0.8551214222222223,0.013403663952373154,0.8004086222222222,0.006374079381408247,0.9478866666666667,0.007057126026442087,0.1929486839498879,0.015931665011751816,0.1619844881465479,0.019214131062335042,0.661297219794212,0.0182512175590031,0.6060523672670558,0.0029366186168704586,0.8280991601225052,0.01917589682312277,5
fashion_dino,PaCMAP,n_neighbors,5.0,FP_ratio,2.0,0.44283688888888884,0.04898820184392599,0.5097570666666666,0.02070746523787447,0.8523182222222221,0.007480114404617911,0.8266272888888888,0.012052366835226338,0.934443288888889,0.0054795450797926505,0.16602233156873192,0.014733095311844746,0.1310968000096004,0.01158358150715302,0.6401985058676797,0.012731275334137012,0.6110073785848007,0.00639741890764188,0.7756090637623535,0.007986893644631234,5
fashion_dino,PaCMAP,n_neighbors,5.0,FP_ratio,5.0,0.4765247111111111,0.016881486332666323,0.4875039111111111,0.025840742781913,0.8607158666666667,0.017525240775436927,0.8529048444444445,0.018988059429514176,0.9125359999999999,0.022818020710302644,0.1801502933395352,0.0204606159245864,0.1245376681238501,0.010310538048744896,0.6230361433906928,0.03510192475749293,0.6560083244776169,0.01822223162385017,0.7124852552197932,0.06955521455381032,5
fashion_dino,PaCMAP,n_neighbors,8.0,FP_ratio,1.0,0.40673795555555553,0.0362792648020571,0.5488475111111111,0.006202279920110626,0.8653607555555555,0.006646358697869156,0.8001128444444445,0.006920895529009021,0.9476717333333333,0.012724638790769571,0.1864816229163932,0.01066226964228651,0.1771851496284169,0.0078877440299038,0.6754126671239781,0.015038142369452707,0.6006217613411411,0.006054438458244894,0.8289740070587053,0.04468627639511231,5
fashion_dino,PaCMAP,n_neighbors,8.0,FP_ratio,2.0,0.4022137777777777,0.02521533711605978,0.5288445777777777,0.016702181463642503,0.8642619111111112,0.00722827489211976,0.8326688000000001,0.007806892620318624,0.9535790222222224,0.0016188086276147182,0.16111776931470279,0.017314013858423866,0.14922809150978,0.009526020241674357,0.615142991143375,0.06283612381711286,0.6053872322084353,0.015935082359571473,0.8508984343852708,0.005631122767936619,5
fashion_dino,PaCMAP,n_neighbors,8.0,FP_ratio,5.0,0.4430340444444444,0.022516153772374956,0.48165528888888887,0.02733912890246653,0.8426371555555555,0.0120262741532811,0.8503495111111112,0.008764657376273032,0.9337424888888888,0.00361224781562429,0.1117235160672376,0.012250608392732485,0.10564739880251997,0.014238080356331177,0.5807585614579939,0.02966074179561847,0.6029204697889796,0.021288890376298105,0.7486475928944349,0.029455786945954195,5
fashion_dino,PaCMAP,n_neighbors,10.0,FP_ratio,1.0,0.4118286222222222,0.0282651961228244,0.5661938666666666,0.016154628552496553,0.8643430666666667,0.005095074291368867,0.7954240888888889,0.007249477960941218,0.9602867555555555,0.0007530678260404629,0.18862428423016092,0.007471015276754174,0.20465902947948217,0.012395678677788723,0.6742068497695648,0.011770530907698943,0.5873906549273467,0.013118837893955052,0.8711326122133937,0.0022402220553546775,5
fashion_dino,PaCMAP,n_neighbors,10.0,FP_ratio,2.0,0.3741823999999999,0.015244255760413095,0.568854,0.030588177407474083,0.8632622666666666,0.005351508098046394,0.8275135111111112,0.009272456340030795,0.9530063111111111,0.0025223702041757634,0.1647311023664282,0.006862012483235322,0.18757851834572375,0.021754546827171862,0.5754293156747108,0.0849073031100019,0.5818900484151521,0.011558559554312047,0.8508989885897524,0.008355030541797866,5
fashion_dino,PaCMAP,n_neighbors,10.0,FP_ratio,5.0,0.4074992,0.013790961217361371,0.5032318666666666,0.027901337197301705,0.8458024,0.006949539210943721,0.8446722222222223,0.010363407907478604,0.934779111111111,0.005476570080976913,0.10872074189654354,0.011973742962257374,0.11532751961579898,0.008940341536353253,0.5378720989352354,0.048999753508509436,0.5800620181226168,0.011892670145817593,0.7551092061122443,0.02223817212872997,5
fashion_dino,PaCMAP,n_neighbors,15.0,FP_ratio,1.0,0.3926854222222222,0.005973976795699454,0.5587384444444444,0.009276398924816994,0.8656955111111111,0.008368460687694137,0.7907368,0.003844320722479344,0.9617849777777778,0.0003826190962818028,0.18811379440365666,0.009737811039633086,0.2017046131637618,0.011576060348487969,0.6793039277571058,0.009121013571639743,0.5930969996167864,0.005091734225068585,0.8762167899973712,0.00045721244615840674,5
fashion_dino,PaCMAP,n_neighbors,15.0,FP_ratio,2.0,0.34629937777777775,0.010877816114334922,0.5658608888888889,0.014747453554620165,0.8634765333333332,0.004337732426903154,0.8256482666666667,0.005679703694670997,0.9535497777777777,0.001288752214975662,0.14934447029853742,0.010326720183605156,0.1821822148241984,0.024154784096983316,0.6123981579719386,0.05414565236810605,0.5784058282802264,0.024180814222076404,0.8574166819543223,0.0038909424449577686,5
fashion_dino,PaCMAP,n_neighbors,15.0,FP_ratio,5.0,0.3557010666666667,0.014894812574836432,0.4906716888888888,0.026441555635676402,0.8647934222222222,0.007760240440464884,0.8629136000000001,0.004676291171536214,0.9435611555555556,0.0044675976763279375,0.0920587787110749,0.013455593742949804,0.11503646682508725,0.014945834997510149,0.5489976457411643,0.03389119416004652,0.6109460550293592,0.012872882247831854,0.7973328534715151,0.017169371777019642,5
fashion_dino,PaCMAP,n_neighbors,20.0,FP_ratio,1.0,0.4024421333333333,0.008792868493034659,0.5770357777777778,0.00703484390308276,0.8654877777777777,0.005080873131438957,0.7991347555555556,0.024923920422451378,0.9564447111111111,0.01383970439847014,0.14543202828833138,0.01017916502309447,0.21240036257679917,0.015607857575128373,0.6817024043416516,0.012579748910998525,0.6021234154754423,0.021068525366661862,0.841838665457405,0.0843731166391029,5
fashion_dino,PaCMAP,n_neighbors,20.0,FP_ratio,2.0,0.31793795555555554,0.005755236444178018,0.5825000444444445,0.010294432484732448,0.870217911111111,0.004683772246732247,0.8230101777777777,0.004552320744194702,0.9563702222222222,0.0025517312447980865,0.10028228399568288,0.009814736368519152,0.19330231502515952,0.012012706871144488,0.6384748391258313,0.017747885968823773,0.5833406013603849,0.005588626438865684,0.8709997142838596,0.006298122799191993,5
fashion_dino,PaCMAP,n_neighbors,20.0,FP_ratio,5.0,0.3084102222222222,0.015525109452308965,0.5054817333333333,0.020996679252670104,0.8505125777777778,0.012370530503110828,0.8555944888888888,0.008512803740017087,0.9419250666666666,0.0025169175072441794,0.06945396136612754,0.0038230310276465528,0.12436572798810464,0.01307949432752768,0.4870347703959809,0.04835037587788456,0.5978899684276655,0.013411100361335263,0.80566595772212,0.01725421319104589,5
fashion_dino,PaCMAP,n_neighbors,30.0,FP_ratio,1.0,0.3862921777777778,0.009095825994839367,0.5553630666666667,0.014207623050694205,0.8669096888888888,0.0034041718544771944,0.8033033777777778,0.0220601484019498,0.9508236444444444,0.014676622093959141,0.11271235120405272,0.011612045033459093,0.2083120210297463,0.010966748530597021,0.6804287262874289,0.01739672033349048,0.5875521591535768,0.01647494574676016,0.806125533084819,0.09796103539889231,5
fashion_dino,PaCMAP,n_neighbors,30.0,FP_ratio,2.0,0.2855936,0.008868776527588025,0.5699493777777779,0.010609624439659378,0.8670681777777778,0.006519767106345753,0.8257098666666668,0.004809176571801711,0.9529417777777777,0.0012157836877128572,0.07608066454861288,0.004079963055779811,0.19248936092412922,0.012512055495373573,0.6418907792441787,0.015504199667273757,0.5746682106904334,0.021468594014357127,0.8518626077541747,0.002307197499595532,5
fashion_dino,PaCMAP,n_neighbors,30.0,FP_ratio,5.0,0.24759048888888885,0.02342275131723718,0.5382658666666666,0.022312428871332467,0.8577601777777778,0.011895410600025922,0.8516726222222222,0.005821447858597673,0.9347526222222223,0.0016362438950079752,0.06413240523886156,0.002380216517188263,0.14736262201073713,0.014213811321504486,0.5096715111413119,0.028435416648022224,0.5908305290209295,0.008740765961745476,0.7184277291987318,0.007666559788203344,5
fashion_dino,PaCMAP,n_neighbors,40.0,FP_ratio,1.0,0.3859542222222222,0.012210456591497307,0.5455977333333333,0.006727932612953611,0.8734153777777778,0.009917345067862696,0.8109467555555556,0.025803750630623543,0.942704,0.015853135559305877,0.10979353626772437,0.010264786649076409,0.20603665931396264,0.004580772849715871,0.6856409530214058,0.034628333963920586,0.5746158924800968,0.024683917930778683,0.758601997954434,0.10055837239514914,5
fashion_dino,PaCMAP,n_neighbors,40.0,FP_ratio,2.0,0.2661437333333333,0.005972894499422709,0.5596324,0.011918976932647716,0.8705247111111112,0.0025465516136508417,0.8307629777777779,0.0033071585192737544,0.9513038222222223,0.000497272521353999,0.07439210380021219,0.0017129709716125572,0.18367023477027794,0.01364402299168357,0.6369692758662908,0.006147637160234739,0.579267618122613,0.010120167506459726,0.8390476478430837,0.0014302952145746103,5
fashion_dino,PaCMAP,n_neighbors,40.0,FP_ratio,5.0,0.21970942222222217,0.01576607424899083,0.5551759555555555,0.01438588796797615,0.8596324888888889,0.006669123285154666,0.8572682666666667,0.004598342756759377,0.9310767999999999,0.0026268435059854578,0.06199974391328542,0.0012933090173363995,0.16107602523759829,0.009271048401159863,0.47363066254009195,0.014645956964328827,0.5979471901416606,0.004994852002892789,0.7119979824065189,0.006585055435037114,5
fashion_dino,PaCMAP,n_neighbors,60.0,FP_ratio,1.0,0.41883164444444443,0.005989747713312774,0.5563784,0.011022356484845373,0.8739949777777778,0.002534035446564405,0.8368004444444445,0.002424338061623649,0.9223559111111111,0.0007233214472482719,0.13673799763839342,0.0038916361779800872,0.2061358263310081,0.006610234460654391,0.7034614647756086,0.008632703088514788,0.5853589804474731,0.0067330822589288675,0.6252196740330105,0.007273375421421716,5
fashion_dino,PaCMAP,n_neighbors,60.0,FP_ratio,2.0,0.25483724444444444,0.0025983969493079753,0.5523357333333333,0.017025072566260006,0.8721183555555555,0.0012640583144073502,0.8373454666666668,0.0012036849758086839,0.946296,0.0012406356395506634,0.07051298917895457,0.0016987857805971743,0.18238361038158363,0.00964697541312946,0.6178056516886887,0.00994806150318447,0.5709381087615907,0.017681335289653193,0.8159550179933369,0.0019503397928073056,5
fashion_dino,PaCMAP,n_neighbors,60.0,FP_ratio,5.0,0.2214875555555555,0.007063603466073549,0.5247012888888889,0.013344293404085541,0.8507312888888888,0.0025677331665916892,0.8462567111111111,0.004658481335752773,0.9121171555555556,0.0035406945067490915,0.061611139348236574,0.0006794973550958102,0.13563741508091515,0.0031806755173364814,0.408939614757458,0.01243401636708091,0.543170944498463,0.0049890229945241315,0.6689431309866868,0.006407544341264299,5
fashion_dino,PaCMAP,n_neighbors,80.0,FP_ratio,1.0,0.42156871111111116,0.005588160187528735,0.5806830222222222,0.015403628718384061,0.8721420444444444,0.002745513095584334,0.8223944888888888,0.002555814954950887,0.9196999111111112,0.0008946574708364439,0.12835985864260152,0.0020624826914634404,0.1933483113256711,0.009209439596884375,0.7074107826431483,0.008340911078888995,0.528985746411421,0.003958544581902576,0.5747444206390977,0.013864624880072802,5
fashion_dino,PaCMAP,n_neighbors,80.0,FP_ratio,2.0,0.27545875555555555,0.020524120870843324,0.5440028888888888,0.009528908806208443,0.8736713777777776,0.0039491030624093345,0.8602602666666666,0.013719798049840057,0.939238311111111,0.0009819986371970306,0.08027613062006839,0.008102496934876219,0.15846763158739,0.003764721643759943,0.6281261015446414,0.02135306117036369,0.6002171388296194,0.03527784804268185,0.7902062192676154,0.007303544048544978,5
fashion_dino,PaCMAP,n_neighbors,80.0,FP_ratio,5.0,0.2346867555555555,0.006397825050190097,0.5123848444444444,0.013426169314228114,0.8589312,0.0016108345709024974,0.8423012888888888,0.002952173417402845,0.9009904888888889,0.003567739466211802,0.06280834098075734,0.000881686958750451,0.12272913402745474,0.006088561275966093,0.3933691469791053,0.009357549078493121,0.5356738931568339,0.014556450769823277,0.6215295953859854,0.009437758623642514,5
fashion_dino,PaCMAP,n_neighbors,120.0,FP_ratio,1.0,0.4325681777777778,0.003435080829641828,0.6142364,0.008009317941399195,0.8556107555555557,0.004673555343170615,0.8090181333333334,0.0011858329322505321,0.9159245333333335,0.0007413464826971242,0.13007412899688292,0.002171564700601331,0.1994205264776329,0.00986979156775656,0.6365457632320165,0.018838344978684134,0.518186909394576,0.002192781215445999,0.522751252255698,0.013405014797746325,5
fashion_dino,PaCMAP,n_neighbors,120.0,FP_ratio,2.0,0.3174711111111111,0.0034674051207790797,0.5835993777777778,0.01400862071214692,0.8655829333333334,0.00270895479547931,0.8547686666666665,0.003953086557784083,0.935973511111111,0.0020596447877855584,0.09090604684836012,0.0027376734033456506,0.1746761776937349,0.0026953832293525365,0.4401034938446447,0.01870795735175225,0.5990951691019119,0.014619483081665599,0.7611864668615768,0.004222191933651247,5
fashion_dino,PaCMAP,n_neighbors,120.0,FP_ratio,5.0,0.2468552,0.011050435975534293,0.514481288888889,0.007235582745307936,0.8569047555555555,0.010288478973835868,0.8319172,0.0032766496047180508,0.9087548444444444,0.012566382252798804,0.06653908003899293,0.0018756577549980658,0.120254513382924,0.004288932166197787,0.3502554303819637,0.019815369785916387,0.5063456559843302,0.0075611394988542024,0.6166739322586139,0.017749477577360086,5
fashion_dino,TriMap,n_inliers,5.0,n_outliers,2.0,0.5685566222222223,0.006496826147064786,0.5571426222222222,0.014547682656579504,0.6025712444444444,0.01270991275780878,0.5040689777777778,0.00450997387307315,0.7954481777777778,0.007658217750951492,0.1361823098712629,0.007925655872161997,0.1256237834742803,0.007192102192641456,0.1613447635793315,0.01375741789726609,0.09202572040556818,0.0009733773193622625,0.28773171492541005,0.019877572646562727,5
fashion_dino,TriMap,n_inliers,5.0,n_outliers,5.0,0.5674082666666667,0.018237557391679884,0.5454652888888889,0.01616895413324444,0.6141936444444445,0.019214203142081783,0.4287801777777777,0.008345692178351799,0.8339621333333334,0.005136615962448368,0.14203996545492922,0.008628171108844796,0.13223050181333434,0.011677119119749323,0.17442626182413037,0.012470872713223124,0.07992322534010701,0.0011836036375429096,0.3517325004290004,0.013107381825950433,5
fashion_dino,TriMap,n_inliers,5.0,n_outliers,10.0,0.5758312,0.005212707856767003,0.5505008444444444,0.013035625073118458,0.6282333333333334,0.009254065458282251,0.38255062222222225,0.00346240742765231,0.8506940444444446,0.0022416914601410707,0.14487273388552377,0.003893199847295361,0.12587714028793412,0.003815183860249912,0.18121311057565764,0.005993133922157667,0.07405750894732863,0.00037185644271330915,0.3859233636893249,0.011809716838652654,5
fashion_dino,TriMap,n_inliers,8.0,n_outliers,2.0,0.5747565333333334,0.01226462443305748,0.5640796,0.011609182671754838,0.6183584888888889,0.009342353664103383,0.4711719111111111,0.009477905714389862,0.8159688888888889,0.005885153733687393,0.1465580072951953,0.006462190607486958,0.13178430343329253,0.006011950065608834,0.17719589864691968,0.010348139564108726,0.08623047018836902,0.0015466567541159856,0.32729225187560457,0.02101378986280304,5
fashion_dino,TriMap,n_inliers,8.0,n_outliers,5.0,0.5748374222222222,0.008719535458234399,0.544985511111111,0.01201402828322474,0.6258156444444445,0.01628690445286609,0.3952265333333333,0.003328771751388116,0.8477421333333334,0.002912092818355251,0.1459980753060067,0.006818320891128676,0.12132382821992016,0.006840803233979974,0.18394064366509574,0.01494126359876243,0.07557652287735935,0.00040986530155908584,0.3736714027806043,0.012093068905424711,5
fashion_dino,TriMap,n_inliers,8.0,n_outliers,10.0,0.5724318222222221,0.00898740632520418,0.5376936,0.00418558645949131,0.6312108444444444,0.010612685177491324,0.35892177777777773,0.005114871399370539,0.8589488888888889,0.0022619679403039755,0.1457611672500601,0.004121975560336139,0.12235594346934828,0.004064947149346573,0.1857772139269889,0.007959597727237682,0.07155071298295826,0.0005375416166470667,0.3956789565517,0.01524457579544471,5
fashion_dino,TriMap,n_inliers,10.0,n_outliers,2.0,0.5738303111111112,0.010703840055827698,0.5680712444444445,0.008377815008169594,0.6151240888888889,0.011611991624880559,0.44810195555555554,0.008397609257666397,0.8248346666666666,0.005877120475744894,0.1449937895637957,0.004661811507939546,0.1286231777272561,0.0098473865063471,0.17435820506871422,0.011228964745243783,0.08255843212694491,0.0013036656438631495,0.3320809559391626,0.0162433470064847,5
fashion_dino,TriMap,n_inliers,10.0,n_outliers,5.0,0.5634123555555556,0.010430330716440448,0.5507776888888889,0.014110336578568711,0.6204081333333333,0.010822014154513627,0.38220093333333327,0.002830274472577441,0.8553779555555554,0.002582418420544052,0.14275046315917642,0.0036671139656227836,0.126413537666765,0.0016831262330216322,0.17930677948441015,0.004731441322705455,0.07402480151932937,0.00033405933682619594,0.38535214215559677,0.003138802426925792,5
fashion_dino,TriMap,n_inliers,10.0,n_outliers,10.0,0.5647870222222222,0.013546367692822121,0.5420058666666667,0.008249770456365206,0.6314860888888889,0.007781160606566672,0.35011724444444436,0.0030492212063791086,0.8614939555555555,0.0021785979770666936,0.1433472547450147,0.006977690281029405,0.12357668947718892,0.006417248378504191,0.18452335048936502,0.008064524335037132,0.07071407037969127,0.0002278891579776813,0.39376119650112923,0.011897070552631832,5
fashion_dino,TriMap,n_inliers,15.0,n_outliers,2.0,0.5746958222222223,0.014307536691643167,0.5585638222222222,0.010705654561498013,0.6174497333333334,0.01064447759029865,0.41652702222222215,0.006763949771297937,0.8406863999999998,0.005515239310478872,0.14671013507167646,0.012171654202659685,0.12753113091566273,0.004358592960837179,0.17902565916254107,0.017402420577052168,0.07821932790207646,0.0008914901897524765,0.36183381671720743,0.01816566796842732,5
fashion_dino,TriMap,n_inliers,15.0,n_outliers,5.0,0.5837393777777777,0.013805719858087767,0.5491277333333333,0.016974722946810888,0.6411015555555556,0.009501399254976575,0.366114,0.003852124800870505,0.860673688888889,0.0028744003071816326,0.1531290162763817,0.006539936478439559,0.1281711614170635,0.009380961212125635,0.1947336264804552,0.007593673328000771,0.07232393303327161,0.0004057574609338199,0.40127268294226637,0.009530084046385277,5
fashion_dino,TriMap,n_inliers,15.0,n_outliers,10.0,0.5758281777777777,0.007872247898335004,0.5350580444444444,0.009777058556123859,0.6282630222222222,0.016754828947994155,0.34182599999999996,0.0018740543623615826,0.8626441777777778,0.0013975529442919218,0.14970230043636706,0.00504937323411061,0.12357434228930782,0.002827161876384264,0.1903950515898746,0.008439756169869733,0.06988959344835895,0.00019966781001129136,0.40644376845095104,0.009283779759996882,5
fashion_dino,TriMap,n_inliers,20.0,n_outliers,2.0,0.5793979555555555,0.008042029100871205,0.5476501777777778,0.0069338397899071005,0.6257139111111111,0.010002287421841874,0.3964504,0.0036750108504081027,0.8478508444444444,0.0030556633290084873,0.1494226418167604,0.005785465850600852,0.12609555452851268,0.004793875570499838,0.18625082054379147,0.011739198045666938,0.07573345474778917,0.00046776546037508075,0.3843742504286637,0.017905943993117967,5
fashion_dino,TriMap,n_inliers,20.0,n_outliers,5.0,0.5727656888888889,0.013520409218001551,0.5309302222222222,0.00983425493358625,0.6325651555555556,0.010454443443511487,0.35397866666666666,0.0017706663041052876,0.8629932444444444,0.0011778889004182018,0.14869552547831738,0.007634422919942481,0.12051016667170802,0.0047620990785360645,0.1913057434729767,0.01079565238454266,0.07104252787588225,0.00017194943064560158,0.4026799985255084,0.005546660948777347,5
fashion_dino,TriMap,n_inliers,20.0,n_outliers,10.0,0.5608950222222223,0.015754124026488278,0.5419790222222223,0.013178943239262506,0.6389987555555556,0.010994718145602163,0.33735875555555556,0.000875531381504962,0.8645199111111112,0.0008905534636421419,0.14539252056694035,0.005469184820234953,0.12678473506471258,0.009432234237228214,0.19569786908373965,0.005943275109142227,0.06948529615926342,8.206796862528687e-05,0.41470983628903346,0.008348756162788148,5
fashion_dino,TriMap,n_inliers,30.0,n_outliers,2.0,0.5709692444444444,0.00909081184439118,0.5462997333333334,0.010319714136628447,0.6257452444444445,0.019412728219608787,0.36847057777777775,0.002784322643429805,0.8559130666666667,0.00337846458806953,0.143472310945065,0.005416398716577985,0.12302299001843175,0.005164596129228915,0.18107531282001893,0.008720305673966654,0.07261023059416613,0.0003005785667518405,0.3924758439392769,0.011490726306636709,5
fashion_dino,TriMap,n_inliers,30.0,n_outliers,5.0,0.5701073777777778,0.01269781842485619,0.5315537333333333,0.012706072683835617,0.6366593333333334,0.011829793143887253,0.3423982666666666,0.004313483638116191,0.864068,0.00242683847580639,0.14402684829807783,0.005174874233674932,0.12383330236326581,0.00864137798208823,0.1923918945010262,0.007989386227943946,0.06998351574546008,0.00041556610838334134,0.4099541589386713,0.010000814339507185,5
fashion_dino,TriMap,n_inliers,30.0,n_outliers,10.0,0.5577386666666666,0.011424399991268442,0.5212322222222222,0.011775330510944293,0.6319999111111111,0.006830971701389594,0.33206488888888885,0.0009473656782864254,0.8653991111111111,0.0007587010992641926,0.14252121520886174,0.004512942955183057,0.12113141370330482,0.004348191053983379,0.194523413251802,0.004072064665879577,0.06899037089966385,0.00015068881271592053,0.40652814776372637,0.004238581794089098,5
fashion_dino,TriMap,n_inliers,40.0,n_outliers,2.0,0.5788844444444445,0.013832923638734496,0.5414032888888889,0.01918146955286295,0.6268354222222221,0.012795496909093365,0.36145439999999995,0.002000215040291249,0.8607362666666667,0.0021582140902280935,0.14782225069713384,0.01134285297519335,0.1226292133157724,0.008527084556799645,0.1858535343951682,0.00996127683651442,0.07184745882974966,0.00017216678439965264,0.39866672959655514,0.006929546441898915,5
fashion_dino,TriMap,n_inliers,40.0,n_outliers,5.0,0.5789458666666667,0.008568587203080189,0.5480446222222222,0.017614214704726343,0.6371743999999999,0.013389393851611794,0.3367160888888889,0.002488904769790584,0.864098488888889,0.0020403694799753427,0.1459028785172813,0.003450988414773713,0.12421706642004257,0.003926986500780236,0.19274709331683249,0.008198940447471338,0.06940027762989379,0.0002282561697664865,0.40213508212085863,0.009786699408763014,5
fashion_dino,TriMap,n_inliers,40.0,n_outliers,10.0,0.5645955555555556,0.0070469464676921455,0.5385960888888889,0.009398481593413272,0.6259056444444445,0.022623367918816244,0.3290608,0.0004090067945948055,0.8652720888888888,0.0003646361826245911,0.1455151834731865,0.0025518928104867745,0.1248524796319056,0.002587355660075525,0.18759456152165982,0.01182332887503484,0.06884099870073299,0.00031154216313295126,0.40947976047642093,0.002079173809071578,5
fashion_dino,TriMap,n_inliers,60.0,n_outliers,2.0,0.5807127111111111,0.01087222101901996,0.5399835111111111,0.032271616446716,0.6385756888888889,0.01901675270380121,0.3476082666666666,0.004261981751992921,0.8628192,0.0020478896912807937,0.14899838245832098,0.005430918556665236,0.1270324544263142,0.01036757464971485,0.19055647719015306,0.011980312012623147,0.07042629483273992,0.00047478186935575207,0.4059934175857666,0.009994284000354776,5
fashion_dino,TriMap,n_inliers,60.0,n_outliers,5.0,0.5688109333333333,0.007744277942415453,0.5487508888888889,0.013141330825930215,0.6371785777777778,0.0071589652152449215,0.33154066666666665,0.0006607701081332419,0.8643641777777779,0.00128350321530709,0.14680629635512893,0.004741857005196688,0.1285644358668832,0.0034325421664712997,0.19462365597368975,0.004378007053064006,0.0689637923678522,0.00012061421109838283,0.40499083487944276,0.0036079958890667765,5
fashion_dino,TriMap,n_inliers,60.0,n_outliers,10.0,0.5683040888888888,0.00875210417817791,0.5410432888888888,0.007355864279187515,0.6268151555555556,0.008964897105301448,0.32632155555555553,0.0010725954215227657,0.8659815999999999,0.0008141025263791196,0.14545743462989572,0.002948041580692892,0.12290275704984428,0.0023841371919700086,0.1859860830882755,0.004794680972073975,0.06844518600271847,0.0001081370016323325,0.4059495508108042,0.0033051477558591986,5
fashion_dino,TriMap,n_inliers,80.0,n_outliers,2.0,0.5629926222222222,0.01636223349359019,0.5378477333333332,0.013963849108004255,0.6390958222222223,0.010937571624767294,0.3411355555555556,0.004724517821108881,0.8637723555555556,0.0018461974641253696,0.14688935524547944,0.007427095363255545,0.12499936540088952,0.003984585111557588,0.19623439032097595,0.013198790537398785,0.06980633822765037,0.000441861120390126,0.40745986475942536,0.012925214366094293,5
fashion_dino,TriMap,n_inliers,80.0,n_outliers,5.0,0.5736937777777777,0.009429640151284415,0.5310805777777777,0.00907744863893994,0.6254977777777777,0.005947306424231357,0.3298754666666667,0.0013034190328933893,0.8650884444444443,0.0008411721392801496,0.14675304261582114,0.004777393397643532,0.12253712569093933,0.009565685235134066,0.18943600902308227,0.004956473884003926,0.0687405397960552,0.00012743660064921673,0.4082134338786222,0.005620261125766251,5
fashion_dino,TriMap,n_inliers,80.0,n_outliers,10.0,0.5653117333333333,0.01090370888808253,0.5420987111111112,0.0063537499929443,0.6320770222222223,0.006629262712668783,0.3258914666666667,0.0007140643813696146,0.8661407999999999,0.00033790602828391206,0.14628881526999543,0.004539725067193421,0.12774937051064872,0.0033572405084295476,0.19387510893356313,0.010084770110580258,0.06847744610423082,0.00011873431529124985,0.4087886881908179,0.005208320702820327,5
fashion_dino,TriMap,n_inliers,120.0,n_outliers,2.0,0.5639976888888889,0.012359889253569133,0.5341741333333333,0.012930177575666604,0.6469074666666667,0.005556674992995132,0.33418324444444447,0.0015831295120273114,0.8647799111111112,0.0016611771937803403,0.14578169383469922,0.006434560206573792,0.12252416148692351,0.0033969916668427995,0.19650610037865748,0.009650280208917825,0.06934558758666823,0.0003832394226858688,0.40868839707666016,0.006166299700061269,5
fashion_dino,TriMap,n_inliers,120.0,n_outliers,5.0,0.5617656888888888,0.004590347418466525,0.5406875111111111,0.011385210038238894,0.6373558666666667,0.0047838733663408085,0.32648479999999996,0.0010571574932015573,0.8656815111111111,0.0002754624573913685,0.14814070947413854,0.0039620375543364585,0.12846380398522872,0.004377829209002998,0.19329873533876135,0.0036186639131928077,0.0684500181829993,7.016872832258212e-05,0.4075559234616346,0.003129538619024803,5
fashion_dino,TriMap,n_inliers,120.0,n_outliers,10.0,0.5612894222222222,0.008152580404349364,0.5436874666666667,0.008915455683222558,0.6382957333333333,0.006490666988876707,0.32524133333333327,0.0009714402696670959,0.8661847111111112,0.0006157142675456133,0.1457133209431797,0.002383613540225354,0.12646833671664304,0.004583900853056429,0.19176915425661217,0.007877545353317318,0.06842613732040019,0.00018295882577715777,0.405360050726153,0.002750480557597827,5
fashion_dino,UMAP,n_neighbors,5.0,min_dist,0.0,0.4270409777777777,0.01721399945465003,0.5224018666666665,0.005127755862719484,0.9068078222222222,0.008785980641740401,0.8907945777777776,0.016572077558574438,0.8605089777777778,0.04415991809059327,0.19025077279950753,0.01918434157585202,0.12339978266015734,0.011143173035612285,0.7496432449226802,0.03289646669073237,0.752616061493591,0.06357532526656295,0.6236187441504338,0.059431417214903026,5
fashion_dino,UMAP,n_neighbors,5.0,min_dist,0.1,0.4983089777777778,0.00956630565017617,0.511310488888889,0.01677973036423103,0.9023464888888888,0.01019937299864218,0.8849761777777777,0.01390085275508364,0.8481369777777777,0.11164146911481229,0.19670421586916417,0.008323364732822199,0.11937472380994874,0.007182587145793769,0.742700798149887,0.031011472498982152,0.7261407068413576,0.039315919414009214,0.6298419348131568,0.0714897850261995,5
fashion_dino,UMAP,n_neighbors,5.0,min_dist,0.5,0.8527406222222222,0.011490009971522237,0.5411311555555555,0.006968984973827448,0.8950060444444444,0.0031307922690748187,0.8893018666666667,0.012670398831845245,0.8982594666666668,0.014931140911812298,0.44468347216717474,0.016195026223623555,0.13427322964498803,0.009037087882962301,0.7194499453615937,0.017534181274530894,0.7359953246873925,0.04179263056396012,0.6194288039708665,0.0150436373457269,5
fashion_dino,UMAP,n_neighbors,8.0,min_dist,0.0,0.38069155555555556,0.022231544353590867,0.5136744,0.0324574378192065,0.8996060444444444,0.008194434718487612,0.8720727111111112,0.03281559584596818,0.8806339555555555,0.044685750508729284,0.1813850909640947,0.012046774250045189,0.12081358663413189,0.010565744687463446,0.7436436706306722,0.019437628017591874,0.7013249977095752,0.04907014002324766,0.6331311298907949,0.02797532238767364,5
fashion_dino,UMAP,n_neighbors,8.0,min_dist,0.1,0.4649907555555555,0.03647441850223992,0.5161446666666667,0.014084153900267425,0.9013193777777777,0.015071360698971997,0.8903674666666668,0.02901229015587851,0.8812664888888889,0.03733894101747096,0.20743897247263154,0.017913331195517284,0.12052709831270847,0.0037742900026597336,0.7489053382568975,0.047928009738438866,0.7441588672418942,0.061297193935281526,0.670029141897221,0.029812882729871332,5
fashion_dino,UMAP,n_neighbors,8.0,min_dist,0.5,0.8594064888888889,0.005380041402383304,0.5616649777777777,0.01059862844911879,0.8979558222222221,0.007911410422552586,0.8938704,0.013199041426473946,0.8340890666666667,0.1143219983128011,0.47537806291237306,0.022242721598320452,0.1582176660636298,0.006368444488995677,0.7193544125122279,0.03619532134036362,0.7397494551575082,0.043006987627015894,0.4909212895333651,0.06958703022405804,5
fashion_dino,UMAP,n_neighbors,10.0,min_dist,0.0,0.35660106666666663,0.009060567783151684,0.5198879111111111,0.0189716189431334,0.8987183555555556,0.005003198837484556,0.8923661333333334,0.00459328935526974,0.8676885333333333,0.03918650464901669,0.17030889214898343,0.009268786173056378,0.12766735678588828,0.01085251572248541,0.7423783136801536,0.019802007096982033,0.732327958161299,0.015337718204009617,0.6531860764260503,0.024432243245926417,5
fashion_dino,UMAP,n_neighbors,10.0,min_dist,0.1,0.4405217777777778,0.018678657902457464,0.5172515555555555,0.006454648450325073,0.8955330222222223,0.0034566621436450595,0.8928094222222223,0.008448984331683732,0.9018470222222221,0.037546750896107144,0.19334634439642556,0.011053586997267393,0.12365799605662216,0.0068870329947018066,0.7430287932783266,0.02456497306457023,0.7568339564482759,0.027916409861155806,0.7047348257082361,0.08308019496647072,5
fashion_dino,UMAP,n_neighbors,10.0,min_dist,0.5,0.8431669333333334,0.01418727388912106,0.5496291111111111,0.004669365616361501,0.8787521777777776,0.007908300984049701,0.8731555555555556,0.007144502650531796,0.8985397333333335,0.012399338519194524,0.447046222643222,0.02379994236161012,0.16007603768883436,0.007345983163924535,0.6982045619865637,0.016633783774252616,0.7027748216284332,0.008658808442286874,0.5698252334960686,0.03053475125394784,5
fashion_dino,UMAP,n_neighbors,15.0,min_dist,0.0,0.33227831111111106,0.005851590201932959,0.5365539111111112,0.004906518565599054,0.8978509777777777,0.004499166681690028,0.8933028444444444,0.011250320061729643,0.8698309333333333,0.0678049642412925,0.16385795847721557,0.014885959909863156,0.1368763698377202,0.011483037431376072,0.742434474488528,0.01290498543908763,0.7730901039820122,0.04029266482374503,0.6629446321793372,0.0387097462402932,5
fashion_dino,UMAP,n_neighbors,15.0,min_dist,0.1,0.39072026666666665,0.016105648476524747,0.5355615111111112,0.016378864965724358,0.892693511111111,0.005638618713615082,0.8961396,0.0056257539684544285,0.8802704,0.018415245762783115,0.1683134892227331,0.010370591803126541,0.1319664021666991,0.005079641881621579,0.7561141909167981,0.0027206889348089553,0.7868235949411712,0.011787162715308932,0.6520479004571291,0.01115045370272626,5
fashion_dino,UMAP,n_neighbors,15.0,min_dist,0.5,0.8247746666666667,0.007761764296064019,0.5588783111111111,0.0029777241479415992,0.8753968000000001,0.002689713911997956,0.8662737777777778,0.007144461689973984,0.9102803555555555,0.01106375387994734,0.4215436392414511,0.013542920833071672,0.17234264824241924,0.010296416834691648,0.699547310037957,0.01685586015907255,0.6986409977578136,0.01704651486833164,0.6040911935347594,0.020118363178601623,5
fashion_dino,UMAP,n_neighbors,20.0,min_dist,0.0,0.31669555555555556,0.009516332730730631,0.5459802666666667,0.017845784307245805,0.8952585777777777,0.005133875348008444,0.8987728888888888,0.012206974743770962,0.8351731555555556,0.07547537399682423,0.12884899453752116,0.0019310967792846888,0.15202484678269784,0.010753991220431912,0.7284669622006374,0.03324034206366435,0.7652181112070824,0.037764170274090174,0.6373244004024048,0.040056289000893856,5
fashion_dino,UMAP,n_neighbors,20.0,min_dist,0.1,0.3748678222222222,0.012276758749466083,0.5658647555555556,0.01143740188338136,0.8963490666666667,0.00510975276974351,0.8924653333333333,0.010121237493264369,0.8712109333333332,0.05910126847261067,0.13672752445372835,0.006383071217749726,0.15686531841400392,0.013833150593894544,0.7339737734466583,0.03621052576963677,0.7632178752073795,0.026837548986744043,0.6734751892159092,0.0603487420327778,5
fashion_dino,UMAP,n_neighbors,20.0,min_dist,0.5,0.8000826666666667,0.010234658517164303,0.5790880444444444,0.010777917604362192,0.8819875555555555,0.004930838277966222,0.8647513777777778,0.0009082034144261614,0.9162536888888889,0.0035747139731905817,0.38848670656984063,0.0182998250603287,0.1974898982492981,0.006024826935439308,0.6963202963659457,0.009669000981698346,0.6971453241714609,0.002863068635513228,0.6299353510194419,0.015233724529264596,5
fashion_dino,UMAP,n_neighbors,30.0,min_dist,0.0,0.30213199999999996,0.003678993528496087,0.5763350666666666,0.03241270156170869,0.9036336888888888,0.005643625239327583,0.8879402666666667,0.018956628779309464,0.8649387555555557,0.10187858346836681,0.09243594075247244,0.006751047278723505,0.18542237292975952,0.03866743799526852,0.7343005962093284,0.03327648985727794,0.736476504318463,0.04677930102893668,0.7095562995398634,0.11113584884166229,5
fashion_dino,UMAP,n_neighbors,30.0,min_dist,0.1,0.3586962666666666,0.007647063405381528,0.5678108,0.02252915763994362,0.8978240444444443,0.006534132491561884,0.8893930666666666,0.014499390391953403,0.8921193777777777,0.05648512801677622,0.11134991550900528,0.005894981560266849,0.1741932336134691,0.02617047959995827,0.7283374223568956,0.04413796327003667,0.7598893910065159,0.05090133520060806,0.7059451480250059,0.07226527040134727,5
fashion_dino,UMAP,n_neighbors,30.0,min_dist,0.5,0.7798439111111111,0.005357657249208842,0.5916182666666667,0.008865642811117567,0.8813752888888888,0.0014032950500628266,0.8605192888888888,0.0010179121987895245,0.9189825777777779,0.0035486291340268376,0.3701948523108266,0.00931355978728272,0.2186860913619964,0.01011366873500102,0.6943487583417053,0.013984862409647717,0.6875547938624743,0.005054517705447916,0.6399160361805818,0.015334631293779955,5
fashion_dino,UMAP,n_neighbors,40.0,min_dist,0.0,0.2967638222222222,0.005080719941207902,0.5773186666666666,0.00313472095751462,0.9026782666666666,0.002946497700870469,0.8888514666666667,0.015865350618934685,0.8826467555555556,0.06198870635921425,0.08776232457912284,0.0034146988486687072,0.19089589976903865,0.014835203769455437,0.7136664176749907,0.02748075253604991,0.7480818402025804,0.05436700797128767,0.6899982684975839,0.05392571980030404,5
fashion_dino,UMAP,n_neighbors,40.0,min_dist,0.1,0.35208417777777773,0.008091126055709599,0.5829176,0.0022836750671550374,0.9037903999999999,0.006101846038012216,0.8899788000000001,0.017230494639475347,0.8713212444444445,0.060679564048988686,0.10187946185365723,0.005750437683848467,0.18593291476914225,0.005756625763798695,0.7417243339078521,0.042421187809844815,0.7543636740714659,0.060765808091512774,0.679527218749205,0.05253901508606068,5
fashion_dino,UMAP,n_neighbors,40.0,min_dist,0.5,0.7532624888888889,0.016486038707245323,0.5870004444444444,0.013364644596291497,0.8815812888888889,0.004211092337689068,0.8582386666666666,0.0023162210815820664,0.9209649777777777,0.006547331861807632,0.34650874277149885,0.016533771110664414,0.21358498801781045,0.01274527416695541,0.6756127885182598,0.017908340770748755,0.6750654767664288,0.005055563565231652,0.6471291720144555,0.016038382203997538,5
fashion_dino,UMAP,n_neighbors,60.0,min_dist,0.0,0.29610639999999994,0.008065788183570307,0.5832538666666667,0.01615790792640012,0.9053886222222222,0.0049972680324008555,0.9048852888888888,0.006673939644636185,0.7689834666666666,0.029035803270198716,0.0859077790266197,0.004143778692549567,0.2039158285392239,0.012957310413628468,0.7289702132031157,0.019808620347228974,0.7494669404808055,0.045988199363741274,0.6266012467069134,0.006622841287209866,5
fashion_dino,UMAP,n_neighbors,60.0,min_dist,0.1,0.34860657777777776,0.008651188123069632,0.5832242222222221,0.014714737457543882,0.900268488888889,0.0038205158025496145,0.8938722666666667,0.006661123737176445,0.8606057777777778,0.051774609695162586,0.10284664114634685,0.006476039482114717,0.2012454570191013,0.013357968915421906,0.74284775866073,0.02238191940229113,0.7534078340922521,0.03335264858658879,0.6525462639434823,0.014767057680304282,5
fashion_dino,UMAP,n_neighbors,60.0,min_dist,0.5,0.7378266666666666,0.01530624350299046,0.6010592444444445,0.010763533215170309,0.8648210222222221,0.007342713437966846,0.8527013333333333,0.001341406190496051,0.911163111111111,0.018013251887306597,0.3370722430881268,0.019088940406705876,0.2252662829272599,0.013356511620455041,0.6547151979340187,0.015743441999050846,0.652613192410075,0.0030872901754794195,0.615713009919401,0.011917861778270412,5
fashion_dino,UMAP,n_neighbors,80.0,min_dist,0.0,0.29273351111111107,0.003224704953103095,0.5727112,0.008688237926169382,0.9090049777777777,0.003399794440409175,0.8967981333333332,0.014446901850450307,0.8734669333333333,0.03854562097381222,0.08156695693551667,0.004435124234251805,0.1789641075246559,0.011922040081300123,0.7435709363190661,0.02253520012320919,0.7551089301603389,0.04609949513288853,0.6800348862880108,0.08599562235802587,5
fashion_dino,UMAP,n_neighbors,80.0,min_dist,0.1,0.3491463111111111,0.006228638171511077,0.5792805777777777,0.005981657024232901,0.8906240444444444,0.015516701649640337,0.8860045777777777,0.004602899235573086,0.8837086222222222,0.012764653660464293,0.10407419055631273,0.001665233330124283,0.1949162416098908,0.005184864613396327,0.7202945064958621,0.049208159547135956,0.7235027392015974,0.021259792477451866,0.6492632289501633,0.010010630898587456,5
fashion_dino,UMAP,n_neighbors,80.0,min_dist,0.5,0.7200643555555556,0.03222863783395286,0.5865757777777778,0.013102061120485549,0.8587233777777777,0.010606674821795352,0.8378069333333334,0.013782839427220535,0.9108400888888889,0.01025365939567293,0.3136516023418235,0.03878364942144097,0.22732552980217932,0.007165309488492538,0.635485998571722,0.02806566919344304,0.617450741207502,0.02763540725130094,0.6109879016644779,0.015267210598376468,5
fashion_dino,UMAP,n_neighbors,120.0,min_dist,0.0,0.2894215111111111,0.004658947548190476,0.5787504,0.014289968070012421,0.900127911111111,0.0035202882829480776,0.8598309777777778,0.01653336885121635,0.8906995555555556,0.008642471617212323,0.07604345503329027,0.0019627948443151455,0.18083338474482152,0.015505596586644327,0.7627504811531799,0.019791817474443026,0.655549613786061,0.049321839623185225,0.5721709594036237,0.0389742384593303,5
fashion_dino,UMAP,n_neighbors,120.0,min_dist,0.1,0.3501756444444444,0.015107941440117645,0.5839694222222223,0.009936375202404679,0.8887485777777778,0.009737633831280455,0.8541771555555556,0.02803865830713373,0.8998776888888889,0.013417246592113474,0.09866515862168093,0.007823342942815338,0.19479254035805216,0.010582778488927766,0.7356978253896521,0.04006321465227978,0.6466340631758426,0.06873542916784475,0.6225085633792202,0.0649559864497722,5
fashion_dino,UMAP,n_neighbors,120.0,min_dist,0.5,0.696891288888889,0.017671414810155776,0.5651742222222222,0.006138043569753951,0.8228171555555555,0.008922533159657397,0.8034308888888889,0.00771213745010961,0.9142921777777777,0.016215053142217533,0.2677603357067559,0.012288890728186256,0.19353291475191148,0.010606485611398198,0.5517730153104895,0.05548271036147996,0.5687897773817511,0.007354875904869264,0.6501665394048564,0.09957215218284575,5
fashion_dino,t-SNE,perplexity,1.0,learning_rate,50.0,0.5742456444444445,0.02319168866535202,0.5214748,0.022133777769745795,0.5414000000000001,0.02517633792440731,0.5403026222222221,0.026978953643328932,0.5301230666666668,0.009230567509806026,0.11637958833586162,0.005925971590047857,0.10563834822916274,0.00414739375962425,0.1114160954792985,0.006866866249357779,0.11048128874465699,0.0067951620351914925,0.1158465885881865,0.004886004997280733,5
fashion_dino,t-SNE,perplexity,1.0,learning_rate,200.0,0.5866032888888889,0.013181098519574,0.5143658666666667,0.013929726368675451,0.5568315111111112,0.02023394289117814,0.5573104444444444,0.01698371879546578,0.5296333333333334,0.007951188345069249,0.1155582006462039,0.003324339589508003,0.1022575320684577,0.003347234745171371,0.10991059393035507,0.004216572100906695,0.1101493934051746,0.004310310963855127,0.11569244363928313,0.004262926891077289,5
fashion_dino,t-SNE,perplexity,1.0,learning_rate,500.0,0.4968919111111111,0.027707442026811795,0.5209100888888889,0.022970283187062117,0.45338555555555554,0.02909881756199334,0.4511944,0.02887957207858131,0.5377798222222222,0.022455941286147696,0.09894860419342973,0.008003843292028136,0.1050405793857111,0.008228156796830982,0.0918655127165547,0.008986482109317353,0.09116011067393019,0.009154910864739896,0.10993486580146483,0.007639880424934705,5
fashion_dino,t-SNE,perplexity,2.0,learning_rate,50.0,0.7997725333333333,0.008897805124833121,0.5437671111111111,0.017288455946450128,0.8490850666666667,0.009912087184622343,0.8476647111111111,0.010667944167018129,0.6619776,0.08755341284778015,0.28167137981054385,0.019183543131558508,0.13120133207312015,0.014383664550268493,0.3478155239910522,0.04823369703010896,0.35854630476072014,0.04434212853823724,0.4037620179945546,0.16774915846247165,5
fashion_dino,t-SNE,perplexity,2.0,learning_rate,200.0,0.7900293333333333,0.019138766475983275,0.5328979111111111,0.017575750266970537,0.8411464000000001,0.02690658195458892,0.8385912,0.02649181518959216,0.6904069333333334,0.09096116516979603,0.27678137925850194,0.03196523836353444,0.12270759158683475,0.008963798415420507,0.36961624267642523,0.09847812904951787,0.3535663727998977,0.0788154921291872,0.368406590366833,0.17946976350384924,5
fashion_dino,t-SNE,perplexity,2.0,learning_rate,500.0,0.7658760888888889,0.023619446416611047,0.5288466666666667,0.016684788326681667,0.8183836444444446,0.022553181276570022,0.8135390222222222,0.032631538275299646,0.7515079111111111,0.15098031345314494,0.24491845182113883,0.025170876946964467,0.12536518357168186,0.014756966326291494,0.305889523477148,0.026514641518485708,0.2891921776427946,0.041723187758732135,0.42717543110415895,0.2906515660768395,5
fashion_dino,t-SNE,perplexity,3.0,learning_rate,50.0,0.7506560888888888,0.018020583014643383,0.5153541333333334,0.010935749722361237,0.8491381777777777,0.006721679694176965,0.858029111111111,0.010250147376236437,0.7166932444444445,0.08426058273653961,0.24571984244551265,0.029504641649553832,0.12298402930440344,0.0034699822244020195,0.39964813794277604,0.034011284769565116,0.47584079810600066,0.07895183642308314,0.4348870191388909,0.21724611963947227,5
fashion_dino,t-SNE,perplexity,3.0,learning_rate,200.0,0.7339728888888889,0.01494221068146824,0.5161239999999999,0.00999740778130409,0.8531492888888887,0.018771850026496784,0.8547575555555555,0.017446365998909332,0.6919221333333333,0.11325106735229724,0.2355913364947682,0.020965486144642637,0.125395587716317,0.012713388487229766,0.40967671710510467,0.04096910755616243,0.4369105406877404,0.04679335518996028,0.4229454210724762,0.1738052665132496,5
fashion_dino,t-SNE,perplexity,3.0,learning_rate,500.0,0.7253322666666666,0.0207451025298223,0.5139041333333333,0.00721723331895585,0.8315678666666667,0.027383558424087778,0.8289029333333333,0.03084472287514421,0.8134322666666666,0.07516970929317039,0.23401805958320807,0.027249562144373202,0.12453023536196368,0.008032499106654083,0.36812653171567533,0.07434339065365063,0.39451202606877295,0.06596091755287593,0.4704123925728478,0.18750311364701183,5
fashion_dino,t-SNE,perplexity,5.0,learning_rate,50.0,0.6482656,0.007004365373214128,0.5126504444444444,0.010853789156867293,0.8606686666666666,0.018120866706576994,0.8705770666666666,0.01909938396421059,0.7630558222222221,0.1177990192160222,0.1874346426797544,0.007089655965339556,0.11776934468831249,0.005800750711415727,0.5006523893286688,0.075030151187744,0.6004378501369158,0.040980315248210206,0.44308777078393263,0.1559307106705812,5
fashion_dino,t-SNE,perplexity,5.0,learning_rate,200.0,0.6284372444444444,0.01404414330689813,0.5121993777777777,0.008783741531592759,0.8650517333333333,0.018935050120000095,0.8682100444444444,0.02291727069178377,0.7253375999999999,0.12452071600076509,0.17655274857164666,0.003249669022398189,0.11716019175269891,0.004935802121179233,0.517902102405422,0.07646497436124632,0.5721743356322424,0.07202306623301036,0.3751031502156425,0.15556723376261497,5
fashion_dino,t-SNE,perplexity,5.0,learning_rate,500.0,0.6200735111111111,0.0095478400510014,0.5145996444444444,0.012613743757123406,0.8465710666666666,0.0130332606168285,0.8480595111111111,0.009476473715678727,0.8323763555555554,0.0658536645806912,0.18860755432085768,0.011858436727281714,0.12193329270080873,0.007703565951937758,0.4559304170021753,0.06404349449500055,0.510984187933259,0.07685596831641885,0.47183546823243033,0.20623970013180762,5
fashion_dino,t-SNE,perplexity,10.0,learning_rate,50.0,0.5211434666666668,0.0044072100903232445,0.5212308888888889,0.01111685307190043,0.8749409333333332,0.01094348749837825,0.8804173333333333,0.014472272103987433,0.8473051555555555,0.05271470230374861,0.15405026847727463,0.007325519684169149,0.1229674403679244,0.006520093677222551,0.5813274404027926,0.04105565715817685,0.679450755916867,0.06608095661676895,0.38966090708977863,0.14985703318222449,5
fashion_dino,t-SNE,perplexity,10.0,learning_rate,200.0,0.5076298666666667,0.0037629003969718803,0.5195141333333334,0.005874043561968314,0.8712437777777777,0.00925267893672814,0.8839888,0.014030188627684095,0.8561638222222221,0.05645688928302776,0.1492424241500895,0.004897809743012969,0.12125742338918073,0.00392367309537616,0.5577061402579212,0.06645676344883789,0.7019796916748258,0.056198725654103276,0.41992992496566306,0.14547666115841054,5
fashion_dino,t-SNE,perplexity,10.0,learning_rate,500.0,0.5064491555555556,0.005471453781127285,0.5160104000000001,0.011430628522947925,0.8602165777777777,0.017666265163571834,0.8758580444444444,0.010950696883399643,0.879662311111111,0.06318396225438035,0.15502272626059943,0.015024334945418966,0.12032819815818944,0.0031375105608697777,0.5635595570721028,0.08681080005403077,0.6852933605587426,0.04364956166941439,0.4831634012815285,0.15625235029844559,5
fashion_dino,t-SNE,perplexity,15.0,learning_rate,50.0,0.4692045333333333,0.002491027204454704,0.5331443555555555,0.0031771314090108804,0.8798172444444445,0.006489005003907776,0.8895047999999999,0.0014328191808244215,0.8780332444444443,0.017633161232514426,0.14469331072724323,0.0055572530068059385,0.12744752814600985,0.0024821161181890956,0.6117601360368944,0.016463150175502258,0.7425823723073253,0.009385767388616947,0.4189828125501055,0.09864203492090672,5
fashion_dino,t-SNE,perplexity,15.0,learning_rate,200.0,0.45790506666666664,0.003653132281572458,0.5289807555555555,0.003675392189033663,0.8815628,0.00802028623700283,0.8918209333333333,0.0017919613807567542,0.8769589333333334,0.014984051866263138,0.13829323781081698,0.010992636664454174,0.12435863797200006,0.0011663712687450926,0.6530651066926862,0.020283045983979803,0.7543283197963657,0.017105377862429657,0.403550996683496,0.0463156640508101,5
fashion_dino,t-SNE,perplexity,15.0,learning_rate,500.0,0.4567591999999999,0.0021679045216094857,0.5281930666666667,0.0024191648053730223,0.884267911111111,0.009961076830330798,0.8920198222222222,0.009346227382290658,0.8343352888888889,0.058467700244759994,0.13600009043360828,0.008166803192807095,0.12211594601154271,0.0025640438155079834,0.6382051653995247,0.07004444887434043,0.7374642394201529,0.03294137060102192,0.3431248884352934,0.09281449450401562,5
fashion_dino,t-SNE,perplexity,30.0,learning_rate,50.0,0.4370288888888889,0.0025508298528658544,0.534428888888889,0.0016173277991417185,0.8886743555555554,0.0027601179327103693,0.890239911111111,0.0017203429861871995,0.8756980444444444,0.010765747336510319,0.12675103713795938,0.008428842097235762,0.13015583006907844,0.002169760685522834,0.6667640397234423,0.022441372638159512,0.7556707058427802,0.008699732589979324,0.40800938369385503,0.0320311754366903,5
fashion_dino,t-SNE,perplexity,30.0,learning_rate,200.0,0.4385376888888889,0.0017607469627026362,0.5345468,0.003864033945995072,0.8865772,0.00541206000486839,0.8911581777777778,0.0016299821433544022,0.8900530666666666,0.003544769620750709,0.12605670245553857,0.0032239846433182143,0.1293124040503661,0.0021944246325482325,0.675456085563019,0.0057061965998375565,0.7561030804748661,0.009103218774950933,0.44202047271761413,0.029881879291782976,5
fashion_dino,t-SNE,perplexity,30.0,learning_rate,500.0,0.43717857777777774,0.002605620807522203,0.5323388444444445,0.0030244142679529836,0.8842737777777778,0.004312012211096082,0.8921052444444445,0.0036311959108824626,0.8859605333333332,0.01904686489584297,0.12511995105203638,0.004052273543393412,0.1296724442123424,0.0029097775184669943,0.6573857045019151,0.017446891159862952,0.7575338372574016,0.007584822859213221,0.47926679803427874,0.12728626941325927,5
fashion_dino,t-SNE,perplexity,50.0,learning_rate,50.0,0.4348399111111111,0.0036048120705797484,0.5414902666666667,0.005566704859926738,0.8948785333333333,0.00922941973966208,0.8891223111111112,0.0048956820420437185,0.8715528888888888,0.014289960191393326,0.12139613451915346,0.008463236655686785,0.14875158773944924,0.00531672264477836,0.6662506393984081,0.03621761126246308,0.7348166758656054,0.02607646426089262,0.49464439485850764,0.0731865356337571,5
fashion_dino,t-SNE,perplexity,50.0,learning_rate,200.0,0.4382624,0.001865801931980638,0.5377065333333333,0.0031582679758702615,0.8947390666666667,0.005833972346798485,0.8883271555555556,0.003684118389272149,0.8741892444444443,0.022405472473934738,0.1234886857533694,0.006022402263504646,0.14642311071707353,0.005148592105547532,0.6922758360542871,0.02121723347824873,0.7332065142069071,0.025281643298421586,0.5127131409280459,0.08393310035795357,5
fashion_dino,t-SNE,perplexity,50.0,learning_rate,500.0,0.44146373333333333,0.002565129575337612,0.5338604,0.006080578015084693,0.8928037333333334,0.013124547368938373,0.8729057777777778,0.034737839912374786,0.9018213333333334,0.01115292117190229,0.11557688013514052,0.0069441356176921125,0.13870647414807694,0.008286642434065801,0.6667024847636572,0.026565749875563784,0.692474055742703,0.06382181193532446,0.6481804950333997,0.03663923059923417,5
fashion_dino,t-SNE,perplexity,75.0,learning_rate,50.0,0.44204248888888886,0.0033625560618576636,0.5456452444444444,0.01073613779280858,0.9039048888888889,0.009418815955309873,0.8918646222222222,0.015199694807202496,0.8179877333333334,0.07710603237107885,0.11960564977049278,0.005763737107701925,0.15294044762318104,0.013190284580261929,0.6712267976485922,0.04202244548097073,0.7180024501832218,0.06563473384380787,0.5076744909632662,0.12573460311667253,5
fashion_dino,t-SNE,perplexity,75.0,learning_rate,200.0,0.4476472888888889,0.005839214614870563,0.5430847111111111,0.012065589573782254,0.89503,0.004713522930861046,0.8859144000000001,0.01012666061785111,0.8473211555555556,0.0469290708550523,0.12288787706278574,0.00938729550273595,0.14821632568141202,0.008177032939953744,0.6592956073557907,0.030563551827894987,0.6936751076892503,0.016501042761052884,0.42037594802740125,0.0934522316900181,5
fashion_dino,t-SNE,perplexity,75.0,learning_rate,500.0,0.4491055111111111,0.00431035918528522,0.5345061333333334,0.008097303505747902,0.869504711111111,0.02717051347742918,0.8585626666666666,0.033628546145378524,0.7766446222222221,0.08346870183271993,0.11134016679023981,0.005747515627512894,0.14102209963821258,0.005154363313045562,0.6030120389049152,0.06642786175245077,0.6804104623735269,0.06735732586349275,0.5281398313599287,0.09195546365201761,5
fashion_dino,t-SNE,perplexity,100.0,learning_rate,50.0,0.4453408888888889,0.019654073944535864,0.5498393777777778,0.008545712263114779,0.8708411111111112,0.06477486786984256,0.8624207111111112,0.06277820231329408,0.8145402666666668,0.05626479004471009,0.12175413467205687,0.013201885334523161,0.15733302558332055,0.009234964550435782,0.5561925737629704,0.14425441303063652,0.6848224212220004,0.08502030695587925,0.45341225415523523,0.13457461949156796,5
fashion_dino,t-SNE,perplexity,100.0,learning_rate,200.0,0.44932408888888886,0.002908715390802498,0.53393,0.00429427295043527,0.8928353777777778,0.006624465411275486,0.8712936444444445,0.018676787615766348,0.8897338666666667,0.04627133154132703,0.11787375891633847,0.003624945921041266,0.14700397688160763,0.003384048362243828,0.6654068159880048,0.014304812532680147,0.6990789597859688,0.04057977576607756,0.6366978733599205,0.11082646006847433,5
fashion_dino,t-SNE,perplexity,100.0,learning_rate,500.0,0.45445288888888885,0.006814897138794239,0.5457943555555556,0.015574906735428119,0.9018792,0.0186106588585847,0.9021560000000001,0.01585201114630939,0.7899033777777779,0.07355623018596297,0.1110985724089116,0.010266561372861194,0.15309883393078752,0.00922759369110013,0.6826172828465132,0.036906471975072026,0.7604512803768804,0.039149138238310725,0.49005798492113134,0.10392756956018476,5
