dataset,method,param1_name,param1_value,param2_name,param2_value,AUROC_kNN_mean,AUROC_kNN_std,AUROC_LOF_mean,AUROC_LOF_std,AUROC_IF_mean,AUROC_IF_std,AUROC_centroid_mean,AUROC_centroid_std,AUROC_linear_mean,AUROC_linear_std,AUPRC_kNN_mean,AUPRC_kNN_std,AUPRC_LOF_mean,AUPRC_LOF_std,AUPRC_IF_mean,AUPRC_IF_std,AUPRC_centroid_mean,AUPRC_centroid_std,AUPRC_linear_mean,AUPRC_linear_std,n_seeds
pbmc,DR-SNE,lambda,0.0,k_density,40.0,0.8795505617977529,0.036308551511414745,0.8329862671660425,0.06556050383471451,0.8783021223470662,0.034432261068286285,0.8804794007490637,0.030447536051403958,0.7028664169787765,0.11261816111872071,0.47608898463650107,0.1934047298210186,0.2835074603147734,0.10409269661062936,0.45971959359303166,0.1362827304089558,0.4961692787248534,0.19347422020941482,0.38245730902624603,0.08651102907652199,5
pbmc,DR-SNE,lambda,0.0,k_density,80.0,0.9049213483146067,0.017738875783052898,0.8854843945068664,0.04058814936368635,0.9044119850187267,0.013955812616636499,0.906354556803995,0.01638102184405565,0.6544119850187265,0.10180021651027944,0.3989756943326875,0.21252133795154202,0.24131124230381656,0.17089408254635347,0.4129450062412262,0.10868452760136733,0.44527077302083307,0.20125002017777235,0.30597354263141724,0.07272087118860407,5
pbmc,DR-SNE,lambda,0.0,k_density,300.0,0.8981148564294632,0.014677838962534818,0.7532933832709114,0.06449169610590565,0.9004394506866417,0.012503529031872442,0.902079900124844,0.015135495725456562,0.6264319600499376,0.16065208387237717,0.17576013568882942,0.049993086789652384,0.05335461226005446,0.023774875448274297,0.2044188347138915,0.033328483742503,0.19675946035317285,0.044982637967877305,0.17027166197336943,0.06413395766577971,5
pbmc,DR-SNE,lambda,5e-05,k_density,40.0,0.8952833957553059,0.017180199360412304,0.8566866416978776,0.027849006853377736,0.894214731585518,0.015795459495846948,0.8942596754057428,0.0164967950042149,0.7544719101123596,0.10085415291232727,0.46106019981615914,0.022423579847151993,0.24562357527919096,0.02554786611918596,0.37683831223885045,0.07953217358896014,0.48055827219785563,0.02119694587679708,0.3347625026790584,0.1719540198632194,5
pbmc,DR-SNE,lambda,5e-05,k_density,80.0,0.9094057428214732,0.020773984817601218,0.8672958801498127,0.04564117367622944,0.9086192259675405,0.01906381675763263,0.9090961298377028,0.01808689251635704,0.6274706616729089,0.1899284550672601,0.41719822776505805,0.1759187039790627,0.2552798731406297,0.13955288120146053,0.4036162082423598,0.12330387964028416,0.4616702367157523,0.16414880727106093,0.291859564643265,0.08236586701265991,5
pbmc,DR-SNE,lambda,5e-05,k_density,300.0,0.897665418227216,0.01499365385239031,0.7950374531835206,0.06834224414894724,0.8988189762796506,0.013607493491038944,0.9011360799001249,0.013617421624699968,0.6885692883895131,0.09641500886346935,0.18598027054719968,0.052542329843730896,0.056016556928119375,0.020548103568373017,0.21419383072152703,0.06756024204360317,0.20978446783494792,0.05514736333562278,0.140801823830895,0.11283055090908782,5
pbmc,DR-SNE,lambda,0.0001,k_density,40.0,0.9017528089887641,0.027794079296981335,0.877350811485643,0.05243049179466977,0.9001722846441949,0.025734857655747206,0.9012584269662922,0.024621304607444546,0.6747715355805244,0.11643821015141725,0.46321226050519126,0.057323411403705934,0.2637121243753887,0.11326873541374868,0.41287726713055434,0.05484521287075221,0.5063306936442322,0.08655644400572514,0.3526637064198265,0.14711521925391036,5
pbmc,DR-SNE,lambda,0.0001,k_density,80.0,0.9165243445692883,0.013439259621280227,0.8683770287141073,0.05145227558140833,0.9176978776529339,0.010584814202946272,0.9180624219725344,0.010941766643954076,0.645892634207241,0.12804258209289904,0.41068930720530694,0.11228019705638276,0.1987982960459577,0.08203158957174819,0.44626638874966174,0.06661827377626445,0.46212164225003527,0.09578371291804548,0.29292450166515993,0.12608886931929975,5
pbmc,DR-SNE,lambda,0.0001,k_density,300.0,0.8990112359550562,0.024257563079125886,0.8482646691635456,0.04857150311244943,0.8984094881398252,0.02239553813801023,0.8993558052434457,0.024326499584114626,0.718354556803995,0.0776272800855133,0.19918807144358577,0.03284057282221229,0.07220664197509977,0.03048844139263545,0.2412845627117231,0.020010979597315483,0.214492129248088,0.021034519700242043,0.14627600988002787,0.0821462277403531,5
pbmc,DR-SNE,lambda,0.0002,k_density,40.0,0.8998651685393257,0.019548926241770306,0.88296379525593,0.01133810068722677,0.899338327091136,0.01971940246193288,0.8998576779026217,0.020527033777730862,0.7022147315855182,0.13769934777829787,0.474516626916058,0.06924387143206004,0.31420925247345177,0.10260673626555418,0.4756394798554634,0.04632676401472881,0.5018376264491934,0.07973994243689358,0.380500126963803,0.16703324297957542,5
pbmc,DR-SNE,lambda,0.0002,k_density,80.0,0.9085293383270912,0.019852007627019615,0.8739500624219726,0.034864851164161256,0.9090661672908864,0.01876763998875839,0.9092983770287141,0.01831333315288848,0.6918926342072409,0.08397957542693693,0.3914946245767945,0.12166052778077678,0.19643226301515154,0.09438483929555183,0.4253551727100767,0.11488280208118495,0.4321922897476499,0.12711010081026097,0.2803943628800315,0.17476711365659828,5
pbmc,DR-SNE,lambda,0.0002,k_density,300.0,0.9004918851435706,0.011445012404249886,0.7958152309612985,0.04660179022362418,0.9030037453183521,0.00928311319000554,0.9053857677902621,0.014185724180293912,0.6773483146067415,0.145470007012682,0.18787487499592287,0.03665803506993925,0.05635256320162062,0.01792527214055084,0.24712209538297564,0.031049040450943453,0.22104641057873914,0.04949291351329701,0.16452617822306084,0.05663671338704115,5
pbmc,DR-SNE,lambda,0.0005,k_density,40.0,0.9001198501872659,0.016909589518482575,0.8812584269662922,0.01034452966248992,0.8984794007490636,0.016052939631003654,0.8986167290886392,0.017170373758411035,0.7167340823970038,0.10543262438864216,0.5489113893555302,0.08082500392595392,0.3203322574562929,0.07052815024961034,0.4567193786277707,0.04861199214797034,0.5695153757703382,0.06940887254696705,0.34856667910176126,0.17514899470610176,5
pbmc,DR-SNE,lambda,0.0005,k_density,80.0,0.9054282147315854,0.013793113080023983,0.8708439450686642,0.009716671695158798,0.9067590511860175,0.012626376161054737,0.9055280898876404,0.014017018708388063,0.6630262172284643,0.1372629070652644,0.3696965266307313,0.10884130877001243,0.18309192196129237,0.0640090145910072,0.43459717583052415,0.15155164333987214,0.4126993138930379,0.12276224107104962,0.2886967743797732,0.09385340329971543,5
pbmc,DR-SNE,lambda,0.0005,k_density,300.0,0.901143570536829,0.01761362824279732,0.7893907615480649,0.065826686417533,0.9026641697877654,0.017676995804696866,0.9044094881398251,0.018994667564591533,0.6706392009987516,0.12650145859422576,0.18757480948552235,0.0470266984656102,0.049132640931807296,0.010881894913522892,0.2214488852248296,0.0391936085163872,0.21419009138897915,0.044352881330157495,0.16224364511070027,0.0928326305200221,5
pbmc,DR-SNE,lambda,0.001,k_density,40.0,0.9024444444444445,0.024569840919256368,0.8711735330836454,0.043671285491307145,0.9023720349563046,0.02489780640679774,0.902976279650437,0.02122429792028033,0.6971011235955056,0.1378602454079992,0.5046572987890073,0.20456239801054374,0.3436811493373577,0.18781174551231938,0.4526475681359682,0.15613739540890584,0.5246931923936132,0.18640155905235226,0.3848272132869062,0.1422549263088068,5
pbmc,DR-SNE,lambda,0.001,k_density,80.0,0.9103795255930087,0.014544795392816702,0.8847166042446941,0.012122602279990497,0.9082721598002497,0.015687978261049687,0.9111410736579275,0.012412378430395533,0.6982646691635456,0.08615233752774386,0.42263505170119026,0.1374866756872171,0.1568283511323323,0.049207591425291075,0.44750767091004084,0.11848793473093969,0.4670929664957769,0.13806389463187554,0.33752888741991816,0.04475838436128202,5
pbmc,DR-SNE,lambda,0.001,k_density,300.0,0.8896878901373283,0.022822895365416162,0.7918776529338327,0.1008470624406809,0.8914107365792759,0.023757860149782768,0.8939650436953809,0.026453260380616093,0.6616454431960049,0.11708849328252528,0.19752402692597296,0.018154584559855302,0.063802670928907,0.014401177256588099,0.22305666815105868,0.017714432886572602,0.22032649719587907,0.023451467590165663,0.19241879586595573,0.09419639447408161,5
pbmc,DR-SNE,lambda,0.002,k_density,40.0,0.9100624219725344,0.003304935447578141,0.8798876404494382,0.030893676658036058,0.909505617977528,0.005617516973770241,0.9104169787765294,0.006949147504784393,0.7055980024968789,0.13647851215237608,0.5795166631294675,0.1433262918809934,0.3223992003421562,0.14199296821294774,0.508225564817738,0.1165335260101573,0.6245982246846593,0.10828266699170079,0.4016462830808939,0.15601276877632683,5
pbmc,DR-SNE,lambda,0.002,k_density,80.0,0.9122871410736579,0.015164827975447803,0.8907066167290886,0.0191054428708478,0.9100024968789014,0.01823816945520156,0.9101148564294632,0.019092340477379927,0.7155131086142322,0.10379304838816554,0.4024200407749222,0.17234514670745607,0.19127487332355717,0.05769336657319271,0.3923293703860595,0.12769231148330884,0.44129970010190933,0.1656662731823827,0.3493897845410211,0.0870485511330152,5
pbmc,DR-SNE,lambda,0.002,k_density,300.0,0.8980998751560548,0.023691867057598674,0.7989612983770288,0.06665155474520926,0.8999350811485642,0.02133670388280982,0.9015655430711611,0.024307450494542946,0.698067415730337,0.06493596384467815,0.17521407086686275,0.02270099472843434,0.05558641763761529,0.009637269529579691,0.20162987271487828,0.01425098730233685,0.21179234122600255,0.025572165414792167,0.11614416949309417,0.07426918975610126,5
pbmc,DR-SNE,lambda,0.005,k_density,40.0,0.9007215980024968,0.011353214600780754,0.8773857677902622,0.013412489416896687,0.8990012484394507,0.013793761676153479,0.9004319600499375,0.013142473363204748,0.6983495630461922,0.10450781023652092,0.5483780546760825,0.06888397197131813,0.3544452520897956,0.08700734285333256,0.5184376207774746,0.06599280546772579,0.576786022255021,0.05607237682466541,0.463033292565587,0.06621336278360294,5
pbmc,DR-SNE,lambda,0.005,k_density,80.0,0.9027315855181024,0.007859039880821032,0.8916404494382023,0.02027121356900769,0.9001772784019975,0.009931511991224797,0.9025468164794008,0.010957319853907344,0.699712858926342,0.1102834252996907,0.48959700118265487,0.0767578844997882,0.26898509960841416,0.08730026005709643,0.46722810110183755,0.13541590782208593,0.5077775649017713,0.10638756541862965,0.3492345051308382,0.14692315029354527,5
pbmc,DR-SNE,lambda,0.005,k_density,300.0,0.891792759051186,0.009162255366416768,0.8339200998751561,0.06260121021015733,0.8938426966292136,0.007437642335178721,0.895852684144819,0.009666624020022854,0.6794332084893883,0.08644253382884588,0.22269586254466875,0.036060942026689066,0.07280333234977789,0.018098616161107837,0.2763121740223228,0.051842462351330644,0.26266317334921263,0.015861495200658365,0.15302548271488767,0.08385153179735226,5
pbmc,DR-SNE,lambda,0.01,k_density,40.0,0.8933433208489389,0.022976708839886582,0.8724169787765295,0.03232386293880418,0.8900973782771535,0.0200017638689711,0.8905068664169787,0.018781767653900928,0.6757053682896379,0.11654408620660198,0.43420244642459516,0.08479196072870869,0.2804184588417614,0.06820645312912813,0.4070623042491309,0.06867308249402963,0.4484881278551539,0.06569601268819027,0.37815491205822366,0.1997695874045205,5
pbmc,DR-SNE,lambda,0.01,k_density,80.0,0.8915006242197254,0.013416706421825658,0.84045443196005,0.04668123336098054,0.8947365792759051,0.014574766265144236,0.8938052434456928,0.014036353039193775,0.6960099875156056,0.09549545024331905,0.3736121765973716,0.08225854397340175,0.17251011434366786,0.07177039843333446,0.4414938876437306,0.0777153799087026,0.419519269944945,0.05701891296379799,0.2789000238000937,0.15823113575907502,5
pbmc,DR-SNE,lambda,0.01,k_density,300.0,0.9006067415730337,0.011594778817410216,0.8346591760299626,0.05303735813182876,0.9043245942571785,0.010963731710718011,0.9042771535580524,0.009349484612058824,0.7064094881398252,0.07060898202229769,0.24777949765315926,0.0649525953177941,0.08024890424819968,0.02904425285442455,0.3138645365173822,0.1203695774897128,0.2812075683371537,0.055797368556154116,0.14642805598880576,0.10863509282989343,5
pbmc,DR-SNE,lambda,0.1,k_density,40.0,0.8862122347066167,0.024005498439404655,0.8446042446941323,0.05577070474854287,0.883016229712859,0.020589493016633674,0.8817303370786517,0.019157608664478944,0.6910362047440699,0.15143433753356325,0.4641543533695895,0.13202392694747841,0.4031532986833108,0.1496768256904746,0.4581818492753727,0.1018569740632567,0.4651250212840887,0.12290866466020808,0.4398082777370952,0.14907661541050296,5
pbmc,DR-SNE,lambda,0.1,k_density,80.0,0.8875655430711611,0.017637966521174796,0.8581373283395756,0.03820666380024659,0.8906042446941325,0.01318741134941911,0.890696629213483,0.013450390809048158,0.6700574282147316,0.14229628563273847,0.5045647569777116,0.02826987469407054,0.4103897365465916,0.0428870762021566,0.4953484878386713,0.07532012607813368,0.5254543820087285,0.02343480176636601,0.4280065998637772,0.10230359928769979,5
pbmc,DR-SNE,lambda,0.1,k_density,300.0,0.8938551810237204,0.010553151795972864,0.8519176029962547,0.034111908448080625,0.8935280898876405,0.012321346647389573,0.8939375780274658,0.010136531121214416,0.5999425717852684,0.09060945515426085,0.5142844144178695,0.04072841919988914,0.41952893094638927,0.08045895712955645,0.4956713056294582,0.061213189427245907,0.5469082987512639,0.040381927257260114,0.27400311305911434,0.14239543686808614,5
pbmc,DR-SNE,lambda,1.0,k_density,40.0,0.8925518102372034,0.01622949822195533,0.8661897627965045,0.03782260423725939,0.8965243445692884,0.010213145050066522,0.8971535580524345,0.008174156707513824,0.7098976279650436,0.12534173803159768,0.5729098818883571,0.03504426290829562,0.5286177780532428,0.11197208961678598,0.5425243979642748,0.05241508600476125,0.5711647622515801,0.027885220220511438,0.4472065542649283,0.07734430108728026,5
pbmc,DR-SNE,lambda,1.0,k_density,80.0,0.889585518102372,0.03001895101926503,0.8705717852684145,0.024529855094756983,0.8964744069912609,0.02209973325862867,0.9014906367041199,0.020672618559562466,0.714139825218477,0.15132169850933458,0.5780221685585387,0.029536066590159553,0.5165331218955724,0.057138262925593236,0.5783586625354238,0.04294053715209652,0.574474815075432,0.03060325738343128,0.5452392979584684,0.09059770784640685,5
pbmc,DR-SNE,lambda,1.0,k_density,300.0,0.9030162297128589,0.02072656077864452,0.872039950062422,0.034103973314283935,0.9025468164794008,0.01777040528371447,0.9047990012484395,0.020699643006124948,0.6747141073657927,0.1867033196117238,0.5603069700393319,0.02440162582877415,0.5302908943424629,0.03877790848558522,0.563093642585316,0.067298273641034,0.5987877799307003,0.01816932024158271,0.5210429378209458,0.1479645417497312,5
pbmc,DenSNE,perplexity,5.0,dens_lambda,0.0,0.8562272159800249,0.022714925074110916,0.8457902621722846,0.02077382125900995,0.8329238451935081,0.02137957644179595,0.8258177278401998,0.021403787139765748,0.574796504369538,0.05944957399436271,0.5012501559559848,0.05504073864942574,0.4159652755862397,0.05577829416409009,0.46116979065515595,0.06455517949358042,0.4228524062171138,0.053214176872056033,0.17819165722329502,0.1326073573117177,5
pbmc,DenSNE,perplexity,5.0,dens_lambda,0.01,0.8614456928838952,0.022438669061304026,0.8540649188514358,0.019930741708064068,0.8376229712858928,0.020683917102608064,0.8287665418227217,0.021116864149139658,0.5717852684144819,0.0604271461474163,0.5123328612447244,0.04139890757590789,0.4252557746054295,0.03346534413953869,0.49595274145028617,0.042690044057911845,0.45696959055945285,0.039179875446006776,0.17301993289032977,0.12163794543051136,5
pbmc,DenSNE,perplexity,5.0,dens_lambda,0.05,0.8692709113607989,0.01935673382048472,0.8617503121098627,0.020906572205925015,0.8502347066167293,0.011956512603753355,0.8396828963795256,0.01680564034291747,0.575210986267166,0.05474393368022148,0.6077386061059651,0.06629082585752989,0.386398484995346,0.13498028821028416,0.5614461375578066,0.051565968295320244,0.5111516373856503,0.1623650450907653,0.19326181230688547,0.11342267205700646,5
pbmc,DenSNE,perplexity,5.0,dens_lambda,0.1,0.8691186017478152,0.01781899819052343,0.8639475655430712,0.02107328886554018,0.8466554307116105,0.013306231720281428,0.8374481897627966,0.013406268090511802,0.6000948813982522,0.0368175362621782,0.6239422217289703,0.06396879322028477,0.4256098596347993,0.10252688184917186,0.6055108507041134,0.04063678326673727,0.5425404232605548,0.08939891426070509,0.19003812117711325,0.10411089073018152,5
pbmc,DenSNE,perplexity,5.0,dens_lambda,0.2,0.8738826466916356,0.018953177671686482,0.8656279650436953,0.014462650798842418,0.8510212234706618,0.01880142642068844,0.8391885143570537,0.022751674404733493,0.5905243445692884,0.04211072043298866,0.5782277056558575,0.0328862034687439,0.4006976146342593,0.04360220195983988,0.5588775595718108,0.07956859910692514,0.5061897363246246,0.08699837426263937,0.1894858297440545,0.09318776752858891,5
pbmc,DenSNE,perplexity,5.0,dens_lambda,0.5,0.873645443196005,0.018859947562025758,0.8772709113607989,0.020599700369629048,0.8471585518102372,0.019424403175780976,0.8375131086142323,0.025199448637605603,0.5975630461922596,0.03853836371942917,0.51356632564058,0.036919415627420564,0.40792322209636733,0.05103847873883094,0.487409476959594,0.0727017502329257,0.42739547189612354,0.05058160512675661,0.22086652229162462,0.09197582708838498,5
pbmc,DenSNE,perplexity,5.0,dens_lambda,1.0,0.8790711610486891,0.018561243806215436,0.8662247191011236,0.024761112926381248,0.8592159800249689,0.017100151374584444,0.85270911360799,0.020159401932646048,0.5449862671660425,0.03327410913279484,0.43579177806784364,0.04135572486225055,0.40006295341364695,0.03629404574805996,0.4139922618894172,0.07360788889399694,0.3612382504088434,0.040160213703126564,0.21338531019380785,0.06882781092311085,5
pbmc,DenSNE,perplexity,10.0,dens_lambda,0.0,0.8768739076154807,0.020667981279712252,0.8801298377028715,0.03576541814855694,0.8497415730337078,0.01204670940190522,0.8399425717852684,0.016973218687173938,0.6322397003745318,0.08931249212106807,0.5163289416456679,0.06899764732120717,0.26433813828743025,0.08706923541959648,0.4638155063196151,0.07609235796510883,0.35961171123456903,0.1275047858955671,0.21130999469452272,0.1255797051972617,5
pbmc,DenSNE,perplexity,10.0,dens_lambda,0.01,0.8787016229712858,0.01923860788811175,0.8796828963795257,0.043738596072237436,0.849812734082397,0.014588390256170048,0.8413058676654183,0.015825218673880793,0.6338252184769038,0.09141916238996861,0.5193859922237085,0.0686480121258451,0.2772067123525771,0.09206980582226502,0.46232226194929604,0.08481847343458968,0.3428514388599902,0.13305749046715898,0.20918288819302638,0.12410370163734011,5
pbmc,DenSNE,perplexity,10.0,dens_lambda,0.05,0.8815031210986268,0.01407808989303769,0.8891685393258427,0.017516603415414573,0.8555605493133583,0.006491144440602104,0.8429113607990013,0.0178977596359077,0.6216554307116104,0.07785697358532548,0.5995900808020209,0.040660733291731754,0.3826334641397109,0.10479641467610906,0.5450679551731955,0.040876380255447105,0.41131492667509156,0.11598382706576606,0.24348075343701706,0.11996422043654137,5
pbmc,DenSNE,perplexity,10.0,dens_lambda,0.1,0.8873558052434458,0.021555641021355675,0.9041523096129838,0.023536043287399642,0.8607128589263422,0.01663334303679338,0.8484344569288389,0.019067932779814976,0.6066466916354557,0.06807618673351058,0.6025396794793119,0.03383134715158119,0.4642603678630814,0.05367070443222896,0.5625278794138635,0.04036176566992785,0.46639832960507166,0.11772533647690486,0.2758933728385638,0.07560912592799611,5
pbmc,DenSNE,perplexity,10.0,dens_lambda,0.2,0.8885318352059925,0.01997946384962706,0.9097702871410738,0.015634289536249787,0.8584594257178526,0.01722766286651561,0.8493682896379526,0.018959824326038044,0.6095280898876405,0.07178194444890747,0.5572501637310163,0.03359518058699659,0.480008089195191,0.06543524786192519,0.5091392356393561,0.05247415260912968,0.4713906596134014,0.09330290995759427,0.27728761661798335,0.08363004263509541,5
pbmc,DenSNE,perplexity,10.0,dens_lambda,0.5,0.8956079900124845,0.008642246690224386,0.9057852684144819,0.01522739105942181,0.8717203495630462,0.005349263674563384,0.8585543071161048,0.012007805143792284,0.6037228464419476,0.07467788781376064,0.5046914183245286,0.033768784074331405,0.4763913183312559,0.043539936389313284,0.4471688862109039,0.06436259191494031,0.4460846463724,0.057764840324511436,0.2349188371688924,0.057038494797450004,5
pbmc,DenSNE,perplexity,10.0,dens_lambda,1.0,0.8972359550561798,0.01702249274031418,0.9033682896379526,0.025181534974944495,0.8780299625468165,0.016113771020464872,0.8686142322097379,0.021235909184604263,0.5920948813982522,0.11228590123326897,0.45893342176487806,0.02308307796428305,0.426055110184136,0.05980223247593208,0.4272176413919423,0.02243816328424186,0.42694374151802983,0.020465955870346105,0.21048078365761408,0.06535906137536936,5
pbmc,DenSNE,perplexity,15.0,dens_lambda,0.0,0.8928089887640448,0.025065805590284592,0.8755630461922598,0.03707350056906479,0.8662122347066168,0.021888504057409778,0.8442197253433209,0.017255743389495808,0.6550112359550562,0.10681658759586173,0.5083199185407262,0.07298383741818809,0.25048881959769054,0.10832166624645807,0.46514245481021116,0.04301194249478495,0.21376172772096647,0.14479084077171048,0.2403794011360772,0.13640879940258527,5
pbmc,DenSNE,perplexity,15.0,dens_lambda,0.01,0.8930112359550562,0.022994462606441876,0.8658152309612983,0.026440307980086904,0.8654831460674156,0.02440415161439476,0.8428838951310862,0.022616415322672802,0.6506142322097379,0.10360077441602594,0.538738799877344,0.05317398984728524,0.225415294900238,0.08199981545767943,0.4288351097265256,0.07987099309038478,0.24744781094509358,0.16708225855493394,0.2362981589429441,0.13906839390438083,5
pbmc,DenSNE,perplexity,15.0,dens_lambda,0.05,0.8951210986267165,0.024406249529744288,0.8951136079900126,0.015781806982446148,0.8690112359550562,0.019565239801264192,0.8529138576779026,0.021518166981359516,0.6392184769038701,0.10004049033679888,0.6008791887699778,0.05787952739226403,0.3886159764396905,0.09182152929222762,0.5624190933900319,0.07507378765245694,0.38634085734517365,0.12026346263113176,0.27697397639587307,0.12595500197823647,5
pbmc,DenSNE,perplexity,15.0,dens_lambda,0.1,0.8951086142322098,0.024050646360267512,0.8999750312109864,0.008299244805589556,0.8704244694132335,0.019381975228169687,0.8543595505617978,0.023103608128979523,0.6392109862671661,0.08401221895182434,0.5884596847780822,0.04951257480289188,0.46194392654908595,0.05463517667341716,0.5533831553345726,0.04840023516281879,0.46797233562941287,0.1033871178650848,0.31759554652873706,0.10080378532154002,5
pbmc,DenSNE,perplexity,15.0,dens_lambda,0.2,0.899792759051186,0.01911502395004392,0.8938951310861423,0.013337660671437844,0.876876404494382,0.02485638933248829,0.8653807740324593,0.03037079347058954,0.6438252184769039,0.09338001064161272,0.5641003275382712,0.041558709069100745,0.4892748410993743,0.07252744060176636,0.5121570239008574,0.0733165402314182,0.5041428591445859,0.08254785873086623,0.32429653373627676,0.07776279547902054,5
pbmc,DenSNE,perplexity,15.0,dens_lambda,0.5,0.9066841448189763,0.012198849337886139,0.8897003745318353,0.027159369131516824,0.8924744069912609,0.02051317923820335,0.8795480649188514,0.02597238742820014,0.6130636704119851,0.05972644691651347,0.5300813450590417,0.03583172099281185,0.47051231443663033,0.05436735482131993,0.4743135299317318,0.031110870859378678,0.493367968724427,0.04548755505708616,0.29073990765429913,0.09381511703844839,5
pbmc,DenSNE,perplexity,15.0,dens_lambda,1.0,0.9111910112359551,0.011931719944171932,0.9101373283395755,0.01881637445268674,0.8942097378277154,0.016685474759419186,0.8873133583021223,0.020580599886945147,0.5828514357053682,0.04333557730108484,0.49699846188350555,0.036255014340813685,0.4461247971860747,0.047226536894195294,0.45682110507647655,0.042783849194834175,0.4777147533722966,0.040742878333228365,0.25353929750190035,0.07282111099920444,5
pbmc,DenSNE,perplexity,30.0,dens_lambda,0.0,0.9160724094881398,0.02463209412921851,0.9010986267166043,0.03063504559386191,0.8836754057428216,0.03770362852792075,0.8518002496878901,0.02986712515696099,0.6323395755305867,0.12629023722873137,0.506739879095915,0.11396367439892925,0.19327451175308588,0.030204464018189717,0.43094445504219314,0.17691715307564038,0.08536049622927525,0.024879692240035126,0.26083447888416594,0.129808002210244,5
pbmc,DenSNE,perplexity,30.0,dens_lambda,0.01,0.9197503121098627,0.024790406807757206,0.9067640449438201,0.02643097487769994,0.8886591760299625,0.03819445242093876,0.8619850187265918,0.03276166547757956,0.6253258426966293,0.11845859703146111,0.604708050939446,0.0941537422137122,0.24836486419115028,0.04309919968773967,0.4886384849712548,0.18714280836386707,0.09640797641814935,0.017855311403867015,0.24071181699505234,0.15170479146919189,5
pbmc,DenSNE,perplexity,30.0,dens_lambda,0.05,0.9187340823970038,0.02366552340517397,0.9062122347066168,0.022061469868554534,0.8931810237203497,0.029089355035584043,0.8722421972534333,0.03145479132720185,0.6378476903870162,0.0883990948028889,0.6348496407299047,0.03468062060915401,0.40914779693983216,0.04302311697188986,0.5758421366942372,0.032085759601409684,0.29389094751926104,0.06217491001083008,0.3175497449384078,0.14696659804214618,5
pbmc,DenSNE,perplexity,30.0,dens_lambda,0.1,0.9202846441947565,0.02036811727376239,0.9184744069912609,0.012812411780737843,0.8943595505617978,0.026937093187473084,0.8790062421972534,0.028950967121310445,0.626816479400749,0.10951295063785402,0.5974941924070096,0.030513077240153008,0.45619491625982783,0.03854893286772866,0.5390170238484137,0.03683904015713549,0.4640539446019263,0.04951883765355569,0.312377574635707,0.13499408691907308,5
pbmc,DenSNE,perplexity,30.0,dens_lambda,0.2,0.9246342072409488,0.014421549212907349,0.9125568039950063,0.010357091605529568,0.9011735330836455,0.01615700606544051,0.8905692883895131,0.017613163672785113,0.6181098626716605,0.11627921836136368,0.5800491340874412,0.016284570985437563,0.48458874343288266,0.021972729885543833,0.5218986183244649,0.02323251316407562,0.5061797929994121,0.022073103622144673,0.34421040760000593,0.1259678475762499,5
pbmc,DenSNE,perplexity,30.0,dens_lambda,0.5,0.9355031210986267,0.009763245102101033,0.9199900124843946,0.009888619291011144,0.9163470661672909,0.015167739378730864,0.9070711610486892,0.020996024782840357,0.5885093632958801,0.10912253368133196,0.55095183192582,0.021294899675792654,0.43316009909997255,0.03688746629301665,0.5136990038603141,0.04543992755857824,0.5168113538703273,0.022967749932492527,0.34702728998265997,0.09649772870243625,5
pbmc,DenSNE,perplexity,30.0,dens_lambda,1.0,0.9412184769038703,0.005743938175094735,0.9148714107365793,0.018082585078912063,0.9245992509363296,0.009049845352515982,0.9152209737827717,0.017227712173050646,0.581083645443196,0.0712829832299061,0.5191711942008828,0.017780338214382893,0.41442874577972316,0.012244806279125315,0.49132881223520836,0.03835707533193315,0.5046156842547107,0.024732072705182608,0.3435902367334953,0.06252434162190575,5
pbmc,DenSNE,perplexity,50.0,dens_lambda,0.0,0.9286117353308365,0.01929868215013721,0.9061098626716604,0.03093149843529451,0.8909712858926342,0.03495963444993032,0.8639900124843946,0.032199577654097374,0.6391435705368289,0.09083112043962288,0.6380875615298172,0.10066987081952027,0.18757316048130152,0.04135967728572271,0.48197265006718465,0.12154767332012895,0.11780979123496442,0.015666470129008583,0.2964145780702695,0.11962767745518406,5
pbmc,DenSNE,perplexity,50.0,dens_lambda,0.01,0.931143570536829,0.01948662540372355,0.9083071161048689,0.024813192781507547,0.8948714107365794,0.030447269607708445,0.8698851435705368,0.029346057631607195,0.6320524344569287,0.09090128957625672,0.6704166269903462,0.0915841948953592,0.25089450455522233,0.05605033871729857,0.5316278816622895,0.086881257402601,0.1372027221159715,0.018142086012071894,0.3081704089710945,0.08990424946673146,5
pbmc,DenSNE,perplexity,50.0,dens_lambda,0.05,0.9346841448189762,0.015752197817414736,0.9070961298377028,0.01229246855561563,0.9070636704119851,0.022715681549887335,0.8836204744069912,0.027734476482956884,0.6344044943820225,0.0877399859268687,0.6309750821663394,0.025112820790958824,0.36731060050933645,0.09743205741589667,0.5986965669355363,0.03868747039236983,0.42766309325306134,0.08353663538947438,0.34616507023276305,0.0780467544454064,5
pbmc,DenSNE,perplexity,50.0,dens_lambda,0.1,0.9418451935081148,0.011294960202336824,0.9138152309612984,0.015500562581926862,0.9191036204744071,0.017072587281424658,0.9018352059925092,0.02105017188587717,0.6513957553058677,0.10017245599756734,0.5913845795014079,0.012534472671413964,0.41801248387889134,0.037409502026951376,0.5515243639177098,0.040070041687874855,0.5031240459068697,0.012283688239692768,0.3030153457509875,0.09630392186478023,5
pbmc,DenSNE,perplexity,50.0,dens_lambda,0.2,0.9439101123595506,0.006997162882450265,0.9128739076154806,0.01633578942442184,0.921023720349563,0.012617295110927967,0.9073932584269663,0.01745404615486723,0.6383670411985019,0.09258502527209185,0.5630092560480697,0.007705218924610252,0.41909606155247925,0.04287871702751767,0.4909052866990411,0.03671122544709118,0.49976720993499163,0.010952025095418571,0.2861611340881955,0.11511461853713366,5
pbmc,DenSNE,perplexity,50.0,dens_lambda,0.5,0.9452534332084894,0.0037363855187515804,0.9051660424469414,0.009988320816480043,0.9269138576779026,0.007851579525705022,0.9134706616729089,0.01560767774970924,0.6237977528089887,0.09685421999204885,0.5306939342233361,0.004427484177720012,0.4220543470037946,0.03404902658043556,0.44433226158880873,0.053426197585555425,0.49956886849210996,0.011710987282625384,0.3029229512775909,0.1259890954253774,5
pbmc,DenSNE,perplexity,50.0,dens_lambda,1.0,0.9457553058676655,0.0034713240011460156,0.9010137328339576,0.012652505463524973,0.9282297128589263,0.007474667747282388,0.9172734082397005,0.015662183173431907,0.60341822721598,0.10281690865892251,0.5092713684286541,0.00512949759367669,0.3877625962205462,0.03927853489701902,0.42962424283343276,0.035360915541649295,0.5011550134005864,0.008976196746299946,0.2782336453892123,0.11605059702908518,5
pbmc,DenSNE,perplexity,75.0,dens_lambda,0.0,0.9290886392009987,0.017466845816826997,0.8916704119850187,0.024439053499060902,0.9004219725343321,0.023458488555678253,0.8755680399500625,0.02522570383833598,0.6439999999999999,0.08960690076957738,0.6348908157874569,0.10983115943418567,0.18721969031009453,0.053541308585640525,0.5312068686271418,0.12368710121092699,0.12846988538194107,0.01519295564956784,0.26285285292671956,0.12904484883092682,5
pbmc,DenSNE,perplexity,75.0,dens_lambda,0.01,0.9343046192259676,0.016607289011560986,0.8992134831460674,0.01683577882066535,0.9072184769038703,0.020768035858441912,0.8859900124843945,0.01900603488825822,0.6424769038701623,0.0913628779755945,0.6983739715091553,0.05104250564026543,0.22550878016214643,0.060232652469485476,0.5873933973370691,0.0709678761659351,0.2250258491614018,0.10211679486121869,0.3168371406004044,0.10119940049298089,5
pbmc,DenSNE,perplexity,75.0,dens_lambda,0.05,0.9425393258426966,0.009062623966720003,0.9194881398252186,0.012162216137380083,0.9170461922596754,0.009822111163863603,0.9013058676654182,0.014148461900855221,0.5968339575530587,0.05243940631179914,0.6342122735797637,0.009268349908566549,0.32492335734161426,0.0377741312029299,0.6051252687410555,0.0604068681387367,0.5202633088306762,0.03245852902467021,0.37190661351681326,0.10476970468416288,5
pbmc,DenSNE,perplexity,75.0,dens_lambda,0.1,0.9412084893882646,0.006220056865074292,0.8890486891385768,0.011950990759504364,0.9223495630461922,0.006588327379456014,0.9070936329588015,0.01194956913995683,0.5974481897627966,0.04810456120942024,0.5859541643058981,0.01686173760229835,0.3587831849991057,0.06308932092570056,0.5714426318800626,0.04340662954765756,0.5177354378401254,0.01651961779774886,0.35235803316651887,0.09497769368282065,5
pbmc,DenSNE,perplexity,75.0,dens_lambda,0.2,0.9460224719101124,0.002112236326289123,0.9041098626716604,0.014750166554735412,0.9278676654182272,0.003979413233438654,0.9124269662921348,0.007382567284885904,0.586689138576779,0.03858256767432599,0.5551900726249672,0.012414538824375824,0.3834123063794304,0.044093094919364945,0.5341483227232002,0.007485503805069531,0.5109364605944671,0.007385008294394145,0.3257899845842799,0.10371952179166637,5
pbmc,DenSNE,perplexity,75.0,dens_lambda,0.5,0.9466267166042448,0.0032157604743569697,0.8911585518102372,0.012565400116898603,0.9292684144818976,0.00700411027153493,0.9195755305867666,0.009190876080622558,0.5814906367041198,0.03512571486888368,0.5225542530829255,0.008531213043916856,0.38405617625728816,0.022896163758881583,0.4883658309013203,0.034444403598097674,0.5097491829104374,0.007923118493637218,0.3220538473404126,0.10020125104019156,5
pbmc,DenSNE,perplexity,75.0,dens_lambda,1.0,0.9457228464419476,0.003467399827014218,0.8869113607990012,0.024696922861963032,0.9333383270911361,0.004949039792477503,0.9240049937578029,0.008712405351242151,0.5682821473158551,0.046225401108320796,0.5043410135758345,0.0055682270903865,0.38778464518556277,0.028535147461581745,0.4918206267148424,0.0473870377257492,0.5051065910866083,0.004891018429864936,0.29004506824548226,0.09407628226777151,5
pbmc,DenSNE,perplexity,100.0,dens_lambda,0.0,0.9348813982521846,0.01800627556569004,0.9090861423220975,0.018106959253479018,0.905940074906367,0.022940341408424263,0.8823470661672909,0.024187654932176908,0.6099675405742822,0.06277727446485705,0.6558437838183726,0.10618860245709685,0.2214799391601816,0.047778509105615825,0.5156071768075334,0.13501906497465957,0.1784798198086448,0.08418533008535407,0.19266657320373248,0.1419956889275645,5
pbmc,DenSNE,perplexity,100.0,dens_lambda,0.01,0.9418077403245941,0.014058180473615399,0.907056179775281,0.007860933604135069,0.9148888888888889,0.020916116626170222,0.8957952559300875,0.018325835424908007,0.609705368289638,0.06940789067268958,0.7119217289592596,0.05334130390825942,0.2538308119084192,0.06295631927345254,0.5761910050772396,0.11262795913540796,0.3129224489489423,0.12806019456597664,0.2208029127224847,0.13844467623654635,5
pbmc,DenSNE,perplexity,100.0,dens_lambda,0.05,0.9464769038701624,0.008286320651473963,0.9105667915106117,0.013190265294151,0.926776529338327,0.009064011748850942,0.9105293383270912,0.012148751539862104,0.6150861423220974,0.05719804713980669,0.6183489052001591,0.02019997845587535,0.3377117505586754,0.05563621258095347,0.5971726393962168,0.040021031818568066,0.527641145504583,0.026478996887059042,0.33835770008863186,0.09362380052600959,5
pbmc,DenSNE,perplexity,100.0,dens_lambda,0.1,0.9466416978776528,0.0022578468401754505,0.899625468164794,0.013159490475300658,0.9288564294631708,0.0060265083170632575,0.9148639200998752,0.010231464394156984,0.6175156054931337,0.039651440291773775,0.5854267011443056,0.01393342224554089,0.34296378045668996,0.05253588938189277,0.5717312143032992,0.01851159175948724,0.5299033416262333,0.015997359446432862,0.3325262420550271,0.08376113216583439,5
pbmc,DenSNE,perplexity,100.0,dens_lambda,0.2,0.9465493133583021,0.0007570115180680212,0.9007790262172286,0.014981985001826695,0.9327815230961299,0.004199198052879325,0.9195780274656679,0.01016727433045268,0.5757553058676654,0.058690775786279424,0.5471784597363263,0.013539241289391357,0.34605405008981177,0.053066617455236595,0.5225826567679286,0.01386667710249631,0.521459787678458,0.00651564313256909,0.3510755341405871,0.09074188990314361,5
pbmc,DenSNE,perplexity,100.0,dens_lambda,0.5,0.9462821473158552,0.0018495536712856734,0.8741373283395756,0.029138053381865092,0.9349937578027466,0.0038978810837216092,0.9265468164794008,0.009054748104444378,0.5873233458177278,0.031839914953683796,0.5219110818008466,0.009240352848146508,0.34755158691519294,0.04387488782274576,0.4723477639277326,0.02919745992742876,0.5218479750176684,0.005207417419197912,0.3672124491201716,0.11450980667445446,5
pbmc,DenSNE,perplexity,100.0,dens_lambda,1.0,0.9448014981273409,0.0034046205054907397,0.8660499375780274,0.0073229918789316905,0.9341348314606742,0.0037244675531071976,0.9299126092384519,0.007843990869150063,0.6037103620474408,0.013649250233921412,0.5040878650311924,0.005869986236904015,0.3587520366727655,0.03472712196662849,0.4646687020685335,0.025950222444174,0.5109131992995694,0.005116333419897849,0.3825890551012942,0.09891058820859569,5
pbmc,DensMAP,dens_lambda,0.01,dens_frac,0.1,0.8828539325842698,0.012214465153588148,0.8698202247191011,0.017910476288223284,0.8569338327091136,0.02031723226901382,0.752147315855181,0.07715331311145764,0.7250262172284645,0.09304465435315175,0.6867333800363417,0.055110278430259195,0.280093419982189,0.1023676629671307,0.1655914725558701,0.09240736812317842,0.040769497680469516,0.022259455188482276,0.16519255752441603,0.18216546755717447,5
pbmc,DensMAP,dens_lambda,0.01,dens_frac,0.3,0.8921647940074907,0.012543998167951789,0.8955455680399501,0.01906053147704045,0.8661273408239701,0.014088359585400577,0.76019975031211,0.06731132098426397,0.7206541822721598,0.10601396101422352,0.6951509500230248,0.06937986698754309,0.31070637974768245,0.08896114120552344,0.13902757246340908,0.03331869712158423,0.0403355612390211,0.02053122419169923,0.24704462134709332,0.21242398918774275,5
pbmc,DensMAP,dens_lambda,0.01,dens_frac,0.5,0.8954382022471912,0.009988976953014796,0.8963795255930087,0.01717980381326436,0.8768813982521848,0.027641676422822774,0.7777727840199751,0.07068260741670132,0.7185243445692884,0.08771212021554192,0.7076901711364746,0.054148986724340105,0.3280349064710751,0.09015419989811933,0.23651910549072577,0.12615135567171698,0.0441927088971861,0.018341930444979528,0.15208464156122983,0.16376610081024273,5
pbmc,DensMAP,dens_lambda,0.05,dens_frac,0.1,0.8957278401997503,0.014495439555123748,0.8949013732833958,0.015186162909772772,0.8693757802746568,0.010721907345862685,0.8342821473158551,0.019530056627457753,0.7164444444444446,0.10402964444357458,0.6625635332619444,0.038027938095169654,0.45785104697215384,0.14874255221442573,0.3656586675267455,0.08167508144553721,0.18321983717866,0.0351002355297598,0.4937923807245676,0.12300156007792167,5
pbmc,DensMAP,dens_lambda,0.05,dens_frac,0.3,0.8905443196004995,0.012214883045906514,0.8961123595505619,0.004779694092189072,0.8763620474406991,0.018965719596065207,0.8425393258426966,0.021289583814158602,0.7095930087390762,0.11098258905361617,0.647500960705166,0.026756316913756076,0.5087548636239321,0.10442773929942822,0.444673840666349,0.019142476430701202,0.23608953916335648,0.03390321057730725,0.4792976235224777,0.11516024845891136,5
pbmc,DensMAP,dens_lambda,0.05,dens_frac,0.5,0.897358302122347,0.017577496782223062,0.9122297128589263,0.02916639610340016,0.8825543071161048,0.022359847857099827,0.8494706616729089,0.017039574081252867,0.6804394506866417,0.12676846764336364,0.6804802064568772,0.024940371480984522,0.5874947882543454,0.050508363263608115,0.4714585800881169,0.09234682350782702,0.23084016667787016,0.010071099449443989,0.33712294055223235,0.06213279990112098,5
pbmc,DensMAP,dens_lambda,0.1,dens_frac,0.1,0.9097927590511861,0.02890909828459688,0.9113682896379526,0.03893375332548139,0.8896529338327092,0.023674433843964848,0.8525992509363295,0.025432956802455515,0.7154232209737827,0.11695461686435378,0.6227254147732112,0.038865068043258295,0.4879226832489457,0.10587851133517269,0.5010600548976704,0.13594808283587026,0.4143838368714974,0.03829328500486739,0.49660458225973575,0.10933790048985598,5
pbmc,DensMAP,dens_lambda,0.1,dens_frac,0.3,0.9167890137328341,0.015330618890964423,0.9278838951310862,0.019788995972236968,0.903043695380774,0.010790870341459053,0.8653333333333334,0.015675079311681564,0.7355355805243444,0.09239597754297078,0.6287393497458239,0.025787173696376505,0.5033067105330604,0.0684244551208333,0.5745391559302682,0.032818002864390024,0.46803310955305993,0.023452551679995104,0.5031522019469085,0.08462183912265282,5
pbmc,DensMAP,dens_lambda,0.1,dens_frac,0.5,0.9285642946317104,0.005103086927995195,0.9388714107365793,0.007918111450300958,0.9105642946317104,0.0085972819900533,0.876601747815231,0.01313688290145116,0.6762047440699126,0.1791616608503922,0.6631072619681955,0.012589389933156605,0.5949236768272914,0.011953865418121478,0.5633632304220226,0.07517315735815315,0.4805657781158737,0.03943949487870224,0.39976714951456505,0.1580709631481383,5
pbmc,DensMAP,dens_lambda,0.2,dens_frac,0.1,0.9222696629213484,0.011385060729956646,0.9316379525593008,0.015176909780805652,0.9089662921348314,0.010137472093591537,0.8837153558052435,0.01563567767456424,0.6813483146067416,0.1317411561471431,0.5949700965925989,0.025567267276765247,0.4488138678589113,0.052100322224721475,0.5231618649515596,0.0815493445989725,0.5081531508785343,0.01598053086590076,0.49055817150674585,0.1114705934469211,5
pbmc,DensMAP,dens_lambda,0.2,dens_frac,0.3,0.9234332084893883,0.016769706778157933,0.9359650436953807,0.01460621711234475,0.915932584269663,0.019639746960217596,0.8946242197253433,0.015460824062056538,0.6714207240948814,0.12301991896234432,0.5887017388759133,0.023915130764105234,0.5479269019354677,0.03878413705488691,0.5890378571781006,0.061163223070541894,0.5264435246506569,0.009557799384664958,0.461968137392041,0.11237380538535419,5
pbmc,DensMAP,dens_lambda,0.2,dens_frac,0.5,0.9274956304619227,0.011211165607256279,0.9387091136079901,0.020659576857522104,0.9188514357053684,0.014480436557232221,0.9009038701622971,0.01408084079553603,0.6730212234706617,0.10431353367817092,0.6169807413762315,0.01655357524719026,0.5777779325206858,0.031312510845208315,0.5690218842948876,0.039926969088587234,0.5259222440521054,0.007869792930344144,0.41860182786527167,0.019863157287734825,5
pbmc,DensMAP,dens_lambda,0.5,dens_frac,0.1,0.9275955056179775,0.009085653088080747,0.925880149812734,0.0198996764501948,0.9265767790262173,0.009662015622725263,0.9163895131086142,0.012648242538433373,0.6641023720349563,0.13172505749000007,0.5546081178131199,0.03483710020975077,0.4406750808567891,0.06918041606701102,0.5029243701876153,0.04946008607222374,0.5084544341621142,0.03428215096914706,0.4850102119971865,0.11695226902554531,5
pbmc,DensMAP,dens_lambda,0.5,dens_frac,0.3,0.9300624219725343,0.005029607585820557,0.9379500624219727,0.013264707057300703,0.9188913857677902,0.01040353666174908,0.9086317103620475,0.013935606038010702,0.6446841448189764,0.11954504642590486,0.5796532809608006,0.022106282031719666,0.5221917905970244,0.03256962832781234,0.5338448035492709,0.06688016859540281,0.5467356802878612,0.017161170486891853,0.44497501468727824,0.07133815516776955,5
pbmc,DensMAP,dens_lambda,0.5,dens_frac,0.5,0.9247590511860174,0.012805762005562688,0.9289538077403247,0.0186482326455708,0.9166791510611736,0.012753950132360274,0.9073108614232209,0.012175423264485346,0.5445767790262173,0.14014640066949519,0.5928735866539655,0.005077096237349411,0.5387346405848558,0.022464051406445935,0.5680099089475762,0.027359543700968356,0.559062918549331,0.0015294459679609659,0.38376723084526587,0.046391834714696094,5
pbmc,DensMAP,dens_lambda,1.0,dens_frac,0.1,0.9330961298377028,0.006842313841185583,0.9255530586766542,0.01678176949440002,0.9266966292134832,0.006023158202149827,0.9224244694132334,0.00595920572979048,0.6274257178526841,0.15170889585342184,0.5127718811845727,0.022453218544219933,0.41814395438179136,0.06067728277880558,0.47661992863196645,0.03768798200180881,0.49581695375066437,0.024037513394664763,0.452536474288254,0.11045508377776102,5
pbmc,DensMAP,dens_lambda,1.0,dens_frac,0.3,0.9386367041198502,0.0022659330794654715,0.9297103620474407,0.011455503118638376,0.9290661672908864,0.0030459543305700553,0.9237852684144819,0.00675887524000722,0.606039950062422,0.11747936704420522,0.5645239783946274,0.018728673351151616,0.4893745057824332,0.05543503101660457,0.5007594650550544,0.05320994718368196,0.555214378065455,0.013637972751542438,0.4297023922149667,0.05607050943500076,5
pbmc,DensMAP,dens_lambda,1.0,dens_frac,0.5,0.9364619225967541,0.0034717684760125216,0.9263245942571785,0.01279921593633368,0.9275006242197253,0.002495917417874982,0.9246591760299626,0.002565101067294919,0.5849313358302123,0.11981391428570344,0.5732102664853821,0.005084073470969415,0.5221205328502455,0.02572645081353778,0.5502382653716493,0.043759845671771894,0.5576887545857425,0.0072829681261660645,0.4021879877528975,0.05380894370025007,5
pbmc,DensMAP,dens_lambda,2.0,dens_frac,0.1,0.9365218476903869,0.005149752959967936,0.9340724094881399,0.020656924521602824,0.9318651685393258,0.005435019170727072,0.9315855181023721,0.00646298064457563,0.6242272159800251,0.15174563560744414,0.4927683956658999,0.0224442822187301,0.40273601019842314,0.03964822560522408,0.45677229612603726,0.029863176073510512,0.4887174293056093,0.025229224273399253,0.42169007625537713,0.10591476960377003,5
pbmc,DensMAP,dens_lambda,2.0,dens_frac,0.3,0.9394157303370786,0.003430942391385821,0.923358302122347,0.006143165751060736,0.9304094881398253,0.0027767241194846808,0.9249837702871411,0.0030225438453585435,0.5879275905118602,0.12624049841616783,0.5100961894611405,0.02273143899506595,0.44266715909835275,0.020862174242411193,0.477666789273688,0.05302028144765584,0.5080505335289323,0.022079070003820984,0.36424261584238904,0.0375176689179614,5
pbmc,DensMAP,dens_lambda,2.0,dens_frac,0.5,0.9399800249687891,0.004732874957299435,0.9242197253433208,0.012323125052802315,0.9310836454431961,0.004138754720190459,0.9235930087390761,0.007641323499815098,0.5336579275905119,0.037792988266481545,0.520315743995881,0.014615672396577729,0.4724747061395564,0.006887800473457851,0.5277275149179229,0.020511375421131905,0.5196823019775125,0.017353951006825755,0.34601299381576944,0.04953291437038764,5
pbmc,DensMAP,dens_lambda,3.0,dens_frac,0.1,0.9398951310861422,0.0059628806130780435,0.9305068664169788,0.024614975398651626,0.9372883895131086,0.0057231274973308655,0.9380574282147315,0.005709898572097717,0.6257003745318352,0.14139019833048413,0.48664751308277976,0.012555127222244116,0.40757659321761947,0.024888136204995526,0.44322730298415536,0.017347636124568,0.48725532129830257,0.014144041609026627,0.39465780525990457,0.11099428891374945,5
pbmc,DensMAP,dens_lambda,3.0,dens_frac,0.3,0.9404943820224719,0.002418069625173574,0.9217478152309614,0.00992284383141108,0.9329787765293384,0.005859974506497553,0.9284769038701622,0.009129144658660474,0.5701223470661672,0.12645435813090103,0.4915375976508957,0.006281403474152149,0.4242656606137592,0.01302391242251016,0.4692010395496081,0.028421728451332586,0.49313642838829425,0.008496897535455954,0.3358933696732341,0.04830395498430689,5
pbmc,DensMAP,dens_lambda,3.0,dens_frac,0.5,0.9387116104868914,0.006874087192511101,0.9155805243445693,0.013917056821275047,0.9333133583021225,0.005446756901423493,0.9266466916354557,0.006642264579279362,0.5166866416978776,0.07809734129654657,0.4910159113865425,0.008512418199115853,0.41410090567189756,0.015709874806390762,0.4790220961646644,0.021476485598420882,0.4953854687168346,0.009826895066445367,0.28990325492206837,0.016538971560871463,5
pbmc,DensMAP,dens_lambda,5.0,dens_frac,0.1,0.9454307116104868,0.0035959065700979006,0.9380324594257179,0.013670784231531058,0.9426529338327091,0.003188058257867289,0.9431385767790262,0.0042053845506368715,0.5843021223470661,0.1651615124816578,0.4676017030589126,0.013239281674730421,0.40766238215034994,0.06181914565470962,0.4219805003442854,0.026064281899635975,0.46625855616059664,0.014845168793973433,0.3657948671742351,0.1167883405007625,5
pbmc,DensMAP,dens_lambda,5.0,dens_frac,0.3,0.9428863920099875,0.003829865520705183,0.9314382022471911,0.009522567148666674,0.9390461922596754,0.003184433542691122,0.9399126092384519,0.0024377998111966286,0.5297253433208489,0.0992176932212408,0.475254834853181,0.010633571897268617,0.4053851101468295,0.012725096946547065,0.46674922897597115,0.027626706549681947,0.47993960720725004,0.007447011789361423,0.320315151131525,0.016226249091833664,5
pbmc,DensMAP,dens_lambda,5.0,dens_frac,0.5,0.9433632958801498,0.006395865088640577,0.9257478152309613,0.01553485536113677,0.9375580524344569,0.007199348838984388,0.9317353308364545,0.011119689067748063,0.5005518102372035,0.15466756718947644,0.47916595758915836,0.013185267221414486,0.4214494122189453,0.01600137014959232,0.4586614615975016,0.01540938648856942,0.4817695305887334,0.012896758460050959,0.2722167306075611,0.046321503719609934,5
pbmc,DensMAP,dens_lambda,10.0,dens_frac,0.1,0.9443670411985019,0.000981173337379595,0.9348389513108615,0.007026410880316159,0.9438851435705369,0.002401070727897594,0.9466017478152308,0.002016981342025957,0.5787790262172284,0.13762292244050353,0.4354189901165488,0.010317089698693032,0.3760695861045026,0.06330573948730576,0.37319475182954476,0.03807241906248263,0.43688005566740323,0.009355527743839185,0.31391659618084067,0.06718942308938876,5
pbmc,DensMAP,dens_lambda,10.0,dens_frac,0.3,0.9420923845193508,0.005615754866187527,0.934621722846442,0.012524076759238334,0.9384769038701621,0.0029463700031222757,0.9388614232209738,0.0075986767391409025,0.5524943820224719,0.0924019137891237,0.4465367185145685,0.00964560168305301,0.36620918997305546,0.03125562227237645,0.4123127888636537,0.022193482376056253,0.4477779242299178,0.005986057196549656,0.3024260356146313,0.02423847069127777,5
pbmc,DensMAP,dens_lambda,10.0,dens_frac,0.5,0.9454082397003745,0.0031455149823123563,0.9322471910112359,0.014891203440926041,0.9438701622971287,0.002071864164223178,0.9449862671660425,0.0023223423548170267,0.4926816479400749,0.07660465131075882,0.46027971322903144,0.003370706943075571,0.4007795892824519,0.05277722998294605,0.40685680651712647,0.025340354039155334,0.4643858305101144,0.003549997110236109,0.23684558323159527,0.05092031443652697,5
pbmc,HIGH-D,,,,,0.9434082397003744,0.0,0.9227340823970035,0.0,0.9267166042446942,0.0,0.9383770287141072,0.0,1.0,0.0,0.5432204027200868,0.0,0.3624467192457579,0.0,0.2574355173413082,0.0,0.5507082485916646,0.0,1.0,0.0,5
pbmc,PaCMAP,n_neighbors,5.0,FP_ratio,1.0,0.9091910112359549,0.018950988879738777,0.3835230961298377,0.03971551034896877,0.8511298377028714,0.013597324704134486,0.7983645443196006,0.007167314698252747,0.8674057428214732,0.027832413269853144,0.7088742718368467,0.01713923888121603,0.01851414156468046,0.013425459383505067,0.5941095771406198,0.19208142255509902,0.44571432947179196,0.27195253029234084,0.7001843386636013,0.018186019745042872,5
pbmc,PaCMAP,n_neighbors,5.0,FP_ratio,2.0,0.8914132334581772,0.007190742469661849,0.6983008739076155,0.23764565762325743,0.8533970037453183,0.027345498235134717,0.8435380774032459,0.03156396233659086,0.7682696629213484,0.13441551837921845,0.6629902694022731,0.06311767362587756,0.3847718629788223,0.35104288356048463,0.49294505653414317,0.18848156028156107,0.3352511914783266,0.2480551290696541,0.5881971373477256,0.13418423100706864,5
pbmc,PaCMAP,n_neighbors,5.0,FP_ratio,5.0,0.9141173533083645,0.011671304475587237,0.8985717852684145,0.03586298574635363,0.8683957553058675,0.03185578635159827,0.8178676654182272,0.021584636089679282,0.6210811485642946,0.045192836125255625,0.42671603770183786,0.11695775213582538,0.4292658800062893,0.09461733745187247,0.599960522233481,0.06487282429052432,0.3028798841009868,0.14362228058821394,0.31062398091509535,0.15031792627653578,5
pbmc,PaCMAP,n_neighbors,8.0,FP_ratio,1.0,0.9270212234706616,0.019313954670907185,0.6609775280898876,0.12107709015412665,0.8652284644194758,0.019378491740467785,0.8073533083645443,0.019692960032853295,0.8582347066167291,0.010649801739526179,0.7260040349715713,0.0025557212986951606,0.03057519639290776,0.021611570547233762,0.5682358878053864,0.0862097665596339,0.1633369917450634,0.012384192509478916,0.7264842829020786,0.016325177035464617,5
pbmc,PaCMAP,n_neighbors,8.0,FP_ratio,2.0,0.8814531835205992,0.009819143345301238,0.5286679151061173,0.2185562324144584,0.832234706616729,0.010357789838724672,0.7122896379525593,0.02170221694684693,0.7914931335830213,0.09691640304378071,0.46917279304826076,0.06705870204276392,0.10877134369606323,0.22021903725420808,0.23128107399917158,0.14318602286106963,0.03643220687590598,0.028758914742032772,0.22756876335909992,0.13633376348088114,5
pbmc,PaCMAP,n_neighbors,8.0,FP_ratio,5.0,0.9367340823970037,0.03038014570205923,0.8535930087390762,0.15707346698418945,0.8739825218476904,0.03333143724121402,0.8307640449438203,0.03662530115685883,0.767912609238452,0.0691426628290111,0.2902924436417293,0.1134688341133894,0.2050072109551655,0.11198296963823742,0.3848547904136058,0.16809535517760685,0.26274009895078165,0.20776660707654468,0.4668501621007869,0.043105914836292204,5
pbmc,PaCMAP,n_neighbors,10.0,FP_ratio,1.0,0.9233757802746567,0.00888166885442064,0.8867540574282147,0.010903898321474446,0.8767191011235955,0.015305351886269612,0.8208164794007491,0.016187197265804705,0.8681498127340823,0.014932743389786797,0.6185080611391319,0.24388357550245196,0.2029084971330038,0.06694741477917579,0.2370104029845545,0.15211427603278807,0.11651488065503265,0.01689220433542521,0.5942328525088404,0.26598593714951063,5
pbmc,PaCMAP,n_neighbors,10.0,FP_ratio,2.0,0.8974881398252185,0.013277194350910201,0.8404993757802746,0.026958663148434335,0.8615480649188514,0.009721636560233208,0.673712858926342,0.07344483480223474,0.8631710362047441,0.015523402061759967,0.21850041018048735,0.09171349118780736,0.10566104144705615,0.03521171222996341,0.15895930387542223,0.013322275204429846,0.03379257935159572,0.036525909661418825,0.4631935575965039,0.3298502720131921,5
pbmc,PaCMAP,n_neighbors,10.0,FP_ratio,5.0,0.9197328339575531,0.018533237334472284,0.8877428214731585,0.02237855382831724,0.8846966292134832,0.0202631383983647,0.8394232209737827,0.0157772283284081,0.833558052434457,0.05196786259544323,0.3107970736383318,0.08256599307711031,0.20911023214286426,0.08455408343781522,0.34512459676307394,0.14530998207215978,0.17551010616782653,0.08254782848590209,0.4890073405836163,0.11450225610846843,5
pbmc,PaCMAP,n_neighbors,15.0,FP_ratio,1.0,0.9140449438202246,0.018949334885036764,0.8802397003745318,0.03647321933920162,0.8557877652933833,0.015310580664286368,0.7307540574282148,0.029440752225220527,0.8315181023720349,0.07106600558836124,0.3304739785894122,0.12188761790451387,0.15313172137933384,0.02992957003476231,0.11647186170632218,0.01971662436765925,0.03192451139505254,0.00625568996822193,0.25700690152765426,0.17679962566937277,5
pbmc,PaCMAP,n_neighbors,15.0,FP_ratio,2.0,0.9149188514357054,0.007236405652110584,0.8458401997503122,0.029389751462480133,0.8875730337078652,0.01068572501814769,0.6986766541822721,0.04116270150345274,0.8086416978776529,0.023146340804847683,0.15041294045535814,0.012517956648882929,0.06853089992025167,0.022798382446177805,0.12732438531434748,0.021086698267259514,0.01993109080276394,0.004136145207976937,0.06789823553580006,0.02067415981795751,5
pbmc,PaCMAP,n_neighbors,15.0,FP_ratio,5.0,0.9158252184769038,0.016362459136672267,0.8298352059925094,0.1338615922887446,0.8921173533083644,0.02901782408555205,0.8404044943820226,0.061314735886401336,0.7550936329588015,0.06442091944979818,0.17883033470158122,0.09456828776521087,0.0999400008666776,0.050989301998638034,0.16320820737548797,0.05721139876780854,0.12745997359758754,0.05003438689955656,0.3092936977997753,0.16439466113018197,5
pbmc,PaCMAP,n_neighbors,20.0,FP_ratio,1.0,0.9064219725343321,0.021513643135578474,0.8862172284644195,0.02040387618736198,0.8465043695380775,0.010359967753035496,0.6894681647940075,0.04874388515959169,0.8323021223470661,0.04506608646630849,0.19626165445888852,0.03741629751017163,0.13548827668709168,0.04955370427555401,0.06713671721474698,0.007938689531807208,0.02218909545848182,0.004982073401156215,0.09876176495038999,0.05264972644462207,5
pbmc,PaCMAP,n_neighbors,20.0,FP_ratio,2.0,0.9227215980024969,0.01651338332148245,0.8704706616729089,0.030329745624014255,0.8822147315855181,0.012784603948506622,0.6765343320848939,0.04911947267130598,0.8172234706616729,0.012906758667017185,0.1437893319256965,0.006966460640959116,0.09287756532946005,0.025182329144800536,0.10430237593265343,0.010459158762222242,0.01845200203825674,0.0035025342339628763,0.19567022847861754,0.13722607054729566,5
pbmc,PaCMAP,n_neighbors,20.0,FP_ratio,5.0,0.9106117353308365,0.017410677675321454,0.8940149812734083,0.038690577337215745,0.8901797752808989,0.014173852447639678,0.8015430711610488,0.07045521147271191,0.7240873907615482,0.08192828207408386,0.16376120680246684,0.06827963768714765,0.13173604103327502,0.07000552760172953,0.14766469557992695,0.02686615330979351,0.08401026775982637,0.05687372569031354,0.1451814208465739,0.16514917649081448,5
pbmc,PaCMAP,n_neighbors,30.0,FP_ratio,1.0,0.909383270911361,0.02342689327511209,0.8197952559300873,0.03629081674191464,0.8229612983770288,0.021433970061736807,0.6094382022471911,0.044918380405844276,0.8246766541822723,0.03039738127951386,0.19096375866347118,0.053652824904629505,0.06164087034027336,0.008369504929071405,0.04209104095387,0.006129352909634189,0.014763987238860321,0.0025385418431045754,0.0536753794562627,0.013490583325329705,5
pbmc,PaCMAP,n_neighbors,30.0,FP_ratio,2.0,0.947071161048689,0.015534943149020472,0.8850112359550562,0.05142090120032834,0.9212409488139827,0.007440953627433287,0.7393183520599251,0.08659370403467671,0.7295630461922596,0.11321526762781872,0.46418446528820584,0.08266241986575962,0.12780417540174385,0.10080360110359356,0.10913486201384404,0.03226685571961884,0.02614874431088348,0.012174588728431489,0.03831315020593622,0.007926700966095691,5
pbmc,PaCMAP,n_neighbors,30.0,FP_ratio,5.0,0.9087440699126093,0.016117308824790635,0.9300998751560549,0.01851490634205635,0.9191935081148565,0.02897857580591221,0.8391285892634208,0.03778614523234676,0.7031610486891385,0.12660641981127582,0.157147277031841,0.046147918776594354,0.14312608173003344,0.0353672939781002,0.19059329144544837,0.0669788391395678,0.09075785223503732,0.026466950705279116,0.2788401960350334,0.14230429613016263,5
pbmc,PaCMAP,n_neighbors,40.0,FP_ratio,1.0,0.9040374531835205,0.019817887256641006,0.7883570536828964,0.02924109262242565,0.801805243445693,0.02557098806007933,0.5681822721598003,0.03127452284452099,0.7552858926342073,0.05258413079904317,0.2459917838501188,0.05603714533593407,0.045924086541475624,0.00747379676348781,0.034180123785217356,0.006758312880029323,0.01319988089227096,0.0018380653840005196,0.034723573750511785,0.014191159647517153,5
pbmc,PaCMAP,n_neighbors,40.0,FP_ratio,2.0,0.9367390761548066,0.0157694394405538,0.8902084893882647,0.04208096329987246,0.9116304619225968,0.022976968642470213,0.7602496878901374,0.04431084649175178,0.621310861423221,0.13452441775812468,0.4675270351819426,0.1268264086810521,0.1029226466231689,0.03734607117353742,0.2633772846553399,0.15827118718418612,0.027463957764745202,0.006109975730994932,0.04479518905131054,0.024858035302867145,5
pbmc,PaCMAP,n_neighbors,40.0,FP_ratio,5.0,0.9178776529338327,0.006370815996886449,0.9204656679151061,0.010480187798561484,0.9167840199750312,0.009655811983366734,0.8643845193508115,0.014314340740708266,0.5991585518102371,0.05053716019392765,0.24267051807040066,0.06772695819909175,0.1697015896222034,0.1203011409048844,0.3143862298578843,0.05377449431634879,0.30828804221956985,0.03488544638991085,0.3531736256196868,0.03494384646620378,5
pbmc,PaCMAP,n_neighbors,60.0,FP_ratio,1.0,0.9084719101123595,0.0198687610870101,0.7618676654182271,0.048390272119061335,0.7742596754057428,0.053883770015099156,0.57812734082397,0.09319744240224133,0.7133033707865168,0.11205757263125671,0.17623728709779254,0.04800129554175569,0.0460124399831083,0.010970361048893387,0.042650549787276,0.034179733959021595,0.014776540985770659,0.0057695738040383976,0.03160567865243836,0.005263183088555336,5
pbmc,PaCMAP,n_neighbors,60.0,FP_ratio,2.0,0.9383071161048688,0.014207091749642839,0.872661672908864,0.01959108690401329,0.9297278401997504,0.016195407900922103,0.8314631710362047,0.038342924543682856,0.6274431960049938,0.11946023496904522,0.40434753576862664,0.0946037335128411,0.0822225320777481,0.014104798773953259,0.27436003522906544,0.10615981516515306,0.03695274761007366,0.006237912879882878,0.02498343279179636,0.008800633209393014,5
pbmc,PaCMAP,n_neighbors,60.0,FP_ratio,5.0,0.9202297128589263,0.008792704189164682,0.8834631710362049,0.03866747073521985,0.9222446941323346,0.018658292846320923,0.8825942571785268,0.023985841583014283,0.6604069912609238,0.13376774264231056,0.21459001241576833,0.09481933814682976,0.07841595180832084,0.05011250342257021,0.301771114090131,0.14736111663169518,0.26936430670789957,0.07425888198031143,0.25062036071339483,0.15866230452142613,5
pbmc,PaCMAP,n_neighbors,80.0,FP_ratio,1.0,0.8845393258426967,0.0075508844282378175,0.7437328339575531,0.01647728441372289,0.8380424469413233,0.04773274520770789,0.7191011235955056,0.07488078266784805,0.6033208489388265,0.05968969383220603,0.19156887360643587,0.06535488116039193,0.0477534649326325,0.013568002153728321,0.10796080372756893,0.04656433513557097,0.02500489118283416,0.005839066671482366,0.022586394726441618,0.009161929797956537,5
pbmc,PaCMAP,n_neighbors,80.0,FP_ratio,2.0,0.9333782771535581,0.013959748821721045,0.8653283395755306,0.025254653228013717,0.8970624219725343,0.038448293356741325,0.8068938826466916,0.07285897843167104,0.7047465667915106,0.08057495743145884,0.32470376616981866,0.1041659634936125,0.08224445665791562,0.03146266786434161,0.18178536452018357,0.12958706594664096,0.04012645296023078,0.011058701268802956,0.03455102276084962,0.012760824796251994,5
pbmc,PaCMAP,n_neighbors,80.0,FP_ratio,5.0,0.9188539325842697,0.0045818612284680565,0.79445443196005,0.09016435006380444,0.9074307116104869,0.010577625284591437,0.8640898876404494,0.018029234924126048,0.6160224719101123,0.13344628025298308,0.1469165976594012,0.047075109371598714,0.05093051928887539,0.019185218368010327,0.2167416366500398,0.0928227978352963,0.2058599658365087,0.07376184891991494,0.1945816107372103,0.07742150032386032,5
pbmc,PaCMAP,n_neighbors,120.0,FP_ratio,1.0,0.86845443196005,0.020177283268454384,0.749725343320849,0.04427713761198657,0.826928838951311,0.02921938862811298,0.7223146067415731,0.03859992941953431,0.6056828963795255,0.07550656100993773,0.16034098301012456,0.019349922958995475,0.047536535416725555,0.012205711638198256,0.09644730505947455,0.04268406253298808,0.02487710247917106,0.004797065963752679,0.06811609350593452,0.07520183990002527,5
pbmc,PaCMAP,n_neighbors,120.0,FP_ratio,2.0,0.9229887640449439,0.0174543524422856,0.8609925093632957,0.03266460170945887,0.8761448189762795,0.042922426251190034,0.8109912609238453,0.07995383971984632,0.7563495630461923,0.07887129912471702,0.2349903188573043,0.10208948903539385,0.09675941967806048,0.049140681088393874,0.16558975386326452,0.13625328586870328,0.059353550765931316,0.02432382895395048,0.07106983856504871,0.040263020278382695,5
pbmc,PaCMAP,n_neighbors,120.0,FP_ratio,5.0,0.9153832709113608,0.008520735983683775,0.8122047440699125,0.11060800037657312,0.9027390761548066,0.009974724955806482,0.8678551810237204,0.015065520505090246,0.6681098626716604,0.08964052442938769,0.1302686645820417,0.03840248565351413,0.07210821142442583,0.04784604767700371,0.15418870536224044,0.05391320830420051,0.13920573331972666,0.0462973877704913,0.1219301426518165,0.0950070686015954,5
pbmc,TriMap,n_inliers,5.0,n_outliers,2.0,0.8498476903870162,0.039956512236839194,0.693792759051186,0.07351416777869703,0.8484519350811486,0.03807927202184411,0.8501423220973783,0.03673891379962321,0.5705992509363296,0.053552215880260816,0.09920958510606585,0.0678247695937606,0.037724396646793,0.029665039045018486,0.09003777917143496,0.042471022550033766,0.0974376895748323,0.06409705537882956,0.08167049750225666,0.051494815364700776,5
pbmc,TriMap,n_inliers,5.0,n_outliers,5.0,0.872936329588015,0.017202078620506937,0.7288739076154807,0.042442534286899564,0.872625468164794,0.014342851494745647,0.8719500624219725,0.019859969009257693,0.5664444444444444,0.03157899568980217,0.12492075874307758,0.030849112213010073,0.03155523203000566,0.009091830095874586,0.12278092773105409,0.020296693978058306,0.12597516328056532,0.029192883827457182,0.09285342147355857,0.01372968884724906,5
pbmc,TriMap,n_inliers,5.0,n_outliers,10.0,0.8646941323345818,0.03170144968979613,0.6641423220973783,0.0450857011106372,0.8716229712858926,0.026850699926905176,0.8718426966292135,0.031459070961668265,0.5091635455680399,0.08701399476260127,0.11572358772798304,0.0424522969849042,0.02951885965226162,0.005354861099537194,0.11109432974639097,0.024589862754309872,0.11965766046320056,0.04118991092160841,0.07592657881056061,0.03560919036287228,5
pbmc,TriMap,n_inliers,8.0,n_outliers,2.0,0.8874606741573032,0.025688211831754845,0.7027078651685393,0.047564442973571805,0.8881822721598003,0.025992418443525078,0.8885193508114856,0.026050772928939772,0.5593158551810238,0.05028685391316793,0.10673807311224422,0.022178440883166475,0.030503056086156582,0.014490372039227775,0.10991653741696153,0.02152039903695021,0.10734481651085623,0.025342667003615215,0.0840025985122163,0.020232558864391195,5
pbmc,TriMap,n_inliers,8.0,n_outliers,5.0,0.8710836454431959,0.012917389491677042,0.7387215980024969,0.08227395457814737,0.8697615480649189,0.013098101872472567,0.8675680399500625,0.014156332879519305,0.5739350811485643,0.0517436370821096,0.11581160401626038,0.014411751175807331,0.044280791155013446,0.017409685665829865,0.10068685097217855,0.009856622389054989,0.1121033104522597,0.014097343514308323,0.06774207293762088,0.013270816149283845,5
pbmc,TriMap,n_inliers,8.0,n_outliers,10.0,0.8695780274656679,0.049008536080293916,0.6982022471910112,0.036787353501373354,0.8716217228464419,0.048837038762786424,0.863752808988764,0.0548436996714692,0.5390137328339575,0.016095984639269617,0.1089653047275134,0.04172209962462949,0.03477432378043156,0.012010993919125777,0.11002389685553386,0.041680128715937285,0.1060634178333846,0.046367147903044685,0.0684955331184702,0.015823042798548705,5
pbmc,TriMap,n_inliers,10.0,n_outliers,2.0,0.8576129837702873,0.024776672575675306,0.6919662921348315,0.043714040068026705,0.8578851435705367,0.022564174322138055,0.8516953807740325,0.024211283069868375,0.5645068664169788,0.04321979005700169,0.1000051873340354,0.01828695344799218,0.03161141214085184,0.007722774820747848,0.10185160600958683,0.01793621698977709,0.09681072252285783,0.01623963957666037,0.06709624028903158,0.02455040162660682,5
pbmc,TriMap,n_inliers,10.0,n_outliers,5.0,0.875980024968789,0.021381128456277064,0.6861560549313358,0.07110217004802573,0.8760649188514357,0.02028218060933954,0.8759775280898877,0.017417711171186026,0.569932584269663,0.042403754192035945,0.12477388769728304,0.021227525883762078,0.0378743309557676,0.016231460624516955,0.13193586420614073,0.010723796541554254,0.12995871342753879,0.026130060147763517,0.08359814194269954,0.01773782846439669,5
pbmc,TriMap,n_inliers,10.0,n_outliers,10.0,0.8578426966292134,0.032520778232252315,0.691936329588015,0.0638330677978248,0.8533982521847691,0.032566813322161645,0.8367091136079899,0.04237069931838712,0.5527965043695381,0.047761068374199245,0.10720907662567547,0.015358975920264516,0.043387833412533716,0.014698894594566648,0.11138711079351404,0.021747904374674436,0.10725050372683653,0.017293515822405868,0.08241442012737057,0.02959047990658919,5
pbmc,TriMap,n_inliers,15.0,n_outliers,2.0,0.8689263420724096,0.0161386164234731,0.7021260923845193,0.06220451285286404,0.8683857677902622,0.0184445482343077,0.8634481897627966,0.01835433669962422,0.5804769038701623,0.08623833799278896,0.12166186708070288,0.020374976829697078,0.041625669510470274,0.02102829362364736,0.12501716115871928,0.008271518242172798,0.12758018368739105,0.014610753095910126,0.09348988679077173,0.0428345188841368,5
pbmc,TriMap,n_inliers,15.0,n_outliers,5.0,0.8644069912609238,0.013803077643181645,0.694749063670412,0.038697987828152626,0.8660611735330835,0.017871792829968904,0.8672309612983771,0.014767303659338656,0.5322022471910113,0.031400901097734524,0.1195729444454254,0.034461015300369276,0.03124044860675166,0.007300030539072177,0.11843323957396634,0.044785873180246634,0.12203119122020079,0.0354185319548185,0.0881476803980708,0.025485944623700355,5
pbmc,TriMap,n_inliers,15.0,n_outliers,10.0,0.8855530586766541,0.019866113006197006,0.7013907615480649,0.026741799756811277,0.8864232209737828,0.020381086139932298,0.8954257178526841,0.021526634411724154,0.5470212234706616,0.0797237190231913,0.12353061205547741,0.015082670793878048,0.03595549571566694,0.006781249353616453,0.1142215250015121,0.026448812063272716,0.1244297936681417,0.01828804959330795,0.07091636795646435,0.025392026120818763,5
pbmc,TriMap,n_inliers,20.0,n_outliers,2.0,0.8967240948813983,0.021214921903171858,0.7552334581772785,0.026434443485735728,0.8959350811485642,0.022771354799066622,0.8921523096129839,0.02516408888976215,0.5624794007490637,0.08266138712034422,0.13050875503594012,0.023688629183934058,0.05408617076228602,0.023939355030913184,0.1285644831261413,0.039034618427490245,0.13012809805949538,0.019831372393993258,0.0940354543196088,0.03184175794717105,5
pbmc,TriMap,n_inliers,20.0,n_outliers,5.0,0.8695131086142321,0.03152818094735966,0.7164731585518103,0.04828098718356956,0.871478152309613,0.0297691072230426,0.8621872659176031,0.054924143638796816,0.5805018726591761,0.040345085295912214,0.1246560988337007,0.035432118849923255,0.04337355035139214,0.026532613434997368,0.11862566346917447,0.02669924051989269,0.11713384841317898,0.0300709173675265,0.10239593781439697,0.026117831738338933,5
pbmc,TriMap,n_inliers,20.0,n_outliers,10.0,0.8752659176029962,0.014817623128272525,0.7385742821473158,0.042420270867678904,0.8742596754057429,0.014363204050922307,0.8404594257178527,0.022897023477126563,0.5597952559300874,0.043862765362573865,0.11213548028629168,0.034670234184729365,0.03827455307264302,0.0066000242232693105,0.11197801484134348,0.030479249880520504,0.10698715650742652,0.02769115623961944,0.07364300689084709,0.026765037737470018,5
pbmc,TriMap,n_inliers,30.0,n_outliers,2.0,0.8682347066167291,0.010792401987264265,0.6835305867665419,0.02761657893800456,0.869167290886392,0.011562570267156548,0.8551985018726592,0.01783839252301338,0.5818876404494382,0.06523760122469752,0.11685657599504444,0.028447163472623806,0.03631173042150166,0.014918381875181349,0.12757545736278927,0.036574738304608494,0.11892730089658857,0.03233964651682602,0.07425592062108828,0.01566828866885649,5
pbmc,TriMap,n_inliers,30.0,n_outliers,5.0,0.874032459425718,0.025605216174527885,0.7238526841448191,0.025388179765807543,0.8737553058676653,0.023012102351796116,0.8488888888888889,0.04976876976890633,0.5475056179775282,0.08492508165784968,0.14200812401402305,0.039011443543706115,0.04591310999998718,0.010012438591660216,0.1254159590739336,0.03317185407978707,0.1312964530325084,0.03471280720471277,0.08639022335352567,0.020062169650177448,5
pbmc,TriMap,n_inliers,30.0,n_outliers,10.0,0.87625468164794,0.02322297556243628,0.7123657927590512,0.033890784835719244,0.8771348314606742,0.02554446921022364,0.8701348314606742,0.042074213018464486,0.5421747815230961,0.039984685176543744,0.13158525125022963,0.024827541945886003,0.03728066836347916,0.008972574208967448,0.1359390441603719,0.02183298339200972,0.12479985555669235,0.023519973703943785,0.088316518869374,0.04068094410833997,5
pbmc,TriMap,n_inliers,40.0,n_outliers,2.0,0.8559850187265917,0.024387662490205127,0.7347940074906367,0.06316918325656563,0.852470661672909,0.026015608046807255,0.8443370786516855,0.02578110985821129,0.5864494382022472,0.04899169782162123,0.11477635736764369,0.050386916109324546,0.039880166852706164,0.021670879075412874,0.10406158352297253,0.033337048288369746,0.11260209299463227,0.04160416906838679,0.10707719183811311,0.037035917898376826,5
pbmc,TriMap,n_inliers,40.0,n_outliers,5.0,0.8685318352059925,0.018652371855196793,0.7331810237203495,0.04562478245053227,0.8693870162297129,0.015911078195642938,0.8506441947565543,0.01154574528783242,0.5638152309612984,0.051881826058058626,0.12607356687986493,0.022967217429720067,0.054865586982496696,0.02962901992346643,0.1294712460610163,0.016728100641265457,0.1269265633061217,0.020919113765579186,0.09173907792714033,0.018171333821330148,5
pbmc,TriMap,n_inliers,40.0,n_outliers,10.0,0.8654032459425718,0.026175950502205496,0.6875006242197254,0.050199364073698766,0.8651997503121098,0.027314091660579003,0.842067415730337,0.024781934417351513,0.5786791510611735,0.030898265293645318,0.1403599371788987,0.024885229398638634,0.04662796002894528,0.017261247870889965,0.1351301026276292,0.02913522442184176,0.1315981881207558,0.031539839722450023,0.1102300348947655,0.049444977669709456,5
pbmc,TriMap,n_inliers,60.0,n_outliers,2.0,0.8865568039950062,0.024112168024167314,0.7377715355805243,0.01391715341416597,0.885976279650437,0.022614371740370096,0.866661672908864,0.041732635008982784,0.5834656679151061,0.0890934613778094,0.14032033831576243,0.059506950421888874,0.04793957648566014,0.01147138309883087,0.1381200128143109,0.07529911584106112,0.13399635493255488,0.05350944676244251,0.09292658624557244,0.022064233504082216,5
pbmc,TriMap,n_inliers,60.0,n_outliers,5.0,0.8649038701622972,0.030873203877337135,0.6838002496878902,0.016501152745946938,0.8657240948813982,0.034280009876327934,0.8223096129837704,0.049229058463097206,0.5604419475655431,0.05338704193536192,0.11022513670726428,0.028259765215573288,0.04398991373151792,0.011526153750161217,0.1064041892041991,0.025874732412202877,0.10466458442013696,0.029833385054852057,0.08193183628643438,0.029751929918631525,5
pbmc,TriMap,n_inliers,60.0,n_outliers,10.0,0.8770262172284644,0.026780198095006227,0.7355555555555556,0.023201451998369572,0.8767940074906366,0.026521854566088198,0.8230212234706616,0.04380449013438055,0.5459151061173533,0.053944513494359914,0.13562069837070095,0.04066804825059293,0.0583922821924992,0.032257532969669385,0.1250613480155831,0.025240253339934838,0.11482898003997584,0.02485610964863713,0.08880125400846361,0.022394429927376776,5
pbmc,TriMap,n_inliers,80.0,n_outliers,2.0,0.8691560549313359,0.01352931304032216,0.6984369538077404,0.05556567008040368,0.8716529338327093,0.010613045560590666,0.8512958801498127,0.030947061887404446,0.5446267166042447,0.04890179686492348,0.10315408330193007,0.019844603143419005,0.04151254117141764,0.02352239404789276,0.10757595781509979,0.026597437183327504,0.10265318618301271,0.020652572562651534,0.07874537100397606,0.026750629350997226,5
pbmc,TriMap,n_inliers,80.0,n_outliers,5.0,0.877558052434457,0.014234984507309532,0.7182821473158552,0.024810969087423113,0.8748789013732834,0.017263180839319995,0.8351735330836455,0.02811963274600768,0.5838401997503121,0.08511474153237734,0.14315603132704796,0.027101339944400147,0.04554493632892158,0.01671127562079358,0.13856201596574919,0.023584276403073385,0.1295501028007743,0.023353994132147754,0.11361813925290325,0.008734475980838213,5
pbmc,TriMap,n_inliers,80.0,n_outliers,10.0,0.8673408239700375,0.019218041559003567,0.7113558052434457,0.01901485090444016,0.869347066167291,0.018449848388359495,0.8251485642946317,0.0435392668661981,0.553398252184769,0.04139022408374778,0.1348521800892904,0.02750215644262345,0.046966701422681424,0.019207048266529508,0.12435483340437403,0.014959945554955426,0.10390071975181212,0.027361330198756077,0.08661533868640173,0.02584189706938874,5
pbmc,TriMap,n_inliers,120.0,n_outliers,2.0,0.8754032459425718,0.02762466942958006,0.7320324594257178,0.03235341302324854,0.874976279650437,0.026917925700371406,0.8745543071161048,0.032485271809214865,0.5174282147315855,0.07883820896530194,0.13347494586645803,0.060599626982502645,0.040876837824149644,0.01350413894640938,0.11820963407508131,0.03710539480316745,0.12612204387416578,0.05730047580604033,0.08951011259011692,0.03821299669164199,5
pbmc,TriMap,n_inliers,120.0,n_outliers,5.0,0.8786791510611736,0.010258303975201282,0.703210986267166,0.04487092107693428,0.8802084893882647,0.008175752971670384,0.8283320848938827,0.023824676285334818,0.4962022471910112,0.05604267318401508,0.14138730107345002,0.019931114511175685,0.04720898799909714,0.014483303006982438,0.12909606335548202,0.020428531614287686,0.1248883421753674,0.02020421978632093,0.12386730234525686,0.04910403156600702,5
pbmc,TriMap,n_inliers,120.0,n_outliers,10.0,0.8696329588014982,0.029234215889592016,0.7038414481897628,0.035683768773911634,0.8736591760299625,0.02568132746826255,0.8181223470661673,0.026646284941970733,0.5316579275905118,0.030241405990981185,0.15596995055298044,0.036185895645407765,0.045342622018778624,0.016290977139791277,0.1402578819517769,0.02119633467561617,0.11204706144222246,0.029449236847314663,0.12281251650412436,0.05248732122315009,5
pbmc,UMAP,n_neighbors,5.0,min_dist,0.0,0.8849687890137329,0.024740024121525886,0.8886641697877653,0.02049209826097947,0.843692883895131,0.02039475997646854,0.8289413233458177,0.02237108293129973,0.854047440699126,0.046640816008579805,0.5382898826808841,0.10607689676305258,0.5199130694490449,0.11475797147997527,0.3078623141449336,0.11767363712276196,0.16413640279433114,0.019980156501752753,0.591865414468495,0.10832188180580897,5
pbmc,UMAP,n_neighbors,5.0,min_dist,0.1,0.8700049937578027,0.013871596636069057,0.8827240948813984,0.010853812966626075,0.8434332084893882,0.008490145556294394,0.8350037453183521,0.020981867088290303,0.8229862671660424,0.09177064215113184,0.6145512395085823,0.06431706278360491,0.5761473842427515,0.11432755838638613,0.40561527737821057,0.2094934990801249,0.1743659317810144,0.029908117595091304,0.5698230870458891,0.11599473811799561,5
pbmc,UMAP,n_neighbors,5.0,min_dist,0.5,0.8637103620474408,0.023260721019802123,0.8851086142322098,0.03939736218985318,0.8323171036204744,0.0191987412000464,0.8073358302122348,0.025674348681474356,0.8811935081148563,0.023206257334447544,0.6403094731451028,0.015595370398450601,0.4454469280826953,0.1517584444021138,0.40203192649937913,0.13311311190139266,0.18161403405158918,0.17398926794901207,0.6799988336909126,0.025170442819780457,5
pbmc,UMAP,n_neighbors,8.0,min_dist,0.0,0.890828963795256,0.015624559139573713,0.823645443196005,0.1350302630531147,0.8495243445692884,0.011161321345542803,0.8374956304619227,0.008199104588022421,0.7417403245942571,0.14206460285198508,0.4947887686509624,0.19976939551014516,0.44541888234483695,0.213913979436357,0.22895254928124018,0.10590679611000514,0.1412370502105503,0.01940287497970305,0.5111413260729953,0.2644565674113898,5
pbmc,UMAP,n_neighbors,8.0,min_dist,0.1,0.8797977528089888,0.023639546979109444,0.7996229712858927,0.19749424162990403,0.845772784019975,0.008783401943822773,0.8167515605493133,0.018089819574954587,0.8129712858926343,0.10130868489988697,0.7133322138446667,0.012593538577953025,0.42967485213220213,0.24255076230999167,0.3564833760765569,0.18419346054772115,0.12187112860714817,0.04885537196233777,0.6197002224312229,0.14700591081683712,5
pbmc,UMAP,n_neighbors,8.0,min_dist,0.5,0.8672084893882648,0.020440207346510295,0.8779700374531835,0.03382809118485859,0.8318676654182273,0.022424896375182937,0.7927840199750312,0.02686280832871676,0.802401997503121,0.11977920143427541,0.6219058220905578,0.022077874504690256,0.42124851814625763,0.22305599096594533,0.2838418166527693,0.11945379058802437,0.09813249158699434,0.03690548884152913,0.4980248367773683,0.21051577458128806,5
pbmc,UMAP,n_neighbors,10.0,min_dist,0.0,0.8897053682896379,0.023318303467119335,0.7980511860174782,0.16425696196890158,0.8551985018726592,0.01993428584674748,0.8267815230961298,0.022458059263122505,0.7840249687890137,0.13370344531675663,0.6874747556950849,0.06441825889987982,0.41105718866774044,0.23412513128778814,0.2735572200730074,0.15848417029947096,0.114821619987175,0.04839840212075201,0.6171970412605143,0.11547283137674753,5
pbmc,UMAP,n_neighbors,10.0,min_dist,0.1,0.8834531835205993,0.014447488611055236,0.7968077403245942,0.1946730072647794,0.8452983770287142,0.022806389579579173,0.8054357053682896,0.029651683527248476,0.777076154806492,0.11141930332289626,0.7185508331922448,0.023714106712749237,0.3046208948018202,0.18908365092194415,0.29435421816694224,0.19752711418942812,0.10423742770750373,0.05302224396539075,0.5291675602304611,0.2811476231664647,5
pbmc,UMAP,n_neighbors,10.0,min_dist,0.5,0.8795930087390762,0.0189776791651609,0.8860699126092385,0.03663987132480125,0.8457677902621723,0.008173937429204553,0.8092334581772784,0.022805413997452832,0.7282147315855181,0.1056594088112305,0.6260794577627522,0.026633876900288265,0.5280301539858121,0.19593160338683166,0.24125689896000252,0.1366732281488148,0.1025584643206124,0.029548830605029452,0.2414097050856693,0.24366918111066477,5
pbmc,UMAP,n_neighbors,15.0,min_dist,0.0,0.8922771535580525,0.01444294613149094,0.8886217228464419,0.01655275967557711,0.8525043695380774,0.02236422144019178,0.6916204744069914,0.03265112102730336,0.8578202247191011,0.02703139047911342,0.7324028957443341,0.021730998575116255,0.2642439626486836,0.034138999903541516,0.150228531265381,0.01741537888383909,0.02298149477959504,0.010287867379312659,0.4916511444326258,0.25082673973343406,5
pbmc,UMAP,n_neighbors,15.0,min_dist,0.1,0.8916754057428216,0.018862530736376826,0.8763895131086142,0.036302731438124486,0.8756754057428214,0.014517503261182221,0.8051885143570537,0.022324552577330223,0.6929288389513107,0.09474900645806687,0.7038637328000191,0.017211880386663762,0.28590605016285453,0.02770665673740676,0.21333432446557943,0.17961129618841803,0.04874406804035422,0.013347621286083312,0.2797605657297904,0.23902080675783438,5
pbmc,UMAP,n_neighbors,15.0,min_dist,0.5,0.8643570536828964,0.006447334651972089,0.8634656679151063,0.03287906809375789,0.8291860174781522,0.030072233945265335,0.7633458177278403,0.06728981108097859,0.7219325842696629,0.118207322790107,0.49232731038215755,0.10870944383180835,0.3476785049804597,0.166967792467228,0.11896115529660531,0.04802965939753085,0.055377190006040654,0.05305564630142012,0.20792670423082393,0.1984338947484299,5
pbmc,UMAP,n_neighbors,20.0,min_dist,0.0,0.8956379525593009,0.013876618181990444,0.8862297128589264,0.025944877210449753,0.8635605493133583,0.015253920907477665,0.7252259675405743,0.059509573359256045,0.7109463171036204,0.10559264540980269,0.715344241533313,0.016151760881008358,0.26689478074933193,0.09142723246214582,0.14244721409469835,0.019776218962039648,0.0304119728691697,0.011277715635695035,0.09074523016145446,0.09780972262765951,5
pbmc,UMAP,n_neighbors,20.0,min_dist,0.1,0.8864044943820225,0.01643158329425084,0.876367041198502,0.025100881866758816,0.8603445692883895,0.02114408041823897,0.7632846441947565,0.03703798690258445,0.710247191011236,0.08186722796064606,0.6969130287313521,0.028091800615450937,0.24939205107381457,0.09191648660680457,0.13006512003639994,0.01940064710854427,0.03866433846775744,0.00895175043867451,0.04058116986692214,0.005286425388608605,5
pbmc,UMAP,n_neighbors,20.0,min_dist,0.5,0.8930661672908865,0.012653790219641078,0.8975205992509363,0.01736026455033171,0.8526791510611735,0.013736257092374042,0.7752309612983771,0.0228483008869667,0.7352309612983771,0.08455295656472664,0.5839430871655618,0.06382571716794913,0.4549284995167845,0.10753468477544362,0.10909243224249698,0.02077483279102303,0.04064662645101016,0.00934197441394897,0.1137956465458058,0.08933676201891542,5
pbmc,UMAP,n_neighbors,30.0,min_dist,0.0,0.8997428214731586,0.017330674845430823,0.8834831460674157,0.02629734503828115,0.8728863920099876,0.01742805688734429,0.6989687890137328,0.038020036809523323,0.657538077403246,0.06953600041277187,0.6824677817847311,0.09745583061446293,0.20512345276996183,0.08505176963339076,0.11998142285298467,0.014764520010124205,0.02174979943442312,0.005471946806619082,0.03777901818909328,0.003009991203808275,5
pbmc,UMAP,n_neighbors,30.0,min_dist,0.1,0.8774082397003745,0.019736316658850613,0.8626092384519352,0.03395059527933031,0.847558052434457,0.02333808480153308,0.6690836454431961,0.07450237478637482,0.7470586766541822,0.10813584381671969,0.6102356715804416,0.09578968452900492,0.1963824383017842,0.07893596903122915,0.09326131312074823,0.023356345261632976,0.0205080341564529,0.007438082381689325,0.08127960109628003,0.07040315621231408,5
pbmc,UMAP,n_neighbors,30.0,min_dist,0.5,0.8782097378277154,0.018260853472573717,0.8898152309612983,0.032167141020979596,0.8254631710362048,0.02782869633523864,0.7324669163545569,0.045347536198544536,0.6873283395755305,0.06920617711528254,0.4164399240057411,0.10762088199128282,0.39890934997080807,0.05982430593202343,0.07997264137800104,0.016544004110640626,0.028902529011929957,0.008421907429928249,0.03667678068053724,0.005999375013230246,5
pbmc,UMAP,n_neighbors,40.0,min_dist,0.0,0.8972084893882647,0.013831533299584944,0.8915181023720351,0.02351859231877655,0.8517453183520599,0.019894646307186296,0.6640349563046193,0.08009872438860664,0.6669987515605493,0.07514490711637259,0.6956500781268755,0.06705346146311676,0.1554835890051031,0.03568218132864647,0.1232911362222475,0.07441686922849361,0.019022964917394018,0.005826941219102879,0.0377657028685909,0.015140603898512834,5
pbmc,UMAP,n_neighbors,40.0,min_dist,0.1,0.8953258426966293,0.026482529903323875,0.877016229712859,0.025520524009782265,0.8464219725343319,0.023421976161001497,0.6761947565543072,0.0680694757776732,0.728621722846442,0.07681127972706481,0.6368184934489932,0.03233969087586454,0.2088980179384765,0.05866175990722442,0.09304176430483384,0.03450746110772372,0.0206991551705019,0.00666863392623261,0.09736072988608874,0.11014087910457315,5
pbmc,UMAP,n_neighbors,40.0,min_dist,0.5,0.8667790262172286,0.024270594095461884,0.866059925093633,0.028920599866387783,0.7752883895131086,0.04036837274490021,0.6833233458177278,0.046193372628897486,0.7173957553058676,0.06707858523204134,0.40746142700152516,0.06182072841322793,0.39602520669298125,0.037051112934730956,0.06818169458459862,0.02388276756838957,0.02553939178580144,0.00568935369813959,0.028226327355486802,0.007822985846935221,5
pbmc,UMAP,n_neighbors,60.0,min_dist,0.0,0.8950886392009988,0.021863138109270274,0.8756803995006243,0.032039368840092855,0.848421972534332,0.014600144695108437,0.6308389513108614,0.05405671850251894,0.6996878901373283,0.09290749921578367,0.6527333514371112,0.060712794671906885,0.19081445760021296,0.07062781546545686,0.08652723443866817,0.013171813680962248,0.01702236376297624,0.0033418628650068462,0.037609634922843145,0.028218878486738215,5
pbmc,UMAP,n_neighbors,60.0,min_dist,0.1,0.9021747815230962,0.01541298338399873,0.8999026217228465,0.011025004767648248,0.8395205992509365,0.023093785689320138,0.685143570536829,0.050909370083885,0.6892159800249689,0.11016338915399043,0.6390603260322323,0.039580210313429495,0.2585410531042736,0.04936830340633846,0.11740044815315838,0.06484585195656745,0.020983710118105382,0.004735087980755361,0.09871146476149029,0.16983768070447422,5
pbmc,UMAP,n_neighbors,60.0,min_dist,0.5,0.8665218476903871,0.0293929639732204,0.8561860174781524,0.027705139353744936,0.7477877652933833,0.036997782107401636,0.6475330836454432,0.029649730722912018,0.7038401997503121,0.07785329705090194,0.2938329984941956,0.09995788127207919,0.2683878497884879,0.1272243481630318,0.05430321102014468,0.022920930793958773,0.02252767245404698,0.005404698814677471,0.025769645677494457,0.006256673814175793,5
pbmc,UMAP,n_neighbors,80.0,min_dist,0.0,0.891912609238452,0.021038605908074465,0.8656916354556804,0.03282734870330481,0.8151560549313357,0.02959342044103798,0.6291086142322098,0.07370614843857422,0.6677028714107365,0.07834211961987061,0.49934469680335763,0.07110275828383238,0.18282035472745953,0.08290128661619735,0.07050079056311047,0.017277079753702948,0.023258273584394758,0.020698084687163543,0.1329469738976869,0.25217079229711664,5
pbmc,UMAP,n_neighbors,80.0,min_dist,0.1,0.8882022471910112,0.020178248039658397,0.8681498127340823,0.022363832557012284,0.7920923845193508,0.03612351687132128,0.6255880149812734,0.04745348372319031,0.6418676654182273,0.08208877990260359,0.42412001064391924,0.04893726790338313,0.1574329593261956,0.043787303256255475,0.05833458366245534,0.017163352257178174,0.01753925303706702,0.0032908656296449517,0.0388717815337698,0.04172560668980405,5
pbmc,UMAP,n_neighbors,80.0,min_dist,0.5,0.8846666666666667,0.02557134736917948,0.8774931335830212,0.03630999424429093,0.7662347066167291,0.04931825352210367,0.6896679151061174,0.05994429870676222,0.6420374531835206,0.06019389838847707,0.3575729318702504,0.11121791322021744,0.38631580863853565,0.1306676812334212,0.0713237186685219,0.026219151482503183,0.02703408871193676,0.005410183538382014,0.0208013630952371,0.0038522591395193768,5
pbmc,UMAP,n_neighbors,120.0,min_dist,0.0,0.9004968789013734,0.01959042657276693,0.8635081148564294,0.03897048089363374,0.8000724094881398,0.05458476558712158,0.6220674157303371,0.07605305906347087,0.6541273408239701,0.04394915303485628,0.5222099632465981,0.14389819107675042,0.1433165663232718,0.047395081746874256,0.0603878725924135,0.014963671746249536,0.01752374214461974,0.0043300839048551875,0.0187993019534241,0.0020615572875508307,5
pbmc,UMAP,n_neighbors,120.0,min_dist,0.1,0.8891860174781524,0.012406163755901735,0.8499238451935082,0.0403471691350213,0.759083645443196,0.04199857155494508,0.6094556803995006,0.09168436079114804,0.6473657927590513,0.10134755528266173,0.37995716560749904,0.09263153967482529,0.1594209918888202,0.09217136598069885,0.04529386139971216,0.014546739561785843,0.01978825416074336,0.005803013172935032,0.020678793006298442,0.008491758418157629,5
pbmc,UMAP,n_neighbors,120.0,min_dist,0.5,0.8155305867665419,0.03512008071577336,0.8116903870162296,0.04487555816212243,0.663191011235955,0.0810468956889255,0.5784319600499376,0.08722814395571896,0.6381747815230961,0.04506783106218828,0.21671687603009265,0.1301671422678184,0.2666544049691706,0.1477630217554202,0.05225960024557698,0.03754312032989279,0.02520807701891764,0.014632720234954811,0.055822031897166224,0.049445454618975655,5
pbmc,t-SNE,perplexity,1.0,learning_rate,50.0,0.8075118601747814,0.021571803024295573,0.5520811485642947,0.054682492803545056,0.7494294631710362,0.04350730537831282,0.7447602996254682,0.047752201615028814,0.6721460674157304,0.05155789733153804,0.0385176629257396,0.009019354755375776,0.01481128052506466,0.0027720534086312447,0.02690019814779702,0.005304962220795087,0.029937608818601424,0.009827529650269664,0.039280953789264675,0.0220981802584959,5
pbmc,t-SNE,perplexity,1.0,learning_rate,200.0,0.6113583021223471,0.04520936917751831,0.572789013732834,0.07234354729210775,0.3911448189762797,0.08844350337383688,0.3730661672908863,0.09448992473367401,0.5650561797752809,0.03133259734580659,0.01621976415949902,0.004634477175967582,0.01847816565271336,0.00860949704017689,0.01244999368458596,0.007296586818338776,0.011725224959988501,0.005395899532347984,0.01697368635130744,0.006996354731513239,5
pbmc,t-SNE,perplexity,1.0,learning_rate,500.0,0.7713245942571786,0.04591273915391363,0.6127116104868915,0.06925075481386125,0.6404044943820224,0.09018972210755127,0.6318514357053683,0.09171578892760475,0.6592921348314607,0.03805143135046095,0.028480457706046302,0.006761558111239211,0.0162818270711933,0.0032827582442928925,0.02052480426212434,0.007214039465990558,0.020583172341826238,0.007516431735941152,0.027247043133257442,0.02036415215302386,5
pbmc,t-SNE,perplexity,2.0,learning_rate,50.0,0.8736953807740324,0.007987988390623976,0.825554307116105,0.02459450607300062,0.8461960049937579,0.01658989411117604,0.8224794007490637,0.014249257700328553,0.7541598002496879,0.08443886947254402,0.2971195855654387,0.05413866932096017,0.08155519264678653,0.03518486017147104,0.2199017006569372,0.15670913331361505,0.07888805062015732,0.021394971711933084,0.2908287344024041,0.3138018501940922,5
pbmc,t-SNE,perplexity,2.0,learning_rate,200.0,0.8117078651685393,0.018338913480289647,0.735609238451935,0.050687171282511045,0.7766292134831461,0.029671193208071888,0.7538277153558053,0.03854623733920832,0.8613558052434458,0.01989342451467114,0.2249486133695604,0.0747911636255533,0.0977374895686833,0.10879761520837176,0.11939120075181726,0.06838944911670664,0.09559251080587172,0.0768148823898478,0.46934692049117127,0.2086206200877778,5
pbmc,t-SNE,perplexity,2.0,learning_rate,500.0,0.8500299625468164,0.0209286503142684,0.8004856429463171,0.0676211512908597,0.8160000000000001,0.0264994685337641,0.7951410736579276,0.02493653566030203,0.8342496878901373,0.0367725181613853,0.23888070680558765,0.09658428575802541,0.1175709910369249,0.10052474172398818,0.1850273950971077,0.1293022551195325,0.11837812821729102,0.09282849688808502,0.39776615883588207,0.18930590120251004,5
pbmc,t-SNE,perplexity,3.0,learning_rate,50.0,0.8987990012484394,0.006457898648121967,0.8755880149812734,0.0295778444437307,0.8668164794007491,0.013950284422102376,0.8291685393258426,0.014489207763682873,0.9493158551810238,0.031008188085139266,0.4396020442899246,0.08359126780019016,0.11509888585150345,0.05732102800065494,0.34183323170287794,0.1644254835903856,0.07076575877314997,0.047672551806121365,0.5908441343888606,0.18645548407074508,5
pbmc,t-SNE,perplexity,3.0,learning_rate,200.0,0.8707116104868915,0.019221721161487324,0.7811485642946316,0.06400072774688086,0.8340174781523096,0.02096816664301052,0.7874581772784021,0.0218253615163745,0.8801622971285893,0.013926309896097824,0.32639287032955294,0.12041643684411621,0.04163333433492416,0.02833294672497516,0.11612094059463896,0.05246363094159989,0.03911336599795996,0.00382625518619195,0.6530625003841556,0.06701089575447752,5
pbmc,t-SNE,perplexity,3.0,learning_rate,500.0,0.8589588014981274,0.012497953311318161,0.8286816479400748,0.02229772204446422,0.8367865168539325,0.014400118877475884,0.8078551810237204,0.02503102013930942,0.8473483146067415,0.051966384436789366,0.29770334904659257,0.08646157017561144,0.07220955987840331,0.016054557028956362,0.28513080422527126,0.14872740858927802,0.1491696414131152,0.1793389690842923,0.3356033981587256,0.27271474606516566,5
pbmc,t-SNE,perplexity,5.0,learning_rate,50.0,0.8906866416978776,0.01546312588024718,0.8396579275905118,0.038663269425485765,0.867187265917603,0.011188202730414062,0.8080199750312109,0.02356795384607183,0.9557128589263421,0.00642584167669789,0.3770811396056506,0.18773353747792362,0.09509348898415923,0.050945517370078845,0.35692042065554247,0.23036327547096086,0.05242044088518346,0.024478852704207178,0.7157828878963041,0.01795341831123667,5
pbmc,t-SNE,perplexity,5.0,learning_rate,200.0,0.8787390761548064,0.034486930342986076,0.8631410736579275,0.014825342269014706,0.8531385767790262,0.04398477876136063,0.7932084893882647,0.020123347233557333,0.8664868913857677,0.04870555166873736,0.5203615151236313,0.04696198500652553,0.1406602410884835,0.09172810194382783,0.4985487272036743,0.15737673581387698,0.1425636001758442,0.18166527465237345,0.56991342716264,0.28006813956504006,5
pbmc,t-SNE,perplexity,5.0,learning_rate,500.0,0.8792883895131087,0.0239202937213104,0.8705143570536829,0.032148067819041816,0.8542421972534331,0.037758659976026114,0.8214806491885144,0.04468589344409856,0.7843046192259676,0.11012356499839529,0.41229649853096245,0.10200474626992871,0.2410294710517816,0.1569312034118217,0.4261412286072189,0.23563252677550914,0.2511352305287141,0.15490618900624809,0.5009617051792243,0.26389389066802954,5
pbmc,t-SNE,perplexity,10.0,learning_rate,50.0,0.9012259675405743,0.005213885823988653,0.8615068664169788,0.08937755700309856,0.8690062421972534,0.00736112338508421,0.8464569288389512,0.005747544602832685,0.8306741573033708,0.013047333128141535,0.49670719740819563,0.1511257576470024,0.21371733931934783,0.1304407641335645,0.5182833558686706,0.16530031136490123,0.32132098372949913,0.19608757770240118,0.5855776019594675,0.11068138600491312,5
pbmc,t-SNE,perplexity,10.0,learning_rate,200.0,0.8895955056179776,0.02048607277047977,0.8518377028714108,0.047319706904650115,0.8669313358302123,0.023220397211372562,0.8283046192259675,0.03817999666169525,0.8029538077403247,0.10813013381260816,0.35604572630124515,0.08816267254883699,0.10572847071802874,0.061870958073967364,0.37440364800967313,0.18318805896787746,0.15697576895747906,0.21669028392006445,0.5011247208580704,0.26946327803128806,5
pbmc,t-SNE,perplexity,10.0,learning_rate,500.0,0.8766866416978776,0.012078448771953895,0.87174531835206,0.03620280398607477,0.8601198501872659,0.018456140271808655,0.8159975031210986,0.022182895949174608,0.7550062421972534,0.10249620221758593,0.4975512229734713,0.15811270973130065,0.24851777657767354,0.16109673994204207,0.5349186606278565,0.18393409365849522,0.23738856045066684,0.23367715522937432,0.11874108637681846,0.11752331399079902,5
pbmc,t-SNE,perplexity,15.0,learning_rate,50.0,0.906729088639201,0.0169809083812539,0.8973757802746567,0.004761453792731908,0.8779026217228465,0.01740419747101858,0.844079900124844,0.030781921433638348,0.7601697877652934,0.10170788207123241,0.570447036472877,0.07559577434504704,0.24141139250859434,0.09536302060350145,0.30131223358477477,0.1672064214785618,0.14673268690674107,0.16390523489032982,0.3530917561467847,0.27565342718582936,5
pbmc,t-SNE,perplexity,15.0,learning_rate,200.0,0.8831435705368291,0.018967038126830815,0.8698202247191013,0.027368288100325232,0.8376204744069913,0.012381642068403791,0.8083420724094882,0.018467340711062766,0.7768988764044944,0.1179650125141183,0.48276668866406414,0.09095784787792506,0.3025079192090992,0.10053068094982252,0.3167186173577664,0.17257363604479958,0.14726567093777423,0.10419242138577899,0.15014003708433754,0.20280999613082304,5
pbmc,t-SNE,perplexity,15.0,learning_rate,500.0,0.8736604244694132,0.010308849953122999,0.8346491885143571,0.037872882105110986,0.8372159800249689,0.023736054988581612,0.7766304619225968,0.035756036659337916,0.7575880149812735,0.13587904274157972,0.4598932928295346,0.2358120228706777,0.22368963511903156,0.21285159270678597,0.37691872401954113,0.20441134613293557,0.1044097573723779,0.12037117071307865,0.2611573521404819,0.2544648297835483,5
pbmc,t-SNE,perplexity,30.0,learning_rate,50.0,0.9026741573033707,0.02936123949248284,0.8784794007490635,0.04009287383900799,0.8692334581772784,0.03972832365225934,0.8376679151061174,0.029201063335146098,0.7962421972534333,0.06016346226701215,0.46193442041358973,0.13855062973484256,0.254064317863798,0.11235263236581798,0.42624865352605906,0.06978737799102007,0.1681820375655968,0.08413477138080555,0.3338198395225975,0.28370929934519173,5
pbmc,t-SNE,perplexity,30.0,learning_rate,200.0,0.8767715355805243,0.02876919565003567,0.8674394506866416,0.03252397919311544,0.8442571785268415,0.02795566071186701,0.8125642946317104,0.02631064979485206,0.6977178526841448,0.15417961665062202,0.4523376344787395,0.05278552565361353,0.16133369344829163,0.03649747240809869,0.3813464141607389,0.1125316509522806,0.08866833308933755,0.03218902590824957,0.11250577197576817,0.06551792571559127,5
pbmc,t-SNE,perplexity,30.0,learning_rate,500.0,0.8809213483146067,0.034539623984959654,0.8552434456928839,0.03374779966703,0.8567977528089887,0.0345396776836862,0.8384119850187265,0.030918583357300272,0.7824044943820225,0.09178336933028194,0.460673685533465,0.15681373534703488,0.1772913701609961,0.13921937905470214,0.383514816121742,0.07696291319852004,0.1713438500587949,0.09466736647317485,0.231853263316951,0.12356158891146267,5
pbmc,t-SNE,perplexity,50.0,learning_rate,50.0,0.9184544319600499,0.009997363278688602,0.8846392009987516,0.02643947856989541,0.8793907615480648,0.019092518032434017,0.8376903870162298,0.021718053053589974,0.7858002496878902,0.10458057403980688,0.6288501715974948,0.00981326997822142,0.14776975731421038,0.04336340458154137,0.5473711377729222,0.09036887023171523,0.10513393959251213,0.02001632147969325,0.2010558058547896,0.15778913516947998,5
pbmc,t-SNE,perplexity,50.0,learning_rate,200.0,0.9094456928838952,0.008411094314336861,0.846227215980025,0.06591540956041171,0.8761822721598003,0.011145786765022106,0.8523295880149814,0.027637312090824685,0.7974332084893883,0.13354671400371287,0.554925185020159,0.11036823424125096,0.1213704635838023,0.07872749459003689,0.3443787558170771,0.13337005089702317,0.1090064945365313,0.036795148800088655,0.620639137032023,0.16629332083754872,5
pbmc,t-SNE,perplexity,50.0,learning_rate,500.0,0.9099925093632958,0.00863200233376423,0.8848789013732834,0.0133876589457949,0.8682297128589263,0.02427913739532973,0.8348139825218477,0.030606537216522046,0.6858701622971286,0.12113007732194561,0.6020849370473478,0.0928855721172801,0.1666821132977197,0.058803365735517865,0.5440585959255024,0.07311727889984872,0.12885876121016498,0.0941472935417357,0.1705949897514199,0.12579991548462552,5
pbmc,t-SNE,perplexity,75.0,learning_rate,50.0,0.9250586766541822,0.012485366379150018,0.8661086142322099,0.06965920272293849,0.8737228464419478,0.02067429941087545,0.8446317103620474,0.017608761595599702,0.8244993757802745,0.02110875695904316,0.6603559192321244,0.06685313845877149,0.1489560938663575,0.10178967313974055,0.5309357798517806,0.0656747794187768,0.2158664159200793,0.09918394121882648,0.6200102932207707,0.15689938547710744,5
pbmc,t-SNE,perplexity,75.0,learning_rate,200.0,0.9226267166042448,0.01799436893262688,0.8951735330836454,0.031764045704375604,0.8894082397003744,0.02069771533784929,0.8660699126092384,0.016028055257350387,0.7459051186017478,0.07540105120955573,0.6793795630385965,0.033160545826782795,0.21314811229096703,0.08584299164366464,0.4592093060214674,0.1964218639846586,0.17034382658820363,0.09231315578945536,0.3156759105012773,0.22086116613288054,5
pbmc,t-SNE,perplexity,75.0,learning_rate,500.0,0.9332309612983771,0.010247720002504998,0.8667315855181024,0.07503814739822032,0.9007465667915107,0.01930489377089189,0.874621722846442,0.02211843548355182,0.6754257178526842,0.1332052467408577,0.6561480272039265,0.08526216887199936,0.09239751270482868,0.04899782493708554,0.48571493292481965,0.10158158135902894,0.12268587829556396,0.011661883389169833,0.35993613136867325,0.24842622426749558,5
pbmc,t-SNE,perplexity,100.0,learning_rate,50.0,0.9365642946317102,0.016186782749111523,0.8369263420724096,0.15252440989744628,0.89258177278402,0.02000389105869323,0.8545368289637952,0.01942128362139639,0.7340624219725344,0.09279030084744429,0.7123907591658296,0.04734814714733038,0.1521610252121915,0.08717212529083285,0.4992804192052291,0.1486222144646944,0.13105198291326065,0.01750915703176428,0.3118330395555509,0.22384958735365026,5
pbmc,t-SNE,perplexity,100.0,learning_rate,200.0,0.9331260923845193,0.008054924176456285,0.7664556803995006,0.17862518159213292,0.9037203495630463,0.010339370218896953,0.8798252184769039,0.005694355275609349,0.809103620474407,0.053885142500330135,0.6400824068581024,0.14971062064415636,0.06502315483019762,0.04917565676589177,0.5104376231601142,0.14052578911874594,0.12344910379814515,0.02011902200172847,0.587092387964265,0.24233069112358907,5
pbmc,t-SNE,perplexity,100.0,learning_rate,500.0,0.9260923845193508,0.00857069822438698,0.7729188514357054,0.14171823823756718,0.8966841448189763,0.006708295126321929,0.8689188514357052,0.014245661339177821,0.8406516853932585,0.11030265693706165,0.5983542300233143,0.077699682447342,0.10283462626456534,0.1016588058360084,0.5989251187229434,0.07523965010646814,0.22139030134671983,0.19068695643249625,0.5211327492896972,0.2576354034399241,5
