dataset,method,param1_name,param1_value,param2_name,param2_value,AUROC_kNN_mean,AUROC_kNN_std,AUROC_LOF_mean,AUROC_LOF_std,AUROC_IF_mean,AUROC_IF_std,AUROC_centroid_mean,AUROC_centroid_std,AUROC_linear_mean,AUROC_linear_std,AUPRC_kNN_mean,AUPRC_kNN_std,AUPRC_LOF_mean,AUPRC_LOF_std,AUPRC_IF_mean,AUPRC_IF_std,AUPRC_centroid_mean,AUPRC_centroid_std,AUPRC_linear_mean,AUPRC_linear_std,n_seeds
shuttle,DR-SNE,lambda,0.0,k_density,40.0,0.7692599462557371,0.08448525859311311,0.5592140496064303,0.007531744176019705,0.8292447266414591,0.06460966641263864,0.797246866899717,0.06003171510619478,0.8104846020308673,0.10688315526147682,0.4519558923858192,0.0847095603597341,0.29392314056314195,0.007164757766293319,0.6224272721575318,0.0781047207003603,0.6616764134721693,0.02943667838278393,0.7053280256692915,0.14922810803393297,5
shuttle,DR-SNE,lambda,0.0,k_density,80.0,0.7506311383795866,0.07754047306807943,0.5497564148296117,0.010123250504318162,0.7853442248698009,0.06050039338059613,0.7799042828945804,0.06143414648092201,0.791421749780029,0.11308326505782905,0.4350172165062041,0.06976641647147182,0.2790977044757256,0.011753401623606032,0.5562325576119749,0.05545987185121757,0.6132455631868874,0.06546282443321758,0.6476445311770431,0.19179675417778141,5
shuttle,DR-SNE,lambda,0.0,k_density,300.0,0.5032324558274477,0.06005193390155524,0.48078573636774385,0.016863692743122848,0.6650426862619201,0.10113490975825379,0.6583723335949205,0.1089778247935839,0.7034462438467575,0.10498285830437774,0.21618668773942504,0.022219170751930226,0.21657809278130064,0.01455786138489599,0.35747957434608824,0.0699946011304915,0.35481620637163347,0.09150494014534571,0.44728518279942414,0.15279452167193786,5
shuttle,DR-SNE,lambda,5e-05,k_density,40.0,0.7750092031105086,0.08698352859766748,0.5692233478395282,0.03076519648907846,0.8189102280564077,0.10393282107518505,0.7925636489025232,0.10996761533212944,0.8370833036075244,0.09745931997566926,0.4807448741359158,0.08825151824817432,0.3054647004619454,0.04044074661710042,0.6383936692464505,0.09217379770307876,0.6761691013102104,0.09469203489162238,0.7357936223445058,0.13222198297603854,5
shuttle,DR-SNE,lambda,5e-05,k_density,80.0,0.7250287032413023,0.08566638101807811,0.5324458633564005,0.014638336703346268,0.7586620294404414,0.08033413195703475,0.7550135074076716,0.08385718033604883,0.7753164966350383,0.09698598750924475,0.4075801616680718,0.081754607020208,0.26427168727190997,0.013413602081534918,0.5355549381061586,0.06897028613604014,0.5848755499636807,0.09369511698089124,0.6205800752607129,0.1874616276063194,5
shuttle,DR-SNE,lambda,5e-05,k_density,300.0,0.5000784285748259,0.06546667748405396,0.4900927683051533,0.018079472028847098,0.6514745190364082,0.09655954554272952,0.6478919645192743,0.10200303183212445,0.7061450143872916,0.09428421283066389,0.2138512876941958,0.02911270925723407,0.21866162461130675,0.011368840166704629,0.35651539728652165,0.07355431138408318,0.34290182145036247,0.07042456173428334,0.44415422883397093,0.13302972053037515,5
shuttle,DR-SNE,lambda,0.0001,k_density,40.0,0.7677842619676107,0.10398404320058689,0.5563823214667902,0.019736991809384197,0.8206388908706096,0.10578383600830973,0.8040884640079902,0.10481599058391432,0.8387369622601127,0.08836820113194753,0.4650699395775333,0.10534733194427875,0.29812851712552935,0.029289005230564127,0.6485102112719121,0.10849174293127262,0.6972455407571607,0.09587464350936169,0.7317237968506696,0.12865874388632775,5
shuttle,DR-SNE,lambda,0.0001,k_density,80.0,0.7297835009868969,0.10267112792186613,0.53052664621531,0.014770231328668726,0.7606112577584362,0.09692933479795858,0.7552470571448955,0.09954992975028798,0.7518963163777318,0.12845322974912612,0.4138751524301204,0.07950832696329888,0.26556479528606286,0.012889566873189267,0.5404032248728281,0.05397369937013186,0.5945215717341625,0.08300145768328855,0.6233895818153824,0.1847067349529035,5
shuttle,DR-SNE,lambda,0.0001,k_density,300.0,0.5088983852940477,0.06647280400562622,0.47678497538703,0.01434046797440577,0.6714207034315474,0.09563744609341852,0.6667741789731517,0.10403283248837951,0.7239108225725904,0.08886850273274599,0.220877929875198,0.032580791527316806,0.2162634676754883,0.012437562706442267,0.3603009588794734,0.06147883454520762,0.34645132178737625,0.06578303289952656,0.4593436515804455,0.12955703787822107,5
shuttle,DR-SNE,lambda,0.0002,k_density,40.0,0.803644003709781,0.08570521641573825,0.5574669567905639,0.017826101379313015,0.842471736700673,0.09769621308350392,0.825381227557014,0.10676781739135165,0.8291804713324297,0.12438363412340309,0.4955871239182542,0.09879850935306185,0.2921805097592075,0.024810677027055198,0.6652337876395312,0.09745960290550403,0.710703417784106,0.09875188875551863,0.7457200455880493,0.14304474243580959,5
shuttle,DR-SNE,lambda,0.0002,k_density,80.0,0.719705072412071,0.08394960817005981,0.5377558440940763,0.018080180785357766,0.7438504910703669,0.09182821673128243,0.7345210815438395,0.10538725078105084,0.7427143706451689,0.10590036359699748,0.4087267950450391,0.06552435082096054,0.27186691124607953,0.01601062170652121,0.5264075453216294,0.06118218054849145,0.5588294323273031,0.09444296800262604,0.6071671213577463,0.16728119431546104,5
shuttle,DR-SNE,lambda,0.0002,k_density,300.0,0.5097877815034125,0.06237972519275135,0.48604682409455185,0.02807633184406944,0.6651360015219614,0.0846600521632981,0.670731373807995,0.09225653311328764,0.7225313072221826,0.09126933535417152,0.22367109764334617,0.028503140805420074,0.22228796659501815,0.018852658339278315,0.36583828756404835,0.07123540150249821,0.36198778242751617,0.07212566105277796,0.4741102314471367,0.13786522211680624,5
shuttle,DR-SNE,lambda,0.0005,k_density,40.0,0.7659127725856698,0.08403951358781739,0.5482310527692563,0.034808114229088596,0.8219950298447124,0.07611558395485092,0.7995485481914818,0.08656622038974301,0.8307265463365914,0.11179162189057851,0.4429761911493143,0.09235035317969557,0.2793608477605084,0.033158842579878195,0.6127266851033802,0.07591786475684582,0.6610887156753148,0.07388775235409586,0.7074954225287122,0.16694194628647932,5
shuttle,DR-SNE,lambda,0.0005,k_density,80.0,0.7434548048797889,0.042919470365361895,0.542634158521795,0.0116668535041462,0.7779359111555018,0.0506406896321559,0.7814933057477824,0.06282610856267735,0.7474981332191863,0.11647501534798685,0.41513624032684326,0.015979445156689413,0.27680293717629223,0.010487734550265672,0.5326022985531995,0.04943827204427738,0.5816681795157365,0.0938610645982636,0.5669892524462803,0.2205001900268681,5
shuttle,DR-SNE,lambda,0.0005,k_density,300.0,0.5244068868754608,0.0584127917350021,0.48902061782121714,0.020407435054792266,0.6869193360443271,0.06776833841323329,0.6881066324225346,0.07718536107262224,0.7402137880193098,0.09844189471114428,0.2312652737764314,0.030597102916754066,0.22391378432722128,0.011848546918486486,0.37454965888527825,0.055637533010184925,0.36416544413509594,0.0662749423337068,0.4879548789016166,0.13971839199170183,5
shuttle,DR-SNE,lambda,0.001,k_density,40.0,0.7875122113623932,0.06638861763005957,0.5608179591448479,0.02830504416550416,0.8465133766141115,0.07048231313815564,0.8116821478680649,0.0975837685089447,0.8243004446981047,0.13213300000800343,0.46024359590370245,0.09476350560723976,0.29184087451381135,0.033145216195419755,0.625523909735531,0.07501026723522389,0.6760199587210394,0.0827300949489355,0.7402654722015191,0.1665570764611459,5
shuttle,DR-SNE,lambda,0.001,k_density,80.0,0.7243864355187748,0.0643847866085122,0.5344451974982759,0.01965606442950083,0.7544495017954389,0.050237164549630134,0.7478737723240827,0.03301216818413937,0.7571296283084826,0.13919904499015173,0.42331402704647836,0.060150341752339166,0.270033181429955,0.019374030479914567,0.5397686019879303,0.05239491626425956,0.5851420669217131,0.0656893397891704,0.6125803647573024,0.21292484427699568,5
shuttle,DR-SNE,lambda,0.001,k_density,300.0,0.4971394734964685,0.050679346633538666,0.491736605550403,0.01118415498101634,0.6690145299755059,0.09136745474024549,0.6671521248008371,0.09822709672773401,0.7133156405317352,0.0871795354489847,0.2197682296675712,0.024593189696383088,0.2252253006955986,0.013317172839299046,0.369228763228712,0.07145398121645281,0.3540909579431394,0.07575352915763688,0.45172456547716333,0.12913663459509495,5
shuttle,DR-SNE,lambda,0.002,k_density,40.0,0.7683458657344653,0.09402856093495317,0.5590190007372001,0.023784959575724424,0.8278586953936886,0.09184876919178668,0.8121928134883831,0.09555255292568708,0.8392183776842405,0.11307809706498897,0.4692552057337818,0.10877438543665133,0.3033659374073001,0.022198121167792233,0.6374600696743695,0.1082629728169649,0.6935817069108614,0.09148170567176193,0.7470020998799646,0.18245081457286833,5
shuttle,DR-SNE,lambda,0.002,k_density,80.0,0.7531853701457754,0.07133881324606177,0.5280646120187391,0.01085813527160196,0.7824539725571331,0.0670558216279172,0.7695570616632185,0.06039078169042043,0.771943402059404,0.12192432228296655,0.43612313032628724,0.052206802576890476,0.2675038579337087,0.007699995920624925,0.5569280014383114,0.05888997863706803,0.5895473590093461,0.08328854824536672,0.610644095722612,0.213395298859444,5
shuttle,DR-SNE,lambda,0.002,k_density,300.0,0.5291651565955625,0.028910257516208425,0.5012213978264488,0.008384868208795186,0.6893429169341989,0.06017694140759415,0.6882580438039524,0.08364118636393572,0.7236372500059451,0.08659105390059797,0.22943231346288812,0.017050430761145582,0.23004648393040505,0.0057125842770406636,0.3842873092133919,0.06540483624344925,0.378956437821268,0.07771307061938558,0.47067886221237343,0.12256690016292128,5
shuttle,DR-SNE,lambda,0.005,k_density,40.0,0.751519963853416,0.09274200327849673,0.5538472093410383,0.0218663239016348,0.8021815414615586,0.09282830780786995,0.7957241444912131,0.10738854903107953,0.7998393855080735,0.1318228157312266,0.44244188432481524,0.09110478980244732,0.28693527339935576,0.0169421185793743,0.596857593979888,0.09386569436126956,0.6576219357763164,0.11267474152280142,0.6863396721004829,0.1877979645119556,5
shuttle,DR-SNE,lambda,0.005,k_density,80.0,0.7518111340990702,0.08118285328453302,0.543644241516254,0.01216785655471651,0.7818651637297568,0.062398821198776426,0.7836507574136168,0.04955703129609784,0.8042221588071626,0.06668121945975017,0.43988296254921994,0.0905383650039666,0.27369802385957726,0.020415962082224792,0.5517673753877987,0.05976293099726283,0.5837184582715315,0.09240361624809919,0.6202424167858089,0.1878832827289998,5
shuttle,DR-SNE,lambda,0.005,k_density,300.0,0.5537243347363916,0.07650813538468332,0.5062599224750898,0.022114593198568115,0.7089950060640651,0.10829505849944748,0.7092182825616513,0.11724274942943405,0.7070567168438325,0.09576413702695345,0.2503482893046759,0.03289979361891933,0.23463752249489372,0.022316252771798453,0.4264994878310756,0.0973205802324879,0.43997395187130434,0.10298434420916099,0.463331881540606,0.12154915851636242,5
shuttle,DR-SNE,lambda,0.01,k_density,40.0,0.791136286889729,0.06612087779861005,0.551137119212385,0.028104517760718508,0.8333565432451071,0.056986651749107095,0.8136351810896292,0.09149286254253097,0.7973420370502484,0.14663955036556342,0.47875290599491327,0.07316982294002868,0.28234258733766715,0.032087134985812525,0.6290701232810111,0.061359985772684866,0.668536517055556,0.06873036413113869,0.7086256981304986,0.16613234631185855,5
shuttle,DR-SNE,lambda,0.01,k_density,80.0,0.7712363082923117,0.06656912236267055,0.5502170935292858,0.0233566826900927,0.7909297281872012,0.054084063630292015,0.7743185179900597,0.03976192921200451,0.763815652422059,0.1385137178024477,0.47619764237916956,0.0828916805001518,0.28326555992728547,0.025207352011661226,0.5838885502205686,0.0715454977116631,0.5953929401793223,0.09039019223620427,0.6255270846114716,0.2040844359157261,5
shuttle,DR-SNE,lambda,0.01,k_density,300.0,0.55978373879337,0.03855251036771542,0.49623036313048435,0.011276895627136435,0.7185335901643244,0.07054488758852664,0.7157785308316092,0.07949375891869212,0.6966307103279351,0.08939743478208921,0.25698551183892004,0.022959490487546443,0.22862550577651777,0.014624544385437251,0.4586433133272746,0.07699518097095479,0.4761589689703837,0.08892394644359622,0.4586825536193612,0.1011584805197064,5
shuttle,DR-SNE,lambda,0.1,k_density,40.0,0.8197549642101258,0.07545762188724126,0.5601063470547668,0.016381249235310997,0.8421556205559915,0.07441717767743404,0.8242404936862382,0.08830290344953123,0.7898930346484031,0.1314810160060133,0.5434526125222467,0.12014391489665992,0.2906756796119881,0.014574873916030599,0.6374795045240782,0.10403078430793386,0.6748599610237676,0.07858187252846645,0.6941495059532787,0.15600606378786838,5
shuttle,DR-SNE,lambda,0.1,k_density,80.0,0.7819001212813014,0.050366142606687335,0.5574425816270718,0.0245067322492714,0.7880252074861478,0.05011018282110139,0.7601577845948967,0.06561819293293193,0.7487646429335807,0.12981337670162432,0.5018499242741976,0.0761733339389918,0.2886695878023776,0.025775728828358855,0.5653438181531376,0.04934509810286917,0.5708185301598313,0.059657335257428425,0.5985333396213803,0.1636931863211026,5
shuttle,DR-SNE,lambda,0.1,k_density,300.0,0.6761775938741053,0.0469720566347652,0.5498578392903855,0.013433752236658046,0.8087065943734988,0.05587948287581125,0.8022219923426317,0.04989248991840859,0.6948997170102971,0.07015079075300223,0.38169314643737196,0.053410537886660045,0.277614586568464,0.016916189058221745,0.6014010995381786,0.07868850135519874,0.6210594735353082,0.06322211741373751,0.5099695800020594,0.13014982354840376,5
shuttle,DR-SNE,lambda,1.0,k_density,40.0,0.8100629711540748,0.028549378249733758,0.551413902166417,0.014638841520603055,0.8189006444555421,0.058932257737673285,0.8071591638724407,0.07711923127160064,0.7548455922570212,0.15324613802851164,0.5188368665089075,0.05285814852636269,0.2880109725281141,0.019666126870469855,0.5706448309195761,0.06471175968406248,0.5950371879633174,0.05668698282337902,0.6150069727182966,0.1583466447463148,5
shuttle,DR-SNE,lambda,1.0,k_density,80.0,0.7512096739673254,0.042176702031205604,0.5565778221683194,0.013514629856501231,0.7535547073791349,0.055339964424774915,0.7430024018453782,0.059435376641328946,0.6739221421607097,0.10578896471167534,0.4311382154160821,0.0445505894906652,0.29156142235716703,0.00919875597801061,0.5123934904123587,0.039229978940699975,0.52218041931426,0.045075616683730314,0.5087495146089623,0.10320142282600298,5
shuttle,DR-SNE,lambda,1.0,k_density,300.0,0.6901942878885163,0.07860532154511433,0.5560737437873059,0.012853065586613525,0.7739848755083113,0.06777109089840064,0.7661782597322299,0.06550943135661136,0.6148644265296902,0.04661525855419251,0.4525169144075624,0.08962308767521865,0.2802556099081796,0.0219998839749405,0.5995897812361382,0.07198382801964831,0.6021277555216608,0.052525035450084856,0.45943893203284014,0.06334789122181451,5
shuttle,DenSNE,perplexity,5.0,dens_lambda,0.0,0.47659922475089767,0.03015559584612388,0.5139241159544363,0.013750283052671296,0.48712972343107175,0.018485088375191666,0.48601303179472544,0.019754966067625623,0.570985232218021,0.01599541022583975,0.21783210070732814,0.016918885652307127,0.22780896262584935,0.009717445026873937,0.21684987759458246,0.010063625147203046,0.2157946539165994,0.00867651416493828,0.2581585803687109,0.014804034897425883,5
shuttle,DenSNE,perplexity,5.0,dens_lambda,0.01,0.48512577584361843,0.035650925796588316,0.5132024446505434,0.01233084943044264,0.4878140115573945,0.023560300820756025,0.4850333166868802,0.023523227577379666,0.5707242158331549,0.01603255575034598,0.21893122976475068,0.011576244860226143,0.22722912621355787,0.009063447183330539,0.2126080129501781,0.008891872998315554,0.2128475782406123,0.007666804056049759,0.2570535004115032,0.013491502618268049,5
shuttle,DenSNE,perplexity,5.0,dens_lambda,0.05,0.5068200994031058,0.03248084894307318,0.509265938978859,0.017511108919827083,0.48949214049606427,0.023974736993169488,0.48685310694157097,0.02253184763235763,0.5725268840217831,0.018162045050067726,0.23122551170547104,0.014581157377119474,0.2296902037695377,0.019668986278795667,0.2175983949648796,0.011485475329135828,0.21505892119032008,0.011084927068645903,0.25967909098583253,0.014470366386655492,5
shuttle,DenSNE,perplexity,5.0,dens_lambda,0.1,0.516657154407743,0.03957389813334166,0.5135346127321585,0.017001971233885048,0.49265720196903756,0.022286742228758226,0.4904155430310813,0.01950237021874133,0.5730683217997194,0.01674023312504023,0.24451484054620454,0.021603970819682922,0.2352529360807222,0.01030005223458162,0.22319421194282274,0.014061243787848534,0.22207370164252804,0.012617318075340526,0.2625633479554414,0.012069832176014981,5
shuttle,DenSNE,perplexity,5.0,dens_lambda,0.2,0.5229306794130937,0.026016220051381864,0.5292789232122898,0.009152934956066647,0.4919455898789565,0.017824609059598658,0.49017944876459535,0.01759535697395875,0.5714255546835985,0.018005346658049905,0.2474344911985528,0.021286581461265833,0.2421814092925103,0.019704186104504764,0.22545649241783758,0.011535351811821757,0.22544150316480555,0.010408018353762712,0.2613191570095035,0.009069739219402524,5
shuttle,DenSNE,perplexity,5.0,dens_lambda,0.5,0.5370162897434068,0.023451462601197237,0.532799505362536,0.011726604103452254,0.49194773013721427,0.020604057480992897,0.49144548286604356,0.017997036719184754,0.5721279398825236,0.016599776090339663,0.256828496936864,0.018069212713103213,0.24888790126720867,0.01429357254941632,0.22876648533879548,0.012949976825048967,0.22664047987542468,0.009634977199073691,0.26195200309859634,0.008876197128806815,5
shuttle,DenSNE,perplexity,5.0,dens_lambda,1.0,0.5437941071555967,0.03048540855751384,0.5581109129390501,0.023746204818885213,0.4962940239233312,0.021877308290606166,0.49398982188295165,0.023315420491371117,0.5717188651875105,0.015997209714667327,0.27027366594288454,0.01845097258854785,0.2665617054869033,0.01974966428095717,0.2437386772553344,0.01176940441594412,0.24093478804971463,0.008874373301899148,0.2672480862788492,0.009638098158455979,5
shuttle,DenSNE,perplexity,10.0,dens_lambda,0.0,0.4703457230505815,0.013922201103842227,0.5199797388884926,0.008585405811805802,0.5134400133171625,0.043709023332688314,0.5097599581460608,0.037819804225497,0.6054837221469168,0.037019096823578505,0.22560825007635277,0.017305754736402213,0.2433569442768905,0.018362353717946003,0.24035174097950315,0.03249701333754274,0.23491051728896145,0.029661509132945747,0.3422917562099905,0.03906818889473034,5
shuttle,DenSNE,perplexity,10.0,dens_lambda,0.01,0.4912336448598131,0.013981739294438855,0.5195190601888184,0.010240161871324897,0.5072103160448027,0.03968097233943249,0.5058834748281849,0.04013821851114767,0.606049368623814,0.03717926754801538,0.23251833462332577,0.018241857033754187,0.2420282079945347,0.00972995029168806,0.23721001096696845,0.03304265247466179,0.23884487917695746,0.04238814526615807,0.3398255336725444,0.05034458668812812,5
shuttle,DenSNE,perplexity,10.0,dens_lambda,0.05,0.5554129985018192,0.02657409294352656,0.5252276045753966,0.015802748732778676,0.5136120187391501,0.04113139741613287,0.5138187914675038,0.037620288461314565,0.6060813773750923,0.03653122796467093,0.26823315611655485,0.02334949899295445,0.2454821664913535,0.009528256046735527,0.24293012398782338,0.028529860565989114,0.2410230395305662,0.029349413171169986,0.3461728899269538,0.04131336849545207,5
shuttle,DenSNE,perplexity,10.0,dens_lambda,0.1,0.5826861192361656,0.019487159308138303,0.5293950678937481,0.008621459427830679,0.522409597869254,0.04612994931723051,0.5170022116001998,0.0404887672641313,0.6054458157951059,0.037251350598687304,0.28021371232068504,0.025147558438063464,0.24445267316556687,0.008615901036319493,0.24322141083036422,0.023696351584212745,0.23834556067510912,0.02138661077396609,0.3408737984456137,0.03514201451719699,5
shuttle,DenSNE,perplexity,10.0,dens_lambda,0.2,0.6003127155121162,0.026082185478317945,0.5398163658414783,0.008483419847127631,0.5208394568500154,0.04259999310238608,0.5166728971962616,0.04173340259566808,0.6047687807662124,0.03838839185808308,0.3077059031658901,0.025686501734845962,0.2483997879353974,0.005129199194032469,0.25564654294344274,0.029235960863428063,0.24999686635873672,0.02236645013092553,0.33792808985877854,0.026805623915351268,5
shuttle,DenSNE,perplexity,10.0,dens_lambda,0.5,0.6298998359135336,0.026156510417532648,0.5527260231623504,0.008327706698925175,0.5305934222729543,0.043668144434605344,0.5262452735963473,0.041506774054438575,0.607337994340206,0.03833229775333516,0.3386395654455291,0.021752519819169522,0.26577721264841714,0.008551326792874011,0.2735424431515341,0.027224035032549342,0.2695525912803065,0.02525571686284085,0.34548359967580433,0.02310839657058333,5
shuttle,DenSNE,perplexity,10.0,dens_lambda,1.0,0.631122969727236,0.02004638279141488,0.5725859551496992,0.012443848361367887,0.5285175620080378,0.0432622824316228,0.5238170792608975,0.042827574873992566,0.6058270195714728,0.035398743478023534,0.34458703837253857,0.02237536920219548,0.2869495342297007,0.013319589550226748,0.2751091285284769,0.025521998791820773,0.2734435072084591,0.02305727054922913,0.34101592917878565,0.02226422719727968,5
shuttle,DenSNE,perplexity,15.0,dens_lambda,0.0,0.4521260849920335,0.03679611194618249,0.5180175976790088,0.003341547357855419,0.5500564076954174,0.06481653755059247,0.5490087274975626,0.06572915053591194,0.6275365151839434,0.06672432577166768,0.22635737729579247,0.01927277108200371,0.24204791915155605,0.007859094495328043,0.2808047695981922,0.06372439017562133,0.27937533650418805,0.06906473384512908,0.3668495199331888,0.06164337614484491,5
shuttle,DenSNE,perplexity,15.0,dens_lambda,0.01,0.48381394021545265,0.045483576800713944,0.5236469525100473,0.004109193827495823,0.5554041758816675,0.06416144635998247,0.5531970702242515,0.06499724732525158,0.627779743644622,0.06471117503726023,0.23519327662830683,0.027985414531353985,0.24748617657677502,0.008154107877535068,0.2902741026856284,0.05657454807717073,0.28784851515262344,0.07964492237955673,0.3597805402676574,0.05184269168194221,5
shuttle,DenSNE,perplexity,15.0,dens_lambda,0.05,0.5784640555515921,0.03625065574783559,0.52875536848113,0.002675869464497289,0.5612849397160591,0.06600447234045247,0.5591327197926328,0.07044794368523573,0.6280285367767711,0.06829135948291346,0.29309598661261205,0.02376949531132576,0.2508559975551331,0.008409009554144475,0.30002176921582013,0.0639537050755733,0.29679757664294276,0.08086020534895866,0.3763914296089119,0.04311900294689634,5
shuttle,DenSNE,perplexity,15.0,dens_lambda,0.1,0.6223739268982902,0.028157278873404253,0.5231604955886899,0.005533257045112055,0.5672176880454687,0.06798172853860408,0.568909181707926,0.06801270734622628,0.6296467147035743,0.06711014335265907,0.3391251664530601,0.020237854724581526,0.24721005432158977,0.013186704243412574,0.3177295694915999,0.07390733702220717,0.3144795241241458,0.08283846032483393,0.3846610035473931,0.025238188994278453,5
shuttle,DenSNE,perplexity,15.0,dens_lambda,0.2,0.6487375805569429,0.02026688254494681,0.5210872987562721,0.005861766310852886,0.5657895650519607,0.056494972204017634,0.5651142660103208,0.06283512723027186,0.6305406292359278,0.06774343353231975,0.3743484971967005,0.02151662690069539,0.2441995257884985,0.0119542551366395,0.316010865014852,0.051929360852796876,0.3115543983740072,0.07094114237310645,0.384318873637122,0.025876153660450915,5
shuttle,DenSNE,perplexity,15.0,dens_lambda,0.5,0.673001545742075,0.016324992801387335,0.5373490285605574,0.009979491531346347,0.575349385270267,0.0625790098412892,0.5713153551639676,0.06815373287803808,0.6319828303726427,0.06645640832955246,0.4013700383114277,0.018992126843494984,0.2646514899702931,0.011895725571034308,0.337984201100576,0.06287881161052862,0.3274701347378491,0.07437632678533837,0.3862996867522329,0.032586514210256164,5
shuttle,DenSNE,perplexity,15.0,dens_lambda,1.0,0.6858103255570616,0.01102932880531895,0.5533896934674563,0.013552649140826234,0.5783224655775131,0.07341966192805183,0.5717085919478728,0.07268183039943717,0.6319793583981356,0.06520116549259884,0.4151652568925792,0.02122164471353146,0.29171883983240104,0.019165442177476556,0.34882940672402124,0.06384068315251044,0.34067052600859815,0.07930827231587038,0.37896656473408885,0.044893331794109904,5
shuttle,DenSNE,perplexity,30.0,dens_lambda,0.0,0.37271422796128506,0.023097193903547628,0.532222111245868,0.006228455235523751,0.6591593303369718,0.06509743823314301,0.6462657725143279,0.05935591438786177,0.6892175215809374,0.09680794031873897,0.19310806789133206,0.020221890570447435,0.2597415130959385,0.006867417836904787,0.3616766467973199,0.06523171057880611,0.3659778577397895,0.10240474521222652,0.4753981882422192,0.1388147423949469,5
shuttle,DenSNE,perplexity,30.0,dens_lambda,0.01,0.415813512163801,0.02330455287796869,0.5327174621293191,0.006273617683998593,0.649864640555516,0.06270657988210399,0.6438227866162517,0.060076642525546314,0.6887141803999904,0.09745865395776952,0.20788100112345406,0.018309847703456672,0.2624661117420811,0.011209927639635343,0.3518056116564986,0.0574386840890426,0.3630703345944209,0.09793153008680835,0.47128297657828283,0.138017470900272,5
shuttle,DenSNE,perplexity,30.0,dens_lambda,0.05,0.5695644336638843,0.02355354365721018,0.5278224061258948,0.005241855862587594,0.6669171957860693,0.06564465640741962,0.6575798910846353,0.05626810794182621,0.6909665881905306,0.09504604785788896,0.29956756275507973,0.017776678892567618,0.25618213221747677,0.009727956473518522,0.36932368853779285,0.04880049478913418,0.3820215567589985,0.08954837270810855,0.4781078648440101,0.12609211073553356,5
shuttle,DenSNE,perplexity,30.0,dens_lambda,0.1,0.6450606168699913,0.01702630495486823,0.526075670019738,0.006472561124313108,0.6741159544362797,0.059573487803546925,0.6643453901215192,0.054859244202177526,0.6908460678699674,0.09647990503362275,0.3953717341977912,0.014606242935510208,0.2520641727685652,0.006245435045981785,0.39662570815942644,0.050099856974302255,0.3931542414190876,0.07959294930024696,0.48014258100873847,0.12863385900810756,5
shuttle,DenSNE,perplexity,30.0,dens_lambda,0.2,0.6824776105205583,0.016523331731429104,0.5214554231766189,0.008337978422795312,0.6756329694894296,0.06589045268905512,0.6571885567525148,0.060333518301882764,0.6910127226463104,0.09785163493538762,0.4493581815447961,0.01612887656234858,0.23996394276627778,0.006924964832325132,0.39163282920494935,0.06355322877279423,0.3862856063496593,0.07444851461739703,0.48539380696644907,0.11170278682711186,5
shuttle,DenSNE,perplexity,30.0,dens_lambda,0.5,0.7114167082827995,0.01063988886335066,0.5273836531830396,0.01134798602225919,0.6816294975149224,0.05611396260395439,0.6617317067370574,0.05385044917511275,0.6909736748234288,0.09631949656918515,0.4749600643458938,0.014961507976500213,0.23538094468220852,0.01017826003415125,0.4113550628976316,0.03974496791237509,0.3922041504496687,0.04413336509204951,0.48483027138568024,0.1108048490055458,5
shuttle,DenSNE,perplexity,30.0,dens_lambda,1.0,0.7239347459037835,0.009652623413574424,0.5445577513019904,0.005506239267949565,0.6756071912677464,0.055858576252985674,0.6600685358255451,0.049586870952464245,0.6866194858624052,0.09746178846616839,0.48134041577160963,0.020323328346276134,0.2541368019902458,0.011129585976846492,0.40656209757108963,0.03471462015724868,0.3948493901276608,0.045761952360935956,0.479649842450543,0.11918927794870435,5
shuttle,DenSNE,perplexity,50.0,dens_lambda,0.0,0.35363991343844375,0.011722572027037408,0.5337763192314094,0.00695085837969669,0.7487762716701148,0.05986897069150384,0.7313387077596252,0.056566744008653864,0.7303283631780457,0.1266420754550258,0.20718393070168467,0.016343429466695446,0.25971689900827305,0.007109378501517668,0.4954948885668645,0.08980526344604767,0.5144382546558098,0.12775012415061182,0.6205300790762907,0.16157588331985098,5
shuttle,DenSNE,perplexity,50.0,dens_lambda,0.01,0.37694704049844235,0.015655713604582837,0.5339544362797556,0.003887127118959562,0.7469580984994411,0.05341520873007792,0.7305909015243395,0.050667912622550215,0.7297605764428907,0.12595554510381934,0.21390356978678443,0.017428986334729064,0.26008753737220575,0.003745775647177642,0.4775433885710588,0.09514414137581889,0.5086833186099005,0.12661652779567786,0.6208112702038442,0.15944270450198048,5
shuttle,DenSNE,perplexity,50.0,dens_lambda,0.05,0.5385113790397374,0.010166080731885166,0.5299450191434211,0.004340522387641298,0.7551772371643957,0.05811673015038733,0.7399685619842572,0.06249075151829146,0.7322862238710138,0.12534841647976655,0.2934054115695902,0.014848666544969314,0.25355944431622807,0.006595226172216327,0.5107358373983593,0.06566594677530112,0.530772218680506,0.09848035824855983,0.6255074925037344,0.1666312759422784,5
shuttle,DenSNE,perplexity,50.0,dens_lambda,0.1,0.6422987800527931,0.009342897481277661,0.5225439585265511,0.0031334181541036238,0.7615387267841431,0.0549060139659662,0.7528467337280921,0.06420696826536754,0.7324996789612613,0.12500561851542125,0.3854620869158577,0.010367444473887811,0.24397239834158818,0.006440635791839412,0.5253520923507089,0.06068518128305365,0.556422168096536,0.07961862429756612,0.6340781851854043,0.1646513259043729,5
shuttle,DenSNE,perplexity,50.0,dens_lambda,0.2,0.6949351977360824,0.007513869438870821,0.5105821978074243,0.003966471706362541,0.7634199424508334,0.048339755603774584,0.7503666975815081,0.05096349621199553,0.7318733918337257,0.12528224023618778,0.4418591485228795,0.006039876397262934,0.22680778621621175,0.004715936154047936,0.5258150290917974,0.06199364283221347,0.5379909256653371,0.06695220150162182,0.629899608928495,0.167957887010622,5
shuttle,DenSNE,perplexity,50.0,dens_lambda,0.5,0.7299858267342036,0.007689064520483326,0.4982872702194954,0.004482667369210304,0.748470048274714,0.04093710437440057,0.7406227200304392,0.05298555697344576,0.7267144657677582,0.12638002284322106,0.4616623677253268,0.0068382974957569296,0.21086989592377842,0.003080252772366482,0.5230745890821409,0.06460934422243683,0.5385223992626176,0.07336845201964255,0.6185102161383904,0.16861331322759113,5
shuttle,DenSNE,perplexity,50.0,dens_lambda,1.0,0.7422651542174978,0.008307453302557196,0.5168334641268935,0.010642714242773852,0.7497337043114314,0.03802803753843938,0.725178806687118,0.05515365090711809,0.7265621269410953,0.11914729553200262,0.4773382043749089,0.0068147354763417375,0.22138389560184732,0.006300859518266457,0.5285564614012058,0.05106539999148019,0.526358604232678,0.05987996521585316,0.6090447862961775,0.15439584230998452,5
shuttle,DenSNE,perplexity,75.0,dens_lambda,0.0,0.30633226320420437,0.011174142833808614,0.5230160994982282,0.004452395579676759,0.7583955910679888,0.10425710650236394,0.7473266271907921,0.10512157061995661,0.7173469358635942,0.141067126201401,0.17807271622663964,0.016708478727346873,0.25157998873479953,0.004434860409814786,0.536282299964353,0.14993888682035053,0.5377044388396645,0.18247262421916366,0.6435497503314708,0.1806761933910161,5
shuttle,DenSNE,perplexity,75.0,dens_lambda,0.01,0.3309840907469501,0.012412559350536301,0.5234403462462248,0.00425181061429122,0.761043375900692,0.10229560352211525,0.7480543149984543,0.10609955908833726,0.7205864307626454,0.1331006985083856,0.18683404490839375,0.01589541177100789,0.2493603830474218,0.003808099828770735,0.5288854743866704,0.15140829199821826,0.5251658635004702,0.18357028934660413,0.6476405968200736,0.17032514396652815,5
shuttle,DenSNE,perplexity,75.0,dens_lambda,0.05,0.4724004661006872,0.015290798882483905,0.5302749518441893,0.003979636338600623,0.7655379420227819,0.09816895990204626,0.7455577750826377,0.09736116124436148,0.719725904259114,0.13400958098386162,0.2574158134652812,0.008588782906831948,0.2509093834190707,0.0047878244571405775,0.5520560268502896,0.13197365172028866,0.5315131169827666,0.16998798229335318,0.6511754043698167,0.16028762126678758,5
shuttle,DenSNE,perplexity,75.0,dens_lambda,0.1,0.6016194145204633,0.011775756593831425,0.5292222301491046,0.005719829279066037,0.7659076121852036,0.09296860122695427,0.7481325533281016,0.09161647503577156,0.7196626952985661,0.13386616082174002,0.347038022844176,0.004944496502827935,0.24142547928022426,0.005554337835837646,0.569430693784321,0.1333910187095121,0.548501185917438,0.15445557729258383,0.6540384160935087,0.15936144880116485,5
shuttle,DenSNE,perplexity,75.0,dens_lambda,0.2,0.6774995124967302,0.008919011944908274,0.5197029321538131,0.004446401264824955,0.7678497538703004,0.0886208126468837,0.7518595514969918,0.09207830786839555,0.7211557870205227,0.13202760190083193,0.4150496098086135,0.00426998461805741,0.22527932867238193,0.00223191171607371,0.5811769752860882,0.1189800567677126,0.5592590327604545,0.1346940249635607,0.6521286831779254,0.15856724803821498,5
shuttle,DenSNE,perplexity,75.0,dens_lambda,0.5,0.7188538679222848,0.009117205482744011,0.5056256450500582,0.004066741709112314,0.764582554517134,0.07997480056418596,0.7450478228817388,0.09022911412685386,0.7232671755725191,0.13104636778632628,0.4331048260440674,0.010720868033912503,0.2088269635430874,0.00239049388551605,0.5743152600018014,0.11198865382233224,0.5519506260086728,0.12752311638742964,0.6479605628476633,0.15465951255868143,5
shuttle,DenSNE,perplexity,75.0,dens_lambda,1.0,0.7357451190221398,0.008593038656691957,0.502035766093553,0.01099292291409678,0.762028298970298,0.08062547733068169,0.7473871727188415,0.0931992202125248,0.7236520891298661,0.13695163399956872,0.4421141820973039,0.01489680565462688,0.20643893273850544,0.005593541303498733,0.5568359815417189,0.10264858008256059,0.5616891253682506,0.10706524168627998,0.6462652340584183,0.15662474864214335,5
shuttle,DenSNE,perplexity,100.0,dens_lambda,0.0,0.2733860788090651,0.015502737389774233,0.5086331359539606,0.004871700881231936,0.7747559392166655,0.12274899551423804,0.7533242966873558,0.1123202974788308,0.7549971701029702,0.1096399191243454,0.1726184682666829,0.013809252537812487,0.2371137261996643,0.005368479085805961,0.5839412142584308,0.11438523789951956,0.5983140767296484,0.054637638843989846,0.6746280599074181,0.09388536900335707,5
shuttle,DenSNE,perplexity,100.0,dens_lambda,0.01,0.29454657439775506,0.016380909632217232,0.5067659270885353,0.006233309365083679,0.7777536800551712,0.1152780459715315,0.7469891322441796,0.10296784480117331,0.7566959644241515,0.10696955720433145,0.18283742731208202,0.011314401072351902,0.23494078371468685,0.004654452451970086,0.5759436266567015,0.10767015326730245,0.5721274444607,0.02812398968415722,0.6826314326832048,0.08100242810913327,5
shuttle,DenSNE,perplexity,100.0,dens_lambda,0.05,0.43443119069701075,0.01366044867361744,0.5166123278875651,0.0037645937912155598,0.7816079046871656,0.1123329215366241,0.7646913034172791,0.11044394228764426,0.7583538084706666,0.109558797422272,0.23126549930213827,0.007758704058029243,0.23226233753845293,0.0036316717743216462,0.592636895949565,0.09790986427314002,0.6213901757809589,0.04676226498941769,0.688068804966656,0.07891327090871755,5
shuttle,DenSNE,perplexity,100.0,dens_lambda,0.1,0.5889702979715108,0.018405459373348258,0.510824046990559,0.004733678301765956,0.7875106656203181,0.10963914994122742,0.7701579034981332,0.1172870897416362,0.7564943996575586,0.11014772401178648,0.31092748046574686,0.008161650992393047,0.2244966834932825,0.00272046831280009,0.6132012981133095,0.10519668766679041,0.6479859669229691,0.0759139059798697,0.6842725685961337,0.07893743072835897,5
shuttle,DenSNE,perplexity,100.0,dens_lambda,0.2,0.671493044160662,0.018589620758097523,0.5004056978430953,0.0028231851859683303,0.7869681101519583,0.117813641805784,0.7679927706832179,0.1213221363472899,0.7582116477610521,0.1092126706446653,0.37853733989443084,0.004299425217857005,0.21133177848262258,0.0015896453089070445,0.6163560944301324,0.1200745857243342,0.633766116019119,0.08266909081807304,0.6899602572834503,0.07779652406241312,5
shuttle,DenSNE,perplexity,100.0,dens_lambda,0.5,0.7094178021925757,0.016408248870509148,0.47605495707593165,0.007931437489897802,0.7854609402867945,0.11120142017718047,0.7606527787686381,0.12297716796103318,0.7541944305724002,0.11072184224406731,0.39221581008526696,0.0037682946710759957,0.19367507686941726,0.003148779368313372,0.6106254023962008,0.11866188453613606,0.6253138222004166,0.09205802418587025,0.6779525888524842,0.07977265942871373,5
shuttle,DenSNE,perplexity,100.0,dens_lambda,1.0,0.7236670709376709,0.014692439937627134,0.4724121186178687,0.01412404953330287,0.7724075051722908,0.11067499342336791,0.7408076383439157,0.13182814802687065,0.7490951463698842,0.10481493227489415,0.39242063980275077,0.008756334494824495,0.1933912906907596,0.0062295757367748636,0.5727057567006597,0.13402469666793546,0.5877871766663816,0.1167782809518319,0.6620845222736917,0.06986773391211297,5
shuttle,DensMAP,dens_lambda,0.01,dens_frac,0.1,0.36598825236022925,0.013795033216153352,0.5095634348766973,0.012878481959277259,0.8652527407196023,0.06179579743761204,0.8096109486100211,0.1730490068498012,0.8119250909609761,0.1578710211797022,0.18281061477207544,0.0062365534573268246,0.23913647211670366,0.008650649590908681,0.6649331171875582,0.12507477838680356,0.7000011362185184,0.19789685712139246,0.6882667689908073,0.240970550283163,5
shuttle,DensMAP,dens_lambda,0.01,dens_frac,0.3,0.3672866757033127,0.013065344026880022,0.5072168795034601,0.013611402148435417,0.8729469929371477,0.05171544911784305,0.8127015766569166,0.16753361355333357,0.8103842001379278,0.15968708083971275,0.18516399083118995,0.0025824249664942924,0.23467482072438517,0.014533284305635474,0.6669299702117961,0.12553076382863626,0.697346817120604,0.1934609299819335,0.6903782965369524,0.24188489879092992,5
shuttle,DensMAP,dens_lambda,0.01,dens_frac,0.5,0.3637848802644408,0.012476581217464096,0.5093771848469715,0.011844564659522838,0.8752257734655536,0.0665810130590204,0.8148226914936625,0.15472888937975407,0.8099013578749613,0.1625830214926275,0.18243336531906235,0.005921501165156597,0.23987431020756414,0.008634438146755317,0.68987407749034,0.13085747785043814,0.6655136952654855,0.19293815597931785,0.6896235593769883,0.2429199332126816,5
shuttle,DensMAP,dens_lambda,0.05,dens_frac,0.1,0.5966556800076098,0.018833569829115847,0.5268004090271338,0.009429460816756044,0.8713296235523531,0.059257653021743906,0.809362535968229,0.17234253499487878,0.8121477729423795,0.15785297798448886,0.3465985555808371,0.01618206527378914,0.2540867634239829,0.011434986337335175,0.6681590087891737,0.12210135624708847,0.6978884403134237,0.19870024920685508,0.6898151288250955,0.24037678401676676,5
shuttle,DensMAP,dens_lambda,0.05,dens_frac,0.3,0.5994216070961451,0.018123626587559394,0.5296526836460489,0.009605435178821927,0.864259090152434,0.06434324042141078,0.810335544933533,0.1621804247859522,0.811618177926803,0.1579077288033675,0.35756041126492344,0.010555969139685617,0.25990985365725433,0.010939907168562977,0.6670267927408147,0.11524940715437855,0.690628603429323,0.1730718238494216,0.6910637800846485,0.24242753715291676,5
shuttle,DensMAP,dens_lambda,0.05,dens_frac,0.5,0.5979880621150508,0.018919571801210185,0.5241184514042472,0.01355346126081179,0.8715808423105278,0.056644633469436795,0.8108725595110698,0.1513160342247443,0.8103838672088652,0.1598738805191162,0.35237249918455615,0.021084157380204506,0.25847408689157775,0.019784577437027027,0.6847688385978182,0.10635244411853763,0.6892369568631714,0.15779435682988488,0.6915231545588179,0.24161081669410833,5
shuttle,DensMAP,dens_lambda,0.1,dens_frac,0.1,0.6720750517229079,0.015793101304641184,0.5322216831942166,0.006879166432629059,0.8646569879432118,0.06073854394762815,0.8086876887588881,0.1718830992051049,0.8125877624788946,0.1577533148842625,0.43443044635860223,0.018918094989172716,0.2602452241880031,0.013593021589977631,0.6537420568703652,0.12762440091085292,0.693694432992198,0.1966136391722095,0.6913505568787353,0.239009891418561,5
shuttle,DensMAP,dens_lambda,0.1,dens_frac,0.3,0.6790024494066728,0.013083476383635854,0.5353128344153528,0.004365538826309575,0.8626228864949704,0.05175148747642545,0.8117634776818626,0.1617600697663331,0.8147247865686904,0.15790818728933817,0.4453126792908626,0.01483820715751592,0.2624391626552006,0.007901619813039737,0.6537096521260741,0.10524194834370645,0.6850038005778819,0.17861656568893625,0.6961946968003,0.23510087871526872,5
shuttle,DensMAP,dens_lambda,0.1,dens_frac,0.5,0.6715186321371668,0.017371241921113143,0.5334022496492354,0.01075545958297419,0.8755489286818386,0.04042536990385623,0.8126777484483128,0.15597582018655856,0.8096068107773894,0.16054527662790033,0.4407862242870249,0.02438693459155652,0.2663150578679824,0.014858121823805089,0.6782821972398457,0.10499035794566412,0.6905592442418029,0.16477351758050476,0.6875272786370861,0.2376560178459879,5
shuttle,DensMAP,dens_lambda,0.2,dens_frac,0.1,0.7152985660269673,0.013961821474545383,0.5348758412403986,0.004004157733893102,0.8678069487051439,0.05151685737009724,0.808701600437564,0.17071807187606003,0.8121903403010631,0.15787355367205988,0.4633175893065727,0.013343889498416086,0.25659869563906695,0.008352348630745974,0.6609787760010406,0.11661955980173037,0.6913465145352087,0.1950710142044599,0.6918852889316296,0.23974738164279394,5
shuttle,DensMAP,dens_lambda,0.2,dens_frac,0.3,0.7169409526527313,0.013729839619888592,0.536834890965732,0.005912125267376846,0.8667674728306105,0.051802157109259644,0.8130640412832039,0.15634530116684453,0.8111894604171127,0.16123144343306473,0.4813095577980916,0.017687687186664386,0.26202432488469046,0.006573978016392643,0.6626496077335868,0.1074138199840053,0.6803634809763399,0.16896979489088018,0.6965524256589447,0.23288458677811222,5
shuttle,DensMAP,dens_lambda,0.2,dens_frac,0.5,0.7092953794202278,0.013496761767500665,0.536405983210863,0.012338935280407753,0.8710249458990275,0.0384575416347466,0.8072335021759292,0.15809452117639824,0.8067555111650139,0.163370363214588,0.47406485375199264,0.020681173956763037,0.2632766301335215,0.01117290148601429,0.6641339925199351,0.0998499253524898,0.6726305019806001,0.172201294063568,0.6874673104919153,0.23974227424267405,5
shuttle,DensMAP,dens_lambda,0.5,dens_frac,0.1,0.7342019452569499,0.018297406326993927,0.540574255071223,0.012488844357666224,0.8665339230933867,0.05988859815362109,0.8085929942213028,0.16982041364958292,0.8126118284939716,0.15765381501119594,0.46115240524012807,0.011246712843910784,0.28116919081454933,0.007999926849312293,0.6605494213625774,0.1261360805526007,0.6861738197448917,0.1941005587648921,0.6926946146338266,0.23747825503376235,5
shuttle,DensMAP,dens_lambda,0.5,dens_frac,0.3,0.7320780956457634,0.01677898093406598,0.5427312786854058,0.00958460676835803,0.8659324867422891,0.042778250029928404,0.8172394948990511,0.15240238170269582,0.8138090414021072,0.16103357906117444,0.4704106806505761,0.007792677492093717,0.2840755368770313,0.010398470309733591,0.6581259452567955,0.09173136523144054,0.6830444841399826,0.1689696318144629,0.7046249090620957,0.22230047529998373,5
shuttle,DensMAP,dens_lambda,0.5,dens_frac,0.5,0.736889253525481,0.013885458930865149,0.5447207438586479,0.010642596619024952,0.8651657511117452,0.06037092982263286,0.811494185631733,0.15954607531359827,0.8060005707355353,0.1652080589208991,0.4839737307701982,0.008551652403157521,0.2862867479156662,0.013280167424972551,0.653904103184437,0.11183758255171108,0.6692218428643133,0.17933260239805135,0.6911440680386596,0.22218996941882066,5
shuttle,DensMAP,dens_lambda,1.0,dens_frac,0.1,0.7241671303892891,0.019913575565429168,0.5551967610758365,0.006458175018146991,0.8621912201850135,0.05832627512263082,0.8083064849825213,0.16793956096405824,0.8124535445054815,0.15730096378864436,0.4553456795469031,0.009125364943656894,0.30886579692246674,0.012473670533578292,0.6469246345518592,0.12392077349869302,0.6787619763329902,0.19774223363812402,0.6931920157722246,0.23669567971671912,5
shuttle,DensMAP,dens_lambda,1.0,dens_frac,0.3,0.7389282537870681,0.02121391529599221,0.5505535421274168,0.009189245472196506,0.863167962711945,0.05035158267399672,0.8142753323345462,0.15456084788410204,0.8104381822073197,0.15891904018369032,0.4690809042645784,0.02207132714892338,0.30190435605438026,0.01187932419944856,0.6471974815633278,0.11232786763329357,0.6682157612516987,0.17993002237397518,0.6973279475253216,0.22892180429029618,5
shuttle,DensMAP,dens_lambda,1.0,dens_frac,0.5,0.7416803881001641,0.018250347080218148,0.5534739958621675,0.014542847546106135,0.8693999191457993,0.04927271064399739,0.81501776414354,0.14554729844973316,0.8053388980048037,0.16388697541583988,0.47095616641211924,0.018760516984003904,0.3024821038787304,0.014395917515691078,0.6518149735297494,0.10535560673661565,0.6485765845625746,0.17864163137741151,0.6897871113434509,0.22551653325797313,5
shuttle,DensMAP,dens_lambda,2.0,dens_frac,0.1,0.7161424460773822,0.01751058274207573,0.5764575634348768,0.012237225473960568,0.8586959882047989,0.052237969831120126,0.8065789398587428,0.1636563731170433,0.8096261682242989,0.15599623561955314,0.45572011887537867,0.009750865313766465,0.32459378766132935,0.014021107240838437,0.6286758393615025,0.11692389262436359,0.6578554409577904,0.19514310856658795,0.686805570351434,0.23356907010242703,5
shuttle,DensMAP,dens_lambda,2.0,dens_frac,0.3,0.7328445459085395,0.018202605106299938,0.5632857482580675,0.008631950480875724,0.8557926327554636,0.04535132771682834,0.8132582340491308,0.14514846741154286,0.8051763334997979,0.1597450631386946,0.45586235596133096,0.017395573661860553,0.31700689161022666,0.00814953216025497,0.6058202602708148,0.09585939392934725,0.6278627056386619,0.17512995925179228,0.6842986373444415,0.22306538949915503,5
shuttle,DensMAP,dens_lambda,2.0,dens_frac,0.5,0.7314386816009132,0.024659538868579668,0.5605965375377517,0.007866335562421039,0.8653749494661245,0.04539544344649028,0.8183995862167368,0.13603618179073554,0.7985233169246867,0.15981993201093808,0.4654095349720614,0.0203348432161638,0.31793238423072845,0.012287720945754716,0.6012088513167912,0.09037429688590269,0.5932780903794305,0.1792252310987818,0.6727079187525911,0.21077543331775395,5
shuttle,DensMAP,dens_lambda,3.0,dens_frac,0.1,0.6986667617892559,0.02351533249550947,0.5834863617987682,0.006708209286978293,0.860096906137785,0.051387666898373506,0.8050728163420608,0.15976116442682067,0.8064748995267651,0.15610778741410392,0.44313415272931306,0.017005474460280535,0.33030636492420684,0.004956316734183546,0.6158286353423922,0.11082462708278883,0.6401955914923276,0.18790083622602574,0.6783276633570167,0.23616704045365053,5
shuttle,DensMAP,dens_lambda,3.0,dens_frac,0.3,0.7209459941499607,0.02889850761923382,0.570833107417184,0.011044840495906193,0.8620633754250792,0.05525222467508969,0.8213534993222517,0.13294199409836513,0.8032482937385556,0.1569909007354569,0.4540296420320491,0.023705721577298687,0.3148503199105128,0.009767542877657846,0.6006993071529759,0.10938587696562847,0.6109141370654978,0.16234904178241086,0.6716060179281488,0.21740327397517986,5
shuttle,DensMAP,dens_lambda,3.0,dens_frac,0.5,0.7274374450072532,0.023163486515834535,0.5720030677035028,0.022189613236431142,0.8593987776747284,0.0495293371390104,0.8281522437040737,0.12712110103854501,0.8018463770183825,0.15605583343109822,0.4545168907448106,0.026018715553234893,0.31766519128849324,0.02328969278555457,0.5874003375758391,0.10897600134061397,0.5921647761367249,0.16948710703247083,0.6704483100342176,0.19203305706094984,5
shuttle,DensMAP,dens_lambda,5.0,dens_frac,0.1,0.6890588095407957,0.025891546923261965,0.5902887208389812,0.006205026433688172,0.854789422368077,0.05497663775690161,0.8030951463698841,0.15394207879902205,0.8022602078428575,0.1549858132820974,0.43194002886549815,0.016225926960671787,0.3214198314059617,0.013581226694742743,0.5953399853830244,0.10050308528160407,0.6136897058054005,0.17306257121642957,0.6691200160624214,0.23542897051561928,5
shuttle,DensMAP,dens_lambda,5.0,dens_frac,0.3,0.7001082019452569,0.024735389597716782,0.5884853867922285,0.017747703301931334,0.8684207747734893,0.03684116468617879,0.8242237045492379,0.13193159948363678,0.8019809754821526,0.14981632734617836,0.4367175706501736,0.02285932951376279,0.31976179993738213,0.017885936253574278,0.5957532580488956,0.08605328089506355,0.5975670737467693,0.1498339165375783,0.666756592160249,0.20805381199018025,5
shuttle,DensMAP,dens_lambda,5.0,dens_frac,0.5,0.7107203633682909,0.03120689823428044,0.5938878266866424,0.014465230946108902,0.8697403628926779,0.03578185570770967,0.8277571520296784,0.1252580692732339,0.7917340372404936,0.15239159231795602,0.44333858137183757,0.033156339086101626,0.32358440345263173,0.010397479932822489,0.5876700095654828,0.0966527966922111,0.588170857313689,0.15494737999973124,0.6576289222709606,0.18570068922587613,5
shuttle,DensMAP,dens_lambda,10.0,dens_frac,0.1,0.6784714275522579,0.01605541788839469,0.6118478514185156,0.024311689598378875,0.8505635537799339,0.05462704715569467,0.806344462676274,0.14863815283264226,0.7938083279826877,0.1549182392315249,0.41676578688937377,0.01379021098576782,0.32389484539905977,0.015248789143934596,0.5756743498850951,0.09159943499440514,0.5930329393268374,0.16336146212389369,0.6514870816012163,0.23331673874613443,5
shuttle,DensMAP,dens_lambda,10.0,dens_frac,0.3,0.6925306889253525,0.014194365191704653,0.5925128296592234,0.012472713225723105,0.8598025492853913,0.04688301771626369,0.8265986540153623,0.12054641597549562,0.7930944805117596,0.14851060070564107,0.4242503927702478,0.0165960667814575,0.3060409624788861,0.02017302719320833,0.5792038720534654,0.08661294621572901,0.5810806317366208,0.1449345152827941,0.6544462495554516,0.2019724613444269,5
shuttle,DensMAP,dens_lambda,10.0,dens_frac,0.5,0.697838196475708,0.018543093202982495,0.5942437278542722,0.026439580993693642,0.8682526693776605,0.03672644684392388,0.8306815771325298,0.1152334611041468,0.7855550165275499,0.14816147800201449,0.4284483789931052,0.017560579042211224,0.3101126459207978,0.019542285994346285,0.5817505605414731,0.08286302088290133,0.5809541934546237,0.14150621915249798,0.6455912803082512,0.1867015658466003,5
shuttle,HIGH-D,,,,,0.7383655561104374,0.0,0.5523326436945614,0.0,0.8326251456564648,0.0,0.7944522127892322,0.0,0.9885902832275096,0.0,0.4184549745783094,0.0,0.2985564777821173,0.0,0.6419212399170329,0.0,0.6093843166462154,0.0,0.9712680765047867,0.0,5
shuttle,PaCMAP,n_neighbors,5.0,FP_ratio,1.0,0.33277910156714463,0.04794340202759147,0.4933349741979976,0.012582117958539698,0.8239558868992415,0.020292565408250446,0.8010494399657558,0.018228792204402756,0.6665569427599819,0.0036817513223337994,0.16145734784105253,0.012175569071953236,0.21977417156912415,0.007326511253015203,0.47767425295878185,0.052600426390613936,0.4460122987267036,0.0556416495290214,0.6948130961543264,0.0036410568802010858,5
shuttle,PaCMAP,n_neighbors,5.0,FP_ratio,2.0,0.3576023875769898,0.03278171317090336,0.5050224251504126,0.028749675836609232,0.8142205655037931,0.03394828173079422,0.7879762669139854,0.027217284554717645,0.6646438372452499,0.003436198494058746,0.16714679087064122,0.01630879994953735,0.23323390881020126,0.02779697985949133,0.46439067040570414,0.06777094354085031,0.46409931765726614,0.07204791573826469,0.6935619034175676,0.006647383193295654,5
shuttle,PaCMAP,n_neighbors,5.0,FP_ratio,5.0,0.4128845449573137,0.014618405405413426,0.5036561080592614,0.024169100300425714,0.8064506194858623,0.017963640526803017,0.7891620175501177,0.01347670085296227,0.6713409431404723,0.013124374183048017,0.2049199128363978,0.024224337095804887,0.23191084645560597,0.02029310935800496,0.4683433698169284,0.04757769022322802,0.43312454110138576,0.03613813569205414,0.6852229485093343,0.018751745532621027,5
shuttle,PaCMAP,n_neighbors,8.0,FP_ratio,1.0,0.2694244607738222,0.033618652615117046,0.4940315569189793,0.014122881797960287,0.8905577037406959,0.027812492595212058,0.8090282276283561,0.024118980068190066,0.6447887565099523,0.05004103377572754,0.16399880060479952,0.013655548865479355,0.22777633794333077,0.010393670135226825,0.6680620942308021,0.09053358495006823,0.47978913467107986,0.0758356396427848,0.6685047275346829,0.04461296689258941,5
shuttle,PaCMAP,n_neighbors,8.0,FP_ratio,2.0,0.2974084801788305,0.028300739163940703,0.4932015172052983,0.006685373037936495,0.8647618130365509,0.014029335603898392,0.7887935839813559,0.015185139512831246,0.6406889253525481,0.02821044854274931,0.16875695417641226,0.016450730900750686,0.2333665443886032,0.008763840292456361,0.5872486521671882,0.04936577526755573,0.4803526028045312,0.06138366524398579,0.6668158403959026,0.02833911246594798,5
shuttle,PaCMAP,n_neighbors,8.0,FP_ratio,5.0,0.29345585122827045,0.026427945821004762,0.48306725167059045,0.007536304525470342,0.8449949822834177,0.00616363557680663,0.7978426672374022,0.015685070303307368,0.6406418396708758,0.02070902467702024,0.17738614927525392,0.012606681972191088,0.21397359398859023,0.006759206415978473,0.5418928146629671,0.02188630091397886,0.49090280552562904,0.04919340056047245,0.6444305328350834,0.02953467663979549,5
shuttle,PaCMAP,n_neighbors,10.0,FP_ratio,1.0,0.2717359396922784,0.02565873549701831,0.5004077905400586,0.018892565680214347,0.891316996028632,0.012959838967410755,0.8226976290694633,0.010690121348221584,0.6657404104539726,0.023346406666919554,0.15527270553473108,0.014782193271335991,0.2386264396503864,0.02100784200491491,0.6325281028954677,0.040921501287722796,0.4977297183792368,0.059077197896633356,0.689189874060213,0.023690429589029824,5
shuttle,PaCMAP,n_neighbors,10.0,FP_ratio,2.0,0.27594235571092246,0.017862892858611954,0.497161660840408,0.004656924091066307,0.8733393022758079,0.024521080763996082,0.7999578369123208,0.019803574374686453,0.6503289339135812,0.02335640316371444,0.15755430294415101,0.015544259964702338,0.2341572752433118,0.011558381918579778,0.6081973957427526,0.054312295621824686,0.5128589544221491,0.03396611994992345,0.6781347402556724,0.028174878630798993,5
shuttle,PaCMAP,n_neighbors,10.0,FP_ratio,5.0,0.2749100378112292,0.012937052834515921,0.4905203205631257,0.01772398992167592,0.880173884093125,0.010163628404768473,0.8101389978835224,0.018265518404079965,0.6406169175524957,0.03141634246062905,0.17808616602601535,0.004914227526446357,0.22436755183434737,0.014036333191850586,0.6671641499333507,0.03561072367235395,0.5523244586901553,0.041903626541438546,0.6643688883733995,0.026370376286343252,5
shuttle,PaCMAP,n_neighbors,15.0,FP_ratio,1.0,0.2696522318137499,0.010952625474845396,0.5077143944258162,0.006346089615708177,0.93195324724739,0.012847581316509121,0.9032620865139951,0.011270348419749929,0.7361374997027419,0.010604796737625499,0.1651601022381024,0.0057468709318623775,0.25465232698610263,0.012775303545297403,0.7801279754699555,0.03915515307339501,0.6506648012181037,0.04254565581990444,0.6874907173365292,0.03452694740683812,5
shuttle,PaCMAP,n_neighbors,15.0,FP_ratio,2.0,0.28340163135240537,0.01128770378192369,0.49382378540343863,0.005085844098611397,0.8902688877791253,0.0186279261553635,0.8403871251575467,0.018373919609451797,0.6798339159591924,0.011527530467741291,0.1492518654947873,0.0019660343248011692,0.2429446964532144,0.010177068032962727,0.6610185734898705,0.05175116382880294,0.6472946475494643,0.028950889126697896,0.6764120894380775,0.023079419939119723,5
shuttle,PaCMAP,n_neighbors,15.0,FP_ratio,5.0,0.2800667760576443,0.010522123593040127,0.5033543078642599,0.007787141648482815,0.9073864830800694,0.014925082717279254,0.8185494994173741,0.009393796214055871,0.6892487693515017,0.014333462741405416,0.1577673378857683,0.006342306597671515,0.24593841246270826,0.008079645845331785,0.7061970198031567,0.04246097076286522,0.6086314921708269,0.02337131610951599,0.6920273946568124,0.025382070077445213,5
shuttle,PaCMAP,n_neighbors,20.0,FP_ratio,1.0,0.23705724001807327,0.02039517896152936,0.5193870775962522,0.012895423981873044,0.9286512092459155,0.004790952959578119,0.9463268887779124,0.004356377538041288,0.7634016313524055,0.02153149727338278,0.1485786709541055,0.003932701417515813,0.2596462388295577,0.017031570835927146,0.7723843724206241,0.014623898407219645,0.793412290644772,0.012449426868174096,0.6318652113385455,0.03816572368854479,5
shuttle,PaCMAP,n_neighbors,20.0,FP_ratio,2.0,0.27295912106727543,0.006931224626237666,0.5031324344248651,0.00599111375847981,0.9091211386173932,0.014001700083736055,0.9033768994792037,0.011200407175326244,0.679091056098547,0.005925448597828369,0.147836764152354,0.002083119740982469,0.24333554158814832,0.005271575607904322,0.7262798940326998,0.036292112506284516,0.7511361868955105,0.036534064912045326,0.6612052783116564,0.0021895637971132355,5
shuttle,PaCMAP,n_neighbors,20.0,FP_ratio,5.0,0.26645658842833697,0.013738729307608041,0.499261016384866,0.009004352611679086,0.914243490047799,0.009823075807995303,0.8646684264345676,0.009002839890564555,0.6857435019381227,0.004940103066160905,0.154978026815434,0.004916867896880785,0.24014395710126016,0.013132001159234918,0.725553124605489,0.019465547749752798,0.6996361434265137,0.015582624749092742,0.6644056391853427,0.002373198730243585,5
shuttle,PaCMAP,n_neighbors,30.0,FP_ratio,1.0,0.17717376518988842,0.01892687006640232,0.5314545670733157,0.015390860568840587,0.9073778031438016,0.007374031110835106,0.9479573850800218,0.003934464461844418,0.8293226796033387,0.005233054874060285,0.13411330491084064,0.0028113524931140522,0.2590935155115277,0.019023369055482416,0.7670590861227242,0.014461030865630449,0.8666502561111592,0.010458054417690396,0.7253803160253788,0.01376600130129365,5
shuttle,PaCMAP,n_neighbors,30.0,FP_ratio,2.0,0.2507924662909324,0.017930082216715725,0.5339444959691801,0.005620902330245045,0.9038910132933818,0.006675014601533461,0.9400617107797675,0.002461851072046094,0.7177311835628166,0.009187853611028508,0.15711448598056924,0.0058232023086933924,0.2620086194052088,0.00886595837424415,0.7434431392112326,0.019390071504418883,0.8447305175551637,0.006706355603076948,0.6824116895118484,0.008800770486186429,5
shuttle,PaCMAP,n_neighbors,30.0,FP_ratio,5.0,0.2718466148248555,0.015081336661768209,0.5029125109985493,0.00583845572477173,0.9374499298470903,0.004027605246978591,0.9318493258186488,0.0026858554033235772,0.7144583481962379,0.001909824521238323,0.16294103017438819,0.0032274321372762096,0.2432546571925165,0.007123710701234314,0.7829734258382091,0.016469466649368644,0.817529981534792,0.005321258827607145,0.7036128065854322,0.007809991385342011,5
shuttle,PaCMAP,n_neighbors,40.0,FP_ratio,1.0,0.1779040688687546,0.005408482714761674,0.5305594635085967,0.008585491470887852,0.8696029583125252,0.020365517263826655,0.8554717842619676,0.0064614338915601035,0.9898189817126821,0.00013650768914268217,0.14070801896035506,0.0028969647487119806,0.25211462961936715,0.011322624854956682,0.6521815387840556,0.031902702734306586,0.617132768632322,0.010972538382186847,0.985959301932002,0.0005174616733958306,5
shuttle,PaCMAP,n_neighbors,40.0,FP_ratio,2.0,0.19364880740053741,0.01404447550460865,0.5240382155002259,0.011667611370855216,0.8872191386649545,0.0024924060304563856,0.9299561484863619,0.0010053854795605895,0.7926124943520964,0.0034560582105136735,0.13236169234458506,0.0014193316887514003,0.2578822222996323,0.012139782936274884,0.7206071538382807,0.0031018020703589893,0.8147497083594291,0.003297564033595128,0.7405677405190182,0.0012214837046751862,5
shuttle,PaCMAP,n_neighbors,40.0,FP_ratio,5.0,0.26942584005136616,0.0076669525552212495,0.5190661101995196,0.005312822917661894,0.950963615609617,0.003739550666491049,0.9490496064302871,0.002114906526067842,0.750301395923997,0.0016541013361318511,0.14091623657138702,0.0015088117463283425,0.25845111410739235,0.005263049479511064,0.8411201128537066,0.013914537196399956,0.8520997656976125,0.0057890115693769485,0.7280143187986777,0.00042717560623863147,5
shuttle,PaCMAP,n_neighbors,60.0,FP_ratio,1.0,0.15373032745951346,0.00437466934670998,0.5258958883260803,0.011244671400109211,0.8993758531307222,0.005549534538586321,0.8679519868730827,0.0027340078988949993,0.9908024066015078,4.478704710906402e-05,0.14381291368676882,0.0013913204382151767,0.2693316686273765,0.013005450525770125,0.7033104841951299,0.013932273819784756,0.6449895237385834,0.006000892398120494,0.9880401863141113,0.0001500750552149418,5
shuttle,PaCMAP,n_neighbors,60.0,FP_ratio,2.0,0.13974640317709447,0.008610636132908587,0.5425726142065587,0.004641513925316701,0.8834379919621412,0.010545981252848979,0.9293384699531521,0.0003617386425513725,0.8699899645668356,0.0048359909245674505,0.12447796966462181,0.0008221622562733199,0.275874150203206,0.011750810183026731,0.7500618979935856,0.020402038786025468,0.8301768348329445,0.0018075532716335353,0.7744963411223926,0.003148141237936523,5
shuttle,PaCMAP,n_neighbors,60.0,FP_ratio,5.0,0.2224849825212242,0.0028886241116125298,0.5523405150888208,0.005664104105525399,0.922611091293905,0.0037722252789844568,0.9292496730160996,0.002154434931611365,0.8129492758792894,0.0014515137913632974,0.13813532387718438,0.0009294625586838192,0.2780121099060402,0.00776544544197479,0.8274145707442869,0.007769424673230695,0.8308810189510248,0.0039574145863355715,0.7488768528245109,0.0007572782693781859,5
shuttle,PaCMAP,n_neighbors,80.0,FP_ratio,1.0,0.14208128225250288,0.0019821405696764526,0.5336268103017764,0.009973167661905303,0.9110870371691518,0.003395334596359499,0.8469026895912106,0.0005651747008010991,0.9908326080235904,3.765288348640513e-05,0.1430097685388059,0.00037411776249421814,0.26706617800982907,0.00950716208573685,0.7555417769670494,0.012618995504088959,0.6061336331008288,0.0012709687553155845,0.9885050148808933,0.0001358255893505055,5
shuttle,PaCMAP,n_neighbors,80.0,FP_ratio,2.0,0.11578031438015739,0.002243880193470739,0.516125276450025,0.005226437609382518,0.9311976409597869,0.0017414330894347217,0.9542096026253836,0.001067664007047112,0.9626445031033745,0.00202593991028827,0.12337143095564504,0.0001084794046543586,0.2496590028250613,0.009812872296866067,0.8379945405040484,0.003425712264004216,0.8908849216279215,0.00243692981702846,0.8918368690025487,0.006148312545940025,5
shuttle,PaCMAP,n_neighbors,80.0,FP_ratio,5.0,0.18945218900858476,0.0045645988005367745,0.5172233716201755,0.00534728284455994,0.9358387909918908,0.0019159370526633985,0.9679702741908635,0.0013960485704850372,0.8568843071508405,0.0037737703330459624,0.12876674246819172,0.0006295133578301027,0.24812172682990002,0.002741287386805099,0.8169172548874236,0.005462246980371432,0.9114189029249733,0.00638643347328253,0.6758437544524453,0.004579878498263176,5
shuttle,PaCMAP,n_neighbors,120.0,FP_ratio,1.0,0.12931316734441506,0.0017807350316621881,0.49289355782264394,0.010490101229394767,0.8370588571020903,0.018407588129037058,0.6221016384865996,0.010484956454246706,0.9537523959002163,0.0013269711940039914,0.12422330190477486,0.000453324403317164,0.23409662977244144,0.010736155501613456,0.7187469017559238,0.028638788858986537,0.49955693005704954,0.0026653934115154015,0.7667713788953888,0.004256251279444607,5
shuttle,PaCMAP,n_neighbors,120.0,FP_ratio,2.0,0.11937238115621504,0.002200767201367131,0.49020739102518374,0.007866522427257739,0.8132767353927374,0.015128497932832006,0.8175108796461441,0.023878744012545576,0.9854221302703859,0.0007695011181317308,0.12243729631573079,0.0004065105949465957,0.2309662903335629,0.005434631959097714,0.6324034452796037,0.038717598192985245,0.7148137924621516,0.016805475586156218,0.9708478953894579,0.0019119329665547038,5
shuttle,PaCMAP,n_neighbors,120.0,FP_ratio,5.0,0.14844222491736223,0.0008314159426276796,0.5183363772561889,0.003654308516603572,0.9360359801193787,0.005354643550135334,0.9522204703812038,0.0005502900853273616,0.9892876269292049,5.163046343698427e-05,0.12434837179390434,8.380746038625746e-05,0.25525760351260923,0.006792773245737602,0.8290711758702901,0.019286530426542225,0.910270753641149,0.0016999694718471336,0.9820720095518473,0.00032075838470141735,5
shuttle,TriMap,n_inliers,5.0,n_outliers,2.0,0.5822431333380894,0.03283349500134778,0.5143125728282325,0.013193298952076422,0.5883703360205466,0.03548787800231233,0.5326402225868587,0.020440302414493797,0.7680307245963236,0.012414224192991286,0.24228912100788857,0.016603350718279047,0.22391049255101825,0.007226430847387979,0.24511851326462097,0.018066036814345234,0.23215387405661736,0.0136396614862221,0.41155987701575186,0.02148560251296127,5
shuttle,TriMap,n_inliers,5.0,n_outliers,5.0,0.5982806116382487,0.024656899210016334,0.5124256973674823,0.011236230572179966,0.6035949204537348,0.024409036480290018,0.5006865710684645,0.03755892984367759,0.7600896054790611,0.025877485604870017,0.24891175823601105,0.011923200545339824,0.22556940092125038,0.011840969309063549,0.25259093536959665,0.012745408498957785,0.22384053558927802,0.015261966400244128,0.3998856140036594,0.038818079121363945,5
shuttle,TriMap,n_inliers,5.0,n_outliers,10.0,0.5944215833154978,0.012559797516395223,0.49920796176071913,0.012174550717713234,0.6102858196000096,0.014451931640153641,0.5424567311122208,0.0264634681883653,0.7931795201065374,0.007530265263080475,0.24355008461361435,0.006715409086163248,0.21556064154273327,0.011849528296173738,0.2538259641917485,0.008704386307930538,0.2419214479789376,0.01264650323300168,0.4510773536640508,0.014194538101148022,5
shuttle,TriMap,n_inliers,8.0,n_outliers,2.0,0.5845296901381656,0.02122231212081223,0.5094825331145514,0.013249374716011243,0.5945652422058928,0.02291946378569344,0.5171203776366793,0.02342036840693392,0.7603818220731968,0.011189834037853001,0.2446292397178218,0.00948076385633193,0.2197392620834245,0.009678386762578964,0.24975540908752908,0.011220590930466,0.22990091872684024,0.01174594675299982,0.4085603093096305,0.01920993485321582,5
shuttle,TriMap,n_inliers,8.0,n_outliers,5.0,0.6029956005802478,0.007961461769184613,0.5103694085753014,0.011265916464904368,0.6190027109937933,0.008150710369215457,0.5430305105704978,0.032860130553758915,0.7869356257877339,0.013276814594238774,0.24890201454090696,0.005461264917561385,0.22135672705131912,0.007513001767392546,0.2602471129014766,0.008019239514893417,0.24410584138306696,0.020685333095078005,0.4431861292843345,0.03490021727412841,5
shuttle,TriMap,n_inliers,8.0,n_outliers,10.0,0.6246415067418135,0.007790479621231615,0.5056579391691042,0.010539768133412158,0.6318513471736701,0.00501120311069969,0.5554770873463175,0.011168362618496956,0.8013447004827471,0.00553294675679614,0.26600803948078744,0.007641511388711325,0.22273177312402667,0.009025131204267926,0.27466054163953035,0.006893241690116814,0.2595018176682396,0.011508026536604512,0.4871511869037626,0.01892112565956984,5
shuttle,TriMap,n_inliers,10.0,n_outliers,2.0,0.5944622482223967,0.00935018184573679,0.5092618962688165,0.007465684102106812,0.6019207628831656,0.009509733104779114,0.548219186226249,0.07323145924147494,0.7704796080949323,0.008705149885618721,0.24480049934035755,0.008501703414913069,0.2249322329222032,0.005885616369315134,0.2489992355976994,0.008395817901326201,0.24064909848382396,0.03046317052063935,0.40978925502894314,0.020249741394387274,5
shuttle,TriMap,n_inliers,10.0,n_outliers,5.0,0.6137476397707545,0.008739146068229025,0.5052111721481058,0.0032969125734451754,0.62196447171292,0.00715393779179747,0.5347186273810374,0.026343356796850077,0.7891106037906351,0.011989708952456359,0.25688012127371085,0.006953572451693953,0.21782247137269667,0.004873376257597691,0.26391814458276464,0.005629728134480062,0.2441221656172825,0.014454729605016701,0.4472697146693057,0.028872048336231897,5
shuttle,TriMap,n_inliers,10.0,n_outliers,10.0,0.6452874366840267,0.005433386912313098,0.4996428622387102,0.013560333439522346,0.6564894770635658,0.005199717487023521,0.59091179757913,0.07311514317069238,0.8117733228698485,0.012098161339844982,0.2778582980925896,0.004389021511065721,0.2166782363846599,0.004207639016033963,0.288012541775991,0.0048161540931415045,0.2822715389940675,0.035269009682400855,0.49947422989976004,0.032209124609233544,5
shuttle,TriMap,n_inliers,15.0,n_outliers,2.0,0.6052383058666857,0.009561704306727183,0.5151772847256902,0.010763977838348919,0.6166236950369789,0.01003479641203402,0.5273065325438158,0.02758697081273803,0.7800393331906494,0.005495673492882621,0.2531670564557167,0.005933426536976219,0.2279779928586021,0.009296035390869649,0.2600028723769304,0.006076032399804111,0.23608491952176341,0.010792382852285908,0.43340695946963637,0.012400761816787174,5
shuttle,TriMap,n_inliers,15.0,n_outliers,5.0,0.6297511593065563,0.004901139220804603,0.519922855580129,0.013449408004380124,0.6412686499726522,0.0023950324972981094,0.6073051294856245,0.0720634347876663,0.8063833440346245,0.00922081588135299,0.26814446409479664,0.0051862494875402065,0.22977709636731708,0.0075136874273896625,0.27940849433435677,0.0045432042854659455,0.28615001195868794,0.03591079374034142,0.49225394949919554,0.028217147335723027,5
shuttle,TriMap,n_inliers,15.0,n_outliers,10.0,0.6567196975101661,0.01089949270542706,0.5081043019190983,0.011478048452277515,0.6659816651209246,0.013286943776812185,0.6067237877815035,0.02816584448769262,0.8123080545052437,0.004819876910063997,0.28775464981468096,0.007919809812139144,0.22221988202456674,0.00461248799346011,0.30071802824888194,0.010615948603575294,0.30384545523273193,0.02970807744244333,0.5262592592638289,0.018016762031774523,5
shuttle,TriMap,n_inliers,20.0,n_outliers,2.0,0.5972229911298186,0.014921675339218673,0.5015851703883379,0.015106583497631807,0.6024969679674681,0.019926455201971872,0.5394821526241944,0.04127075260638659,0.7836224108820243,0.01168812226030726,0.24676650808111864,0.008446283731754536,0.21931549786988733,0.007211537996947945,0.2517203243529661,0.009808728535405924,0.23909985765194666,0.01669521140778441,0.4413118039205074,0.02142401430806109,5
shuttle,TriMap,n_inliers,20.0,n_outliers,5.0,0.6440816627428598,0.011611238348382532,0.5069707022425151,0.015252333153775905,0.6533224180162184,0.013687520919119692,0.5409323440584053,0.03344795011097008,0.7979603814415828,0.012940643285395978,0.2805838222150169,0.003928564356311291,0.2242526773964892,0.009281338984710933,0.2905375901701114,0.005242169301705555,0.2602669137626037,0.02183862319993293,0.4688695506863308,0.04308555711919124,5
shuttle,TriMap,n_inliers,20.0,n_outliers,10.0,0.6558959358873748,0.01494033030034069,0.5017848327031462,0.009442597065809256,0.6651357637154883,0.014764781119701649,0.5708909895127345,0.015927208069181645,0.811709448051176,0.014365920924072816,0.2947772411324925,0.009010707444168875,0.22750535932854038,0.00574431929874494,0.30734920865999327,0.008636600658140037,0.28608513940811037,0.014368937864646636,0.516362582059059,0.035182418680882455,5
shuttle,TriMap,n_inliers,30.0,n_outliers,2.0,0.6233207771515541,0.009562696994443879,0.5005470024494066,0.02196310363064526,0.6292922165941357,0.006963805739378001,0.5846929205012961,0.07466496115792001,0.8004567786735155,0.01333364773609758,0.260221277967092,0.007573858828291473,0.21731512693843222,0.01056415557656094,0.26859903195662305,0.006157603816660964,0.2674915586050714,0.03954896274681127,0.47031602335085304,0.02983018849206939,5
shuttle,TriMap,n_inliers,30.0,n_outliers,5.0,0.6536624574920931,0.0060619961489811235,0.5082921452521937,0.00792655054661598,0.663849420941238,0.01205542251959212,0.5664848398373403,0.030406728302766795,0.8142088892059641,0.0037618261248438187,0.29035172570808354,0.006907352008350173,0.2233297911933732,0.005863003884878104,0.3029288522558102,0.010324275931046628,0.28854763014877555,0.027589800687992456,0.518959647676432,0.015215195775680533,5
shuttle,TriMap,n_inliers,30.0,n_outliers,10.0,0.6798712515754679,0.013300687658424414,0.5018729162207795,0.02010328162775425,0.6837592447266415,0.0090532440223969,0.6196788661387364,0.047746363346568746,0.8164601079641388,0.007319183173619325,0.32073589825373144,0.015831420662913168,0.2195684137166809,0.012092334596609201,0.3267601289456371,0.006749322500812963,0.34700400867955283,0.041004155539849964,0.5249852580647689,0.02773524646983863,5
shuttle,TriMap,n_inliers,40.0,n_outliers,2.0,0.6426177736557989,0.013044361913961605,0.506850181921952,0.006920541912563868,0.6481899122494115,0.012396027236874014,0.5554568024541628,0.0037355342889595616,0.8054421060141257,0.009817125331077065,0.2742676401652292,0.009279643077215573,0.22471679185655935,0.003546775163142102,0.2820281325141648,0.009705643115883419,0.26039592219027785,0.0025958642243414,0.48246340430656415,0.02581637212202733,5
shuttle,TriMap,n_inliers,40.0,n_outliers,5.0,0.6669809041402106,0.009689332777137672,0.5016722075574898,0.008866358243805907,0.6748472806829802,0.009493677666951458,0.5997771991153599,0.08322155149103055,0.7971332905281681,0.01728254728424099,0.30303273927175917,0.008004940636880585,0.21815169303612114,0.004809131626716421,0.31377896777969827,0.010999958371376153,0.31294310232992184,0.05974064342039079,0.49151928213887575,0.03689298014537717,5
shuttle,TriMap,n_inliers,40.0,n_outliers,10.0,0.6820077524910227,0.00977792478102036,0.5115669306318518,0.025878696712099858,0.6861635870728401,0.008355102439599802,0.5844548048797888,0.08614449091890297,0.8045018192195192,0.01090351939225786,0.3252747050560521,0.01006426314267679,0.22759157174023378,0.018608658450533812,0.33059471347559233,0.0036220972026669023,0.3164112496306061,0.04684330452285948,0.49391961728089395,0.035003961532420205,5
shuttle,TriMap,n_inliers,60.0,n_outliers,2.0,0.656979239494899,0.01439737958839555,0.5056448122517895,0.010326091604409973,0.664404294784904,0.01128812221430031,0.5636154907136571,0.022184428163449534,0.8178307293524529,0.006071223588214657,0.2861640831324252,0.010627774807380449,0.22431171898779717,0.003365958697988382,0.29870307691265696,0.011997773776759391,0.278336540634278,0.014597614269784863,0.518473371711771,0.012364239822636777,5
shuttle,TriMap,n_inliers,60.0,n_outliers,5.0,0.6748394568500155,0.0022017632096145586,0.4992660816627429,0.008953608472120142,0.6790814962783287,0.00448117290008925,0.5697469263513353,0.025412567838093633,0.8083009678723455,0.010120805080110875,0.312334352890763,0.0048081893705361565,0.22246847403467168,0.009406219428033774,0.3215836833523701,0.00744582550274925,0.3094062763760882,0.030824514815137618,0.5210477928360155,0.033261880960994854,5
shuttle,TriMap,n_inliers,60.0,n_outliers,10.0,0.6699076835271456,0.009856415172190497,0.5193514541865829,0.014126691634933596,0.6880047561294619,0.004589359157894711,0.5827700411405198,0.008848653539788538,0.8033796580342916,0.0064315570244253195,0.31425636764692133,0.002522125435495493,0.2308819163407132,0.005501832547449171,0.3353078072248995,0.004466087354559744,0.30902069606050536,0.009827643850796076,0.5218038534686787,0.012787734855300981,5
shuttle,TriMap,n_inliers,80.0,n_outliers,2.0,0.6614138546051225,0.01170620271803234,0.5060756462390905,0.013451162529651565,0.6721112934294071,0.012943022883244483,0.5922955696654063,0.07670130932914106,0.8141276069534612,0.014905451045497656,0.293818514910141,0.009743208689544279,0.22347796049482285,0.00574165468552524,0.3048644623128273,0.01240085392787299,0.3022062254410017,0.05097516654236641,0.5058775864166745,0.043338951232873076,5
shuttle,TriMap,n_inliers,80.0,n_outliers,5.0,0.688381917195786,0.009315298761859,0.5032781146702814,0.0136528485534279,0.6887206249554112,0.007643503811356367,0.5517029559344605,0.03403170702454467,0.8074697866875937,0.012373759921404456,0.32842972256466413,0.008822325080836678,0.22591161317571257,0.006524827168025493,0.3360126751811535,0.004213960228461556,0.30396671475534937,0.030217477939684892,0.5283178021907071,0.0180743549757582,5
shuttle,TriMap,n_inliers,80.0,n_outliers,10.0,0.674441749304416,0.015216816767349293,0.5233441297472117,0.014582012856683793,0.6906314475280018,0.013836653695408303,0.5872551425649807,0.01734719307319815,0.7989114170887731,0.005341160079519524,0.3163606505971265,0.009694150686144544,0.23731230338134698,0.009909067095169383,0.33753192068165416,0.009363910508744648,0.3164626693604244,0.01137946510057924,0.5127675763515025,0.011740180180450527,5
shuttle,TriMap,n_inliers,120.0,n_outliers,2.0,0.6694906660959312,0.011178590360204218,0.509417516824808,0.010098758770428595,0.6791265368243324,0.016389994760087987,0.554448978621198,0.03382676844594546,0.8108551520772396,0.012092381394706846,0.3133243445865498,0.008379425799709435,0.2265097883384107,0.006750722025700678,0.3253626381428381,0.012237108827860667,0.29806442064699556,0.03483694174337384,0.5185755267497726,0.043039656045947734,5
shuttle,TriMap,n_inliers,120.0,n_outliers,5.0,0.6774184204894057,0.007052081873443169,0.5286438372452498,0.01354113910935566,0.6947687332049178,0.006620872663015087,0.5822635371334808,0.008070487378327593,0.8075456945138046,0.0046662799255566285,0.3200384078821493,0.009408218763920203,0.23891463952403696,0.0069933623357512804,0.33976904721885093,0.005506931988796484,0.3115895353642094,0.005360610234485704,0.5305196831568064,0.011155013475106635,5
shuttle,TriMap,n_inliers,120.0,n_outliers,10.0,0.6784586811253003,0.008450704746457996,0.5183242491260612,0.009828579955789238,0.7004878361989013,0.0031380800356088008,0.5948279232360705,0.016079593063988158,0.7802343344985851,0.011435984725198469,0.3240628461923235,0.011701961840075615,0.23633949603669935,0.003853697882262609,0.3519979122449999,0.006646794868817158,0.3342522070875093,0.0055589363734798985,0.48459574304998576,0.012036537756237337,5
shuttle,UMAP,n_neighbors,5.0,min_dist,0.0,0.45925942308149625,0.028397860291665796,0.49910518180304864,0.015894485217704,0.6098331549784785,0.05907263103148548,0.6126408646643362,0.060801214740212356,0.6784304297162969,0.12013742897702617,0.21068713973072423,0.021881523829124613,0.21250489881866272,0.012907159941455141,0.3205297540527637,0.028362684717034323,0.34748840107890594,0.054689552602059675,0.4063160302959252,0.14086681953975555,5
shuttle,UMAP,n_neighbors,5.0,min_dist,0.1,0.427469120829469,0.04229300458110086,0.5025580366697582,0.011615454259078525,0.5856268103017765,0.07709536744381032,0.5789459228080188,0.06857977379134027,0.7299102993983497,0.09717234198325776,0.20067290196825507,0.020146962767797018,0.21492862801053927,0.012009254391637164,0.3014506657152455,0.03612550296286938,0.3194113466495173,0.041696251811821815,0.4502702609534495,0.1511840840353187,5
shuttle,UMAP,n_neighbors,5.0,min_dist,0.5,0.48712991367625025,0.03949322600751503,0.4939774083850562,0.025541014089068077,0.6469258757223371,0.05144157815970883,0.6455115692849158,0.07145675846753342,0.7858513709543173,0.1091007251788367,0.2325812551748573,0.019869185836919354,0.21428159953239426,0.019627071462169438,0.31746202036370263,0.02860714733217819,0.3225760384663989,0.05099145275680282,0.5117110043060589,0.21739793183485237,5
shuttle,UMAP,n_neighbors,8.0,min_dist,0.0,0.3366631946921595,0.012738440669842177,0.4949166726118285,0.010220990026369099,0.8394046990559083,0.03332083379172608,0.8692387339183373,0.032985012788592054,0.9022064635799385,0.057010766174287505,0.18505783615031718,0.0071777268108235625,0.21269235028949507,0.00767096389665748,0.5444003601653462,0.04848981357303083,0.6194568860997403,0.042282858813349394,0.7566305722907647,0.13215300379822575,5
shuttle,UMAP,n_neighbors,8.0,min_dist,0.1,0.3327367244536396,0.0201717698992744,0.5047135145418659,0.0057650357253882295,0.8217908492069155,0.03218695285714595,0.8383657225749686,0.0315588305997118,0.8733567810515803,0.05624394147003478,0.1892136888635605,0.009236856995761048,0.2247010644830551,0.010848448974474106,0.5589724053257766,0.06157753960368315,0.6076347703826822,0.06908663291267474,0.7006572503597361,0.13525596956666047,5
shuttle,UMAP,n_neighbors,8.0,min_dist,0.5,0.42572671280112245,0.01639430795514087,0.5193490999024993,0.010249939263057735,0.7677410763120973,0.02976428104996309,0.7746608641887232,0.041495670044127686,0.8745371097001261,0.058911932669476474,0.22173835995372163,0.008542181673457574,0.2428127257052423,0.008998121323222145,0.4499645955295052,0.03939136006252176,0.4589144057104629,0.07584835836927746,0.6314259051952538,0.1960541566244568,5
shuttle,UMAP,n_neighbors,10.0,min_dist,0.0,0.3227645002496968,0.0214870147295928,0.4840236855247199,0.011526647756184763,0.8717136572257497,0.02706619621349608,0.8734832227533234,0.04902591839689196,0.7446712325509501,0.1489261464755087,0.18463957255584995,0.009037287002831048,0.20263440452591283,0.004921238182969654,0.583970370900257,0.05689697358291109,0.6465871496580897,0.09806159688670463,0.551026507350314,0.14606602292404686,5
shuttle,UMAP,n_neighbors,10.0,min_dist,0.1,0.326316853344748,0.008973409994443213,0.48133682908848774,0.01599300256379074,0.8695831252526695,0.056737519465492575,0.8723778269244489,0.07147095504039777,0.7148767449049963,0.1701155653305562,0.17807233962963068,0.009754893277481268,0.20298752659780908,0.007644502764210522,0.5819873806462551,0.10821891117141043,0.6530740491509257,0.1332336121706524,0.5431028894428988,0.12282835744825465,5
shuttle,UMAP,n_neighbors,10.0,min_dist,0.5,0.4143262704810825,0.01067129329027364,0.4952127416708283,0.008452300727119406,0.8130487265463365,0.07077145297946132,0.8147858077096858,0.09739301273374812,0.7229205964186345,0.13217959873884308,0.20764732687948295,0.009910336406486385,0.21332161345636988,0.007237962200045758,0.4883083097549711,0.11701425242152486,0.5258254206480382,0.18419082337996548,0.4727105248067757,0.10936974876913479,5
shuttle,UMAP,n_neighbors,15.0,min_dist,0.0,0.3080273953057002,0.019235536195188467,0.5078632374973246,0.005192450721329124,0.8694434852916697,0.05592556157243443,0.7991417802192575,0.1176636314643686,0.874530260873701,0.11489258556418315,0.17214822643393016,0.01117528339417863,0.23197775644531723,0.014314640263398465,0.6132990855474241,0.09919529448535619,0.5567220362739995,0.14656365383578382,0.7521187018544754,0.20881290427344956,5
shuttle,UMAP,n_neighbors,15.0,min_dist,0.1,0.3091399015481201,0.015503145758506802,0.5009114884307151,0.010338780336912927,0.8635744928776962,0.043969555886744054,0.7935351359063993,0.07455520463782063,0.8928716558464721,0.09164940596324454,0.1752003513551929,0.005465393612014189,0.22963686601148892,0.020531728631502273,0.6053631706553769,0.08515761166775362,0.5305694954203275,0.07991073547149849,0.7787480971628326,0.16310697530084003,5
shuttle,UMAP,n_neighbors,15.0,min_dist,0.5,0.39344424627238356,0.01342166648982281,0.4988849730089653,0.00607791189145279,0.8694204418444269,0.031470743713461306,0.8238998834748281,0.013253557509683747,0.879869491807567,0.09680904734587398,0.1906478612505939,0.0053130814705508195,0.22265688804761857,0.007154347250709366,0.5815428716555595,0.06666097408595105,0.5591556462305614,0.04827972567260718,0.7367159641003631,0.21246723902565842,5
shuttle,UMAP,n_neighbors,20.0,min_dist,0.0,0.29660302965446717,0.008114773596823104,0.504914032959977,0.00900019414948669,0.8482913604908326,0.11793959419592556,0.7719318922261065,0.1396196379334482,0.834626239566241,0.1461704268251425,0.16370747511616934,0.004154432773438972,0.22516111408280576,0.006340105348848485,0.6069834809510157,0.19249294766971956,0.5285449167866073,0.2206084822617093,0.6525084041730227,0.27110147216474323,5
shuttle,UMAP,n_neighbors,20.0,min_dist,0.1,0.2950603315022235,0.00949181329916459,0.498385222705762,0.006508171006953772,0.8617013864117382,0.07058264618987509,0.8181475589165537,0.10259861672634177,0.7994384437944401,0.16353318829287217,0.16605031871495085,0.0051357142312788324,0.21812911094148918,0.005369394528678817,0.6005966170738952,0.10050715883773254,0.5552311825159785,0.20392989431537625,0.5991791689984567,0.27218261997104437,5
shuttle,UMAP,n_neighbors,20.0,min_dist,0.5,0.3701772133837483,0.009230323605472228,0.4985094528073054,0.005803510692690121,0.8210684169223086,0.09435450770113625,0.7867412427766284,0.05956718119680832,0.8123824879313215,0.20237829112740874,0.17764509444126295,0.0003658124443863844,0.21883254728674095,0.005457825628039402,0.5189642408643855,0.1641614994704914,0.4777693355860723,0.09226234186323438,0.6962292723396002,0.2544504845356273,5
shuttle,UMAP,n_neighbors,30.0,min_dist,0.0,0.30430553375662883,0.006708018427281647,0.5060979524862667,0.0015990621321235678,0.9100240897957242,0.02504748418288205,0.8688792180923166,0.05620517763623661,0.9887837150127226,0.0045979567466281155,0.16620693266450234,0.0011680150444343992,0.2277681761742567,0.0063222474092352356,0.7280538725987736,0.02918946353114118,0.6647228122447519,0.1298469427866386,0.9804628448722565,0.012706319562383994,5
shuttle,UMAP,n_neighbors,30.0,min_dist,0.1,0.296453972557133,0.00960344429326134,0.5014610116287365,0.0032614212728585574,0.9173153313833202,0.018025428271000035,0.9040911036598416,0.04578459823800879,0.988980618772443,0.002028075769231165,0.1692772421123631,0.004207874986524462,0.22216491663741178,0.005566789865620121,0.7440993957017117,0.046329834127727794,0.7503076036871542,0.1398072429904836,0.9818433489039871,0.005737563134226684,5
shuttle,UMAP,n_neighbors,30.0,min_dist,0.5,0.36815524006563455,0.002367553376201211,0.4927623362107917,0.00566450889249371,0.9003484340443746,0.014985785836913125,0.8715507122303869,0.04678372920654799,0.9885808185298804,0.0037248575435242276,0.18305619652132638,0.0040891917869528985,0.2142197290580818,0.006429613863103616,0.6791645983611635,0.07108065676080029,0.6710923727799508,0.11284803439416684,0.9805082895752495,0.010328707015339418,5
shuttle,UMAP,n_neighbors,40.0,min_dist,0.0,0.2971884616299255,0.005712673933139635,0.5225061472973295,0.009248712889489141,0.9245810325557062,0.02136894254559663,0.8988568167225512,0.04860708806290888,0.9844427956528976,0.011331691334530731,0.1689854186864443,0.002657209839436332,0.24196798886873702,0.009600800358887947,0.7401113449783028,0.04841241114693928,0.6179681932294346,0.2011303841777802,0.9699697830606784,0.029412927201793844,5
shuttle,UMAP,n_neighbors,40.0,min_dist,0.1,0.290103208009322,0.0058084480371753695,0.5135867161304131,0.004930385516812257,0.9101728377446433,0.02278763007600832,0.9027481153837007,0.04246436366686219,0.9700971677249054,0.01286850711256791,0.17344440310320294,0.004990068837359582,0.2336802125774772,0.005710967034245266,0.7155259196092834,0.05794571756763714,0.6302951768782773,0.180442763746224,0.9260717552585092,0.0399331230726231,5
shuttle,UMAP,n_neighbors,40.0,min_dist,0.5,0.35928035005112835,0.010620958911058949,0.5049024042234429,0.003944082724736346,0.8893383272692683,0.016743954892242827,0.882840051366198,0.027987217804623696,0.9839012151910775,0.004677707835316066,0.18246942123389362,0.00939178282386605,0.22429798168318085,0.007193940689646943,0.6522748541096561,0.03622483463538944,0.6281400604590798,0.10097275952746183,0.9668906210602854,0.016840486535778847,5
shuttle,UMAP,n_neighbors,60.0,min_dist,0.0,0.3042068440702956,0.007656223737080038,0.5211754298352,0.006369688005872774,0.9169108463532378,0.008882038732739378,0.884267175572519,0.025718980056964533,0.9912437754155669,0.0010099427208903355,0.1738471232940793,0.007623540338304405,0.24327692536794623,0.005873216823770649,0.7728143900989384,0.04345012271914324,0.5878776381711068,0.11491468548492,0.9887350221970588,0.000577320836179287,5
shuttle,UMAP,n_neighbors,60.0,min_dist,0.1,0.28693077453568283,0.010441541658727023,0.5182374497633826,0.00567320264578326,0.9113147606477847,0.012094756578575208,0.8707646904948753,0.011607921134906421,0.9892711707212671,0.0010806417334674405,0.16508754724690858,0.00218128607901192,0.24183409876751347,0.002191535887684481,0.7301463017358875,0.018668112299546194,0.5122288595261388,0.042228114666400696,0.9868360548370486,0.002864505899836959,5
shuttle,UMAP,n_neighbors,60.0,min_dist,0.5,0.3578934627000547,0.010142566643432348,0.5095371334807733,0.0050452928230638044,0.8869369575039834,0.03511027127317377,0.8732902190197617,0.03926178646832592,0.988181113409907,0.002886861426341501,0.18155660569000415,0.004911126682691045,0.23390556072139956,0.00298857393451424,0.6687308609248938,0.05456188680289803,0.6384809489082396,0.09050728364450245,0.9836053199754762,0.00906762662522037,5
shuttle,UMAP,n_neighbors,80.0,min_dist,0.0,0.28159591924092175,0.002650838030357639,0.530997003638439,0.007589703930623222,0.852038381964757,0.027342451326582466,0.836078595039357,0.06790641627956077,0.9911193075075504,0.0009136112363154363,0.151424985653829,0.002599023358843682,0.2513058538821184,0.006377443439115291,0.7275516363929684,0.024508233553228734,0.683532504487506,0.10514411503608616,0.9889590175604772,0.00041725099855522107,5
shuttle,UMAP,n_neighbors,80.0,min_dist,0.1,0.27255974887636436,0.005554603606240233,0.518819742693396,0.008234887634698363,0.8498782193051294,0.024772986374347435,0.8294144015600106,0.040300305436435105,0.9903114789184562,0.00042516693023272217,0.15024482372324766,0.004338898697726053,0.2428277447920709,0.008473548527442908,0.7111109032148211,0.06257853030576555,0.7010173235651328,0.10480960805863469,0.9882875541913869,0.0008334537109522709,5
shuttle,UMAP,n_neighbors,80.0,min_dist,0.5,0.34680202611115074,0.009580271504747105,0.5109365770136263,0.005645592109002989,0.849446053601579,0.026722584574817715,0.862045920429954,0.030902908948163863,0.9897633825592733,0.0006131581783850364,0.17644024197267477,0.0021151983026119338,0.23638249295009683,0.0028298225682630352,0.6489152597481298,0.07104316955227331,0.6993816181121083,0.05046207708538136,0.9874080821443754,0.0021174014567999604,5
shuttle,UMAP,n_neighbors,120.0,min_dist,0.0,0.27892150008323224,0.01031516754214731,0.5216332072959026,0.009153566934465687,0.8920243751634919,0.017266330812737176,0.8469028084944472,0.05747430413705996,0.9903158069962664,0.0004029066654884841,0.15104560602219047,0.0035242312791272986,0.2513277198309809,0.011064077149691647,0.7064917241713212,0.032598212575071756,0.7126682883061679,0.10797411296960133,0.9858608166594198,0.005801630909050157,5
shuttle,UMAP,n_neighbors,120.0,min_dist,0.1,0.26999524387053814,0.00892476790975267,0.5165852179496326,0.015424373723043158,0.8831980452307912,0.04804101654982761,0.8813408955791777,0.05205578993322333,0.9909139378373879,0.001938085993098109,0.1473707644027708,0.00310234765651869,0.24625035234481157,0.01477402503707263,0.7215860306359353,0.08283383279398022,0.7568789978011254,0.0686078572575466,0.9858918503424716,0.008805806654864946,5
shuttle,UMAP,n_neighbors,120.0,min_dist,0.5,0.3333445577988633,0.006109543789136777,0.5003905733514066,0.010271505424915846,0.8623684811300564,0.01738746754506984,0.8665704263870062,0.010985489514234554,0.9866775106418396,0.003143215105363261,0.17575750399768975,0.006725908127048466,0.2330590775688453,0.00653093023917468,0.6699543809342071,0.041623400075984286,0.7017826828911148,0.026837729758933608,0.9756412992377935,0.011335304878549496,5
shuttle,t-SNE,perplexity,1.0,learning_rate,50.0,0.5060353380419015,0.006551441780149346,0.4947514922356186,0.011804244364293458,0.5079346270005469,0.0062576649667975505,0.5084744239138189,0.006920543074463495,0.5236616013887898,0.009914689577894976,0.2140368754072957,0.004041745607943139,0.21289788008822624,0.002932108816260247,0.2137920152487462,0.003995037656570666,0.21451682500390784,0.004560304893781566,0.22678504721968568,0.004718579130812111,5
shuttle,t-SNE,perplexity,1.0,learning_rate,200.0,0.5129076121852036,0.013963742584308754,0.5009714394425816,0.014264950500593074,0.5138093981118166,0.013045820385501668,0.5142852726451214,0.013492581253206888,0.5244917837863546,0.005558167230715115,0.21636825320919578,0.007825828115296439,0.21263447844667943,0.006540104491973849,0.21641342273214503,0.007877139840886938,0.2164577603269738,0.007412097373445888,0.22776131618017334,0.005550502438361348,5
shuttle,t-SNE,perplexity,1.0,learning_rate,500.0,0.505237021711731,0.013927967506643367,0.4930483460559797,0.028183448143970075,0.5059445910917695,0.012785415304838227,0.5055744215357543,0.013530622224258899,0.5210562887921809,0.012000428358434836,0.21409027961790078,0.006731184587910841,0.210594630484722,0.01050076061919531,0.2148674232697383,0.006272679367033269,0.2149175291648541,0.00610964768194128,0.22657142538656255,0.005060070154184625,5
shuttle,t-SNE,perplexity,2.0,learning_rate,50.0,0.5522730493924044,0.028663047456883018,0.5237563197070225,0.021852958252920076,0.5530428051651566,0.031430201720017786,0.554417445482866,0.02892937450736592,0.6215116406268579,0.04059164870187687,0.2669956648538087,0.010895917629200844,0.2422788876835035,0.009925592078380506,0.2643447984149775,0.02244307346279244,0.2704032660290842,0.011579995820496562,0.32017869205286664,0.04721225419916355,5
shuttle,t-SNE,perplexity,2.0,learning_rate,200.0,0.5575757056907089,0.04180969380102198,0.53091648236665,0.01372978509576221,0.5560662528834035,0.04700305019306417,0.5612448217640484,0.04173838364838002,0.6153398967919907,0.040492907698795655,0.27364828657958046,0.018294910649988456,0.2452704965945623,0.0065327539992886124,0.27365236621441463,0.023180485923171675,0.2762867587498915,0.020959282349233815,0.33276217721170315,0.053128482406432274,5
shuttle,t-SNE,perplexity,2.0,learning_rate,500.0,0.5683907635965851,0.06134458306810057,0.5196077144419871,0.024321658272551547,0.5725658605027228,0.06810569469282608,0.5740923640341491,0.06294895033938895,0.5930530546241469,0.04830948741628492,0.2612715745138069,0.036211334372945256,0.23102887167199335,0.0177270761999674,0.26533931497540336,0.03555366728889397,0.2667311203337725,0.03880592966734082,0.29478587698545955,0.014444838766095331,5
shuttle,t-SNE,perplexity,3.0,learning_rate,50.0,0.5584861715535896,0.07746471386849298,0.5097884949228317,0.02178467888434368,0.5637494946612447,0.09156956292946711,0.5653491712444413,0.08691926017778996,0.6245672159996196,0.04558633160846333,0.26931927409473644,0.03936854948529812,0.22677955649160123,0.0192282888488823,0.27386133241491867,0.04469597894497769,0.2728922656379731,0.04593277027529288,0.32532276364475415,0.07034510174851039,5
shuttle,t-SNE,perplexity,3.0,learning_rate,200.0,0.5733410382630615,0.0716150988008441,0.5131218044755179,0.016549297313305806,0.5936970345532805,0.07692729641863923,0.5913557109224513,0.07813055803502714,0.6409407624075527,0.05724477281327721,0.27774583749203957,0.038002834638227394,0.2324350556197985,0.015225714128717066,0.2909237272269992,0.037470676661147416,0.29040044166990964,0.04140257576129191,0.35941392500662733,0.0586191526282827,5
shuttle,t-SNE,perplexity,3.0,learning_rate,500.0,0.6372291265368244,0.03163396161360466,0.5271905781075361,0.010620653131829935,0.6626291645858601,0.0440049374311299,0.6675640769541747,0.0390482206310979,0.7177882095550642,0.08994169496125644,0.31140627808820287,0.025164014312794008,0.24142170050559159,0.01362882009667017,0.33780529676017423,0.033765734666898375,0.33001555423866413,0.03643413934911715,0.5028745399401227,0.07256442078879834,5
shuttle,t-SNE,perplexity,5.0,learning_rate,50.0,0.6179068274238425,0.08253131923344632,0.5295224608213835,0.0173874383058599,0.6928139164348053,0.12466249068397971,0.6980446124943521,0.12031111131982647,0.6932529547454281,0.08226673917195947,0.31367813785517884,0.07184357099683292,0.24161181690469097,0.020403731625003522,0.3721707606751036,0.12604304412429304,0.3702473119452955,0.12341214593076082,0.49856909875242683,0.13896911363028083,5
shuttle,t-SNE,perplexity,5.0,learning_rate,200.0,0.613011533613945,0.08711270124266826,0.5334870514375402,0.009741316971357028,0.7042914080521272,0.11665447292747295,0.7069704168747474,0.1139581863716948,0.690364985374902,0.0900657512456943,0.3165619326853987,0.07451547423960736,0.2485787528306486,0.012280867369234144,0.3799992096213841,0.11532481710887603,0.3849228871365331,0.11727434242799288,0.4968096164184869,0.16904121846771483,5
shuttle,t-SNE,perplexity,5.0,learning_rate,500.0,0.5872159044969203,0.024992700140655962,0.5329758150816865,0.012659217842261403,0.6664724739007395,0.028050581069322483,0.6693021806853583,0.030796216826619427,0.7133935934936149,0.13595631188431362,0.30703446573740223,0.027187555645420247,0.25181247155287523,0.007584522910599188,0.35188739199682195,0.055589575352534455,0.3456125317048003,0.05546041266546355,0.530733213065353,0.15470720457644704,5
shuttle,t-SNE,perplexity,10.0,learning_rate,50.0,0.46792480559320826,0.040448239021652906,0.5344387767235024,0.007819505627803659,0.7390950750279422,0.09750800942718009,0.7327356781051579,0.10672684775446795,0.7617417421702218,0.12278837289925973,0.23944907399221532,0.025255023894339656,0.25785559705417943,0.008913543526071417,0.4306984127368034,0.10233529789854434,0.41657854615121537,0.10184982221307799,0.6069510316167198,0.20270791683417308,5
shuttle,t-SNE,perplexity,10.0,learning_rate,200.0,0.4563564243418705,0.03967733475215965,0.5287365342084611,0.006552524470369676,0.7452773774702147,0.10264134184058447,0.7430563839147701,0.11095019543869962,0.7574685500939335,0.12413366523850261,0.23138563369440215,0.025562025857142186,0.2515377960254271,0.012196515903704866,0.42704549281794996,0.11383564679022556,0.4395195575899031,0.1454711574077802,0.6258497835587307,0.21949627344730357,5
shuttle,t-SNE,perplexity,10.0,learning_rate,500.0,0.4370871085110936,0.01815683043082822,0.5271820646357994,0.00984574521450202,0.6883107892796841,0.056310495656491766,0.6795542079855414,0.06640303599310075,0.7222154526646215,0.13643826095178632,0.2192178297732151,0.01194449480653801,0.2500462136718265,0.011402282917584747,0.3613324187924253,0.04275405120006503,0.3515189319384878,0.0482594584309077,0.5750300034978745,0.17495676206801397,5
shuttle,t-SNE,perplexity,15.0,learning_rate,50.0,0.3901170959073506,0.024485547715627682,0.5170961927183658,0.005562212495045681,0.7477973651042781,0.10211622535062816,0.7377417659508693,0.12641216670009559,0.7602225392975196,0.1555687494459724,0.19182599697268624,0.016550023919894883,0.23913519149381068,0.00999041979150298,0.4249344632542469,0.10734822750213127,0.44483801447974897,0.13220607327077663,0.5970719358142151,0.19827229591744347,5
shuttle,t-SNE,perplexity,15.0,learning_rate,200.0,0.37368295641007343,0.008808840687000864,0.5183997289006207,0.0053772048970395095,0.7766183681719816,0.0880544953764294,0.7516723502413736,0.12482860915361409,0.7695948728924401,0.15558483966546255,0.18909774651837424,0.014286910749442935,0.23967801598699925,0.013137944809792027,0.4791080554605404,0.09813614636861841,0.4671326369568076,0.1562558707448568,0.6190170520225726,0.23161662761005014,5
shuttle,t-SNE,perplexity,15.0,learning_rate,500.0,0.37109386221492946,0.01338301189911822,0.5146336115669069,0.005202413968930665,0.7653485529476113,0.1093460846309601,0.7495391548357946,0.12273144995614826,0.7470881072982807,0.11951647809308857,0.18705385390406712,0.010851845346426546,0.23450549027105566,0.007187287439084036,0.4654176658414185,0.11409726206266742,0.44512223080157787,0.11018778575186099,0.6430635941641769,0.14149678740684807,5
shuttle,t-SNE,perplexity,30.0,learning_rate,50.0,0.32984357090199995,0.004649218644658091,0.5231754536158475,0.002395229474921349,0.8278056645501891,0.07551010888177563,0.799127820979287,0.09500129532140059,0.7654719269458515,0.1826360774249083,0.1796789884585208,0.004601784976758086,0.24147040955693538,0.003241121097222909,0.5560988175527057,0.12450235198961557,0.520232627850859,0.15124943305961405,0.6614647190395869,0.26482081206144165,5
shuttle,t-SNE,perplexity,30.0,learning_rate,200.0,0.32652740719602386,0.005696595543170388,0.5221772609450429,0.0019058365635956553,0.7633588975291908,0.13284455627440572,0.7156591757627643,0.1391359990017713,0.7637033602054648,0.16730758805401805,0.1765620775127457,0.0028813697630582693,0.24062320085375655,0.004354218294134428,0.5059698268238825,0.09844062925382718,0.45722489703021163,0.1544483451570928,0.6249608578326425,0.2643254742873384,5
shuttle,t-SNE,perplexity,30.0,learning_rate,500.0,0.3229762906946327,0.005406127620293086,0.5240361228032627,0.00295213850965601,0.7474969917481153,0.13089954422781352,0.6904735915911632,0.1541128419868231,0.8079136762502674,0.14426278362045544,0.17822043744228783,0.007021057799899521,0.2410892993439342,0.004614574404112983,0.48353884204856146,0.17227168836814255,0.4269296983645489,0.14981594433306825,0.6697432541097086,0.258354366825446,5
shuttle,t-SNE,perplexity,50.0,learning_rate,50.0,0.30831138379586687,0.0028826977834587706,0.5217353927373903,0.002715795081099449,0.85774759220946,0.0616732109829743,0.7990711754773965,0.06672445752464311,0.7223619414520462,0.16088435538257445,0.16917683034694259,0.0014112161938886496,0.244852349033521,0.0019684490422694594,0.5996952711422601,0.0978641663712026,0.48941346219081633,0.10125185065080938,0.54193763128364,0.29245775241946903,5
shuttle,t-SNE,perplexity,50.0,learning_rate,200.0,0.3099824023209911,0.00285205073595714,0.5202858909419514,0.0018156329816260042,0.8594541152410169,0.08562723431247866,0.7923169009060427,0.07376701373087582,0.7194944709995006,0.16620580165525053,0.16824834553266516,0.0032299295379898856,0.24552707228326653,0.0013711859309573152,0.6100148137083009,0.0942298191707666,0.4861032471414718,0.11202515529860912,0.5576616064821827,0.28870847211506917,5
shuttle,t-SNE,perplexity,50.0,learning_rate,500.0,0.3084289553161637,0.003100979916725347,0.5210974293120259,0.002786746190125857,0.8439421416850965,0.09173636439641109,0.7931783072935245,0.10816620397749385,0.8062191148843072,0.12874307149496506,0.1701785337681739,0.005195505534781293,0.24371160978011247,0.0034239974921705537,0.6032462526739117,0.10982556604188061,0.5124683978865175,0.16099728759682558,0.7027028197060636,0.1870539011467863,5
shuttle,t-SNE,perplexity,75.0,learning_rate,50.0,0.28698580295355636,0.002793412627116488,0.5145338993127393,0.0011209216380278985,0.8426802216356328,0.08161306149344899,0.7992045849088012,0.09986143822929797,0.7874095265273121,0.20781580802770777,0.1659936397268663,0.005093442788690329,0.24116416988863945,0.003305045315098579,0.5923347785483574,0.10274607098255004,0.4940666569046039,0.10291320344172392,0.7694254489591806,0.2053201982045689,5
shuttle,t-SNE,perplexity,75.0,learning_rate,200.0,0.28616684502152145,0.004615003031464687,0.515123041069178,0.0011117115594398788,0.8740981665120925,0.07440182908740914,0.8386490927683052,0.10158603697295415,0.8206909704882166,0.10361068901658955,0.16214762813369782,0.006633563023882189,0.2425502949447042,0.001331842571924459,0.6345119645234583,0.09779473106065625,0.5294740353787184,0.09634907822378141,0.7212951247759001,0.141336569282516,5
shuttle,t-SNE,perplexity,75.0,learning_rate,500.0,0.2864116905662172,0.0013265970999562402,0.5131426838838553,0.0025165266764132824,0.9100170745047681,0.019552733778120612,0.8758267342037049,0.01158051390385631,0.8074262205417231,0.09056867772528883,0.16749652240575968,0.0035884846336650448,0.24079660351868792,0.004070042702182558,0.6984626710967009,0.053960690169921735,0.6152391309010309,0.1268681333717467,0.6860904872182267,0.0891064003690958,5
shuttle,t-SNE,perplexity,100.0,learning_rate,50.0,0.2635346602934532,0.0021028053794977784,0.5074823190887255,0.0024835882009601566,0.8694181826829327,0.0652978767153453,0.8705035552067727,0.0814728868461348,0.8580976908991463,0.11751393651255053,0.16298445204000817,0.009522070387497646,0.234647650484398,0.003375673482015537,0.6795615491988791,0.08870739434618483,0.6855769582807448,0.11438271590856824,0.7821264102090286,0.1816267452460188,5
shuttle,t-SNE,perplexity,100.0,learning_rate,200.0,0.265286628142018,0.002437777884003614,0.5080695346127322,0.0027682065497168585,0.8572840598321086,0.050708982177495136,0.8364795367529905,0.07315477225500708,0.8947616465720196,0.08572712919906787,0.16775023484666174,0.005829740372076737,0.23453822441443242,0.003346686820489408,0.6247299591340905,0.070302566112464,0.6545956814268254,0.07066336563397331,0.7602453672854271,0.212659513363183,5
shuttle,t-SNE,perplexity,100.0,learning_rate,500.0,0.2635759910584766,0.0008884247034919841,0.5082763311217331,0.0014896986074971336,0.8773749494661244,0.03272694887985381,0.8770338636417684,0.04693233365246712,0.9060646357993865,0.07902080085475392,0.16254386610635727,0.008491269626071602,0.23485094760163455,0.0006422019177007204,0.6608336726127717,0.06003766927086052,0.6991874970635288,0.07716522698362137,0.82198717210241,0.15039838277947917,5
