dataset,method,param1_name,param1_value,param2_name,param2_value,AUROC_kNN_mean,AUROC_kNN_std,AUROC_LOF_mean,AUROC_LOF_std,AUROC_IF_mean,AUROC_IF_std,AUROC_centroid_mean,AUROC_centroid_std,AUROC_linear_mean,AUROC_linear_std,AUPRC_kNN_mean,AUPRC_kNN_std,AUPRC_LOF_mean,AUPRC_LOF_std,AUPRC_IF_mean,AUPRC_IF_std,AUPRC_centroid_mean,AUPRC_centroid_std,AUPRC_linear_mean,AUPRC_linear_std,n_seeds
swiss,DR-SNE,lambda,0.0,k_density,40.0,0.5276446222222222,0.2231766470920942,0.5222040444444445,0.030006779082791566,0.5211503555555554,0.26093791228299396,0.5341413333333334,0.23627056048966144,0.8174987555555555,0.15696847032474032,0.12461317818282791,0.06948653674540861,0.10602807997084988,0.013574821496857367,0.13878838593157655,0.09473005699176741,0.13745901451775802,0.08623140228917235,0.4121848541201182,0.3568249620863913,5
swiss,DR-SNE,lambda,0.0,k_density,80.0,0.5667315555555555,0.17343749589412524,0.5414608,0.027470654398403852,0.5378105333333333,0.21614173600155964,0.5183,0.2516609424351702,0.7851787555555556,0.16216850646815983,0.1370910570930725,0.07478428954661702,0.12313386692179829,0.03864574799590233,0.1311962127876227,0.07582770371931512,0.1404050827277002,0.09632333370224658,0.38384841413098025,0.32936338272600735,5
swiss,DR-SNE,lambda,0.0,k_density,300.0,0.5072593777777777,0.18623480731661526,0.5108184,0.02594757722575307,0.4770464888888889,0.2292808403001669,0.45830519999999997,0.22136391797953292,0.8041112888888888,0.1725750544428727,0.11726830347479918,0.050857120188855805,0.10026282149476533,0.011374313166360657,0.10727076396835802,0.04819386548613016,0.10360800300483956,0.05373423592022647,0.45149394503828777,0.3686963575745207,5
swiss,DR-SNE,lambda,5e-05,k_density,40.0,0.5510300444444445,0.2265448909737999,0.5239342222222223,0.03249710477930356,0.509612311111111,0.24843574306237234,0.5073137777777778,0.22787129384851781,0.8211928000000001,0.14428108160625774,0.14467401774547273,0.09733133819602723,0.10510849915320467,0.01365239098679322,0.13353692478090146,0.09032259559858102,0.14684758078313084,0.11823360981057114,0.4125909480859489,0.3587570567650017,5
swiss,DR-SNE,lambda,5e-05,k_density,80.0,0.5040352888888889,0.1576641070742357,0.5439410666666666,0.02504888791765242,0.49802542222222224,0.17679202779031739,0.48338484444444435,0.1707418096564243,0.8038533333333333,0.09770942829369894,0.1171869727571377,0.07059041990621168,0.11352673993449444,0.015433178688701824,0.11989519367958841,0.08428591843816101,0.1096696615283598,0.06654865319493518,0.33085389709964463,0.3036801345564446,5
swiss,DR-SNE,lambda,5e-05,k_density,300.0,0.45294248888888894,0.16307073489992002,0.49807386666666664,0.009694479389430822,0.42126546666666675,0.2318272396509687,0.4350947555555555,0.2475455020201536,0.7748831111111111,0.18683693397871817,0.09966968305716521,0.04485429194080165,0.09694895429499116,0.003743878270141469,0.09825601497353106,0.05086360413459565,0.10326137731255672,0.06629033972897634,0.41724601339793316,0.400383022727601,5
swiss,DR-SNE,lambda,0.0001,k_density,40.0,0.5589183999999999,0.15906181642464093,0.5401399111111111,0.0370774938881683,0.5427035555555555,0.19324500603746464,0.5650904,0.2114714421114615,0.8369074666666666,0.14778196735895746,0.12489778681468708,0.055386170574885596,0.10967576265671297,0.010865311137714901,0.12968884671997358,0.07670933207933309,0.17072881626923547,0.1556887379322106,0.4564968332787508,0.34989621853928077,5
swiss,DR-SNE,lambda,0.0001,k_density,80.0,0.5390213333333334,0.21770698479298806,0.5176908444444445,0.02785619284268564,0.480893911111111,0.25183297575764985,0.4634893777777778,0.27173643489217847,0.7355907555555555,0.16776418970477205,0.16333155375252226,0.1807557522239616,0.1006127124657445,0.007291215167212222,0.15651011531838838,0.18295963467787726,0.1708310952089322,0.2184785993949448,0.3260765048566361,0.3676933833877597,5
swiss,DR-SNE,lambda,0.0001,k_density,300.0,0.4748975111111111,0.145419594143123,0.5132851555555555,0.025808215961129453,0.4542118222222221,0.20490404118919714,0.4621839111111111,0.2202461772665608,0.7901321777777778,0.1738089097506259,0.10490673769368815,0.04229923054953987,0.10131681493317306,0.010438849176781754,0.10200464077812221,0.04483810179328705,0.10265995385137491,0.04726420391105919,0.3955339295406489,0.3275323455795706,5
swiss,DR-SNE,lambda,0.0002,k_density,40.0,0.5924883555555556,0.1964929280286547,0.5198469777777778,0.04631711093801562,0.5590689333333333,0.23142322712862506,0.5681994222222222,0.22733247843141097,0.8500471111111111,0.11753106356372231,0.14284339638001833,0.0911575142108957,0.10110120734336811,0.011716262535736934,0.1516184258969389,0.10890622406947757,0.19608100768211115,0.19272652973905638,0.4535510118888202,0.35570781628878323,5
swiss,DR-SNE,lambda,0.0002,k_density,80.0,0.5775556444444444,0.18268938480987984,0.5242375111111112,0.016977270456643587,0.5498071111111111,0.20381657467311506,0.5463763555555554,0.23531658976663236,0.8052416000000001,0.13288576123134707,0.14154571801129384,0.10447986410445102,0.10853695231726217,0.013104933125941567,0.14312259646804887,0.11541512007648304,0.20417036297293797,0.2557468420694734,0.3824746342855309,0.3369000993014183,5
swiss,DR-SNE,lambda,0.0002,k_density,300.0,0.4588059555555556,0.15980914709450023,0.48693484444444446,0.013266072418665743,0.43958626666666667,0.23588129489950385,0.43094462222222224,0.22346708129560225,0.7664194666666667,0.1859605518591059,0.09375285517896403,0.032456539933930564,0.09320289226205128,0.0029109156861689594,0.10103929565691927,0.05142596843900174,0.09366898174101333,0.04171691212003082,0.3906174539976429,0.3709591688374871,5
swiss,DR-SNE,lambda,0.0005,k_density,40.0,0.6029730666666666,0.20234707983557645,0.5398061777777777,0.06961872810138321,0.5180922222222222,0.25141055621708236,0.49844248888888887,0.24208230628253602,0.8277702222222223,0.13400777709438277,0.16449913838279223,0.11347273940677731,0.11233796824848083,0.028886022879788035,0.1646918476919609,0.14098686848564196,0.18073594407167698,0.19694696654500782,0.4266462371959932,0.34649026608178113,5
swiss,DR-SNE,lambda,0.0005,k_density,80.0,0.5499163555555555,0.17779997516349172,0.5316535111111111,0.03928576019983599,0.49926635555555554,0.20696440630319643,0.47399399999999997,0.23766372391653826,0.7602631111111112,0.15874628704218247,0.13147915149059267,0.0840841684820559,0.10476953776212657,0.013217949489012141,0.13218687635214116,0.1079592265797228,0.12582035580738188,0.10222580392779017,0.33886875980826636,0.336770938932874,5
swiss,DR-SNE,lambda,0.0005,k_density,300.0,0.4541367111111111,0.16210784385546145,0.5122175555555556,0.011198973093354585,0.41613324444444444,0.24912736492407822,0.4172468888888889,0.24580207531444664,0.7490651555555555,0.20357502042635317,0.11026497020550334,0.06042314156487841,0.10207289995850846,0.008648433877180799,0.1032151433828106,0.05708674377074855,0.09676167664364826,0.04998369538792058,0.4013837582216052,0.3964112386918344,5
swiss,DR-SNE,lambda,0.001,k_density,40.0,0.5336752888888888,0.17809147140700232,0.5194497777777778,0.017053129646511848,0.4693935555555555,0.2105916157188752,0.4729280444444444,0.19173786813974777,0.8158533333333334,0.12376191373583212,0.11521456024018986,0.05605609430952075,0.10217916206027619,0.006814230651818285,0.10445670789183696,0.05496162393490059,0.1016425123107636,0.0453976263845085,0.3607529065891305,0.29501685011710693,5
swiss,DR-SNE,lambda,0.001,k_density,80.0,0.48476044444444444,0.13060692413838126,0.53269,0.018152174911692878,0.46034244444444444,0.17917987805554506,0.4615003111111111,0.21316343952959868,0.7278591999999999,0.17046603584825124,0.10542449179255704,0.0467209916875975,0.10919092064554894,0.010598611945120516,0.10999510949868911,0.06464773351849712,0.12013763192290308,0.08994651344217103,0.2960455951334655,0.2898823696871006,5
swiss,DR-SNE,lambda,0.001,k_density,300.0,0.5066254222222222,0.17488461201078545,0.5129619111111111,0.02205690064333887,0.4762442666666667,0.22241670176530817,0.46258653333333327,0.22692503259602315,0.8031293333333334,0.17069492495164276,0.10672299211734573,0.046068168959772865,0.09936303485135188,0.007256149970990151,0.10573387144171145,0.05016022860167793,0.10911589282000067,0.06660490015979534,0.418080786757132,0.35498189071312125,5
swiss,DR-SNE,lambda,0.002,k_density,40.0,0.5771926222222221,0.21431349131970084,0.5093562222222222,0.03005312586482336,0.5366775555555555,0.2624572783962383,0.5480670666666667,0.24654760457133168,0.8292972444444444,0.15587859371006382,0.13604768266696085,0.07839695521616069,0.09999867056677172,0.010540823083151175,0.13531962303493167,0.08756847959769636,0.14347478202361172,0.0931435028979316,0.4114169570387384,0.34377342318280246,5
swiss,DR-SNE,lambda,0.002,k_density,80.0,0.5633577777777777,0.18725424131740787,0.5231836,0.0089530024226651,0.517984,0.1877139649239808,0.4972193777777778,0.2271207174067201,0.7712402666666666,0.1227696661536011,0.1482112342345494,0.1256894667933113,0.1039023768316365,0.006864667124448848,0.12697626787333677,0.09713810788798763,0.1753588720470224,0.2146454621943885,0.3517791356526746,0.3248410803370994,5
swiss,DR-SNE,lambda,0.002,k_density,300.0,0.5044293333333333,0.2190837547161889,0.5034817333333332,0.022993491051830676,0.45298195555555554,0.2882782766871938,0.45857080000000006,0.3117974313944676,0.7628993777777777,0.21542445998072077,0.11805976521801365,0.07755945885822636,0.0971368365468537,0.004925087062809251,0.11747399884457806,0.08382772013256125,0.17478498516907823,0.2147446791903747,0.44401655767330006,0.44652498084480186,5
swiss,DR-SNE,lambda,0.005,k_density,40.0,0.5355004444444444,0.1891970889273085,0.5252298222222223,0.021593577277503353,0.49358586666666665,0.22361782160352547,0.48437697777777783,0.23349727026683678,0.8124585777777777,0.1288767227301701,0.12958588153694747,0.08668653765507968,0.10351248805750361,0.007188193305637537,0.12139393804731191,0.0803459361523144,0.13050917879328536,0.103986807493591,0.38631562331312114,0.3125006757000358,5
swiss,DR-SNE,lambda,0.005,k_density,80.0,0.5468345777777778,0.16487213357798836,0.5276974222222222,0.026057301171849942,0.5053480888888888,0.2049901450975173,0.4992832888888888,0.23636336098674038,0.7357953777777777,0.17939223690199427,0.12601692907617876,0.06795984935391604,0.1040757964615098,0.007551617030750491,0.12369080310109762,0.07401745563125388,0.13716765870398712,0.10172249087177548,0.3017918423791765,0.2582802904804477,5
swiss,DR-SNE,lambda,0.005,k_density,300.0,0.4756312888888889,0.18410037383606198,0.5150032888888889,0.027206178584475483,0.4275077333333333,0.24321198113957507,0.4239749333333333,0.24035984130108232,0.7510552888888888,0.20189390845092406,0.11810551521009711,0.08213844980571397,0.10268097607476942,0.00886732585511231,0.10232266486901401,0.05902198003877183,0.10105008069504577,0.06232512241880473,0.3949879377934528,0.3834201146534461,5
swiss,DR-SNE,lambda,0.01,k_density,40.0,0.5332426666666666,0.14742648588850002,0.5275753333333333,0.02370994436419213,0.4983529777777778,0.196712355254739,0.48586084444444444,0.20823010839604145,0.7936285333333333,0.1455885514300362,0.11465442298895794,0.05170884838539327,0.10664003407961994,0.005754597388841674,0.11219874069428279,0.059691790533796696,0.10888260010611486,0.0630038349425381,0.3991942409404191,0.3342003788124302,5
swiss,DR-SNE,lambda,0.01,k_density,80.0,0.5540177777777778,0.13136588255350673,0.5651380444444445,0.04289889886019556,0.5399849777777778,0.15723489622992276,0.5351176,0.1686028747860882,0.7817566222222221,0.13727753422797767,0.14330598212021023,0.08419057296517087,0.1280290166697318,0.028723364977844053,0.13654292830304904,0.07931301965267311,0.13181465653104313,0.07886717458601507,0.33969542391133284,0.26222810239564215,5
swiss,DR-SNE,lambda,0.01,k_density,300.0,0.5404653333333334,0.1743942017347941,0.5414719111111111,0.043280999434388165,0.5106655555555555,0.22440741899071445,0.5133583111111111,0.23053733840005777,0.8043702222222222,0.16079072419809595,0.16532102527374698,0.09608552445756265,0.12282621107501193,0.041471085063082766,0.13225487073808423,0.06514950503435774,0.13486467579815056,0.08119574563132252,0.4452716000228201,0.3186288047004724,5
swiss,DR-SNE,lambda,0.1,k_density,40.0,0.6638281777777778,0.17739165607128649,0.5738330222222222,0.028760891697315178,0.6007351555555556,0.2123579554788809,0.5601165333333333,0.2304457045681608,0.7950642666666666,0.160991129400472,0.21425891464170452,0.13568045138549487,0.12737511951508287,0.017148294091376762,0.17941348642449154,0.12512798706104516,0.160470549152004,0.11257912308819193,0.4157399138742667,0.35273169361674817,5
swiss,DR-SNE,lambda,0.1,k_density,80.0,0.7562349333333332,0.1610544930040761,0.6087144,0.04554507201199459,0.7149535111111112,0.1651150307117682,0.7033373333333334,0.18439026244742998,0.8184443555555555,0.1731748234777735,0.36869946469692433,0.2306670059808326,0.17838419826193697,0.04398825006500447,0.2987774878154105,0.1946748229433154,0.3361104243919729,0.25376433642988305,0.5672056286107849,0.31499561174417834,5
swiss,DR-SNE,lambda,0.1,k_density,300.0,0.6014582222222222,0.10996662994981032,0.5626642666666666,0.04414732457796957,0.4992014666666666,0.14544535005962012,0.5009300888888889,0.18113523283329053,0.7821335111111111,0.15304507725426186,0.1482741696136634,0.054003209846913286,0.11702357606028313,0.015357253091794604,0.10385171629391424,0.04053424161434894,0.1265386177986916,0.09465142283091371,0.3712532903108255,0.28857077451053587,5
swiss,DR-SNE,lambda,1.0,k_density,40.0,0.7825776,0.11176874925702186,0.6126368,0.06094275920785565,0.6968992444444444,0.109524129636722,0.6335278222222223,0.12745260858577404,0.7477304888888889,0.19573294393911206,0.4235710909640284,0.16327113438309968,0.15276771599949202,0.0426073010648372,0.2910167769909275,0.12763642442674347,0.2735837258819722,0.19212416176721364,0.5272405990353626,0.2587724079348796,5
swiss,DR-SNE,lambda,1.0,k_density,80.0,0.7844202666666666,0.10809982428263146,0.6416605777777777,0.014559797533356842,0.7363440444444445,0.12484895635911616,0.7144738222222222,0.13407403753246483,0.7742946666666667,0.13890604346965998,0.4612195179533005,0.1684963587047322,0.19386809823893864,0.021308806302093523,0.3519318966936778,0.1513850146371532,0.3448961829625963,0.20211333858157854,0.5142854863328992,0.2795371380400692,5
swiss,DR-SNE,lambda,1.0,k_density,300.0,0.7996181333333332,0.043520451411965304,0.6402530222222222,0.034973690584512704,0.7612711555555556,0.053497911069960345,0.7568885777777778,0.05324984280312974,0.7530279111111111,0.16057869441673361,0.5066937694193714,0.07540929968202001,0.22397022420984564,0.07485956335792611,0.39648327676010775,0.06448670594947463,0.3985659507255733,0.09866484684481312,0.48694125926073895,0.245495932576074,5
swiss,DenSNE,perplexity,5.0,dens_lambda,0.0,0.25451999999999997,0.038759271845267035,0.39025279999999996,0.027983035623501816,0.3020183555555555,0.04219883182327897,0.3000316444444444,0.038305063443007645,0.5657591111111111,0.04465443435047067,0.06237011895398166,0.0028438963019559267,0.0753179759168215,0.003516172350831467,0.06659583820247944,0.003916608462892571,0.06634863426468651,0.0035076912649893025,0.10569428742059543,0.010583511483017866,5
swiss,DenSNE,perplexity,5.0,dens_lambda,0.01,0.26282684444444443,0.03171970044010306,0.39048408888888886,0.02306716948156749,0.29862079999999996,0.03338004575317339,0.2990159111111111,0.03573711481843039,0.5645558222222222,0.04337337132628048,0.06336588329913616,0.0025617944206317274,0.07575696658820955,0.0035742714866442023,0.06624646325400452,0.0029982769037173057,0.06622918412288356,0.003188871652622637,0.10551882906912535,0.010189793812173598,5
swiss,DenSNE,perplexity,5.0,dens_lambda,0.05,0.30534302222222226,0.032787849071806416,0.3950835555555555,0.025416634826938175,0.3019324888888889,0.03447257611651095,0.3004233777777777,0.034586631513731814,0.5646620444444445,0.04440906284838268,0.06663754599977918,0.0028332244979335955,0.07609199184710477,0.004112236284773839,0.06677281268965143,0.003193503130493786,0.06628851553116678,0.003223963912992223,0.10534850882239077,0.01041284960882453,5
swiss,DenSNE,perplexity,5.0,dens_lambda,0.1,0.34644631111111107,0.02908566120179633,0.42918262222222214,0.02352023649331001,0.30694720000000003,0.03187581466152359,0.30858559999999996,0.03490363800006391,0.5662391999999999,0.04115614600896339,0.07030675830003558,0.002885623436557396,0.08043881338402872,0.0038565456818259757,0.06675064517114938,0.0029225731489560987,0.06687502151850326,0.0033199343820413036,0.10596601701476147,0.009783315838712656,5
swiss,DenSNE,perplexity,5.0,dens_lambda,0.2,0.3865598222222222,0.034029490078786334,0.45314595555555554,0.03167923979104096,0.3175901333333333,0.026302677297704063,0.31540764444444436,0.03676561976871569,0.5665747555555555,0.04119597317418169,0.07456456225845529,0.004036647642143653,0.08360473163770345,0.004869290356245316,0.06755484453667492,0.002463579846426373,0.06741746978832602,0.0035553446070178425,0.10610015163287705,0.009883574583117848,5
swiss,DenSNE,perplexity,5.0,dens_lambda,0.5,0.3912029333333333,0.03199323870175009,0.5262496888888888,0.024011590352356588,0.32259439999999995,0.030906190833904595,0.31701386666666664,0.032484070736209486,0.565868088888889,0.0406984569166637,0.07498324977596678,0.0038415145204790655,0.09786574064669916,0.005328408809175011,0.06808237745599535,0.002916889299632191,0.0675526233570141,0.003046768407638785,0.10611565705101536,0.010049740643993868,5
swiss,DenSNE,perplexity,5.0,dens_lambda,1.0,0.40628728888888893,0.039335526510858115,0.5776178666666667,0.029759306001134148,0.34330959999999994,0.033309610519310286,0.3412215111111111,0.0350859758675425,0.5670899555555555,0.04071497242799439,0.0772315066472106,0.004816991877013423,0.11081053687070057,0.008617569248456242,0.0703867323045646,0.003190730148420263,0.0700070298782843,0.003454184252352935,0.10748959538603978,0.01066168042692548,5
swiss,DenSNE,perplexity,10.0,dens_lambda,0.0,0.27330337777777775,0.027602938091245578,0.4505097333333333,0.02180103290021023,0.35306648888888886,0.04926931563128629,0.35843555555555556,0.05434323427535552,0.6040582222222223,0.03620829149023707,0.06364873865085519,0.0022243010251165518,0.08497300484473962,0.004968220266575932,0.07242602095547526,0.0064928702619599914,0.07274449687021534,0.006687188286539499,0.12180208328768594,0.012348992554690554,5
swiss,DenSNE,perplexity,10.0,dens_lambda,0.01,0.3078227555555555,0.02490605652436894,0.45206155555555555,0.01624679358299337,0.3503648,0.05308757000677928,0.3533984888888889,0.0525711945052952,0.6052746666666666,0.04115084086745688,0.06680937777306872,0.00283880787243435,0.08470457684635017,0.0034044943714681506,0.07306983851531405,0.008701044965332798,0.07474315275954477,0.011386106614765468,0.1216376153766781,0.014543844633812987,5
swiss,DenSNE,perplexity,10.0,dens_lambda,0.05,0.45431795555555554,0.03366123221646623,0.44354515555555557,0.019395476057989625,0.37156195555555555,0.03680679943437721,0.3685735111111111,0.04722547998655489,0.6076072,0.039672105757690555,0.08286802608966845,0.004623405480927853,0.08288954136784757,0.0035049752312640366,0.07343392895443646,0.004273415903508155,0.07315917072969595,0.005298737153447145,0.12259462866100175,0.014355837384610437,5
swiss,DenSNE,perplexity,10.0,dens_lambda,0.1,0.5300502222222223,0.034552155944239736,0.4587080888888889,0.010464439864089051,0.38424008888888894,0.0449966108478471,0.3742424,0.04897233442487938,0.6093819555555555,0.04027802662494778,0.09524858455496867,0.0061951069202867875,0.08494420587841336,0.00220382634609573,0.07474244219391339,0.0050398332301580875,0.07354890162455671,0.005232485789713172,0.12381751016187015,0.0153812053877744,5
swiss,DenSNE,perplexity,10.0,dens_lambda,0.2,0.6103474666666667,0.017767914156467644,0.5058457333333333,0.01683721982006341,0.3901253333333333,0.0445406626714273,0.38320106666666665,0.045637497478052604,0.6101065777777778,0.03862663496259199,0.11304673449951348,0.004220579220214044,0.0945351611031974,0.0026095830562650356,0.07543191496341697,0.004918044975855073,0.07472000867878283,0.005126640193126025,0.12407249615501637,0.014517199057767587,5
swiss,DenSNE,perplexity,10.0,dens_lambda,0.5,0.6307253333333334,0.03539462997701587,0.5725243111111111,0.0244785499497916,0.4001561777777777,0.03929114437040239,0.3815782222222222,0.046785012284061116,0.6099176888888889,0.0400605623567094,0.11999629411138746,0.009882701645048215,0.11551479340763453,0.009059683070574363,0.07641708750606444,0.004555059194702136,0.0742810280525259,0.0051313055715712765,0.12379558612179095,0.01568307450365149,5
swiss,DenSNE,perplexity,10.0,dens_lambda,1.0,0.6013789333333334,0.032647665678147614,0.6556652444444444,0.016819033716317256,0.41275119999999993,0.04883124160596625,0.4067183111111111,0.051663488000093453,0.6100890666666666,0.0382930404915038,0.11324371415345127,0.007816495290678073,0.17092164698106146,0.0308591376045057,0.08052231170094162,0.00650734070514854,0.0816633649081125,0.0073153021481842245,0.12557904467789383,0.015948856166896282,5
swiss,DenSNE,perplexity,15.0,dens_lambda,0.0,0.3157479111111111,0.05390172502006101,0.47236231111111115,0.009359951936934743,0.37646168888888887,0.09970364061775558,0.3863894222222222,0.10378778615332061,0.6282389333333332,0.060791647626915475,0.0682882377106486,0.0038458564761406446,0.08845431106177011,0.0022897112076864755,0.08198074414714396,0.023719565429010114,0.0925995750508487,0.04573178745128733,0.13880350536802685,0.038673440357661806,5
swiss,DenSNE,perplexity,15.0,dens_lambda,0.01,0.38058888888888887,0.05739201910964173,0.46633506666666663,0.012909140437096954,0.3753256,0.09881881193805855,0.37825004444444443,0.10417094144264474,0.6246879111111111,0.06148848480805264,0.07425137152745945,0.006634054273825342,0.08743656888344394,0.0025506092698127634,0.07725101638052802,0.015097867115302059,0.07788158756152014,0.015808506173080796,0.13739062148436632,0.03752568456113047,5
swiss,DenSNE,perplexity,15.0,dens_lambda,0.05,0.5887542222222223,0.04810481029616088,0.46392173333333336,0.012459587687528391,0.39810364444444446,0.09737275871562517,0.39101217777777775,0.1040393608362708,0.6298953777777777,0.059821932047835126,0.10994108190170122,0.01075182690301255,0.08641691625614596,0.0022575123905041097,0.08170181835722846,0.019633485146929378,0.08157973744252138,0.020701006940244505,0.1396927204927658,0.039414176599191934,5
swiss,DenSNE,perplexity,15.0,dens_lambda,0.1,0.6818459555555556,0.04348656740593145,0.4771170222222222,0.01816218000430133,0.40900088888888886,0.09754051511342658,0.3962529777777778,0.10060884152168638,0.6292944,0.05994850022288162,0.13826971172900396,0.014958718952421292,0.08844030298717064,0.0033535303993902465,0.08258827222708304,0.01622840191573451,0.07985796218455862,0.015606914192702182,0.13979184354554125,0.04107641204587651,5
swiss,DenSNE,perplexity,15.0,dens_lambda,0.2,0.7417448888888889,0.03919076268210328,0.5026456444444445,0.019127603914141866,0.4245941333333333,0.09719380828239299,0.4073877333333333,0.1025335887048787,0.6313833777777778,0.05802787698356496,0.16630901429027795,0.02152870370827009,0.09480819959935313,0.004470386995049139,0.08395457594065286,0.016712821312902162,0.08271672802576792,0.018283830730685655,0.14212823606820998,0.04307900527423442,5
swiss,DenSNE,perplexity,15.0,dens_lambda,0.5,0.7761485333333333,0.0465998498046644,0.6007073777777777,0.03626411289292914,0.4364352888888889,0.10128433930623844,0.4135904,0.105257117762009,0.6301777777777777,0.05977715884272715,0.2049928584454984,0.03266912050007244,0.13875648555310074,0.03248854150505505,0.08512072919655791,0.016257016642298804,0.08170460105844067,0.014995941321863314,0.14314542367471744,0.046883057833764896,5
swiss,DenSNE,perplexity,15.0,dens_lambda,1.0,0.7564666666666666,0.04259763995665189,0.7100977777777777,0.021581253293736054,0.4345368888888889,0.09176960799634307,0.4205949333333333,0.09248252021246707,0.6293577777777778,0.05970280161592187,0.21187382054319728,0.03796949148216587,0.21130490470400298,0.02201324954150161,0.09084947898518482,0.018552890409657685,0.0859200371075634,0.01274546079052044,0.14844997599170584,0.050327139190460085,5
swiss,DenSNE,perplexity,30.0,dens_lambda,0.0,0.47821884444444435,0.04246929528186539,0.4810791555555555,0.006267643689400683,0.4317035555555556,0.1554587192263791,0.43360346666666666,0.167048114627589,0.7047055111111111,0.08984351323814561,0.0894698986281269,0.0077968479370701515,0.09123926124802938,0.0014600349386305921,0.0876482689479802,0.022971172280612722,0.08961036125517194,0.025107286993775072,0.2539775228736353,0.16165466156893712,5
swiss,DenSNE,perplexity,30.0,dens_lambda,0.01,0.6058450666666666,0.035731596241083394,0.48057679999999997,0.008160006889370072,0.4309667555555555,0.15322879956147878,0.4311661333333333,0.16672897327259395,0.7051403555555555,0.09236077346151818,0.11989457227927991,0.011045989287743897,0.09106919764497715,0.0022697140557396767,0.08843037762860118,0.0222787549473439,0.08930575574130072,0.023564278036181996,0.2544323610907544,0.15836331573759202,5
swiss,DenSNE,perplexity,30.0,dens_lambda,0.05,0.8369641777777778,0.014901283681881306,0.47484275555555555,0.007448742105421979,0.4658757333333333,0.15557600105211572,0.45062791111111106,0.17192838503424604,0.7096622222222222,0.09017004720985325,0.26539582765742475,0.024117708219354623,0.08949145045226052,0.003452908915098183,0.09694727942166832,0.030855445163444666,0.09725018806300853,0.030798201359870027,0.2622049010904234,0.1693041535250421,5
swiss,DenSNE,perplexity,30.0,dens_lambda,0.1,0.9060492444444443,0.008812643181360167,0.4798528,0.0071823934275524045,0.47938106666666663,0.15971243239643299,0.45801919999999996,0.1752455203544057,0.709808,0.08979232188022526,0.3889506968083323,0.034914677790465795,0.0901053826241294,0.0021007345069827123,0.10019213314106316,0.0306501379417592,0.10490397629643075,0.04207498871925326,0.26293959118226395,0.17329020852208876,5
swiss,DenSNE,perplexity,30.0,dens_lambda,0.2,0.9415566222222223,0.00369165277449098,0.4929849777777777,0.011546980567968325,0.4972967111111111,0.14791400462467585,0.4641256888888889,0.1705325503753492,0.7121194666666667,0.09028442044205648,0.5108258310903971,0.024682483918041533,0.09273011436303888,0.001815866970446602,0.10971816773784215,0.03939675104975682,0.10414278005936395,0.03616171754980057,0.26702351099542215,0.17591224052327872,5
swiss,DenSNE,perplexity,30.0,dens_lambda,0.5,0.9576562666666668,0.00673708278884145,0.5513940444444444,0.017434421971816497,0.5299004444444444,0.14465451902847012,0.4784133333333333,0.15904019403973804,0.7149064888888889,0.08784655880109972,0.6196617754727491,0.052995247408293006,0.11705819787317022,0.009930109360951756,0.12951909789309643,0.05862683855270567,0.1201180841076247,0.04842618387879669,0.27505484869635133,0.17845867687192585,5
swiss,DenSNE,perplexity,30.0,dens_lambda,1.0,0.9457052444444443,0.010748556457313194,0.6775040888888888,0.035854036481128886,0.5551451555555555,0.14561189377706485,0.49209031111111107,0.1530529820781107,0.7139032888888889,0.07770928480655113,0.6030094833765404,0.06703589294590657,0.21897266324314732,0.041647932413124554,0.16654601368587407,0.08248362125782277,0.1491860924576274,0.08712583868843064,0.29018549675129657,0.19079764208245242,5
swiss,DenSNE,perplexity,50.0,dens_lambda,0.0,0.5541276444444445,0.021093616511186165,0.4722658666666667,0.006676622258316441,0.39551395555555546,0.21893081897586275,0.39586231111111114,0.22178969713269447,0.7111824888888889,0.09521791720936182,0.10492896036683023,0.005108590213280125,0.08894509800827519,0.0017866194086772786,0.09105501571590056,0.04360903463374295,0.1007130295993508,0.06410371822644875,0.22734368373215735,0.16319390301132825,5
swiss,DenSNE,perplexity,50.0,dens_lambda,0.01,0.6784821333333333,0.025753452674961517,0.4709679111111111,0.006792930205754153,0.40554666666666667,0.2347325332088986,0.39957155555555557,0.2337704424330801,0.7113553777777778,0.09881182251782336,0.14901447201325557,0.01352126187181403,0.08800421322355766,0.0016425127808144457,0.09767146386267994,0.05745298570469962,0.0979081752344847,0.058454468679778854,0.24513796295515672,0.20931246139541115,5
swiss,DenSNE,perplexity,50.0,dens_lambda,0.05,0.9063040888888889,0.0142500104445272,0.4664287999999999,0.008731431228542405,0.4677436444444445,0.21941070372607252,0.4194776,0.23460694295381232,0.7183352000000001,0.10259645397400198,0.4317050370707543,0.063119978586942,0.08651865207468974,0.00171944037540688,0.1304054985773986,0.11506611942938053,0.13186529766344712,0.13120037554360645,0.2662583989691367,0.2450901760122732,5
swiss,DenSNE,perplexity,50.0,dens_lambda,0.1,0.9511725333333333,0.008607459798782384,0.47008711111111107,0.009586187650938886,0.48421902222222224,0.21687333325600544,0.4303633777777778,0.23032269741056574,0.7219856,0.10130014734056288,0.6072174922439955,0.07862591189063897,0.08674051334676483,0.0017240261628886657,0.13473952170578624,0.11365549609833016,0.12233624913289176,0.10564431596409073,0.27562858169348026,0.23819049491186706,5
swiss,DenSNE,perplexity,50.0,dens_lambda,0.2,0.9714267555555555,0.006554181915595102,0.47901351111111107,0.009379773076830739,0.5203880888888889,0.20845325098890155,0.4468793777777777,0.23505484948061706,0.7224640000000001,0.10223759987667558,0.7350859015168293,0.05570339089314123,0.08808275941321646,0.0017886124089317786,0.1559268566716639,0.13752477200922086,0.13214197248772866,0.12103375734239913,0.2851095569223966,0.24911624028494095,5
swiss,DenSNE,perplexity,50.0,dens_lambda,0.5,0.9820009777777777,0.003435417323652951,0.5193652444444444,0.0195080868306606,0.5695726222222223,0.1970779253486133,0.45728773333333333,0.24041124699509853,0.7236689777777778,0.09550314759179794,0.8220408331612064,0.04208129416864216,0.10022560650270525,0.007147015913231697,0.1893842026491746,0.17382161946108401,0.16534168562371573,0.18186488488183758,0.29334432404620425,0.25539134176289374,5
swiss,DenSNE,perplexity,50.0,dens_lambda,1.0,0.9780790222222222,0.008801948563167272,0.6083429333333333,0.06770225308109613,0.5779723555555555,0.18752135130538478,0.4688949333333333,0.22526074972698956,0.7195898666666667,0.09689789191015503,0.8000144740780518,0.08361615763992666,0.14213678686990808,0.03612955287099353,0.19497948035552146,0.17218714477805624,0.17474098606815863,0.1971454177896404,0.2945026991332404,0.24692984030455184,5
swiss,DenSNE,perplexity,75.0,dens_lambda,0.0,0.5611248888888889,0.026856013129003035,0.46241208888888885,0.012749382569024957,0.38931617777777777,0.15520695577279003,0.3435047111111111,0.12000684604981789,0.7187975111111111,0.08811888677283636,0.10880052168123236,0.010002285152099494,0.08770694813433903,0.004088603963781399,0.08218260996742398,0.02087097524051797,0.07293766220148024,0.013306703902713622,0.27938817553014217,0.21617314679804037,5
swiss,DenSNE,perplexity,75.0,dens_lambda,0.01,0.6972353777777778,0.01850924966657899,0.4617657777777778,0.0154566500227548,0.3995765333333333,0.1421739177237808,0.3411681777777778,0.11912309804799864,0.7191292444444444,0.09188853546426717,0.1694725100779506,0.019257299387595697,0.0871932112083266,0.004806419764191604,0.08232936747942282,0.01882095071299682,0.07304700044607113,0.013517404752991425,0.27991314856925137,0.21550851178662297,5
swiss,DenSNE,perplexity,75.0,dens_lambda,0.05,0.9207135111111111,0.0067359813392311755,0.45828711111111115,0.014587447528019333,0.46377066666666666,0.14823731601709003,0.3695151111111111,0.12996314563372321,0.7319477333333333,0.0898877385305323,0.5214667126957027,0.04348774641737481,0.0852304832019456,0.0030330577322470816,0.10229733467025051,0.031795634945263294,0.08866956207325351,0.040667164896703314,0.29780757998966323,0.22751425901392044,5
swiss,DenSNE,perplexity,75.0,dens_lambda,0.1,0.9630238222222223,0.003732609196967192,0.4615073777777778,0.012829729404881024,0.5121748444444444,0.16067147675068044,0.3898764444444444,0.1307573400433409,0.7369888,0.08999894634631511,0.7134592983933439,0.04105411897879825,0.08490673725598712,0.0025303686225369936,0.13412311802614413,0.0648626631036771,0.10352451169370051,0.06923748087209829,0.3011974459928175,0.2330182335672845,5
swiss,DenSNE,perplexity,75.0,dens_lambda,0.2,0.9794297777777778,0.0025807773544198704,0.4712120888888888,0.015366031468835244,0.5505552888888889,0.16253323116473561,0.4092859555555555,0.1454495159039769,0.7391624,0.09480274334187631,0.8175483833505222,0.040363714395003226,0.0870756565735253,0.002679016025069753,0.16360812472579514,0.0864349388451133,0.119811464778157,0.0952607561518706,0.3026658541791373,0.23308582426357216,5
swiss,DenSNE,perplexity,75.0,dens_lambda,0.5,0.9855295111111111,0.002830850704926087,0.5028908444444444,0.04853269073302713,0.5909900444444445,0.15958607186466828,0.43116115555555556,0.15519588935551545,0.7411365333333333,0.10259719509048272,0.8605231875600483,0.03617640804546929,0.09751992025540233,0.01622307457351723,0.1913472565163981,0.1012441024368063,0.14648037753581739,0.12575141628622286,0.3111895032077691,0.2398022737561995,5
swiss,DenSNE,perplexity,75.0,dens_lambda,1.0,0.9849588444444445,0.005181783082213114,0.5737281777777777,0.05338802443198869,0.6086268444444445,0.16396885966401076,0.4500249777777777,0.1461755897648484,0.7421097777777778,0.09469425873688646,0.8687592102274511,0.03915189998403422,0.13641261407877497,0.05567046407883902,0.23756227628395124,0.1260321813884334,0.1778894935075213,0.12907498884945545,0.3115980913736127,0.23379418452918285,5
swiss,DenSNE,perplexity,100.0,dens_lambda,0.0,0.5785850666666666,0.055012188004091724,0.4580989333333333,0.005813784510184756,0.3637232888888889,0.21137994307521002,0.3240343111111111,0.1652017555938761,0.7316058666666667,0.08838622487354872,0.1126690651154457,0.014593524303348853,0.08544082284946905,0.002330979592969435,0.1007975999383303,0.05943691375739994,0.0850327335436588,0.03928956303500622,0.25359811687182093,0.20673631610511017,5
swiss,DenSNE,perplexity,100.0,dens_lambda,0.01,0.7014785777777778,0.046897988043290796,0.4534335111111111,0.007270713630809184,0.38162568888888887,0.20791860154988365,0.32268728888888887,0.1673552663845006,0.7314448,0.09048056295051425,0.1627276761946679,0.02336739197821388,0.08432700023087406,0.0022745815799981315,0.10624286534782887,0.0709442113588816,0.10501038000988658,0.08360545334943888,0.2567060333406124,0.21361883290196151,5
swiss,DenSNE,perplexity,100.0,dens_lambda,0.05,0.9208512000000001,0.017693987663805893,0.4523428444444444,0.011308378275409522,0.46237573333333337,0.21949951573086435,0.35431617777777774,0.1815588254487533,0.7437510222222222,0.09283227995912775,0.5202570511183516,0.07136907783479167,0.08352041257879754,0.002075216195624685,0.12681308817735576,0.06784468241136006,0.08681678416952714,0.03529308126370654,0.27698308167710023,0.23598114743772025,5
swiss,DenSNE,perplexity,100.0,dens_lambda,0.1,0.9651370666666667,0.007033231346285228,0.4595773333333333,0.008816290163493543,0.5299894222222222,0.23784502988464912,0.3816992888888888,0.1980553665015398,0.7501704,0.0918136935786438,0.7440531912323419,0.0592727528148479,0.08421544705713734,0.0014607714936955862,0.16971392920962533,0.10125934295147108,0.08913847684290879,0.030447296471050874,0.28985240373086774,0.2505315980802487,5
swiss,DenSNE,perplexity,100.0,dens_lambda,0.2,0.9827361777777778,0.003427859521445557,0.4724821333333333,0.009902996261389102,0.5978808888888889,0.21900473556253255,0.4161322666666667,0.21735482281047466,0.7609660444444445,0.0906093817978451,0.864243829995343,0.03458396039508573,0.08592695898311764,0.0016703214879031708,0.1966200357340006,0.11662262514787652,0.11161078735547054,0.05001814509993339,0.30370727798067365,0.2557535050400021,5
swiss,DenSNE,perplexity,100.0,dens_lambda,0.5,0.9901772444444445,0.0020574299778072895,0.5036256888888888,0.019031528363270662,0.6603178666666667,0.20088076383996653,0.45136835555555554,0.21670057304279688,0.7687041777777778,0.08882556897850725,0.9176193472892376,0.02321449721424363,0.09857089566965203,0.010076442133880821,0.2680819347279304,0.16050228740702435,0.17198022524399798,0.10895612832097791,0.3245676657559727,0.26072411560786896,5
swiss,DenSNE,perplexity,100.0,dens_lambda,1.0,0.9906186666666666,0.004008082439210366,0.5540696888888889,0.046689953905458416,0.7053467555555556,0.16007905229894512,0.48663528888888885,0.21013625714491557,0.7764350222222222,0.09287799137905284,0.9206641291228401,0.03564327679322433,0.12622706641559106,0.020709166141282487,0.29736171957023405,0.16341430653399314,0.2015866524434245,0.13761525344732348,0.32897172880751063,0.2602257852928795,5
swiss,DensMAP,dens_lambda,0.01,dens_frac,0.1,0.41055564444444437,0.05107573674446727,0.4268623111111111,0.009639396629086293,0.1249108444444444,0.07196902921042742,0.22346737777777773,0.12932425544023196,0.7793408888888889,0.08627897203723789,0.07784773693431242,0.005756699249493333,0.0802621005543337,0.001643301758600384,0.056517225758225376,0.003892613508946779,0.06430517391746268,0.009904870568791076,0.196720478757758,0.058932000863121746,5
swiss,DensMAP,dens_lambda,0.01,dens_frac,0.3,0.4231841777777777,0.05447054665775863,0.42737848888888885,0.006866319648548989,0.13459231111111106,0.07344089389931786,0.22421031111111112,0.13345562619759646,0.7789071111111111,0.08735050140781983,0.07948008822703694,0.006482225711131883,0.08033048692317299,0.001224053059510001,0.056978563685062225,0.0037370584065967937,0.06442124445482736,0.010242521629700548,0.19663421150537333,0.05951477535279676,5
swiss,DensMAP,dens_lambda,0.01,dens_frac,0.5,0.4242958222222222,0.04934655636762518,0.42494519999999997,0.00536080244960621,0.1379277333333333,0.06423684327729764,0.22505959999999997,0.12851136716465358,0.7794992888888889,0.08920937559076293,0.0795236016920457,0.005748317477824163,0.07996162316871964,0.0009790043634305525,0.05719069981470026,0.003615857114357387,0.06428938803906536,0.009255126515863379,0.19733583043014952,0.05914914488577083,5
swiss,DensMAP,dens_lambda,0.05,dens_frac,0.1,0.6557740444444444,0.03177310493941943,0.42075528888888886,0.017396843050776028,0.17026973333333323,0.0941583767005043,0.22935911111111107,0.13246266279620733,0.7822928,0.08726987489810475,0.1276385364147945,0.009976066640920931,0.07932296866795985,0.002778658913552692,0.05920653327169878,0.006058437236863802,0.06453028272942224,0.010176407322740161,0.1993516331589365,0.06164039521293022,5
swiss,DensMAP,dens_lambda,0.05,dens_frac,0.3,0.6899156444444445,0.021992272652787977,0.4148521777777778,0.01525323901032742,0.20591622222222217,0.12521117446799357,0.2400995999999999,0.13742997560099066,0.7891101333333334,0.08633942169431433,0.1397694844197199,0.008437706773294812,0.078352094764117,0.0022983836250926727,0.06218223103672221,0.008725940818934052,0.06539755283666336,0.010578976003304492,0.20446332460106068,0.06285020500533366,5
swiss,DensMAP,dens_lambda,0.05,dens_frac,0.5,0.6946168,0.02613803730982642,0.41869711111111113,0.013278382337701162,0.21368568888888886,0.11642709078424981,0.24654968888888887,0.143820784709596,0.7886908444444444,0.09872262359330651,0.14191417799359582,0.010614266356869828,0.0789100578343747,0.0020712573332984725,0.06257297039462288,0.007910283471310722,0.06591626709843915,0.011039956026920395,0.20933058866091203,0.07346788295637025,5
swiss,DensMAP,dens_lambda,0.1,dens_frac,0.1,0.7578513777777778,0.028574781274731807,0.43671502222222225,0.015300913017702877,0.20296631111111108,0.10626481987504872,0.23473239999999995,0.13468223690886377,0.7852988444444444,0.08786139125320142,0.17530063786835967,0.014537280819103151,0.08154510415215996,0.002485565004431182,0.06129367799279865,0.0073117643504391604,0.06471443363756718,0.010406755314299122,0.20281758954376383,0.06609962706236518,5
swiss,DensMAP,dens_lambda,0.1,dens_frac,0.3,0.804495111111111,0.017242165682770223,0.4328007555555556,0.015088289937875084,0.26999488888888884,0.13380699360821596,0.2614489333333333,0.14598596036406136,0.7970966222222222,0.09021711694784001,0.20811066753072752,0.013341782943054721,0.08119206515381702,0.0023114721276723126,0.06689262033253977,0.011044162923933079,0.06689496061386288,0.01162320327368595,0.21494677451718017,0.0727992810058061,5
swiss,DensMAP,dens_lambda,0.1,dens_frac,0.5,0.8175683555555556,0.018145944164461452,0.4272912,0.011933448983093677,0.29177991111111107,0.13281435813887732,0.2780662222222222,0.16287851440025652,0.80228,0.09614559673000063,0.21710192275066617,0.012892213042632964,0.08030914326047323,0.0019380445345776067,0.06885559304545867,0.010908494016950392,0.06860945427097016,0.013635358143793594,0.2268351838275806,0.09050883931563354,5
swiss,DensMAP,dens_lambda,0.2,dens_frac,0.1,0.715268888888889,0.0175944857523285,0.4805214666666666,0.018790367177274357,0.1970868444444444,0.10672293395313603,0.23720755555555556,0.13809942997853056,0.7863658666666666,0.08923368878270078,0.15032153433824985,0.007485786826613062,0.08965948320384308,0.004161022645569184,0.060646959066088524,0.007201852704787597,0.0648736799060584,0.010642822055470803,0.20419249346144905,0.06752680814038747,5
swiss,DensMAP,dens_lambda,0.2,dens_frac,0.3,0.8284792888888889,0.022746269840661717,0.49301182222222223,0.015138873298585312,0.32522146666666657,0.14581451393055817,0.28776986666666665,0.15985348262116025,0.8092547555555555,0.08918910313355492,0.23766461198616123,0.01949038758861896,0.09150564214373128,0.0029367811834607334,0.07169536440378682,0.013874963193571017,0.06875361267281202,0.013363860599199655,0.23340635117411002,0.09184226547200959,5
swiss,DensMAP,dens_lambda,0.2,dens_frac,0.5,0.8495371555555555,0.020801303574061063,0.5218630666666667,0.0608457952790962,0.402467911111111,0.1585571073170659,0.3426279111111111,0.17698534890647216,0.8248385777777777,0.0998528153695463,0.26857842646862634,0.018427466784369195,0.10150664810158047,0.020083595866370554,0.08132013350319334,0.018987056164291444,0.07471865176862336,0.018392023119832197,0.2695496848570943,0.1251223250453678,5
swiss,DensMAP,dens_lambda,0.5,dens_frac,0.1,0.5973040888888889,0.03386643958133266,0.4628636444444444,0.01530460957883256,0.18410862222222216,0.10769334569976863,0.2378563555555555,0.13762803980757,0.7852655111111112,0.08836394686935888,0.11006099541533614,0.008789051346801491,0.0867629214371958,0.002670553861105485,0.05969406736158628,0.006453981123125579,0.06474963732622374,0.010701995213910902,0.2027435761883219,0.06758326504708362,5
swiss,DensMAP,dens_lambda,0.5,dens_frac,0.3,0.7466415111111111,0.034738100130143126,0.49707906666666657,0.023090642761640023,0.3074445333333333,0.17378969122033464,0.3015215111111111,0.1669525830510486,0.8129270222222222,0.08931708635254872,0.17017052527332455,0.021728092074584385,0.09589685426925047,0.007340133382207618,0.0707923673219359,0.016614482643352562,0.06996140845452874,0.014796404996788871,0.2431374114569446,0.10503147522269113,5
swiss,DensMAP,dens_lambda,0.5,dens_frac,0.5,0.809718311111111,0.037009220410561705,0.5245968,0.0356339381380264,0.44747297777777784,0.17374699592433493,0.4107116888888889,0.1907496752360454,0.8451051555555555,0.09841759025833126,0.2267530671959727,0.03142195215743174,0.11006604038579607,0.0185266410721396,0.08886416514777475,0.026297713088037557,0.08442206461773907,0.025573756717005625,0.3168518447109204,0.17457429815922,5
swiss,DensMAP,dens_lambda,1.0,dens_frac,0.1,0.5533771555555556,0.022151798173756978,0.4761242222222222,0.01835357588799912,0.19634337777777772,0.11567156096149622,0.24354031111111105,0.13639430215495,0.7853680888888889,0.089342984628127,0.10000504844308897,0.004503964469900809,0.08870484579421853,0.00374163713316416,0.060360312233520896,0.007188343212302628,0.06498119231917412,0.01052023254902795,0.20342569872244248,0.06937719217285974,5
swiss,DensMAP,dens_lambda,1.0,dens_frac,0.3,0.6601683555555555,0.04471014999232056,0.5321731111111111,0.05347522684060648,0.31987413333333337,0.16487664272565708,0.31246044444444443,0.1723203768451351,0.8133248,0.09576285558177194,0.13553529662235134,0.017040683518574233,0.10773029450416338,0.01351388980057889,0.07210421100924955,0.017303857449338426,0.07129037696694024,0.016571926761066967,0.25200768688002806,0.12423445779775104,5
swiss,DensMAP,dens_lambda,1.0,dens_frac,0.5,0.7160608888888889,0.030443981464443954,0.5604222666666667,0.0596475874394197,0.45014404444444445,0.16170792075398716,0.41607111111111117,0.17323491115160278,0.8527682666666667,0.08568367203321935,0.1643939756349573,0.02034562855331297,0.13136305058933354,0.03659111375749734,0.0882750979649928,0.024539873752806213,0.08384609437343407,0.024762648621898392,0.3217917399257923,0.1751410448958946,5
swiss,DensMAP,dens_lambda,2.0,dens_frac,0.1,0.5616565333333334,0.021682094795157,0.49185,0.01070802805329366,0.20737199999999995,0.11780362818408159,0.2534347555555555,0.13603224237209444,0.7848274666666667,0.08916755102276572,0.10225508779777448,0.005321044092641486,0.09229969705301208,0.0027787006063024265,0.06102155306345207,0.007499125880147302,0.06544496606829454,0.010845831998969437,0.20418056815462998,0.07247745046782138,5
swiss,DensMAP,dens_lambda,2.0,dens_frac,0.3,0.6162591111111111,0.04374143475775191,0.5766605777777778,0.04620246100697706,0.3370377333333333,0.17189298922340615,0.33661715555555555,0.16716471311841055,0.8188838222222223,0.09059446752497273,0.12465348825806981,0.016824468206721042,0.11701842495761998,0.014715946716476047,0.07367092217864994,0.018513485086174404,0.0733379615535265,0.017400017347781006,0.25884593594722327,0.12463139484541626,5
swiss,DensMAP,dens_lambda,2.0,dens_frac,0.5,0.6896529777777778,0.03680413896665082,0.562228311111111,0.05463762516791999,0.4468319111111111,0.13344880829996753,0.4215295555555555,0.16912372065589684,0.8468204444444444,0.08844643456219949,0.1490519596312183,0.016300302271241848,0.11779212428572279,0.020626419444069625,0.08581653401443701,0.020309317742035652,0.08459555239236928,0.025020788976290117,0.3111563954472055,0.1501587281468981,5
swiss,DensMAP,dens_lambda,3.0,dens_frac,0.1,0.5739941333333334,0.044032523373154615,0.49560844444444446,0.018120533933893446,0.2403442222222222,0.1210460538795151,0.2624722666666667,0.13205457406239288,0.7852013333333334,0.08696088040487011,0.10536731274101177,0.010321245683848674,0.09268893933896419,0.004962562667667757,0.06336153482717094,0.008967261432311283,0.0657142340188048,0.01063544322500241,0.20515870024181168,0.07329660089611748,5
swiss,DensMAP,dens_lambda,3.0,dens_frac,0.3,0.6160272,0.05340597886666036,0.5736397777777779,0.04863311583049881,0.36580697777777776,0.15123188868015866,0.34258804444444446,0.1554202485699362,0.8168584888888889,0.08833951042977788,0.12172284586831697,0.015242437505105058,0.1163912633522954,0.013559612020065075,0.07571117417443737,0.017301985129905197,0.0732718813676853,0.016074340618182192,0.26210810223691083,0.12185912563324162,5
swiss,DensMAP,dens_lambda,3.0,dens_frac,0.5,0.6885832000000001,0.04974406787279599,0.6153179555555555,0.0629195851311148,0.4674583111111111,0.14978679274927276,0.4428726666666666,0.16963436545627505,0.8460220444444444,0.09160579115102348,0.15373043384724888,0.026933866079462604,0.14218685881601806,0.030180107415016363,0.09149027967744035,0.0268121193016159,0.0891729386619871,0.029368811499163695,0.33452255081208754,0.17651763526095124,5
swiss,DensMAP,dens_lambda,5.0,dens_frac,0.1,0.6003365333333333,0.046583798040112374,0.5185869333333334,0.02482580098015313,0.2738139555555555,0.10873997779632694,0.27902693333333334,0.12414645180138693,0.7798731555555556,0.08701061534591094,0.11511181043237009,0.015073131228091481,0.10042279110497229,0.010911385996581029,0.06542199031642441,0.008543905311476648,0.06635717402911022,0.010372896733629173,0.20619182078702591,0.07899257522551631,5
swiss,DensMAP,dens_lambda,5.0,dens_frac,0.3,0.621145511111111,0.06260741840996557,0.5857278666666665,0.039272659678360765,0.3633224,0.13758171253319038,0.35773377777777776,0.13873868169732304,0.8069169777777777,0.08798514806735608,0.12393943848667158,0.023612760799322167,0.12359465923011312,0.007694807936065195,0.07541695773021768,0.01664949675509477,0.07434501987512808,0.015111401283555256,0.25427195376396605,0.1091205888347707,5
swiss,DensMAP,dens_lambda,5.0,dens_frac,0.5,0.6620261333333334,0.05950647579690724,0.6356278666666666,0.043254211157747566,0.45371004444444446,0.14236218506906775,0.43259475555555554,0.1479016709982149,0.8236870222222222,0.09581589947105294,0.14948999743148234,0.036790872278045325,0.15648373712172703,0.027891901907055486,0.0890511319551291,0.023530461444098167,0.08869163403496665,0.02758376015449399,0.2994396880271409,0.14046949322235155,5
swiss,DensMAP,dens_lambda,10.0,dens_frac,0.1,0.6607253333333334,0.04082631645590895,0.6079901777777778,0.027746455146024838,0.37807026666666665,0.09991997863258283,0.34462551111111106,0.10552142239344485,0.7638476444444444,0.08384091497262493,0.1461211915807137,0.025545903255254836,0.13405362043851463,0.014387218595022332,0.07652381271080763,0.014501878544904468,0.07187360243226806,0.012001158741178318,0.21675167979287666,0.0890892151593893,5
swiss,DensMAP,dens_lambda,10.0,dens_frac,0.3,0.6591616888888889,0.05484349631307229,0.6328821777777778,0.029797131058104036,0.4365590222222222,0.09863041322960164,0.41072462222222217,0.10206420716856694,0.775449511111111,0.08324485602235558,0.15818552455026402,0.03180520127971145,0.14741360036299905,0.01278084009272572,0.08902091714109378,0.02093848650962583,0.08337413140861331,0.01782277409234192,0.2567535256399093,0.100665145225014,5
swiss,DensMAP,dens_lambda,10.0,dens_frac,0.5,0.6730192,0.0669222129868092,0.6748616888888889,0.02584213263931894,0.5090015555555556,0.08831091906873934,0.4828188,0.08781284255264324,0.7807031999999999,0.07922621696919133,0.17228731843526807,0.03584574189491587,0.18495041186851222,0.01847235680805271,0.10721319484541067,0.024762509235844807,0.10195147766897288,0.024268250601951504,0.291179682218315,0.09839382113347661,5
swiss,HIGH-D,,,,,0.986272888888889,0.0,0.4764137777777777,0.0,0.9693591111111111,0.0,0.9498231111111112,0.0,0.9999915555555556,0.0,0.8664095671417129,0.0,0.0872794852508979,0.0,0.8308143334449107,0.0,0.8238558804718912,0.0,0.9999246254609728,0.0,5
swiss,PaCMAP,n_neighbors,5.0,FP_ratio,1.0,0.5743909333333334,0.053279964280564904,0.4516655111111111,0.020736530689153914,0.21626519999999996,0.040993035840821944,0.2896880888888888,0.04842069315050446,0.8087289777777776,0.02747793844478343,0.10588588875132518,0.010704318281400843,0.08431759858901515,0.0038535151557342598,0.06079786889826564,0.002187375423945067,0.06618504484979236,0.003730986814038411,0.21250634772639598,0.02840657334181188,5
swiss,PaCMAP,n_neighbors,5.0,FP_ratio,2.0,0.47182782222222225,0.09329480756863773,0.43236248888888884,0.019094733676663724,0.3287652,0.07247945878075122,0.4281622666666666,0.08154843141945066,0.8439214222222222,0.0386090886266785,0.08734092338879562,0.013572167698857504,0.08109427799567098,0.0029780028086107643,0.06991079770918122,0.007416706897748787,0.08258766194246242,0.014498249784222888,0.3068718574651293,0.069542726963399,5
swiss,PaCMAP,n_neighbors,5.0,FP_ratio,5.0,0.3181989333333333,0.036231239921262655,0.44587906666666666,0.010855124055338557,0.6087533777777778,0.028935558946829282,0.6479044444444444,0.028896291405432168,0.8528413333333333,0.021348203511892646,0.06890241382654386,0.003955538745610392,0.08461867610655793,0.001867298180668776,0.125659299242537,0.013973191727824569,0.14378830290082703,0.019476446736022758,0.650427462015843,0.058826628552069576,5
swiss,PaCMAP,n_neighbors,8.0,FP_ratio,1.0,0.5214128888888888,0.047957932542264534,0.4843285333333333,0.019591364595935228,0.21836582222222217,0.06203989033755861,0.30521977777777776,0.07532994165029624,0.8458939555555556,0.03761716865396362,0.09566300787022045,0.009795907529375779,0.09087788673317836,0.004106288623198797,0.060620289912457916,0.003787434136319275,0.06843423792523698,0.006508410652507449,0.25863887756824455,0.04914654912058731,5
swiss,PaCMAP,n_neighbors,8.0,FP_ratio,2.0,0.4269053333333333,0.05347009508911971,0.4556580444444444,0.00504389127999851,0.6114891111111111,0.0347512276923198,0.677556888888889,0.03646439509073656,0.8407665777777777,0.03454362065763054,0.07984713648336159,0.007228615029983781,0.08521332491864417,0.0006560874571338868,0.12405358345316879,0.0066318425868026,0.18799457836438105,0.03394208818708967,0.6562992413223053,0.018358340002247682,5
swiss,PaCMAP,n_neighbors,8.0,FP_ratio,5.0,0.3834459555555555,0.0500333114206283,0.4679371999999999,0.010159086430444142,0.6378342222222223,0.015663437313346504,0.7269678222222222,0.028458144356359804,0.8298751999999998,0.021935037158633198,0.07455974452799033,0.005414563731322682,0.08727218066469382,0.0020473154813762254,0.13809466027751355,0.005959899344557964,0.2703864617485018,0.020392922579349926,0.7571920182462129,0.01633737567794243,5
swiss,PaCMAP,n_neighbors,10.0,FP_ratio,1.0,0.4067634666666667,0.07826358817682152,0.47490084444444447,0.03385536360059357,0.21690386666666664,0.0856609593809467,0.29695217777777777,0.10184971357261981,0.821679288888889,0.07614509567281555,0.0786625967169439,0.011749518735184417,0.09190070902904184,0.00861358682494628,0.061175432556229016,0.005035463131451734,0.06964623529571959,0.00876707494952249,0.24131059112043082,0.08254283081922546,5
swiss,PaCMAP,n_neighbors,10.0,FP_ratio,2.0,0.3768470222222222,0.0485568454091582,0.4824487111111111,0.025743169600334837,0.41541586666666663,0.1659053950818781,0.4617071555555555,0.08738056447113293,0.8067331555555555,0.06748175248304329,0.07360260542165446,0.005062464353417557,0.09144080948544646,0.006680245335997753,0.09570770552643118,0.03381966382857348,0.15164486615021958,0.13529569139164174,0.48028221376103125,0.16439155570966363,5
swiss,PaCMAP,n_neighbors,10.0,FP_ratio,5.0,0.4248322666666667,0.032322158291216714,0.47063426666666663,0.01505419738884219,0.6507783555555556,0.053666040353741215,0.7587224888888888,0.034515180610891684,0.8424390222222222,0.010989821820413827,0.0808892576105303,0.005656758690281084,0.08816179812866598,0.0026741208864972913,0.14769627805857194,0.015242138668825402,0.49137314256494813,0.18562125831690662,0.7211444519964718,0.1258448191482933,5
swiss,PaCMAP,n_neighbors,15.0,FP_ratio,1.0,0.45596008888888884,0.047915188314869246,0.4861702222222222,0.012717947605016764,0.1908422222222222,0.0619649693557518,0.06360568888888882,0.10096250830090284,0.6120144,0.09590703140978263,0.08562911804523964,0.005359193350448361,0.0946393196143546,0.0072779250700128716,0.059397824021554226,0.003206132156000587,0.054500359749638703,0.0046613557717102815,0.11943045427466939,0.025594433312121672,5
swiss,PaCMAP,n_neighbors,15.0,FP_ratio,2.0,0.479314311111111,0.04398163679368755,0.4934176,0.016670838912881954,0.3162224888888889,0.09656405658554733,0.37106297777777775,0.12935391240129146,0.8437571555555555,0.0764587207990828,0.09042481480352157,0.006728650642129368,0.09813538450173102,0.006482167816126269,0.06873360851886148,0.008288131732641833,0.07665712285551202,0.01407915605863998,0.3042711018841068,0.11677315075843879,5
swiss,PaCMAP,n_neighbors,15.0,FP_ratio,5.0,0.4428632888888888,0.022015905479537978,0.48353875555555553,0.008122091498568025,0.6688697777777778,0.03199805928991612,0.7441419555555556,0.023906883109470353,0.8374945777777777,0.015469927962037078,0.08236561129622526,0.0034409054635825657,0.09159950499819508,0.0024757636916344066,0.15951670419747138,0.01784793526783487,0.6211807851501229,0.18069542492412283,0.7393168443058713,0.02576169835340502,5
swiss,PaCMAP,n_neighbors,20.0,FP_ratio,1.0,0.5266805333333333,0.015287542283720547,0.47273999999999994,0.0055654521229935566,0.22291937777777776,0.020295717657174705,0.00456755555555552,0.0019419312520412065,0.6555889777777777,0.03334907133273063,0.09612610991299517,0.0033553549329430727,0.09011829371407235,0.0007105619769319059,0.06070301389497418,0.0013113568563947646,0.051897729629472346,2.064189072155927e-05,0.1257462671199931,0.010318011247365508,5
swiss,PaCMAP,n_neighbors,20.0,FP_ratio,2.0,0.47330675555555557,0.07527791156324319,0.4859906666666666,0.020251754733910526,0.4210486222222222,0.0655537046613286,0.5937203111111111,0.06416720719803115,0.9127281777777778,0.029440015074137363,0.09054603688635365,0.01842564822959214,0.09394877942029478,0.006526846647052941,0.07941582006019396,0.0077570630566738625,0.11077190053286352,0.016122206260502488,0.3687744513355254,0.08759859988983067,5
swiss,PaCMAP,n_neighbors,20.0,FP_ratio,5.0,0.4926115555555556,0.04974969047661015,0.4797602666666666,0.007244240561889091,0.45792524444444443,0.15745122792738703,0.5436004444444444,0.1507690966736966,0.8885726222222221,0.03486998952029775,0.09280941251626672,0.009774708103127716,0.09226904630354335,0.0020605492801665567,0.09301454033505448,0.036771977922544795,0.12676549263221673,0.0783026749629702,0.40768019944692335,0.21267875579231604,5
swiss,PaCMAP,n_neighbors,30.0,FP_ratio,1.0,0.5541378666666666,0.012748997452329568,0.46472915555555555,0.005171999478196902,0.24416417777777774,0.03880653253217006,0.00962871111111108,0.00373683947266195,0.734546488888889,0.05077599642156194,0.10273653366500304,0.002931641228804052,0.08733631427283461,0.0006711851370944727,0.06198579333792453,0.0022739151882350756,0.052019337951309044,7.444275313729879e-05,0.1609486212414603,0.02651490828006404,5
swiss,PaCMAP,n_neighbors,30.0,FP_ratio,2.0,0.5316196444444444,0.05913992838449719,0.4748430222222222,0.01803285720642075,0.31292791111111107,0.14509477914709135,0.1773162666666666,0.37671891544857505,0.7604688,0.11702169162280003,0.09949043727614029,0.011288562671188175,0.08961474124549602,0.003934326495559493,0.07067872564073246,0.018360517656906387,0.09276579538684708,0.09115399664669081,0.21875912838721226,0.15836473529246228,5
swiss,PaCMAP,n_neighbors,30.0,FP_ratio,5.0,0.5389527999999999,0.030138101512951,0.48685306666666667,0.0034924004529058284,0.33918337777777774,0.06681395645629147,0.4319664888888889,0.021888272473215606,0.889769511111111,0.004391741257079699,0.1027839273675922,0.006326086405692361,0.09214226760586577,0.0009313000694335175,0.0708469736708961,0.006182857405225431,0.08032846489258466,0.0028161486416728772,0.30592353051494026,0.00818059633341434,5
swiss,PaCMAP,n_neighbors,40.0,FP_ratio,1.0,0.5768585777777778,0.01162838996487944,0.4610430222222222,0.005025602448008821,0.23761937777777775,0.032382165330111366,0.0108068444444444,0.001869275494429336,0.7531300444444444,0.02771132665442321,0.10655884433445151,0.002982809753190495,0.08560566932141886,0.0007187363612392026,0.06153418397919138,0.001949742019753416,0.052046437607517135,3.858177696840229e-05,0.1684493119784789,0.017493694746211725,5
swiss,PaCMAP,n_neighbors,40.0,FP_ratio,2.0,0.5793188444444445,0.01141182553903333,0.46310257777777775,0.003719093280576535,0.23952257777777772,0.03521411623710716,0.01243048888888884,0.002603596005148418,0.7551778666666666,0.03696105937287819,0.10811100292150033,0.003157372988258579,0.08626899891938403,0.0009514971286974657,0.06176236788504212,0.002070505274718917,0.05208645535738242,5.5623557550752596e-05,0.17156421729181714,0.021356390285431733,5
swiss,PaCMAP,n_neighbors,40.0,FP_ratio,5.0,0.5569462222222222,0.010624249118565205,0.4814534222222222,0.0033878342242300167,0.33145946666666665,0.06353930259346728,0.5073997777777778,0.03702224947844799,0.898190311111111,0.0018688417327912825,0.10468025947928243,0.002822021975093524,0.08991286274586692,0.0008350269736343576,0.06980391350555773,0.006767706491895571,0.09260661809682366,0.006627447944160895,0.32271202325596954,0.002915474014552509,5
swiss,PaCMAP,n_neighbors,60.0,FP_ratio,1.0,0.5562174222222221,0.007376212929092366,0.4508869777777778,0.0034172634947560823,0.18567235555555556,0.012172831673570706,0.00799022222222218,0.0005052306159652721,0.7072098666666667,0.012397532352632468,0.10106797834838162,0.0017456090557297814,0.08405141067606044,0.000646280342144016,0.058689703797564316,0.0005394049590983871,0.0519844077110868,1.2836250708940066e-05,0.1442231805525625,0.0050505521155774094,5
swiss,PaCMAP,n_neighbors,60.0,FP_ratio,2.0,0.5587564444444444,0.007418922293702781,0.4599470222222221,0.003734296779122946,0.20237297777777777,0.01636793403978842,0.0092403555555555,0.0006938123274193248,0.7110011555555555,0.014520726498166924,0.10271907731457208,0.0018025963708292647,0.08571443213513093,0.0008327448426708305,0.05998160355461411,0.0008700321703504872,0.05201896688241474,1.6849762092057823e-05,0.14622783396484937,0.00640417829006461,5
swiss,PaCMAP,n_neighbors,60.0,FP_ratio,5.0,0.5222125333333334,0.008074193289367985,0.47450408888888884,0.006607603597278318,0.33002079999999995,0.024697162640850884,0.5775693777777777,0.02142286266815826,0.9115360000000001,0.0074749834105270465,0.09605734188705228,0.00187822360517918,0.08917346164818478,0.001794414427356606,0.06915814986240985,0.002310165686231274,0.10666005844695228,0.005113325666547611,0.35312173541370473,0.01759673121814032,5
swiss,PaCMAP,n_neighbors,80.0,FP_ratio,1.0,0.5541208888888889,0.00825635337553625,0.4126950222222222,0.0027754762892337236,0.14434426666666667,0.022581184853603064,0.006763999999999939,0.00013819006414050278,0.6494678222222222,0.005937335750346782,0.10050438484793307,0.001850103063321711,0.0779877637421294,0.0003545978581893877,0.05753927296651758,0.001252913720871176,0.0519531598970589,5.486687182774377e-06,0.12374989178376725,0.0018645610156429275,5
swiss,PaCMAP,n_neighbors,80.0,FP_ratio,2.0,0.49217439999999996,0.09427196055154519,0.4267047555555556,0.013255195309065848,0.2382786666666666,0.10333842409682284,0.00940657777777772,0.002883213645985156,0.6983019555555555,0.06473399963161688,0.09161229979709612,0.015723184994189645,0.08009499274278073,0.002054271526515382,0.06345987853173554,0.00848011893649241,0.0520113627182883,5.635241651299494e-05,0.14433345523369606,0.02740756466853768,5
swiss,PaCMAP,n_neighbors,80.0,FP_ratio,5.0,0.4981361777777778,0.0035869630691239386,0.4371755111111111,0.00568141137785711,0.28740426666666663,0.028182970053685173,0.6809861333333334,0.024755591419084344,0.9226872,0.00025000985659588964,0.0898801508275652,0.0007052390446762644,0.08133848220581719,0.000983217198035051,0.06557353007512527,0.002299150512080209,0.13482239867388013,0.007939684411901723,0.380469806406507,0.0006932079286436365,5
swiss,PaCMAP,n_neighbors,120.0,FP_ratio,1.0,0.30728826666666664,0.0053837163042311405,0.4416750666666666,0.00253215692178487,0.3966605333333333,0.03437564617021405,0.4152169777777777,0.002097369231639312,0.9812059555555555,0.0005831411408256136,0.06640014200389041,0.000529835060068794,0.08163331697163587,0.00041865843992498465,0.07607850770776756,0.004518647441698499,0.07880136803070824,0.00025182823122944185,0.892421153091562,0.003453623373252216,5
swiss,PaCMAP,n_neighbors,120.0,FP_ratio,2.0,0.2765699555555555,0.01845157337625331,0.49014044444444443,0.009252006246228246,0.6532380888888889,0.1718089969797857,0.6100017333333334,0.08063144194838966,0.8691127999999999,0.03160363968162416,0.06386814632653907,0.001493508477883166,0.09344819046737965,0.0015296640043634183,0.19805996362007158,0.15165869206755872,0.23412936525583566,0.20008538295371694,0.5942860894247777,0.14883764338866887,5
swiss,PaCMAP,n_neighbors,120.0,FP_ratio,5.0,0.34438257777777775,0.0030432220157321794,0.45428062222222215,0.004161052153268727,0.825011288888889,0.01669259204542731,0.6831403111111111,0.003818915629169676,0.8545519111111111,0.005078151072103999,0.06982733673909987,0.0003102496239652636,0.084272799352809,0.0007858311128124105,0.4046416371699548,0.02630145472226512,0.5214841930066779,0.03861358331975571,0.7414093275316519,0.005791035348216167,5
swiss,TriMap,n_inliers,5.0,n_outliers,2.0,0.43512435555555556,0.009835037689835981,0.5349417777777778,0.014885711685047926,0.43059084444444445,0.005866470456314828,0.4179680444444444,0.01128196239650043,0.5534104888888889,0.05095097693690175,0.08730438439854492,0.0031104797611042332,0.11916676321307226,0.004693699760607733,0.08227674341072774,0.0018408628384875968,0.0793816868111629,0.0018204603728353705,0.10415989239566718,0.010703449965730964,5
swiss,TriMap,n_inliers,5.0,n_outliers,5.0,0.4270327111111111,0.012056770476826049,0.5341722666666666,0.02273202771009104,0.42136399999999996,0.009782420863498873,0.4056535111111111,0.011137398107388901,0.5560956444444445,0.014412614671499986,0.08359427146807152,0.00145530177909454,0.11871235008459524,0.00912159123071274,0.07999198380924741,0.0016079391967314506,0.07705598949256057,0.0015190341415905165,0.10300020175527425,0.0026197809604277898,5
swiss,TriMap,n_inliers,5.0,n_outliers,10.0,0.4353278222222222,0.022681010539030304,0.5357102222222222,0.01813332810934023,0.4330526222222222,0.016169557900611746,0.3667094222222222,0.01575987657844759,0.5334670222222222,0.0481754238953462,0.08693937281542741,0.005500307010760966,0.1205031083291476,0.00861399707915337,0.0827474078300692,0.0027175252190193553,0.07300158399613343,0.001868377589445678,0.09864345631965854,0.009122774035674614,5
swiss,TriMap,n_inliers,8.0,n_outliers,2.0,0.4388434666666667,0.012117420054625749,0.5344274222222223,0.011177627181004544,0.43648186666666666,0.01277486950536135,0.4129976888888889,0.015064699465642288,0.5386560888888889,0.034291921735822906,0.08564584435713306,0.004766993572146487,0.1222073417920659,0.008412572605171162,0.0823251506625263,0.002965546523109601,0.07849270115021796,0.002475262554215806,0.09978709104018546,0.006770194630121258,5
swiss,TriMap,n_inliers,8.0,n_outliers,5.0,0.44138808888888886,0.006381519447534337,0.5395350666666666,0.013914722863052457,0.43060742222222215,0.008924189330129659,0.3803655999999999,0.010558935087532086,0.5397371555555555,0.05018485528828568,0.0860979771266533,0.0016990360493753314,0.1246541225598288,0.005679478152588591,0.08108615685951245,0.0009502321590269459,0.07426186775335877,0.0011210899839016453,0.0999695096401915,0.009842487834141328,5
swiss,TriMap,n_inliers,8.0,n_outliers,10.0,0.4415539555555556,0.01641756569555609,0.5574596444444444,0.01336970159468283,0.4324858222222222,0.014588003635153777,0.35474737777777776,0.015388995873996378,0.5661382222222222,0.016802713178913645,0.08760588849960826,0.004776508240416266,0.12870164373885912,0.004582056963571615,0.08221480015999136,0.0026530351582276027,0.07144653819565748,0.0018766772201144796,0.10532192771858802,0.0038870200278253155,5
swiss,TriMap,n_inliers,10.0,n_outliers,2.0,0.4369521777777778,0.011426141444344735,0.5329742666666666,0.014642474574476746,0.43331062222222216,0.011316589231611995,0.40747520000000004,0.02668372474305196,0.5093654222222221,0.05098353426996592,0.08507673737829761,0.0011495276253579163,0.12150179555842038,0.005925266217710031,0.08162252802376987,0.0014895788511747655,0.07755094473648161,0.003183291770157876,0.09397376341244494,0.010113959940656465,5
swiss,TriMap,n_inliers,10.0,n_outliers,5.0,0.4177441777777777,0.02429639776094442,0.518935688888889,0.02446239180012284,0.41299857777777776,0.022898231186526258,0.34657119999999997,0.018126028491619817,0.5401197333333333,0.050324446102426645,0.08353716342078624,0.0025996593291527812,0.11975017770159321,0.013534312544152943,0.07895243782756131,0.0033782691195747127,0.07048719259722416,0.0020395319289768735,0.09925017684066696,0.009461342008852708,5
swiss,TriMap,n_inliers,10.0,n_outliers,10.0,0.4247580444444444,0.008317298710340832,0.5355932,0.022216851219038415,0.4205306222222222,0.008031442057068525,0.35337351111111104,0.015431053627645146,0.5434942222222222,0.030223369872000576,0.08515301877312029,0.0037457043027711075,0.12603803114927895,0.013385868384915105,0.08047750622657164,0.001973521855703493,0.0711642563513569,0.001507785509149993,0.10023670826220557,0.006202550279680464,5
swiss,TriMap,n_inliers,15.0,n_outliers,2.0,0.42157413333333327,0.020347208908361183,0.5337670222222222,0.019995506589429054,0.41715559999999996,0.016529889941900935,0.38933137777777777,0.026333503317969895,0.5297520888888888,0.0510854278044672,0.08380703417218964,0.0054435114377489775,0.11872407426232671,0.013011383337253046,0.08006034072612178,0.003797270194519262,0.07548306819884408,0.003863489035751846,0.09795217954812074,0.010372249494509973,5
swiss,TriMap,n_inliers,15.0,n_outliers,5.0,0.4298637333333333,0.016491234390232264,0.5365253333333333,0.012533299671940593,0.42419657777777775,0.01526413329506074,0.3522621333333332,0.022229862525246485,0.5273595555555556,0.04456062899349939,0.08517621665451014,0.0021073934762995436,0.12664315353553154,0.011365081490271442,0.0810681441929785,0.002356896862285336,0.07112923570598922,0.0024441734904629285,0.09745272949147481,0.009074017043265851,5
swiss,TriMap,n_inliers,15.0,n_outliers,10.0,0.4348921777777778,0.014332659066311175,0.5563261333333334,0.01588866439903571,0.43018102222222215,0.015857907222316697,0.3352596888888889,0.009030629713766399,0.5578336,0.014539405875748595,0.08984572927461494,0.0046000374314302496,0.13936165473710999,0.010214058451684388,0.08310695401766088,0.004374454111574788,0.06926215318888149,0.0008348261433977925,0.103343393064534,0.00386568781003596,5
swiss,TriMap,n_inliers,20.0,n_outliers,2.0,0.4393328,0.01318766339864835,0.5496415111111111,0.011032208072192455,0.4361343555555555,0.00867656843273316,0.3801252444444444,0.017825365429114805,0.5586312888888889,0.013406013150913589,0.08865105462154096,0.003494508635949531,0.12578147632225192,0.007171627691490223,0.08316934554013442,0.002064509485407008,0.07458105595647155,0.002376565911539732,0.10354326680874404,0.003167191757741791,5
swiss,TriMap,n_inliers,20.0,n_outliers,5.0,0.43102284444444444,0.007842015479155124,0.537610711111111,0.009181189314013296,0.4269614222222223,0.008359883856184186,0.3412653333333333,0.010628723575270303,0.5371098666666667,0.04564942031235799,0.0865067873733978,0.003360752457936049,0.12718435740762707,0.00811770991944343,0.08182906340152328,0.0016944948934554788,0.07003631629367271,0.0011604116720114724,0.09922114026060323,0.00851311320686425,5
swiss,TriMap,n_inliers,20.0,n_outliers,10.0,0.4449112888888888,0.011256657037690953,0.568713288888889,0.024461811301155344,0.43684817777777785,0.010348977003657037,0.3346887111111111,0.01560124972075579,0.5613785777777778,0.007489629791243146,0.0917889610797987,0.0034339817574241685,0.1418434926604848,0.008674506114758354,0.08516023242543058,0.0024534970779892295,0.06919092925215145,0.0017369796123547616,0.10477249647148512,0.0021338659287691002,5
swiss,TriMap,n_inliers,30.0,n_outliers,2.0,0.4317767999999999,0.02062186101551484,0.5400360444444445,0.019371833794276854,0.4237856,0.01983605339169121,0.36628311111111106,0.019495335437033925,0.5272968,0.057877590661500826,0.0872482331532112,0.006199516942923835,0.12511128531526627,0.009320205388956613,0.08113465052374386,0.004063589627485466,0.07283059643421783,0.0025125188720327737,0.09770641860783999,0.010839777855961312,5
swiss,TriMap,n_inliers,30.0,n_outliers,5.0,0.4283345777777778,0.012305166701255144,0.5571253777777778,0.011731264257172197,0.41991613333333333,0.01136470730000628,0.32812875555555554,0.010167790200941908,0.5480766222222222,0.016820833815007468,0.0878168916287706,0.0023044393727043567,0.13615939878350145,0.009890411070916877,0.08040674130885371,0.0010949557235357852,0.06844205082428947,0.000989763942958193,0.10074829013710829,0.0037205371420367247,5
swiss,TriMap,n_inliers,30.0,n_outliers,10.0,0.4750159111111111,0.02495327025728961,0.5966033333333333,0.015988701303045992,0.46442048888888887,0.024718933017346185,0.3300236888888889,0.015107379468652909,0.5650097777777777,0.00972823582397721,0.10551948592766287,0.007212285591201922,0.15318110312779157,0.016272148783771558,0.09360711847489347,0.005316841828550999,0.06870266513154462,0.001585043418193646,0.10568274938713604,0.0026398341486351382,5
swiss,TriMap,n_inliers,40.0,n_outliers,2.0,0.4347110222222222,0.01308296642618342,0.5410670222222222,0.026088726444033393,0.4293659555555555,0.012694821425377477,0.3567269777777778,0.01656020408981413,0.5559310222222222,0.007418753203957847,0.09004895036163998,0.003738780940433753,0.12817188569094246,0.005309681475757969,0.08286071213858885,0.0022485812051263377,0.07189784968708059,0.0017697177491776952,0.10299745389344654,0.001812979357274009,5
swiss,TriMap,n_inliers,40.0,n_outliers,5.0,0.4494648,0.014050186475279378,0.5758949777777778,0.0088279569083287,0.4411047555555555,0.017157691279408964,0.3317922222222222,0.016903397474260593,0.5647744888888889,0.007347891116621676,0.09075993572541158,0.003747110948202991,0.13910826282759706,0.005199426727461844,0.08415692545933844,0.0031152855020077537,0.0688446816382072,0.0017758296033880392,0.10567188517882653,0.002514041042772171,5
swiss,TriMap,n_inliers,40.0,n_outliers,10.0,0.49245662222222225,0.013758813771722412,0.6140936,0.013552120461297999,0.48669635555555557,0.015152550404730616,0.30085484444444444,0.011358167277827503,0.5809477333333334,0.009501240499125492,0.10948856350790823,0.0017367136279862428,0.15772698560808784,0.010634993096122024,0.09685322552956613,0.0023571216940517334,0.06580884807886284,0.0010209626132374648,0.10857403538633217,0.0022998234869144544,5
swiss,TriMap,n_inliers,60.0,n_outliers,2.0,0.4541917333333333,0.007445069602938079,0.5593667111111111,0.008778936361513617,0.44494302222222226,0.004486266072590234,0.3626208888888889,0.017447657540607592,0.5315827555555556,0.040332426732877916,0.08820872907015265,0.0022262788082985595,0.13373128911124904,0.002963892098113997,0.08394386041392365,0.0012171231474073531,0.07227613096882532,0.0018458109649676475,0.09847995129023561,0.008080669669267345,5
swiss,TriMap,n_inliers,60.0,n_outliers,5.0,0.46223422222222227,0.017374083332778217,0.5985653777777777,0.01442600151081798,0.4509179111111111,0.01690974479412597,0.32252933333333333,0.009822055539058313,0.5718842666666666,0.012685705685952842,0.10075946475286583,0.006498469591132931,0.15756010428324063,0.00852683626495284,0.08905947517582243,0.004017769365851954,0.0678757438254957,0.0009864846247835417,0.10649473500109222,0.0030617018214201884,5
swiss,TriMap,n_inliers,60.0,n_outliers,10.0,0.5761917333333334,0.014777218841894237,0.6138063555555556,0.015001535939963798,0.5766335111111112,0.009991543611388235,0.30406684444444443,0.008423636003297454,0.5927448,0.004880707269127473,0.14404049757676868,0.007302848405925642,0.16114634617972254,0.011384360132276268,0.12869885814069376,0.0040635560768420426,0.06612888982354642,0.0008055015769005929,0.11232695277686702,0.001704591857647646,5
swiss,TriMap,n_inliers,80.0,n_outliers,2.0,0.43290871111111107,0.011376138782123006,0.5626229777777778,0.0287114078582016,0.4276376444444444,0.008025854372580932,0.31897457777777777,0.02178654033045102,0.5590701333333333,0.0075589407671305155,0.0896372709482653,0.001261064494778942,0.1385572362441943,0.013501467342331982,0.08232077957406023,0.001607332297578595,0.06764331860150859,0.0021104395550439908,0.10331865644176712,0.0013605390096163939,5
swiss,TriMap,n_inliers,80.0,n_outliers,5.0,0.47841795555555555,0.012273302865152208,0.6094065777777777,0.01113687580545695,0.47458168888888885,0.013582859983208873,0.3037736888888889,0.018732447163434484,0.5831912888888888,0.013135671439177538,0.10540960717552525,0.006807244947209436,0.1634851436661793,0.005446089323067981,0.0938235268671008,0.004800470636108421,0.0660416360104689,0.0016198052447978842,0.10874310696868936,0.0035561795312710033,5
swiss,TriMap,n_inliers,80.0,n_outliers,10.0,0.6747382222222222,0.0206018843223048,0.6092759555555556,0.013989001689069455,0.6726020888888888,0.016663444861636234,0.34876257777777775,0.014499651849034505,0.6150227555555555,0.0022204432523793157,0.20297056727294643,0.011237166018008565,0.15198550562679994,0.009189448890487232,0.19000522511407758,0.009178989760670766,0.07050443245698843,0.001583758049612805,0.12507092163378838,0.0023359286191898675,5
swiss,TriMap,n_inliers,120.0,n_outliers,2.0,0.4364659555555555,0.009936819048367577,0.5803644,0.01573078542567539,0.43338608888888885,0.008471587165415616,0.31191835555555547,0.018665915325884415,0.5579103111111111,0.007045252210259938,0.0918216529914198,0.0042616612139769845,0.14239214003401224,0.004171265203057115,0.08384523952709941,0.002312219534222851,0.0668372080908734,0.0017147779858463134,0.102762530964653,0.0014411710083223777,5
swiss,TriMap,n_inliers,120.0,n_outliers,5.0,0.5865988444444444,0.015930236303998604,0.6265156000000001,0.023611630037905364,0.5876696444444444,0.017540925113630014,0.31811182222222223,0.011346002185356913,0.5931364444444445,0.007264612764441363,0.15459120711356072,0.0060441921068858815,0.1674964522852332,0.010201943014102998,0.13733393959411735,0.0034749226442632964,0.06736225772217323,0.001114501169974256,0.11381533281131961,0.0017957724724846943,5
swiss,TriMap,n_inliers,120.0,n_outliers,10.0,0.7991921777777777,0.004100943963600666,0.5545036444444444,0.02367712294292357,0.7849643555555555,0.00321388313108099,0.39947408888888886,0.005883196942286418,0.6387577777777778,0.006223807139415657,0.3424976302494431,0.015642422395080464,0.13958011544179794,0.006662076285298417,0.34855423938011565,0.005434081656543505,0.0762195025975685,0.0007159947450854825,0.15916343489099738,0.006231714769070128,5
swiss,UMAP,n_neighbors,5.0,min_dist,0.0,0.07735857777777774,0.0095789930211252,0.4346537333333333,0.015860543132387373,0.06339151111111103,0.026089190356671985,0.15713902222222215,0.041538021946163975,0.7079284444444445,0.03525041162600052,0.053617979321045596,0.0004530130767544346,0.08180207571172858,0.002570503383404827,0.05314872959721648,0.0008314068250767074,0.05780688179354596,0.0023159128457218014,0.14729956237117756,0.016366983036866053,5
swiss,UMAP,n_neighbors,5.0,min_dist,0.1,0.08102986666666662,0.01280054103563353,0.4270448444444444,0.012787386266971849,0.06387075555555548,0.027415876882736834,0.11184604444444442,0.04389128576026099,0.6692016,0.041813391659067396,0.05369156517996863,0.00038565681953913367,0.08119797374479502,0.002299940832316705,0.05339191597988384,0.0009321449099622175,0.05559761516263342,0.002015838415563175,0.13254693305569792,0.014094079510747905,5
swiss,UMAP,n_neighbors,5.0,min_dist,0.5,0.059559377777777735,0.003685038721675357,0.4237744888888889,0.013038035470248439,0.07912648888888887,0.024407074555455335,0.13840159999999996,0.0268263398746755,0.6996290666666667,0.02768306713649968,0.05310940757385074,0.00023920965449860193,0.07975505021505203,0.0022002612725999754,0.0539109119753378,0.0009248623730789753,0.05693824380614306,0.0014739890712153906,0.1433445060865693,0.011866962199259704,5
swiss,UMAP,n_neighbors,8.0,min_dist,0.0,0.12858248888888885,0.012427354970605459,0.42024942222222217,0.01903554375346617,0.02084497777777774,0.022007491067283048,0.05736511111111107,0.06426597784708467,0.6352081777777777,0.06051408344158663,0.056341598158018535,0.0006860451057851189,0.08029603611995276,0.002676907635951421,0.05240309813894538,0.0007886518870066547,0.05425043216318658,0.0035061548240935482,0.12532293685838344,0.020932163876118265,5
swiss,UMAP,n_neighbors,8.0,min_dist,0.1,0.10390551111111106,0.02199661796810064,0.40761235555555553,0.011284918494265786,0.02264524444444438,0.018636000196486844,0.05082986666666665,0.05587136426585979,0.6152985777777777,0.08969464613797908,0.055080710494877415,0.0010252709956361978,0.07775299299373509,0.001345700592775531,0.05227312972579464,0.00041247306370503106,0.053794293745057564,0.002410248308529697,0.12140567350459194,0.025636012424556466,5
swiss,UMAP,n_neighbors,8.0,min_dist,0.5,0.06132337777777774,0.014648775999430172,0.4010477777777778,0.01643827324144766,0.03968755555555552,0.02819187340921116,0.06605964444444436,0.056778067398609,0.6296728,0.07241576056844376,0.05337492717106677,0.0006176952583858227,0.07607038413423724,0.0021195632976871584,0.052812655180416654,0.0009027706471320103,0.054077394168444204,0.002368018809204371,0.12256748638195433,0.021303231706995506,5
swiss,UMAP,n_neighbors,10.0,min_dist,0.0,0.16672337777777774,0.020661133184177508,0.4219756,0.010843300427361771,0.01551657777777774,0.009577726800070607,0.04499626666666664,0.035339308012816144,0.6631030222222222,0.06013435519407685,0.05813548297150319,0.0012521951761264652,0.0801704250761477,0.0016477589318259914,0.052222036378933724,0.0003876813187313797,0.05342905010190838,0.0012894234248456958,0.13348668289293453,0.016706417890441007,5
swiss,UMAP,n_neighbors,10.0,min_dist,0.1,0.15817599999999996,0.03058367348362664,0.40173182222222226,0.00900267138049508,0.02620653333333328,0.024944251426424712,0.04840302222222218,0.0642685707858384,0.6029945777777777,0.12505528626789703,0.05769263550915891,0.0016270402509668336,0.07666006903083385,0.0012154246210496625,0.052483318662535264,0.0006407953921331521,0.05367802882470953,0.0024760032326510825,0.12168274289781614,0.03502972409937281,5
swiss,UMAP,n_neighbors,10.0,min_dist,0.5,0.1127970666666666,0.012275686919403327,0.3925995555555556,0.011181621662904965,0.03478595555555552,0.02500168394447179,0.019591911111111082,0.010612207233205256,0.590192,0.04012476677490777,0.05541707228820962,0.0006541182314479384,0.0750265332995691,0.001302325103259255,0.05265802342751906,0.0007505547822763002,0.05227029853625346,0.0003093593939678263,0.11008325941018773,0.009452307812420619,5
swiss,UMAP,n_neighbors,15.0,min_dist,0.0,0.24819573333333328,0.029127380069084302,0.4232631111111111,0.009775884961993171,0.02156764444444442,0.014614208032249883,0.06771431111111106,0.05830650029568627,0.6716326222222222,0.09210802008087975,0.06263147311588027,0.0021953755632932517,0.08049033449478542,0.0013938174407934756,0.05234685066287148,0.0004396351924655962,0.054517171419230084,0.0027330272296249404,0.1386177340555041,0.03425695304294803,5
swiss,UMAP,n_neighbors,15.0,min_dist,0.1,0.1877511111111111,0.05325878617180293,0.40825755555555554,0.011926305183640698,0.043672444444444396,0.045016520267426884,0.10893297777777773,0.08824547832148487,0.7275644444444445,0.07911322939985496,0.05903533559429528,0.0027780908951270046,0.07754703083752748,0.001714888095968441,0.05293485109245262,0.0015178794431319617,0.05665637280319694,0.00513137978824165,0.16259544054586245,0.04705192245867976,5
swiss,UMAP,n_neighbors,15.0,min_dist,0.5,0.15528151111111105,0.023654098853118158,0.4228757777777778,0.008429158181830584,0.08198435555555553,0.08504884121689023,0.1200294222222222,0.10337983799724107,0.7117511111111111,0.09590190014930321,0.057080889909155164,0.0007132969851059105,0.07873173270676555,0.0011653131601465445,0.054751742680355944,0.00391772690251227,0.0568601463893717,0.0055857263956661475,0.15728546607246113,0.04911175621142254,5
swiss,UMAP,n_neighbors,20.0,min_dist,0.0,0.2730188444444444,0.0376069817416072,0.45227528888888885,0.013073881364606358,0.25335319999999995,0.06333021469194937,0.3917086666666666,0.027123768489765894,0.9610323555555557,0.010131506728158197,0.06371889084305807,0.002964299336260883,0.08598309682429442,0.002136285483150322,0.06365551254655723,0.004058615511279046,0.07748493671411683,0.002813255136931175,0.6113156682791734,0.06322804496005427,5
swiss,UMAP,n_neighbors,20.0,min_dist,0.1,0.22490391111111108,0.024984596505807817,0.4500600444444444,0.014054225282152014,0.2941632888888889,0.040434812135761417,0.3750836888888889,0.01923291081479545,0.9486656888888889,0.022007458527833652,0.0603207317181211,0.0016714896695570862,0.08435558054208017,0.0022341357159604987,0.06616496117133618,0.003506700168676641,0.07521412218839064,0.0025940448740390297,0.5697258181226866,0.17317497117703357,5
swiss,UMAP,n_neighbors,20.0,min_dist,0.5,0.18996151111111106,0.02893193819575458,0.4380827111111111,0.004401325668421516,0.3986408,0.05676441266954602,0.3964792,0.052927296595225846,0.9370380444444445,0.02199402908108825,0.05882466593528733,0.001848595593655678,0.08106988646567875,0.0006709182043724758,0.07664984845888098,0.007187266158511039,0.07650188739826362,0.005943826941039519,0.570588428103527,0.13390029173170204,5
swiss,UMAP,n_neighbors,30.0,min_dist,0.0,0.30592177777777774,0.0664381824570595,0.4608189333333333,0.01221003780683928,0.24155937777777775,0.03243928412592469,0.35614066666666666,0.021074041229161393,0.9757008,0.012231758822481613,0.06696947638435832,0.006157924746553081,0.08817852153790537,0.0026471105981169902,0.06282290831354423,0.002626893371700872,0.07448286505630655,0.0020388612327336374,0.7479616132444816,0.16072752506909974,5
swiss,UMAP,n_neighbors,30.0,min_dist,0.1,0.24782151111111106,0.06511639636387506,0.44782835555555545,0.014204360986230987,0.31699351111111107,0.0689521525214638,0.3516133333333333,0.05365597712450298,0.973250311111111,0.012078133575051714,0.06234242194592904,0.005092689134824782,0.08478435658068426,0.0025465049330161303,0.0685829759964018,0.006731506445812838,0.07342772388410582,0.005009991487615888,0.7328983135557451,0.1186054169049118,5
swiss,UMAP,n_neighbors,30.0,min_dist,0.5,0.18510106666666665,0.04933765771297286,0.4407860888888889,0.01290023587744925,0.46743857777777775,0.05285794644385772,0.4946398666666666,0.03571160184050582,0.9689321777777777,0.01043523863611135,0.05829279774678449,0.002417309116639385,0.08188345040610576,0.00235972765696663,0.08597214895928681,0.00820498976933296,0.08959962118917333,0.005587515636647639,0.7524294191786549,0.09569939669675788,5
swiss,UMAP,n_neighbors,40.0,min_dist,0.0,0.3899596444444444,0.020724810067544668,0.4669033777777778,0.008014469259785674,0.21754582222222218,0.07028087451629576,0.2632487111111111,0.029068611645086163,0.962150488888889,0.012732538736502689,0.07502863735766166,0.002349211958543336,0.09100840868342454,0.001919477520985555,0.06103183907976464,0.0046593784841719044,0.06574500871516356,0.0021959558386001935,0.6717587751657594,0.0949557437837419,5
swiss,UMAP,n_neighbors,40.0,min_dist,0.1,0.3059895111111111,0.07399835406884914,0.4600652,0.008095929847082971,0.28994435555555553,0.04471984021637128,0.29755035555555553,0.06911485241098757,0.9529637333333334,0.030883158567753175,0.0670109395762349,0.005851509595149358,0.08862202857166974,0.0019018087275113065,0.06583183505138154,0.004120604781159793,0.06883800327002954,0.0058035291032074564,0.6399732869218908,0.18681472758703754,5
swiss,UMAP,n_neighbors,40.0,min_dist,0.5,0.19572728888888885,0.0415143599378205,0.44944208888888887,0.01054604835313523,0.4668115555555555,0.06234813284956625,0.44020542222222214,0.06572300911045792,0.9551048888888889,0.021806986093202727,0.058845363405681084,0.002746742380748618,0.08430538035909388,0.0019171826097479782,0.08626030256614534,0.009419320517169868,0.08244697491612814,0.008787608002811052,0.6688542136800865,0.14939280615322126,5
swiss,UMAP,n_neighbors,60.0,min_dist,0.0,0.39473679999999994,0.03385198958633138,0.47284039999999994,0.004890756831027963,0.2595203555555555,0.02710181913333131,0.2389687111111111,0.04813540273647317,0.9686714666666667,0.005543843008127701,0.07575732314982177,0.003966717065527347,0.09216395136304688,0.0012855648387457373,0.06367530595272371,0.0012170423128600194,0.0645454225804705,0.0034276640366571976,0.6957941635476015,0.029545967924140066,5
swiss,UMAP,n_neighbors,60.0,min_dist,0.1,0.28079617777777777,0.03009644757446419,0.4597372,0.007465791436137332,0.29115119999999994,0.05617999182644792,0.24549497777777773,0.04674365153002592,0.9618992888888889,0.011478672042606958,0.06440968156117152,0.0024687327903271977,0.08800000954749668,0.0021897074628905912,0.06594577428425058,0.00457174179889309,0.0648936929841089,0.003251745485536394,0.6477667631177513,0.07165809907323895,5
swiss,UMAP,n_neighbors,60.0,min_dist,0.5,0.2164915555555555,0.06745819671617027,0.45606035555555546,0.010073773578633793,0.5030412444444444,0.08973282093046153,0.3919405777777778,0.0935802931687312,0.9660537777777778,0.01773179900073508,0.0602019568359505,0.00447135731906674,0.08524248756596689,0.0019711834022869824,0.09493593735745774,0.018119135059689,0.07781680207692242,0.011701359597894182,0.7355005894715593,0.10448576995748735,5
swiss,UMAP,n_neighbors,80.0,min_dist,0.0,0.4018136,0.029952372876754656,0.4726070222222222,0.015273868080426507,0.16613711111111104,0.05005040617341139,0.2034586222222222,0.041504469547326346,0.9330049777777779,0.029889875741494452,0.07672381879695514,0.003703597446432486,0.091489119027218,0.0025082429846070187,0.0580547744304186,0.002994479209728455,0.062055216290034465,0.0028456115413536963,0.46105383923342824,0.14604256550181538,5
swiss,UMAP,n_neighbors,80.0,min_dist,0.1,0.30887075555555554,0.054230445450576044,0.4637287555555556,0.008885311915851651,0.21923795555555553,0.05968792958822073,0.1874724444444444,0.0530830486141559,0.931692,0.026855149313343554,0.06712199205897372,0.004710611096814272,0.08886512448830367,0.0016774340505244496,0.06108695091335854,0.003884090060275722,0.060996832853191615,0.0038016527979947514,0.48103538751025693,0.13218955593880197,5
swiss,UMAP,n_neighbors,80.0,min_dist,0.5,0.19790106666666665,0.03980636386692678,0.45638639999999997,0.009519586129866692,0.4404460444444444,0.04866364310404663,0.3545207555555555,0.05033598162853926,0.9636574222222223,0.004416326437210084,0.05883695598490089,0.002178514833345787,0.08598200719847097,0.0022691681854240422,0.08238361260130353,0.007141093986083159,0.07314707989616163,0.0050137169438406685,0.7326153005531575,0.020737571345716254,5
swiss,UMAP,n_neighbors,120.0,min_dist,0.0,0.41839502222222225,0.04888929933807498,0.48052382222222223,0.008325180274472687,0.22906199999999996,0.053294658371300055,0.1745842222222222,0.0680581935300071,0.9642791111111111,0.01141891763697419,0.07898750581570604,0.006976047510465908,0.09418036778125674,0.0008273134445593589,0.062000159070180486,0.0031090235346134744,0.060398712523189756,0.004916411875615124,0.6562587320104194,0.11540805101775921,5
swiss,UMAP,n_neighbors,120.0,min_dist,0.1,0.28311279999999994,0.026533627614969576,0.4713102222222222,0.008397877074476878,0.30438222222222217,0.043026325254300855,0.25117404444444447,0.047271697621147316,0.9781632888888888,0.008772321227222539,0.06477223557614947,0.001996875497603337,0.0914994274121107,0.0023756010110340645,0.0669390600346395,0.0037062761120259077,0.06560610566560836,0.003523560972374501,0.8390650315633252,0.06026940025248242,5
swiss,UMAP,n_neighbors,120.0,min_dist,0.5,0.23613004444444444,0.046992247584016815,0.46390200000000004,0.011082598644544051,0.4791333333333333,0.10509413656031448,0.37068639999999997,0.078989845412442,0.9589298666666666,0.03377769424755753,0.061086362625878875,0.002990477958249366,0.08762329515473066,0.002974951929368603,0.08961121269699387,0.014780052285554948,0.0754171574634176,0.008101213499931786,0.7059668131317178,0.22012909868703873,5
swiss,t-SNE,perplexity,1.0,learning_rate,50.0,0.22872617777777773,0.008343583813289281,0.42130568888888886,0.015892614535696972,0.23685515555555553,0.009412644425006455,0.23531408888888886,0.009780238655726302,0.5146827111111112,0.00897181619913778,0.061641488548813995,0.0002556513222265499,0.08120016904754027,0.002335214189490279,0.06212193756926946,0.0006656392323616596,0.062121588929196926,0.00045934673631607594,0.09296992081379878,0.001774096348945138,5
swiss,t-SNE,perplexity,1.0,learning_rate,200.0,0.21975102222222218,0.005041448051825915,0.39163475555555555,0.013319435552864594,0.2308838666666666,0.006763857062393739,0.22774586666666666,0.004629624171078273,0.511785688888889,0.011646089054344748,0.06156618657891598,0.0010750325672902932,0.07591960859708374,0.001736947910654345,0.06138782258711194,0.00031834646617586083,0.06123647084678696,0.0003124826131048155,0.09214538875752146,0.00201721583338022,5
swiss,t-SNE,perplexity,1.0,learning_rate,500.0,0.26893395555555555,0.012910749696987842,0.37936311111111115,0.017212587769664243,0.27810555555555555,0.01440643395359378,0.2775265777777777,0.014137031606981357,0.5232861333333334,0.02888342075155076,0.06387485776750204,0.001049379258454293,0.07472464732606839,0.0018206638667523747,0.06504999974774169,0.0018618472419230864,0.06465759617118907,0.0014883491740240674,0.09593584183512593,0.007403692885933323,5
swiss,t-SNE,perplexity,2.0,learning_rate,50.0,0.12081831111111105,0.006874069697955213,0.42095653333333327,0.008536941532590242,0.13630026666666664,0.010376224031201302,0.12366231111111108,0.008341660239165749,0.5495159111111111,0.023883859640940495,0.05490030635414402,0.00033440462281761097,0.0790034968911419,0.0011730457122489896,0.05597004297100624,0.0004648057130841878,0.05513773065576848,0.00040025071972274597,0.1001719793314555,0.0062131800052201815,5
swiss,t-SNE,perplexity,2.0,learning_rate,200.0,0.10893484444444437,0.004881474201534515,0.4032780444444445,0.014022085377391734,0.11678257777777774,0.010042518760343538,0.11092377777777773,0.006042118020432872,0.543776711111111,0.017904152835323397,0.05444771983669092,0.00020628118672852966,0.07637536535118215,0.0017918406917696997,0.054975359470605376,0.000534557100116048,0.054643356781022875,0.00031664981431955803,0.09884992176030075,0.004143257199410962,5
swiss,t-SNE,perplexity,2.0,learning_rate,500.0,0.14099297777777772,0.023663882290878284,0.3981109333333333,0.01156473596908156,0.1553893333333333,0.028274814337624934,0.1547148444444444,0.0266616015385886,0.5792103111111111,0.028228155021905645,0.05577740445039749,0.0010541606529697,0.07575804200053912,0.0014317163188351093,0.056660755487946635,0.0013362071971611228,0.05652274578246628,0.0012904921992020594,0.10586337246673705,0.00611904310759333,5
swiss,t-SNE,perplexity,3.0,learning_rate,50.0,0.11395839999999995,0.017289084276530895,0.40903768888888886,0.02106563371916743,0.1318820444444444,0.029481922555866718,0.1277956444444444,0.022249692581924004,0.6036804444444444,0.031266879312235894,0.05529906755698816,0.0008519519600090769,0.07753408890852583,0.0028942994588188227,0.05653817554074082,0.001870947806588882,0.05626611325164542,0.0014310350862589193,0.11314884050373089,0.008589139305750311,5
swiss,t-SNE,perplexity,3.0,learning_rate,200.0,0.10025893333333329,0.018926370046075603,0.39789484444444445,0.017530395667434,0.11864568888888885,0.03788802975291832,0.11153999999999997,0.025731259296576506,0.5964354666666666,0.039967538177752816,0.05472181839205213,0.0007085524001415389,0.0760096293993929,0.0023855676208750206,0.0559187450373909,0.0017671170296899195,0.055489139039641845,0.001134374422568383,0.11150193996609167,0.010570186290303181,5
swiss,t-SNE,perplexity,3.0,learning_rate,500.0,0.11229368888888884,0.02759466340856686,0.4037718222222222,0.016397827582252587,0.12678008888888886,0.042977044207688685,0.12045804444444438,0.04244571139540163,0.6222929777777778,0.050581403882317987,0.05499635301472502,0.0010200194295285952,0.07684812125055071,0.002424638559688134,0.05598356213516098,0.0018559156280785723,0.055651473586882216,0.0019029942876091243,0.11747599668057263,0.013544754573755959,5
swiss,t-SNE,perplexity,5.0,learning_rate,50.0,0.13625484444444438,0.02922167637276421,0.44623080000000004,0.009870716314332202,0.13554951111111105,0.04795748323445166,0.14320742222222219,0.04788675725330583,0.6536327111111111,0.05534377564975463,0.0562461651039422,0.001245846345283781,0.08350582315668693,0.0016584585848173014,0.0565828224574955,0.00253774354825258,0.05722165027463584,0.0026642956937113424,0.13056951636439273,0.01780576553693512,5
swiss,t-SNE,perplexity,5.0,learning_rate,200.0,0.15288417777777774,0.024401570169272406,0.4525244,0.020974518689514398,0.17144026666666662,0.06590842441935607,0.17082639999999996,0.06613813249955278,0.6806125333333334,0.059162669978231074,0.05683671894590352,0.00100881022280989,0.08450193060271866,0.0036324040134380893,0.05847120394739114,0.0036959214617228947,0.058699254307702786,0.003756900442893081,0.14282155769827193,0.022761039548596533,5
swiss,t-SNE,perplexity,5.0,learning_rate,500.0,0.12458151111111107,0.03243270588651196,0.4381179111111111,0.0070540214668174195,0.1289606222222222,0.07246756477524492,0.11900719999999995,0.06224370966236936,0.6453098666666668,0.0801393887977629,0.05573222221880279,0.0013217272183155336,0.08164295808436436,0.0013451179183822167,0.05636741302414788,0.00341590580940915,0.05590696216705519,0.0027128399663717,0.12760285229996657,0.02490382469376834,5
swiss,t-SNE,perplexity,10.0,learning_rate,50.0,0.19366968888888886,0.08401121369442223,0.4619422222222222,0.011058301091805932,0.20412186666666665,0.16642843820423614,0.2043567111111111,0.17239142183052678,0.7389742222222222,0.12181703042647986,0.059260959348779306,0.004628185998843884,0.0857100592327598,0.0022872936261085623,0.06352093515889685,0.011011258684738701,0.06312881247720978,0.011023049125724431,0.19925761902240507,0.09761058563845783,5
swiss,t-SNE,perplexity,10.0,learning_rate,200.0,0.18239546666666664,0.04409136518628251,0.45986871111111105,0.008059716371261802,0.19063395555555548,0.15293744132511042,0.20516626666666662,0.1654952432318088,0.7470734222222222,0.12653814477344832,0.05816343600791716,0.0021459334545476426,0.08491963930828315,0.0015863856588827542,0.06115461721658246,0.00925301869722942,0.0624440100868958,0.010803128555804514,0.19214814556814325,0.07864732967966512,5
swiss,t-SNE,perplexity,10.0,learning_rate,500.0,0.2001512,0.03349114199071115,0.4645174666666666,0.009360712955067041,0.2550844444444444,0.11259385013094028,0.27141244444444446,0.10143219950827463,0.8118319111111111,0.049299794346502175,0.05911513847911062,0.0017418081107457095,0.08586842193401523,0.001455754353955053,0.06475897388540018,0.009206611667789846,0.06593177310701406,0.008765033295450576,0.221887943825201,0.05248751040374308,5
swiss,t-SNE,perplexity,15.0,learning_rate,50.0,0.2894565333333333,0.06756016252083746,0.47202075555555556,0.011733175531977584,0.35882337777777773,0.25664769024387507,0.3470901777777778,0.26497322277554625,0.8211272888888889,0.16427782964252738,0.06545927768744711,0.005557493009672222,0.08812245406954614,0.0029267196082112044,0.08183460201496665,0.027124001979802106,0.08028859034388866,0.02656109595770383,0.37393162706838406,0.2518508238849519,5
swiss,t-SNE,perplexity,15.0,learning_rate,200.0,0.2680323555555555,0.05672209713548076,0.4708353777777778,0.003248247460621184,0.3034583111111111,0.23830564145022348,0.28690808888888886,0.2217256140346709,0.8066427555555556,0.15475983150305622,0.0635914032802944,0.004188361488874742,0.08746685633098622,0.0009337965699194235,0.0731540003343262,0.01927417775789221,0.07085219682719433,0.016990257289437215,0.3258622371866276,0.23641656957728374,5
swiss,t-SNE,perplexity,15.0,learning_rate,500.0,0.2683837333333333,0.026772269599644537,0.47341582222222217,0.0029268598282666206,0.26190302222222217,0.218873607502313,0.25523857777777775,0.2270601786803677,0.7646208888888888,0.18632207596842948,0.06357877069339798,0.0026899908952028747,0.08788752262359624,0.0008935766149667864,0.06831827159654916,0.01638175148678373,0.06810803186631206,0.016651599222405555,0.2810096928421747,0.19958142071988655,5
swiss,t-SNE,perplexity,30.0,learning_rate,50.0,0.45661262222222215,0.027779715513924264,0.47310266666666667,0.004779931870995426,0.33645306666666663,0.25135404058691385,0.30617111111111106,0.2586372661021418,0.8249891555555555,0.11751252956809054,0.0839819150555162,0.004204765467691515,0.08883932062501572,0.0011092090850132335,0.0834807003801154,0.04339398694311287,0.07899917037216808,0.038741511555214436,0.3434561803424293,0.32603981855944525,5
swiss,t-SNE,perplexity,30.0,learning_rate,200.0,0.4670191999999999,0.025457309922376953,0.47355173333333334,0.005671157360922544,0.4477579555555555,0.31095508082363693,0.38981937777777775,0.2638858971261707,0.8845128000000001,0.1437204988076544,0.08568188808242307,0.004373336084670935,0.08945766232026868,0.001270976178382836,0.11224216983071462,0.05381936953116905,0.08577820511665334,0.029918810620221836,0.6025321370816721,0.40671159138195156,5
swiss,t-SNE,perplexity,30.0,learning_rate,500.0,0.45846311111111115,0.021463879319843168,0.47137831111111106,0.007047072111745999,0.5383486222222222,0.20501541109687285,0.43248875555555555,0.22132836498002434,0.9115782222222222,0.1645729792126082,0.08404362571886972,0.0033651990639906476,0.08865967753857652,0.0014640811027116702,0.12048165463299343,0.03983430409384816,0.08813148128482126,0.024820062705187326,0.7347202849705606,0.35067009305504593,5
swiss,t-SNE,perplexity,50.0,learning_rate,50.0,0.5216216,0.022095458449840868,0.4682801333333333,0.00423378987214546,0.5398019555555555,0.15011919061029924,0.40865804444444453,0.2102862629527359,0.8445519111111113,0.1943525340889718,0.09560914845097358,0.0037927459167650737,0.08752802510504686,0.0007323462061948382,0.11907422067473901,0.03285786193027064,0.08387941797849388,0.024661766094133966,0.5975182881434034,0.3568247265949612,5
swiss,t-SNE,perplexity,50.0,learning_rate,200.0,0.5202682666666667,0.022725680411875785,0.4702966666666667,0.0037041235047270715,0.5432099555555555,0.13116790488439983,0.32789568888888887,0.1889977745268152,0.8237908444444445,0.20929145870666918,0.09557106368323222,0.004189521731563345,0.08791976988266854,0.0012908623200156622,0.12228027857473404,0.04533315346073025,0.07308671832516767,0.0177517421586742,0.5246386582696989,0.3314989361833393,5
swiss,t-SNE,perplexity,50.0,learning_rate,500.0,0.5270777777777778,0.022887790163488984,0.4684321777777778,0.0026007970924410064,0.40766497777777777,0.1731922525639864,0.2094266666666666,0.20379682861802695,0.7748380444444445,0.18321571810667117,0.09723414638513322,0.005021409060994905,0.0875787797331953,0.0003806546053609529,0.09151340995135275,0.03427543878440171,0.06414994124576505,0.01702870398964609,0.38599990918349175,0.3234375837832619,5
swiss,t-SNE,perplexity,75.0,learning_rate,50.0,0.5572248888888889,0.028174383174423834,0.45418022222222215,0.005384578729925466,0.30935199999999996,0.2169004063053073,0.13189959999999995,0.15336475085591308,0.697659911111111,0.1882225359153624,0.10431913275010511,0.006875974357564394,0.08453611857620934,0.0013032332729268632,0.09101600288478374,0.06337596309795958,0.05792228836789378,0.009921235995643993,0.2528231124345238,0.26653304317943455,5
swiss,t-SNE,perplexity,75.0,learning_rate,200.0,0.5540671111111111,0.03167494880543867,0.4551534666666666,0.007051785245639388,0.3174956444444444,0.186301779270219,0.09664346666666661,0.12392826662780708,0.6940747555555555,0.16948570469086185,0.1039441406331519,0.008178821923883172,0.08472456042090656,0.0013013673548214733,0.083157697039544,0.04322702686013847,0.05581794459555546,0.007226518480108321,0.248639914461331,0.26748820617108393,5
swiss,t-SNE,perplexity,75.0,learning_rate,500.0,0.5663758222222223,0.025463770567534696,0.4565287555555555,0.004755218060713742,0.2827287111111111,0.18817955124383434,0.0863043555555555,0.09772141396085429,0.7723395555555557,0.13747795311284924,0.1056802145237337,0.006566242893731425,0.08467972987885794,0.0009901142565721987,0.0801113476132882,0.04368576898836141,0.055182495729058076,0.005067214149889344,0.2734602419487514,0.2317377886621914,5
swiss,t-SNE,perplexity,100.0,learning_rate,50.0,0.5444965333333334,0.015500108314715155,0.45839159999999995,0.004786084304819469,0.21123751111111105,0.13414859972161147,0.05741386666666663,0.03592920805070184,0.7167656888888889,0.11042485205177681,0.1027887475609122,0.003087937366336068,0.08587572187229342,0.001092280179927299,0.06256064583691759,0.011332021925924437,0.053655395487608316,0.0012743224193029433,0.2105312125230178,0.15938167710888032,5
swiss,t-SNE,perplexity,100.0,learning_rate,200.0,0.5618791111111111,0.022971697287029403,0.45873337777777773,0.003976680861792048,0.1684701333333333,0.06012282545490926,0.03469315555555552,0.041328849525736726,0.6294990222222222,0.10834728782394566,0.10616954855829971,0.0060552503671680215,0.08580253453319878,0.0007754512232934155,0.05891014530860618,0.0033240690225764475,0.05301391699751192,0.0016704754276713357,0.12664898541160804,0.0351869875858848,5
swiss,t-SNE,perplexity,100.0,learning_rate,500.0,0.5693319111111111,0.019793341175852595,0.4574043555555555,0.001823307269093972,0.17493528888888882,0.09420345207619307,0.02979386666666664,0.02209935792687759,0.623009688888889,0.093221625464068,0.10812635376123958,0.00500316263695427,0.08558266049966788,0.0005078218769438819,0.059327357009384594,0.005872237378644707,0.05277461998553444,0.0008833354035789614,0.12320705057151952,0.0319544966189061,5
