dataset,method,param1_name,param1_value,param2_name,param2_value,AUROC_kNN_mean,AUROC_kNN_std,AUROC_LOF_mean,AUROC_LOF_std,AUROC_IF_mean,AUROC_IF_std,AUROC_centroid_mean,AUROC_centroid_std,AUROC_linear_mean,AUROC_linear_std,AUPRC_kNN_mean,AUPRC_kNN_std,AUPRC_LOF_mean,AUPRC_LOF_std,AUPRC_IF_mean,AUPRC_IF_std,AUPRC_centroid_mean,AUPRC_centroid_std,AUPRC_linear_mean,AUPRC_linear_std,n_seeds
synthetic,DR-SNE,lambda,0.0,k_density,40.0,0.552285698226257,0.14843754345009672,0.5105645222856731,0.060499672973313504,0.4771561888894202,0.1868421044300391,0.4413597662414146,0.136659682842656,0.617910417710082,0.05596264098724867,0.09675210206140845,0.0910775844766297,0.05528252557057528,0.010947358703833022,0.06514237122080827,0.02920302314276565,0.056205340930103806,0.021554626055472932,0.09585776799834282,0.06321041322477637,5
synthetic,DR-SNE,lambda,0.0,k_density,80.0,0.4586943445422353,0.07491685174957811,0.45148578144780316,0.07020304783508043,0.5083328090040344,0.1094668836711265,0.4911118214025347,0.10006900666271977,0.6495458469344353,0.022225688258768802,0.045297923231524415,0.00863933477322802,0.04704444544155808,0.011887417311798702,0.05586499647644576,0.017503357572920788,0.051310073883292465,0.012450224669971385,0.10275108233280297,0.06037999170036576,5
synthetic,DR-SNE,lambda,0.0,k_density,300.0,0.48086181280353424,0.01972605743380235,0.512265865994854,0.0269934219410205,0.5068448882926915,0.09417159855912079,0.48510292374406355,0.10905276775166978,0.6653711957812045,0.0879359390242213,0.047338346221656544,0.003098302520582833,0.0525780456496064,0.003476097902741586,0.05863582231640167,0.02664306661416782,0.0562104762931939,0.026106714912878224,0.14207851781766895,0.07560025731723248,5
synthetic,DR-SNE,lambda,5e-05,k_density,40.0,0.5351543080153591,0.09603979871906218,0.48488555778989745,0.03645457860227574,0.4375906355626137,0.12309989276204825,0.417757900803608,0.09367587928449315,0.5939097264343343,0.0699038534452737,0.06689864251856868,0.024223562497815654,0.050447802879453885,0.004301357282704075,0.07083617943805576,0.03828598340365653,0.07883122694437143,0.06314870070800323,0.08414217304831424,0.028847289066312825,5
synthetic,DR-SNE,lambda,5e-05,k_density,80.0,0.45598578522297417,0.0624232184832089,0.4549994588921635,0.0425654308351869,0.4784353845934435,0.0990491151736814,0.4669190997643454,0.10245432568475317,0.6368129503464349,0.05121437201618207,0.04589733939803794,0.007139548978827173,0.04514316813545686,0.004232857050603483,0.07301057610075544,0.060212761477545694,0.05317975437284124,0.01851834604890946,0.09297842783267386,0.05110730795938407,5
synthetic,DR-SNE,lambda,5e-05,k_density,300.0,0.49189705696061825,0.02186799515194741,0.5193426336767061,0.018920593122528265,0.5077771038398522,0.0993112337689208,0.4842332082493358,0.11233779125150507,0.6657260618507229,0.08584550189186241,0.048529326444165,0.0039475892868718375,0.0529169571003318,0.0025956990128869904,0.05979340507838789,0.029555099488635734,0.05624838269721426,0.02664928546752279,0.14910906800379037,0.07957182968811254,5
synthetic,DR-SNE,lambda,0.0001,k_density,40.0,0.5600669128078127,0.14964316327878333,0.5111706469552407,0.027733800159129157,0.474436304057302,0.14990290951960494,0.44232629389789757,0.10502794125462807,0.6165662890656789,0.06556544505820676,0.09244523118137256,0.05405610340965903,0.055757865341720184,0.009503847845855139,0.0587599901883713,0.025475957544301073,0.06539785507975868,0.04734483728108904,0.07628737543808692,0.02922103728143057,5
synthetic,DR-SNE,lambda,0.0001,k_density,80.0,0.4625919988187909,0.04536476623196042,0.4434392142946429,0.038551309709950556,0.4623320992718954,0.06862113292563903,0.4438131240042987,0.08433509656828922,0.640131912862343,0.028702957760032448,0.04778565305906636,0.006599296268957163,0.044836987631912364,0.00534953182392946,0.06741365386122816,0.04717485125090531,0.050238496688060644,0.014976430633044624,0.0929734536585817,0.054082118522357725,5
synthetic,DR-SNE,lambda,0.0001,k_density,300.0,0.4964923628291634,0.023782545663906307,0.527428798178522,0.02796092227422835,0.5105979115754292,0.10108842318287706,0.4858198706542539,0.11100445795584996,0.6647257254410448,0.08711042564719444,0.0488020703165471,0.003055935834109474,0.05406975697779942,0.004826185323406162,0.060559050226825416,0.02973112267936983,0.05591387352085808,0.02525585016229964,0.1512371799436196,0.07968576380932554,5
synthetic,DR-SNE,lambda,0.0002,k_density,40.0,0.5060849883263325,0.06335849543677625,0.48269788816936926,0.03532444882202351,0.44365012051184605,0.13607400781049978,0.42577351155495935,0.11501634688155046,0.6006006716448588,0.07572727321427775,0.058875056556177995,0.0201177782867088,0.04786074816752262,0.004122190948289618,0.04841115216345132,0.01786727142473634,0.07057407595334027,0.06600477073208862,0.07249046166148868,0.023384284358690107,5
synthetic,DR-SNE,lambda,0.0002,k_density,80.0,0.4581659883942856,0.052133471876314195,0.44844282587485385,0.025179434218821364,0.4524490372894608,0.07229369829262963,0.4406460072533617,0.06528693417068494,0.6391554019760084,0.03418487961275333,0.0450160022979342,0.005981458981115522,0.04336871966642179,0.003599612976930492,0.04641692391239394,0.009681364286800867,0.04506548434877918,0.007823898817772462,0.09740787845047835,0.061089024998645707,5
synthetic,DR-SNE,lambda,0.0002,k_density,300.0,0.48905225591632207,0.020553919476421424,0.5100764346278813,0.02566350095240311,0.5137270249387793,0.09510356441841802,0.48567775644107086,0.11106768028905323,0.6650925042722351,0.08571033418160863,0.04890060731234332,0.004382780565673977,0.0531208272276509,0.005287383891924071,0.06020641284565322,0.028846707051880634,0.05625654627400776,0.026333830674985615,0.15055721673596106,0.07850180290881266,5
synthetic,DR-SNE,lambda,0.0005,k_density,40.0,0.5518195904526765,0.09144568685513534,0.4606686750576133,0.05143131048206585,0.4646689300913843,0.1335728474111707,0.4398365267084955,0.11961032003992636,0.6198929697088672,0.062300624926447036,0.07186140144621193,0.028653553503632655,0.047174534364155696,0.008076585984260552,0.05178237171256461,0.021438168541804064,0.06890107016586874,0.06589962715133935,0.0685694793603787,0.017962484996395092,5
synthetic,DR-SNE,lambda,0.0005,k_density,80.0,0.4382622804213761,0.08267957981985817,0.43427058244176375,0.017470610670244156,0.41711637341977637,0.08087110151991359,0.41310135327294734,0.06629135990389858,0.6261307266197371,0.05099063349213681,0.04538816551812402,0.00917798731622468,0.04168472433252462,0.0013114958919406353,0.044860186934159496,0.011423966158454623,0.04364456318531324,0.008751886928171812,0.0967977360047503,0.06483615576437086,5
synthetic,DR-SNE,lambda,0.0005,k_density,300.0,0.4938277632783249,0.0267070367957472,0.5257634444324198,0.02939242472655935,0.5094297058974042,0.09732534603511765,0.48796685232118475,0.10825985131995224,0.6657512296570719,0.08576389723206179,0.049389886928652496,0.0037923250464536873,0.05644263215515988,0.006228478020629388,0.06054506808510368,0.02977423077576428,0.05618094673500764,0.025196298080102503,0.14732690168911539,0.07527546607579552,5
synthetic,DR-SNE,lambda,0.001,k_density,40.0,0.5540846930240713,0.14283142558621043,0.4787858882431948,0.014001362461180732,0.4559832684423393,0.16711450007162956,0.40790143280321545,0.14616390518303288,0.6236010265109282,0.03583895258024874,0.07934970154130529,0.05571541836868718,0.04789048642326828,0.0031913345963150088,0.053632916320856275,0.032837442797301226,0.06256950263120012,0.05816825019758221,0.06342583224845799,0.00578604117259027,5
synthetic,DR-SNE,lambda,0.001,k_density,80.0,0.4504757134863368,0.07372931928673428,0.44948577976994947,0.028813968918181013,0.4585044114969895,0.09485050757314174,0.4407631214455717,0.07385696255746883,0.6470441669833615,0.029122145819239817,0.04442648556899846,0.0074065760651607715,0.0453747110311055,0.00484482174811915,0.046370480530876425,0.008481054495464308,0.0455280702366563,0.00754948694208445,0.10026192985147317,0.06135008487947158,5
synthetic,DR-SNE,lambda,0.001,k_density,300.0,0.4851064472369524,0.046044690863499216,0.5112948081332283,0.02952746741826861,0.5060431258751056,0.10325111325064201,0.49103145220759414,0.1110306037186721,0.6655815986422807,0.08646129451187018,0.04719371599706238,0.006096783770942265,0.05362706969782218,0.00443417600370464,0.06135522896251999,0.03257485109029662,0.05785311486306932,0.028566738265222998,0.1492272927783606,0.076850381403003,5
synthetic,DR-SNE,lambda,0.002,k_density,40.0,0.5555306673914995,0.11034625531939679,0.4994104021899347,0.036397492523050246,0.46497866189485054,0.1581541554804924,0.42601109564689227,0.12303430176028629,0.6293186487572557,0.05555475569854028,0.07453812473497504,0.03903129891885625,0.0518516274679555,0.009444808933052157,0.05793915197622879,0.03203156258727236,0.07034166448978882,0.06565401740773077,0.09731967673213278,0.059388582418983586,5
synthetic,DR-SNE,lambda,0.002,k_density,80.0,0.4536517228621836,0.07085606871693026,0.43814399173153673,0.029622616704911665,0.46385290591686734,0.08109734195418727,0.4486329267054754,0.07057094099210474,0.6278285468360292,0.05699954561064637,0.045629281053928016,0.008840343016990567,0.04234504985219538,0.0029173251285611965,0.0511456852794037,0.014183312912032819,0.04762839355537438,0.00903333397269159,0.12699952100572418,0.08532368146655436,5
synthetic,DR-SNE,lambda,0.002,k_density,300.0,0.5011569640578558,0.040912297107973776,0.5226652874708788,0.028167166957803965,0.5129615880550235,0.09812542827179915,0.4961611544976129,0.10949983689074516,0.6660104580624648,0.08451133997659756,0.05056543905108254,0.0051202735825728474,0.05622541331714794,0.005714275139967831,0.0630138272857611,0.034022476709362294,0.058692239723490844,0.028618542456036667,0.15097215932895464,0.0769967670331722,5
synthetic,DR-SNE,lambda,0.005,k_density,40.0,0.5811592123818896,0.042928198222297785,0.5157415400516275,0.07477213573587974,0.458061961461377,0.12609346705552604,0.40037181239246006,0.14001598032178506,0.6210535411522996,0.05531127419548899,0.06540222240574978,0.009688650101031045,0.05736725922456744,0.013607206500579175,0.04958413452938598,0.016261737730002595,0.05823411867586166,0.041151074897761854,0.0732256149273835,0.031670366042970494,5
synthetic,DR-SNE,lambda,0.005,k_density,80.0,0.4422678206944804,0.08741033561865544,0.45399375335046416,0.0112124163693589,0.4292111822241461,0.08827897918918849,0.4145629316803118,0.08772070601137995,0.6440602718626443,0.023862460026642694,0.04600166374303768,0.010831792004366469,0.043943291580153844,0.0018922272556987547,0.047023547872095214,0.017876746721308193,0.044262773209973884,0.011400079753762057,0.11093618992482934,0.056844814139419844,5
synthetic,DR-SNE,lambda,0.005,k_density,300.0,0.5036034426203377,0.046253033029471625,0.4938574612898165,0.024218724066672987,0.5244706581129682,0.10119861557874234,0.5129743397435735,0.10709107512308566,0.670713482142183,0.0873401865554384,0.04914629080995786,0.004167342754579259,0.05152277256257602,0.002709546933728581,0.06947517971831117,0.045086878805960136,0.06344701715687309,0.034216036420830036,0.15015795385610392,0.07430906570739784,5
synthetic,DR-SNE,lambda,0.01,k_density,40.0,0.538420250352559,0.09356757086596398,0.5095414509575931,0.04454379186884999,0.44456874544357844,0.15735783871240716,0.406479200066443,0.12151400241141223,0.6238345837538455,0.03508994668296439,0.09351556658122516,0.049301350896034955,0.0527134335265778,0.009670590923505395,0.05355153605517206,0.021891365094297694,0.06471405199995259,0.04808428637633095,0.07053611566162142,0.01896707715329193,5
synthetic,DR-SNE,lambda,0.01,k_density,80.0,0.4340582500488675,0.07924506440564022,0.4414951690395713,0.035762155222241264,0.46330525445071685,0.1346061944978731,0.4477367850140814,0.13424137463839297,0.6455116153620934,0.033698924017472785,0.04210910884849876,0.006437957733549138,0.04524006941223756,0.007039736475074774,0.049660825417024476,0.02245344038746952,0.05197372602105303,0.030360904442407112,0.09027426325769546,0.04149933902155163,5
synthetic,DR-SNE,lambda,0.01,k_density,300.0,0.5171373465917337,0.04012842324712176,0.52144582336059,0.04206212114000111,0.5438514629626366,0.0961553805697999,0.5364539735352126,0.10154043439266411,0.6722750606334401,0.09186958184219461,0.0509215531077814,0.006275486764052702,0.05483475550525074,0.011695822201265887,0.07348584559630282,0.045023413602015415,0.0710100076804447,0.04162752690359133,0.14511610636066644,0.07291104163417941,5
synthetic,DR-SNE,lambda,0.1,k_density,40.0,0.7206937254141992,0.09270447180925413,0.707708899084647,0.03742457174490233,0.6054013468132105,0.115208589663073,0.572430010427861,0.10991552043871705,0.6238580737064376,0.05083677474608709,0.3102779810916767,0.10875245076837173,0.24231046549460317,0.0373524532956741,0.15490680086498418,0.06922470429750834,0.11012571869905381,0.05997861196079762,0.19239464861380492,0.06009718249756627,5
synthetic,DR-SNE,lambda,0.1,k_density,80.0,0.673864323711681,0.08173705322572963,0.626785425155558,0.03545936592803262,0.684861732266554,0.07474682047641854,0.6957121608323498,0.08037486989536219,0.6593574323468392,0.10953730906411858,0.22226845332397777,0.07127248154232753,0.13810123964749393,0.04504347982805667,0.17330139034763786,0.03954377987081802,0.1738575059626754,0.042108824180352486,0.2553102371029429,0.07301869723339428,5
synthetic,DR-SNE,lambda,0.1,k_density,300.0,0.5516128788698648,0.0385644236909484,0.518401777182699,0.01990568427588657,0.7417684075238318,0.0700842203412823,0.7510615361254497,0.06939871619996468,0.6604770641586108,0.06596671995069356,0.09190730542872541,0.05321762243430064,0.055479229399007776,0.0065455900699134435,0.17213771396117983,0.060079148644859706,0.1731772586000541,0.06083421456616659,0.16813783273024224,0.06842355715882961,5
synthetic,DR-SNE,lambda,1.0,k_density,40.0,0.8409716786675157,0.020620016342613248,0.7699718707817709,0.05639036415567645,0.7979595620466124,0.043490422528916065,0.7751747274955767,0.06613494053468073,0.6655255583268106,0.06148345822664742,0.4968496427931684,0.05696636228958153,0.2719580246956726,0.05626968626644709,0.3726840933269436,0.13721884774191964,0.33102796802414847,0.15513802965034082,0.2868672128846693,0.07023896620748203,5
synthetic,DR-SNE,lambda,1.0,k_density,80.0,0.8647750543414885,0.01643084659560829,0.7426608579369613,0.020239313108352464,0.8416228537104476,0.018668315223434345,0.8302176428000358,0.01984511525516702,0.6426414787260727,0.1137944523019471,0.5491488853215061,0.05343310324783939,0.19740206728920945,0.05276969721982775,0.48163597196692265,0.0822771984210816,0.4708799124074786,0.10119975084736847,0.34114171680576727,0.11443698791806091,5
synthetic,DR-SNE,lambda,1.0,k_density,300.0,0.8244574030682912,0.022158669735561323,0.5767290073229927,0.0249930204562367,0.8638064293678098,0.010589669319374736,0.8686060978239075,0.012591959754832573,0.6429822508240359,0.09922196668635451,0.3493749751112153,0.05160993524827039,0.0724349842646532,0.012801961130778907,0.3096649679213168,0.06471668114800137,0.30717857191677683,0.05424952813840789,0.28229598012848334,0.0722982895130443,5
synthetic,DenSNE,perplexity,5.0,dens_lambda,0.0,0.684706782472133,0.0520563193937383,0.6230615965281849,0.06872078851092274,0.6513867880761646,0.051272401875029586,0.651498700921729,0.04953196636049673,0.5922791881536813,0.05681352464793468,0.14808037301246138,0.01971421733520395,0.1099675475992656,0.014903459285594063,0.13997274994453207,0.06681887315576956,0.12864481534396335,0.05478257901724345,0.11345129555580673,0.05606894284065763,5
synthetic,DenSNE,perplexity,5.0,dens_lambda,0.01,0.6935730650780748,0.04297156133276589,0.6338196592446805,0.04323372593575093,0.6427345996095635,0.04991626973866723,0.6411965110708986,0.04921567819365371,0.5941939548607004,0.05496458178525138,0.13184848547434241,0.025594516544609477,0.10516108760238659,0.014321696598184195,0.11919059262446803,0.0511055673761042,0.11181723642635177,0.04158592510470615,0.10709034063273526,0.04459066247766215,5
synthetic,DenSNE,perplexity,5.0,dens_lambda,0.05,0.7098170384371127,0.04226912917433752,0.6447846852220513,0.040870253946219876,0.6468105258477566,0.05216286620334594,0.640726040877551,0.05063317382108241,0.5946288545544082,0.05598688732269248,0.1436298281499638,0.0351302621185105,0.09826560795905122,0.01679348567217064,0.11645521517729078,0.03733628608008517,0.1115090522316029,0.02183240360898237,0.12082124546551336,0.05463959353851049,5
synthetic,DenSNE,perplexity,5.0,dens_lambda,0.1,0.7191138583169951,0.03874426521977235,0.670860042667821,0.04810208628951016,0.6426976868269184,0.04754568909966095,0.641164799634899,0.04948097778174063,0.5916305298913842,0.05758279340046497,0.14921038320503438,0.03200882814726496,0.10836428796633038,0.02475453297617807,0.1294589600712079,0.034442292746743354,0.14230140975870842,0.043528224987099115,0.12125443841072656,0.05731104957613791,5
synthetic,DenSNE,perplexity,5.0,dens_lambda,0.2,0.7213100010989942,0.041871120081281785,0.6742050119169563,0.03109764438116403,0.6435071673717847,0.049944028757905,0.63879164328158,0.04726351168766611,0.5929488195879359,0.05758312321288854,0.14601593161677148,0.034083715068127636,0.09964829176020173,0.018210949225374563,0.11214972615548549,0.029179326031680202,0.10894123234888511,0.027461440544032188,0.11620166804413609,0.05494991251218819,5
synthetic,DenSNE,perplexity,5.0,dens_lambda,0.5,0.7284428929890041,0.03367567353721308,0.6815475516338521,0.03766372601796666,0.6551243751043415,0.03754864650946549,0.648275040499195,0.04126174113318666,0.5940380822467132,0.0574917084426729,0.16242202263850664,0.030500819074069856,0.11560717263100291,0.016326066023675694,0.1208522961671898,0.025825357309448096,0.12636182775099797,0.02804274877536863,0.12369600926702888,0.06267445511691733,5
synthetic,DenSNE,perplexity,5.0,dens_lambda,1.0,0.7130698935150113,0.03872952117326475,0.6978655183435556,0.023505699888807796,0.6453542326797255,0.052552335246381796,0.6438857750719589,0.05571355643822459,0.5955900969715578,0.06361991396466339,0.20014155995441305,0.01801855598073921,0.15978443028928713,0.02341657511105543,0.1698000089353076,0.023585572595342455,0.17917886898244767,0.023956931698946735,0.12291053803600682,0.06345507127231402,5
synthetic,DenSNE,perplexity,10.0,dens_lambda,0.0,0.8118916207144469,0.014227385737146759,0.6100406124501783,0.020111518905686895,0.7216469980260051,0.04547481972618931,0.7107118378455015,0.04512427348834938,0.5929553632175866,0.05701642905282715,0.23950744501485982,0.06379235600108053,0.11677186775315765,0.035403236790129605,0.18765897905262172,0.04778525105825606,0.16575007711083728,0.03748987567234982,0.16053378399693102,0.07714771934357352,5
synthetic,DenSNE,perplexity,10.0,dens_lambda,0.01,0.8250490143028644,0.029283531795056796,0.6105470726066046,0.029219962624489688,0.7188871802744801,0.04329157771991791,0.7112017711424254,0.043308566153619076,0.5911290194035398,0.05357392382467249,0.23950623132765303,0.0809261663738233,0.10235359596434983,0.0399149566523808,0.16092992268460188,0.045527953644700365,0.13753958655512824,0.027337579631423477,0.15948700845756006,0.07558011219702107,5
synthetic,DenSNE,perplexity,10.0,dens_lambda,0.05,0.8505173242595003,0.03456078918861015,0.6378766257354243,0.033523664419251746,0.7188962406847657,0.052079661456263776,0.7093286152085698,0.04759372910944049,0.5919427784754853,0.05890837948708718,0.2517548574733725,0.10025223210453875,0.10249051590559091,0.02998091326506556,0.14843365558699667,0.062321883462361144,0.14028589793486704,0.05682403345332097,0.17955675720228878,0.07778293622443753,5
synthetic,DenSNE,perplexity,10.0,dens_lambda,0.1,0.8569169940578808,0.02774989042318361,0.6793348819923507,0.03223527910746697,0.7140894413502024,0.04476809731873745,0.7003660237969999,0.04460012247190533,0.5915442882082955,0.05713985703252956,0.2949695822481077,0.0724706248296827,0.1243820981132934,0.03642938300390632,0.17808823607369714,0.06391274073944944,0.16092656278195142,0.06911865857126687,0.15915539477207544,0.09394917957075785,5
synthetic,DenSNE,perplexity,10.0,dens_lambda,0.2,0.854209273665498,0.028329886130788896,0.6983221462434113,0.025862071270313182,0.7143688040006746,0.05092979321079094,0.7016294476757111,0.04754213101604469,0.5913905968041919,0.05840206869009769,0.3007590201772746,0.08162010069487968,0.13614902030199225,0.03371443447607566,0.1457532514153665,0.04068559606429768,0.13224184386450827,0.035339565500681513,0.15757875624588927,0.09901087943978377,5
synthetic,DenSNE,perplexity,10.0,dens_lambda,0.5,0.8416663101227435,0.020878122172590968,0.7175500986158546,0.02472760220974661,0.707466868680259,0.042665820545848485,0.7011227358412213,0.04434724347200983,0.5936666054250045,0.055151014328315665,0.34333014309793525,0.05508674071227109,0.1667681850888964,0.0348716861021813,0.20380876936780812,0.025518632410799907,0.18687348511304552,0.04676705669149585,0.16343243160756035,0.08609083566325218,5
synthetic,DenSNE,perplexity,10.0,dens_lambda,1.0,0.8281966679502247,0.029220811480232596,0.7335896254946522,0.020813377568588483,0.7080599060905253,0.052504284193854125,0.6997237413789776,0.05138709510744639,0.6014028535258837,0.06090190030528664,0.3693210805120258,0.03590785644585071,0.20723307729065948,0.028308562018946236,0.29678699581798285,0.06179739263828937,0.2916561708742694,0.04368484811927941,0.181889434140505,0.09549252507483572,5
synthetic,DenSNE,perplexity,15.0,dens_lambda,0.0,0.7105878444528896,0.054095722868596076,0.5694941019245822,0.04252066107972287,0.688751836201205,0.04888588752950788,0.6895656791658382,0.05298128441125651,0.5983033542813374,0.04851635913870305,0.12909569947999608,0.05464472523700212,0.06977470208729916,0.013742134954793801,0.15614244380819822,0.052864603121950085,0.13489819186474392,0.058813962464844875,0.17771759821884742,0.0951972104187246,5
synthetic,DenSNE,perplexity,15.0,dens_lambda,0.01,0.7820285084131783,0.038194013829231266,0.5776326993562914,0.04194895435308833,0.7054337293907126,0.04930083539295236,0.6958950468918179,0.048370999885815336,0.5975859040150201,0.04560729097480602,0.1538018694777574,0.03555079620570605,0.07563164563143888,0.016560940266700064,0.1591698949812474,0.053697081541719344,0.13683320075290223,0.04928606403814397,0.19670582575106074,0.0719383459434041,5
synthetic,DenSNE,perplexity,15.0,dens_lambda,0.05,0.8610753868082103,0.025518343545099714,0.6071003415271322,0.03897345357840041,0.7113826437773858,0.058015021753216565,0.7003918627448513,0.05560347188029062,0.5956939561190906,0.04575273682175936,0.2598741521858363,0.052739591848764505,0.08317087390774916,0.014821295765961272,0.14533451094722033,0.06394991613725352,0.1322907547485772,0.05673661339540892,0.16376551554543747,0.07219049055283773,5
synthetic,DenSNE,perplexity,15.0,dens_lambda,0.1,0.8800406711750597,0.01838988728429338,0.6277616004711414,0.04934333955211861,0.7119039529395579,0.05130879350791502,0.7006205542118744,0.05516437803353615,0.5983713073584793,0.04302010327671508,0.3063541090358285,0.046766682597214976,0.10053427827815793,0.023038396982264352,0.15339509678703625,0.05687851656901742,0.13919758250039393,0.06756034403603077,0.1769333650911346,0.07877752510130634,5
synthetic,DenSNE,perplexity,15.0,dens_lambda,0.2,0.8865082940505824,0.019167724841248086,0.6716807648328564,0.04199886558810904,0.7235751036703889,0.057118177916339254,0.7077638487951752,0.05850005534042014,0.5976734879811141,0.04263758285867611,0.3877995906335904,0.020859166421089738,0.13304068511001732,0.058821826439594736,0.19091310868157477,0.05378939895561735,0.15556747269459467,0.06459738218848277,0.1731375166060622,0.11642256281714831,5
synthetic,DenSNE,perplexity,15.0,dens_lambda,0.5,0.8803806043461446,0.014664435574227922,0.7127264368510376,0.03545583492689524,0.7245417152195597,0.05386276299076172,0.7104400255369342,0.058039559128199844,0.5937803639097012,0.045380754857057996,0.4005234730111,0.05872320220153874,0.16896049485249584,0.06803862476711488,0.21805621707650885,0.06550539299483112,0.1820844827364687,0.09235994362525866,0.17834439999805224,0.10449232734488188,5
synthetic,DenSNE,perplexity,15.0,dens_lambda,1.0,0.8795336237698187,0.010532348203589921,0.8116037010098163,0.02642643838530145,0.7353442410606048,0.0457775791399856,0.7235130230813952,0.04979914066653248,0.5928921081309632,0.05005933172737552,0.42152749997747063,0.06858706301056709,0.2729533366234129,0.09292771063603904,0.29762934503014665,0.05448170510012418,0.28743354727912684,0.09996732509773283,0.18248873695791307,0.09572344621308429,5
synthetic,DenSNE,perplexity,30.0,dens_lambda,0.0,0.7383375321623592,0.035326042486996154,0.5638465300725923,0.023548831773971542,0.6505054953905163,0.15068702870305686,0.6425082571377997,0.15958098496016823,0.6231188113412847,0.0634036200108336,0.15111719091735756,0.06014272666230165,0.07166305924356205,0.02702230579975764,0.13096176773933427,0.0840116704224815,0.13306319395135963,0.0996369557686197,0.16275013881982572,0.06912915294136723,5
synthetic,DenSNE,perplexity,30.0,dens_lambda,0.01,0.8223132737527464,0.027263630695269273,0.5749654152394423,0.02613939898065129,0.6427886265005256,0.14866328325768863,0.6337362699129782,0.15322631925420338,0.6229428044822185,0.06288857412004784,0.19480456706736035,0.06694941643635904,0.08251430820196373,0.0381363220487509,0.12660868765268413,0.07639973320496662,0.1087284861907833,0.0714544257423169,0.15682883994338215,0.06283205097633088,5
synthetic,DenSNE,perplexity,30.0,dens_lambda,0.05,0.9074618351189893,0.011889357532478722,0.593554189223313,0.02843350720083288,0.6523180808037591,0.13075155608355976,0.6283080774396623,0.13920192243867469,0.6250664639819329,0.06052246124599957,0.3998623986163959,0.09290661398223182,0.09462890866725958,0.03968052080438144,0.11879234043080018,0.09420538901028566,0.11377761761704552,0.09814871281129645,0.17000369930837134,0.09685512352457047,5
synthetic,DenSNE,perplexity,30.0,dens_lambda,0.1,0.9247291314841707,0.009885566971126287,0.6048027724855474,0.02719989803920033,0.6581911562006344,0.13702509900906482,0.6276882782619784,0.14103302521844474,0.6286627757238052,0.06038064172642187,0.4751754318096614,0.11091646225168812,0.0989535099318711,0.03662758519305947,0.1370191770648746,0.1422044041596629,0.12479082061493878,0.13242729858504226,0.15020109873131818,0.09888723272960219,5
synthetic,DenSNE,perplexity,30.0,dens_lambda,0.2,0.9294576589409891,0.008668723716504774,0.6098166189736737,0.02653779171752184,0.6581698474579257,0.13765518836989596,0.6260795520801612,0.14592481773835037,0.6290830780898307,0.06323697318026106,0.529221227054747,0.09007450879894023,0.09882901148468362,0.0362244327032833,0.1389230369281714,0.14332954028594658,0.11867208855931019,0.11961939036302106,0.16854318025082388,0.09106513144162982,5
synthetic,DenSNE,perplexity,30.0,dens_lambda,0.5,0.9289474236136105,0.014254017008435444,0.6465608612087761,0.025287934007802552,0.671015999174496,0.1258926530572437,0.6309280460805755,0.13836491150366662,0.6319800603859567,0.05641046076877162,0.5271657564365995,0.06904626710936805,0.12894438827282814,0.045911509010818884,0.16280998707804656,0.1299939688460321,0.13398018960117256,0.14154558176417933,0.17016238110991705,0.09334158072262672,5
synthetic,DenSNE,perplexity,30.0,dens_lambda,1.0,0.9193385229350024,0.010974906104701327,0.7347845929400948,0.024261128150278047,0.689033631739624,0.108881014352534,0.6568815913436169,0.12742227524449298,0.6336280483456782,0.05551971201923898,0.45719565623853964,0.07440742753676925,0.18460450478971374,0.024516666360802318,0.22637601856485698,0.13692610143220746,0.19292174095309964,0.14983580443592887,0.20940239235754254,0.13845934923613673,5
synthetic,DenSNE,perplexity,50.0,dens_lambda,0.0,0.7794531706821902,0.029025144764603234,0.5725967051985782,0.006467861386206284,0.5588322641210268,0.16458229181518366,0.5113880129094068,0.1634227942442763,0.633041806243126,0.06718641641528748,0.18088851631868538,0.04720234554739354,0.07335282629282316,0.009047994104340271,0.09550713866783482,0.03401643423009763,0.09340534998930425,0.04249861474331362,0.13527410682121616,0.023277254658894783,5
synthetic,DenSNE,perplexity,50.0,dens_lambda,0.01,0.866588814252361,0.02100423465997391,0.5824609752189389,0.008372015232639177,0.56055323871916,0.1429123212885861,0.5100636829393312,0.15737429172025783,0.6342617737095417,0.06352076605928833,0.31973022390494965,0.08663059485170581,0.07985036381452401,0.010672418070232604,0.08548981550991683,0.021899047674408253,0.09244802238097394,0.04200553623837764,0.10879708509180741,0.033748120693414284,5
synthetic,DenSNE,perplexity,50.0,dens_lambda,0.05,0.9437100198909564,0.006843505389872862,0.5972665245524535,0.008132049339086475,0.5728644906581298,0.14534405696499966,0.5091083130103298,0.14645733706566844,0.6344928141718239,0.05904456329344133,0.6069389715582867,0.13505660974393224,0.09300890844971269,0.014603788351323794,0.08703215899380952,0.047729483323568175,0.05613089808648684,0.015267034945132043,0.09970622869007022,0.03192734772142704,5
synthetic,DenSNE,perplexity,50.0,dens_lambda,0.1,0.9491410647156583,0.006199042657143467,0.5995806204535407,0.011277446819444653,0.5942959683691009,0.14855057201616134,0.5146839888288497,0.14708257065447347,0.6341109346568243,0.06027177347397797,0.657387388031314,0.10569200766345233,0.08823539207128608,0.016379309771175115,0.103175565901972,0.06320514305967037,0.07736438902026885,0.042070184146260195,0.10483079276509166,0.027641309147155308,5
synthetic,DenSNE,perplexity,50.0,dens_lambda,0.2,0.9477840165973295,0.00396251352907936,0.5977656021523508,0.009990505028106939,0.6001039430402206,0.13158310620011557,0.5185145289551417,0.14572914023516362,0.6347755325298092,0.05970047157086638,0.6759083715030568,0.04525846083847352,0.07745466936588061,0.010009862933036897,0.1157506733109066,0.05610202838486399,0.08951865133360495,0.03301174400396033,0.10138231650186506,0.035063215806936346,5
synthetic,DenSNE,perplexity,50.0,dens_lambda,0.5,0.94389810729707,0.0025694955725463677,0.6015460583440086,0.019495083190428645,0.611808902524247,0.13220918747699745,0.536116892715514,0.14108515410454148,0.636050030243314,0.05866832776661145,0.665342863224497,0.01207395445182041,0.07561244830471224,0.00986034135641738,0.17500492645631277,0.09957106788464126,0.12432172004957324,0.04497423297794842,0.11531371598099653,0.049090831348304595,5
synthetic,DenSNE,perplexity,50.0,dens_lambda,1.0,0.9384877000735738,0.002343140763030005,0.6377939075452245,0.02707414644418388,0.6430502039011777,0.12973887776335685,0.5817392464255423,0.13881840099645779,0.6417325853461285,0.06356647499975561,0.6028760283768577,0.04680503694934945,0.11291517162061629,0.03346388881996402,0.20574993644829878,0.10849098141513215,0.17903509536748596,0.08408868860609865,0.1140936536088033,0.04636919403257692,5
synthetic,DenSNE,perplexity,75.0,dens_lambda,0.0,0.8050817156725802,0.016327083709026094,0.6058259277063152,0.010215235283055011,0.5513937511692544,0.17014636341035044,0.500584815926859,0.13711707523756395,0.6148718245568998,0.06365163997825057,0.2270256365580993,0.059331075032265555,0.11026167202007435,0.011107148091546984,0.07963425424821784,0.03806992120412202,0.0584848237475305,0.02100530879378762,0.10683696272849333,0.04559961602812468,5
synthetic,DenSNE,perplexity,75.0,dens_lambda,0.01,0.8824965457185787,0.013157928204886248,0.6228818983908544,0.009299374464295332,0.5593887243193996,0.1533330715471347,0.4999809563598627,0.13655337540370424,0.6161776981356528,0.06548230602602881,0.41185460347632297,0.05687800448939506,0.12085614780964224,0.010512032273710007,0.07261536720416986,0.030495877153641788,0.06491147600823735,0.03274651998733348,0.10529992629088684,0.046596521203226424,5
synthetic,DenSNE,perplexity,75.0,dens_lambda,0.05,0.9484447554066741,0.009756920188357733,0.6278258622700187,0.009394852090902588,0.5719634831908416,0.13777814244221445,0.4845987286902087,0.13634232452728032,0.6171869271702409,0.06587680919674974,0.7644129972007725,0.04542998187044671,0.12254190647536005,0.01761954121378342,0.07077415985381966,0.0292828859429305,0.05322599458667744,0.017223651732403637,0.10003157924056032,0.04299093661922438,5
synthetic,DenSNE,perplexity,75.0,dens_lambda,0.1,0.9479981107366701,0.007958572882610095,0.6250087458127063,0.008497578281194225,0.5678102917871575,0.13658998348021867,0.4783916765030843,0.13690081992704375,0.6160771946956332,0.06287037821405451,0.759735137820295,0.0318598658779167,0.10355523899717411,0.010414288543085631,0.10296246537741402,0.06424542514808756,0.06308827162213858,0.037791062810408935,0.09852235173924906,0.03830139169102058,5
synthetic,DenSNE,perplexity,75.0,dens_lambda,0.2,0.9407791449489471,0.006069426878480886,0.6110625092806286,0.007404563768904486,0.5845087957288555,0.14189096883035351,0.48104016865785953,0.14532422221558447,0.6155146103310489,0.061971515795317914,0.7181929307631286,0.03901859531582484,0.08118867030341917,0.005562431191248082,0.10881175517347112,0.0654267721710338,0.06477602327713186,0.03526355542683822,0.09972809117102788,0.037648010633732666,5
synthetic,DenSNE,perplexity,75.0,dens_lambda,0.5,0.9319410502861161,0.003930484223431672,0.6034973183702336,0.011098781981432562,0.613637175870114,0.13634378689881874,0.49889840511611167,0.15250504843285967,0.6210490109471568,0.06841041998484915,0.6534265381698161,0.026863899420139704,0.0761506451021286,0.018486328461232136,0.1533199460395235,0.09061486514612754,0.08333655956592519,0.053350335925501084,0.1056713128356422,0.03794809045874883,5
synthetic,DenSNE,perplexity,75.0,dens_lambda,1.0,0.9265054752562711,0.002899702764606064,0.634389961736545,0.03793013430008191,0.6457038974025984,0.13053026893492453,0.5210071484959299,0.1515870598258391,0.6290674740498943,0.06996704455957502,0.5850492896142966,0.0568304907339088,0.07496091198850525,0.017100423292176647,0.14625132651112133,0.0664086816835456,0.09375650744721449,0.05842695954647133,0.12058728507473501,0.0394956455458758,5
synthetic,DenSNE,perplexity,100.0,dens_lambda,0.0,0.8314953284356783,0.009789112717061475,0.6485247051381755,0.007473008302861467,0.6447793160900303,0.12477661173591258,0.5601355370264571,0.14287157643699094,0.6108268547205157,0.039047865293505346,0.23899728226111366,0.024469060881511254,0.14806038591431783,0.010286234474742315,0.20740086389435408,0.1283775427549768,0.13726148937615676,0.047903562666268926,0.16197332104038403,0.05052032348273052,5
synthetic,DenSNE,perplexity,100.0,dens_lambda,0.01,0.8951512543215221,0.009422890605954266,0.6561865404249501,0.006585089630167295,0.6404307386163914,0.12824062784462692,0.5564330171417929,0.14480645807582587,0.6087310475931608,0.04627418224604127,0.41830760036530307,0.04141794879629503,0.156954241005474,0.012228041920142799,0.19551905959231886,0.1431330276552325,0.10659069777391991,0.06703357975467009,0.14894947748301104,0.050033641981874,5
synthetic,DenSNE,perplexity,100.0,dens_lambda,0.05,0.9413051521016378,0.009770724876505684,0.6499544882168525,0.010687849625037745,0.6587492942527636,0.1322433102902034,0.5440336778806023,0.1487307237404324,0.6120085671212812,0.0445675503539446,0.7676599371959543,0.060083637706125646,0.1428044693689163,0.017828218106683256,0.1973311734516598,0.1436440207692809,0.11129196820726431,0.06222352168216695,0.14647595331394112,0.0500987690279461,5
synthetic,DenSNE,perplexity,100.0,dens_lambda,0.1,0.9333457494511321,0.010166498076788072,0.6447179905352269,0.010870596826572107,0.6653518165703158,0.13371746395306916,0.5469669018178707,0.14852601117976394,0.612867963815406,0.04541803805805045,0.7229708068491258,0.055135147928587244,0.11544435421611562,0.011759450740374513,0.21167120651263235,0.12757552481103304,0.11468850241029171,0.08733192119734508,0.14848844009417908,0.047218344113473094,5
synthetic,DenSNE,perplexity,100.0,dens_lambda,0.2,0.9232314792210395,0.009308822518042348,0.6306723411680715,0.010968082769758256,0.6699243036277716,0.1250472651742299,0.5426318310669724,0.14833061894771518,0.6082948056164477,0.0525932396431247,0.6505315040414398,0.04130803191798939,0.08556899405758243,0.007196046345053348,0.19878437798311668,0.1362089820276226,0.10446407214954041,0.07671383788846996,0.14130123405000955,0.051119032945793536,5
synthetic,DenSNE,perplexity,100.0,dens_lambda,0.5,0.9099660318506979,0.007048233785619561,0.6276877749058515,0.014749742977031436,0.6870847207086583,0.13216596697607183,0.5487180777836224,0.14648291167711952,0.6149562206008562,0.05678493586175092,0.5804472843864662,0.02513094624486433,0.07263444041474372,0.004503745047683345,0.22946563120702126,0.11030045366227959,0.11994492292462708,0.059827893385825094,0.14822659512646513,0.04901094543775576,5
synthetic,DenSNE,perplexity,100.0,dens_lambda,1.0,0.9048870007441282,0.006107580249607946,0.6475708452775548,0.015473316867927637,0.6791048482423223,0.14066882284528645,0.5401111913684491,0.1491018780189371,0.6245178058035283,0.06307060287461494,0.5298032680550839,0.04972508082576269,0.08208104165967903,0.008114546861056355,0.2330283650570426,0.13723773623810576,0.13834302226106762,0.12562719743176898,0.14758562797578118,0.05134150329789922,5
synthetic,DensMAP,dens_lambda,0.01,dens_frac,0.1,0.9065015994140936,0.02287095158564552,0.5572188399486911,0.02636962578370452,0.7142199783724651,0.0607184532068281,0.6496337664712806,0.07224877033370584,0.6575901489850243,0.08016519694596391,0.36295264192133087,0.1542184067307454,0.05434588824796706,0.004564240582909556,0.11245807056925525,0.03711309741725035,0.11026657997887371,0.09371186897376056,0.19347506280895654,0.06104904918648532,5
synthetic,DensMAP,dens_lambda,0.01,dens_frac,0.3,0.9063915322076612,0.02078522719859687,0.5615618805049334,0.02454769129083368,0.7148726634837781,0.05028528602235465,0.6520435000364934,0.0629247237772459,0.6532755480499565,0.0786014648427342,0.3780905027622926,0.13504843393346708,0.055078469358029555,0.004614111441752513,0.10759761231678108,0.03273101724984389,0.117761592171531,0.10532451414260373,0.19040888550833585,0.05934799142661537,5
synthetic,DensMAP,dens_lambda,0.01,dens_frac,0.5,0.9071015999174495,0.02198262504508111,0.5596425835927714,0.022553407149091872,0.7043222351696603,0.05036534894524548,0.6390072474893016,0.06864617467900834,0.652351553986203,0.07994847019751283,0.3743914029133292,0.11593211736382979,0.05479024940588382,0.004257001531593739,0.10743112179154306,0.034763903626868944,0.10740023095160418,0.07657384923105418,0.15562003100288319,0.04034190717651584,5
synthetic,DensMAP,dens_lambda,0.05,dens_frac,0.1,0.9290831619825184,0.01347726041934833,0.5998622482065841,0.028811061100198012,0.7210849170175478,0.059324832401859304,0.6506235324022922,0.07102934391426258,0.6577099477432446,0.08110878759529147,0.4243121478581083,0.1500066032830143,0.06248149124406162,0.005091957488098167,0.11669537144335393,0.039634342174501895,0.12075036206028952,0.1134903370517189,0.2001838491767526,0.05903350140824891,5
synthetic,DensMAP,dens_lambda,0.05,dens_frac,0.3,0.9332043063794517,0.010459562051822042,0.6145380155520265,0.025127123999936163,0.7377736894074576,0.04854134816274309,0.6576244610943466,0.06571024590104667,0.6561691746385694,0.07980273250015553,0.5193273156111847,0.11065639928055986,0.06675753571753215,0.006773682227467575,0.12182434481168654,0.042948938471525915,0.11023004499465097,0.08395892112129248,0.22021769510538172,0.06253489334834603,5
synthetic,DensMAP,dens_lambda,0.05,dens_frac,0.5,0.9289234303048911,0.012056589981795977,0.6133094910314523,0.024767183459728663,0.7436133755145768,0.04121837169940117,0.6596781540924112,0.06324106573599769,0.6550314220062264,0.08346468542617373,0.49588169628279266,0.12139773379484049,0.0672844740217337,0.006068184957315158,0.13124245819098584,0.05763381681832779,0.10591150118890853,0.0778286715106909,0.174179987204446,0.03099901157237699,5
synthetic,DensMAP,dens_lambda,0.1,dens_frac,0.1,0.9299900419379545,0.012539596760449905,0.6179093271051402,0.032209822713501396,0.718237515299929,0.05502032278032431,0.6520464362805674,0.0699007671852959,0.6572138063874216,0.07987025076507169,0.42532324926895615,0.1338844536508159,0.0709234380089395,0.00911900467875014,0.11854059944694836,0.045705883507699725,0.12437486187148124,0.12144039674297762,0.1974291237990624,0.05886034540251132,5
synthetic,DensMAP,dens_lambda,0.1,dens_frac,0.3,0.9340883675237983,0.008848911884017341,0.6303324079969865,0.018787126588731464,0.7387850157592414,0.03856303664226832,0.6624557570937559,0.05874736963313677,0.6566062555421607,0.08106470512069466,0.5090749055942043,0.10707661356861355,0.07270987078866367,0.00440372685576056,0.11751652336810044,0.02783246370374892,0.10969143413245078,0.07744365018856277,0.23389522060783902,0.07187307597300509,5
synthetic,DensMAP,dens_lambda,0.1,dens_frac,0.5,0.9334034676203589,0.011178885766542943,0.635029895159308,0.027841165397628993,0.7570935881657619,0.03433127875223356,0.675945365725978,0.055308478811421494,0.6568743765724635,0.09172747988422356,0.5486596489501335,0.09939570478132322,0.07489266690283708,0.009316733216573744,0.1786475495366994,0.05162928656028547,0.11961321201498357,0.06966471111412571,0.2281751049904175,0.046853124850670606,5
synthetic,DensMAP,dens_lambda,0.2,dens_frac,0.1,0.9245073192175497,0.011956596532306088,0.6141683004767622,0.02293168313329643,0.7171708197741777,0.05273016725671724,0.6492889675243017,0.07165278409072606,0.6569247121851612,0.07927532393726984,0.4172310530493598,0.11692090493040122,0.08652834158115527,0.0175769069275077,0.10827508265494716,0.03571724311154886,0.1231675870028615,0.11445045338795268,0.2013502572694456,0.06995233612536261,5
synthetic,DensMAP,dens_lambda,0.2,dens_frac,0.3,0.9373571622123844,0.007095315377490265,0.6605200172147795,0.03401880947325336,0.7306574921623257,0.044502721746316656,0.6597878857280921,0.06727610982565516,0.6552881336309847,0.07561033734130417,0.5523835674717585,0.0654896270247348,0.09267914390863777,0.01090915506584788,0.13450126756779093,0.057974552485558564,0.13446983983889088,0.1030991667285019,0.22262808095485873,0.06350552627718908,5
synthetic,DensMAP,dens_lambda,0.2,dens_frac,0.5,0.9321887015005886,0.010793075748326013,0.6848673530766385,0.0220696784182162,0.7520280637819328,0.04578072318834572,0.6791613080212316,0.059063698401995934,0.6504919886677758,0.09190190162951192,0.5693476544899798,0.05847220903839897,0.11375493923296447,0.02042180315044779,0.1674084603767905,0.09821108831680929,0.13626466019719272,0.09375403443919075,0.20988789662501564,0.03178715025896247,5
synthetic,DensMAP,dens_lambda,0.5,dens_frac,0.1,0.9285620206057221,0.012494088723427249,0.6523033156907011,0.015172893768211031,0.7190212407896316,0.052993983997829154,0.6486891348063211,0.0698298094403022,0.6552052476554091,0.07708420498251785,0.471527170461155,0.06157702606017451,0.12233567978787807,0.032684052849288776,0.11496091386487264,0.042370312558611026,0.1245645771949837,0.10978687374745087,0.19733965833150754,0.06842285901606655,5
synthetic,DensMAP,dens_lambda,0.5,dens_frac,0.3,0.9303274583284047,0.003078517572658687,0.7036241641142317,0.03211639471076581,0.737165970776821,0.03560198293624179,0.6650513968551988,0.05828427091523224,0.6562097786994787,0.07589352357949253,0.5140769807198367,0.052846673858034994,0.19498015610148756,0.04138335672140492,0.1309201852050787,0.04199148765713986,0.10819887231923495,0.056794458509286286,0.2097529438953,0.07387098179209635,5
synthetic,DensMAP,dens_lambda,0.5,dens_frac,0.5,0.9190459052398534,0.006554014407610338,0.7311745227974185,0.011531527202022315,0.7524269735125617,0.04042672043382471,0.6828562775639913,0.04576808815091591,0.655619509747911,0.08650255223351933,0.5448148361381995,0.06567106913718716,0.2260492629177453,0.06958624291674849,0.15436519134019527,0.031230301084429767,0.14195784977625525,0.0821836544461071,0.21703582880314293,0.03312754311256683,5
synthetic,DensMAP,dens_lambda,1.0,dens_frac,0.1,0.9088616685081112,0.018021197186913463,0.6950050293666354,0.033677886390455075,0.7166905341363542,0.04820549475300793,0.6527808328698262,0.06850792466048573,0.6562089397726004,0.07711061130463569,0.39496253100511314,0.06804526111963817,0.16430949904691505,0.02732435249256087,0.11978972043201006,0.03970435733290985,0.12598387362455243,0.10259914535011228,0.21021955639773965,0.05895611277098315,5
synthetic,DensMAP,dens_lambda,1.0,dens_frac,0.3,0.9154427142975792,0.010330212946335167,0.750158347448278,0.0583443953718864,0.7289829941132501,0.03538002434221077,0.6645836112278618,0.05328897869431486,0.6561648122188022,0.0722416619506679,0.4905444249469201,0.037876184558372904,0.24888882199094367,0.06965254316087362,0.15911026351148005,0.031214314866876373,0.1338146775880535,0.04225888593008184,0.22018566266479261,0.0651966216854388,5
synthetic,DensMAP,dens_lambda,1.0,dens_frac,0.5,0.9065708947742406,0.03696706477142091,0.7733389038078051,0.016498404409289232,0.7387223479214328,0.042523879396003876,0.6784169282021211,0.04616125230067204,0.6468337641222853,0.0816921134545326,0.4834906294959783,0.09980574328636482,0.27611312688840506,0.027830634196088725,0.19008433564450286,0.023163644521457836,0.15102384111664474,0.05008084855625193,0.21795437368079812,0.07520889237526479,5
synthetic,DensMAP,dens_lambda,2.0,dens_frac,0.1,0.9171485882119029,0.01737651976130927,0.7232487611147325,0.016847465209345727,0.7228626030726536,0.04682930768403343,0.6514638015635918,0.06739048701678647,0.6540300788842944,0.07593928426606716,0.4360402522952408,0.02492910937146761,0.2530944907727889,0.035409567383434024,0.1467103673298185,0.07107576798130892,0.13826490526337615,0.10229700251933559,0.2038174240259909,0.05537771747355965,5
synthetic,DensMAP,dens_lambda,2.0,dens_frac,0.3,0.8948863212133567,0.011148964138924775,0.723945489887156,0.07364472527647514,0.7260240990135058,0.04128643907327641,0.6669946870760797,0.05356859910101072,0.6465265490994538,0.07154920828100406,0.3840587801427259,0.08280921022255408,0.20531393625184163,0.04686672891055888,0.16717020534470067,0.029122732353001352,0.16679843854995152,0.08259911950895776,0.2361171081867731,0.08049144140523921,5
synthetic,DensMAP,dens_lambda,2.0,dens_frac,0.5,0.8941428642138123,0.013545132294096316,0.7484407285576582,0.0394399330453517,0.7308254453233601,0.04467867917319132,0.6821027534419073,0.04229085114509135,0.6476881272551404,0.07989221268079709,0.418876708164834,0.09550528711863487,0.2668190809556292,0.0646406410453629,0.19726247112203005,0.04565221928298429,0.17551813924417572,0.046608847203749686,0.23547439730103603,0.0919807915830991,5
synthetic,DensMAP,dens_lambda,3.0,dens_frac,0.1,0.9077806273327409,0.014885917873634415,0.7272605933394239,0.024343230674986796,0.720733658333606,0.04790779776611252,0.6531750446099367,0.06372433451413236,0.6523933325447421,0.0745014346175859,0.4235396242885551,0.03626095635534158,0.27321086731440825,0.03865315369586706,0.16399421735464303,0.06004111599249235,0.16186261126121199,0.10648852171087927,0.21591636058976685,0.051143259716027616,5
synthetic,DensMAP,dens_lambda,3.0,dens_frac,0.3,0.8866458780586225,0.013632698439240061,0.78525418226022,0.02327083631070685,0.7205760239731746,0.04282569227328765,0.667871030093146,0.05066991549931024,0.6468622876361474,0.06633123895450542,0.4142256029475983,0.05783289453904349,0.28029717886423,0.05801630576930216,0.21886601581401957,0.05437066248896607,0.21333403725273747,0.08737358583373564,0.2540358546688382,0.06058931804937183,5
synthetic,DensMAP,dens_lambda,3.0,dens_frac,0.5,0.8877968857356423,0.03056890764145511,0.7472778081189665,0.035648859892801026,0.7366345105994216,0.050988056258216084,0.6824593812578701,0.05564268981291683,0.645363293090011,0.06853341759141457,0.38895866475087687,0.0716961919046405,0.2798373017387372,0.07486332468998588,0.21221488064379948,0.0447177976300752,0.20648258662520186,0.07520274945946041,0.19723353856607914,0.057243156791852455,5
synthetic,DensMAP,dens_lambda,5.0,dens_frac,0.1,0.9129953968082187,0.00797308451122249,0.7876819527533161,0.02036686312302814,0.7193249323195741,0.044502919933439404,0.6562552485362823,0.05329168943528114,0.6464742000622483,0.07113429556083024,0.435737892365741,0.04162367947330939,0.2877934005090813,0.040185867055048126,0.202355828353291,0.06651964842054209,0.20158745436075595,0.10154040954470446,0.22639331192582346,0.05024315311871467,5
synthetic,DensMAP,dens_lambda,5.0,dens_frac,0.3,0.8861999045301212,0.017851169411408175,0.7644626379720117,0.028075066459619588,0.7365307353445767,0.04162257853083899,0.6823435254559778,0.048296451428210804,0.6352678148219922,0.06149758860915159,0.4071732129138114,0.05182483392707444,0.23182332079882043,0.050394110842954205,0.25434111981436625,0.04344009082634316,0.24158311361865756,0.0664382523482559,0.23973857356163414,0.05337871572680071,5
synthetic,DensMAP,dens_lambda,5.0,dens_frac,0.5,0.8707529117054629,0.026538521391785842,0.7493309138682163,0.04060892230216989,0.7189839085435474,0.04994338867699185,0.6707753949458011,0.04404419107075747,0.6261164648628061,0.06409842041041663,0.3641224873475146,0.044118675424234845,0.2352206747912997,0.07979603805921918,0.23273509375423895,0.029885252463646636,0.22199482224278336,0.0491382680997045,0.20996894063071933,0.05232225614406043,5
synthetic,DensMAP,dens_lambda,10.0,dens_frac,0.1,0.8830014119139362,0.01251598978864684,0.7919376610215277,0.02872262267563462,0.7215025348175628,0.035074143241943294,0.6630623851194506,0.03916809748683461,0.6330012021822166,0.06331369039115274,0.41091430681035995,0.04231754606048828,0.24575121226674188,0.04338064082196793,0.263496774731658,0.04431244208145931,0.2512098837925539,0.06430603720673397,0.23813872539135797,0.043782014470527916,5
synthetic,DensMAP,dens_lambda,10.0,dens_frac,0.3,0.8812306050592325,0.0056153112655616295,0.7949780159211544,0.03160564207369341,0.7555949291903769,0.031569578641975626,0.7111400261241829,0.03555170462340758,0.6164120943054483,0.05819364691588367,0.44853924485378843,0.043592783781875685,0.26688556345999426,0.039725743218846456,0.3498902789128265,0.04567197833262019,0.3410563128882166,0.05388268729418023,0.26514071501225495,0.051474377416755646,5
synthetic,DensMAP,dens_lambda,10.0,dens_frac,0.5,0.8730688532456823,0.006686299913248278,0.8057518504629618,0.036341362221945034,0.7691163331512862,0.03705993823901466,0.7383168945611531,0.04001240503238913,0.614342461696696,0.059089195382731996,0.4431215194441812,0.017899293013660195,0.264816016906376,0.03515603494563408,0.3509421796322195,0.04109421397698672,0.3522315866575755,0.05554320452508321,0.22170587342243522,0.053918200794033984,5
synthetic,HIGH-D,,,,,0.9425075021036091,0.0,0.7482611143130153,0.0,0.7495350247777053,0.0,0.5769140745923445,0.0,0.5366137052128399,0.0,0.6890510749140265,0.0,0.1240237638175038,0.0,0.2120452968563426,0.0,0.0814147077374392,0.0,0.0797649351485908,0.0,5
synthetic,PaCMAP,n_neighbors,5.0,FP_ratio,1.0,0.6905425256229242,0.12713236581927026,0.5116744225456565,0.040656357399783224,0.650698951928651,0.025002662226946745,0.5993659390653852,0.028998327608606104,0.5284979265922203,0.007543458774487973,0.15660324201181064,0.0817238174388659,0.06308526075388772,0.020853516398630628,0.06835704466297818,0.003815273749037078,0.05854026643650354,0.004305393159829732,0.06772983450522689,0.01257196992954551,5
synthetic,PaCMAP,n_neighbors,5.0,FP_ratio,2.0,0.7478110300428105,0.07617206165402358,0.5213735078636811,0.030522087926288882,0.652236453218501,0.0434376296424394,0.601223239281241,0.03299920704891157,0.529114370062391,0.022047915985790166,0.21670808512765305,0.07272471988790685,0.051941370713154654,0.006609066667780232,0.06916183425473764,0.009383241779233874,0.06857692669067321,0.026664606833117572,0.08031760167982974,0.03244771089911972,5
synthetic,PaCMAP,n_neighbors,5.0,FP_ratio,5.0,0.8012258399545636,0.02099658955456212,0.5269950729824437,0.04385020338012102,0.6787803513257982,0.05611794598589735,0.6507824251530412,0.03738736806973932,0.5604204365943259,0.01816239289708238,0.16898618346922128,0.02465305889024409,0.054235432339067656,0.008091461809323857,0.08379497512281478,0.015132457390260923,0.07822977942031946,0.01839670944750804,0.06705921574694176,0.0034128509318365466,5
synthetic,PaCMAP,n_neighbors,8.0,FP_ratio,1.0,0.7455138804646648,0.05942400219824975,0.5384721799263255,0.023976012107520126,0.615479207616785,0.030142906798293075,0.5761721276611809,0.0268186619573634,0.5309620226191465,0.017459954051171383,0.1700626663676968,0.04774148962827459,0.05196078697607022,0.0019939343353143147,0.0637387910607762,0.006358079027743761,0.055771794026217035,0.004872615476165338,0.06786110786194913,0.008431146971141137,5
synthetic,PaCMAP,n_neighbors,8.0,FP_ratio,2.0,0.7995387580023137,0.03782863879621398,0.5294578267263648,0.009639548669449811,0.5998095635986271,0.03823059052343219,0.5644853728904135,0.02277679498178548,0.5384504517201776,0.02436278656979386,0.2075903695016276,0.06991152661126758,0.052421200235156395,0.0029643410816515632,0.061761635866881506,0.00810067424405956,0.05398088510211222,0.0022089946246270126,0.07106293333802378,0.009042498087103007,5
synthetic,PaCMAP,n_neighbors,8.0,FP_ratio,5.0,0.8176567262220859,0.04206701742431711,0.5218093303769551,0.027534244718756387,0.6344939886694536,0.017597744472364472,0.5962679498892196,0.016925501933815364,0.5285237655400717,0.027954383918343862,0.1572384575058605,0.04035059637129903,0.05131181607700745,0.005033118979569946,0.07524540046549914,0.005682411744474457,0.06197790988602987,0.003367695570760472,0.06910548406158887,0.012372601075550594,5
synthetic,PaCMAP,n_neighbors,10.0,FP_ratio,1.0,0.7785276665500558,0.04042800265702009,0.5569773967931181,0.01829483149005159,0.6404947487372054,0.025270650814225103,0.6045927051952225,0.02051888528466559,0.5434704223745154,0.00780390465133518,0.16783652172708716,0.030700442255105178,0.05516116009462886,0.0031932400299177106,0.07068147972753994,0.011580665260514014,0.07017840167907452,0.02447760591627876,0.06090545687090598,0.0019368187172461163,5
synthetic,PaCMAP,n_neighbors,10.0,FP_ratio,2.0,0.8145909518380469,0.026886940996708714,0.5342645421682402,0.02108644672735566,0.6355480163993426,0.01899455978256577,0.5929979807030039,0.02960143193366462,0.53969760041745,0.009115234171649195,0.19129838468665247,0.04541278967199796,0.05265310216311818,0.0041070929373007775,0.0652259975297439,0.00531402846838239,0.056415417988670655,0.00484828946571401,0.06030858282854742,0.003673952563058205,5
synthetic,PaCMAP,n_neighbors,10.0,FP_ratio,5.0,0.8327124435507077,0.03154578719674877,0.528942222266965,0.016107984310112754,0.6357360199127684,0.02383078167096312,0.6090760982182032,0.026519347907800025,0.5523506311666369,0.023419763286149028,0.16023888884187704,0.04150575151739633,0.05161024987080596,0.00250440405197779,0.0683281651255384,0.0059681468531217995,0.06052250091165316,0.005826962845666198,0.07732075412663546,0.02642162954397638,5
synthetic,PaCMAP,n_neighbors,15.0,FP_ratio,1.0,0.7314730968734034,0.011296575812374145,0.5408507893043535,0.008696999707599835,0.6213555548284856,0.01907883053801408,0.5927061180420454,0.013020235801672964,0.543832671000563,0.014416460701588238,0.1155394037411144,0.019809219222198127,0.05311205772081866,0.001393692023896442,0.07466241885391636,0.012859040367447852,0.07338737829824052,0.010901167270599477,0.061630133285339714,0.005016043895128727,5
synthetic,PaCMAP,n_neighbors,15.0,FP_ratio,2.0,0.7574518099427936,0.04320093918545119,0.5380363574130514,0.008938705008737162,0.6123111680462819,0.04754884941381473,0.5663987973144272,0.020370187232595927,0.5450709270729254,0.013424537252098629,0.14958353607720773,0.022394551739500057,0.05335783662338069,0.0013877915267010725,0.064420254841982,0.012641307070081141,0.05373660493318744,0.003248510409277892,0.05946983165231212,0.0053379737755481155,5
synthetic,PaCMAP,n_neighbors,15.0,FP_ratio,5.0,0.7839182750992241,0.035964561873145146,0.5351986872472209,0.01528973725182884,0.6229615125516045,0.010504181588020599,0.6036813789273313,0.019913560583590274,0.5487471046536113,0.007548119656477931,0.1659975838327588,0.01414109889942173,0.05338965506564812,0.0021126321295471956,0.067470228183374,0.005948381539698003,0.06958187367311211,0.010519987004803827,0.06018925740509692,0.005159508193750942,5
synthetic,PaCMAP,n_neighbors,20.0,FP_ratio,1.0,0.6591436737782498,0.01704335004593551,0.497672061805421,0.006815779753463829,0.5732457829243145,0.02487201909496529,0.5934147595761405,0.02089645572503043,0.5233539625452706,0.008934339317082296,0.07679261750903019,0.007928119768355377,0.04761439472616536,0.0009684510975159117,0.060245224736544076,0.0068808614641303455,0.08269968155866644,0.0052324286744670325,0.0638659871354461,0.00881133889884876,5
synthetic,PaCMAP,n_neighbors,20.0,FP_ratio,2.0,0.6698461995354024,0.029906696693375964,0.49372147124284493,0.011129232017809848,0.6079645201044632,0.020487618494457977,0.5987340593406538,0.024342936173859648,0.5318032984927001,0.008549906950619433,0.08098685292644328,0.010415225630761278,0.0471762360043016,0.0013206851676089836,0.06750379882027255,0.008422989742991103,0.06938400961900676,0.011098257850296955,0.057460260631477245,0.0004134203538448604,5
synthetic,PaCMAP,n_neighbors,20.0,FP_ratio,5.0,0.6871658449377894,0.02181568864715929,0.49151391905530123,0.010624015110540752,0.6111099086492523,0.025188428386927836,0.6130142726629805,0.02454757054552058,0.5331603466110291,0.014153346933336777,0.08262301353410306,0.009135252736975645,0.04673231920577216,0.0006819219995534809,0.06563856318051708,0.007618625515086099,0.09882849389707914,0.019045289054399714,0.06411587311522776,0.007637824361515584,5
synthetic,PaCMAP,n_neighbors,30.0,FP_ratio,1.0,0.6520450101048743,0.020503263602730512,0.5075866674384794,0.006372392609569869,0.547164469097709,0.01811566194159744,0.5516078453085951,0.00661893836061599,0.5122267720023255,0.0018182039801749312,0.0848894315642798,0.004404470165606605,0.05837577168449996,0.0017262147044961131,0.050969388982977114,0.0025204030431198324,0.07826927255783493,0.0022765254831228036,0.09618000980029259,0.0014660319270678116,5
synthetic,PaCMAP,n_neighbors,30.0,FP_ratio,2.0,0.6562277317346743,0.022219464850447002,0.5041263457435786,0.0024459623933793507,0.5788090426250359,0.031131152232626833,0.5793242276209963,0.018066038801054306,0.5142787871466336,0.0038716719657489926,0.08509710735044898,0.005003480967505371,0.05762235006545726,0.0015399464583382692,0.0610460574485317,0.008415242011346654,0.07877292845362388,0.0022438847888581388,0.08975839696249684,0.0012542242972829922,5
synthetic,PaCMAP,n_neighbors,30.0,FP_ratio,5.0,0.6552104490020546,0.013815211561880245,0.5048901886662657,0.007077073417874643,0.6048538631324355,0.022289171379682438,0.5683596211070647,0.032493428589635505,0.5265511128784505,0.005352219542826704,0.08697578624628324,0.0024152842371012013,0.057237281174148835,0.0013446429234862142,0.06977138488962924,0.008690443868670867,0.08296671356254418,0.006749959402675827,0.09125678749238411,0.001453045931752074,5
synthetic,PaCMAP,n_neighbors,40.0,FP_ratio,1.0,0.6881685303427268,0.013582615024349542,0.5590188414587597,0.0028280740899349127,0.5823151697274913,0.01776805708552251,0.5528516382983544,0.0007880383170965851,0.5171042928727289,0.0009344866710973955,0.10906784019367617,0.00532345681172065,0.07459223443077126,0.004114201636871657,0.09331287589510649,0.013808902307021255,0.07748207272644073,0.0003014392834899993,0.0744797152364082,0.00012285695368556885,5
synthetic,PaCMAP,n_neighbors,40.0,FP_ratio,2.0,0.6895843033425363,0.01336797322558732,0.5555741238037951,0.005497187066813119,0.5969385041430404,0.009651500143954501,0.5563150640227047,0.001495519200409036,0.512538852801051,0.0006064847786368367,0.1112428114730181,0.004471324955455658,0.07401958775809668,0.003417796517195704,0.09503815413316888,0.004023081655703452,0.07727983668997326,7.538319801585956e-05,0.07596356082737285,8.07735060582464e-05,5
synthetic,PaCMAP,n_neighbors,40.0,FP_ratio,5.0,0.6897774243099197,0.009156622724174729,0.5490184974987395,0.0034049253074273033,0.5967327992724826,0.01956467020941562,0.5540245419668975,0.0027550585657443705,0.5117519393892109,0.000368258991282458,0.11125629934209558,0.009229395253813038,0.07027539424942611,0.002829602859712774,0.09476030489971174,0.013592534667438686,0.07736244369328507,0.0003445413428356552,0.08316683739856275,0.0003898241077638221,5
synthetic,PaCMAP,n_neighbors,60.0,FP_ratio,1.0,0.7840848859772533,0.009434632481500504,0.6892105614182562,0.003733605459429543,0.5713449424034752,0.0055462452973518974,0.5722566881348055,0.0012515327845370836,0.5432049859102231,0.0007392184563279009,0.28297539534030847,0.007594820253724003,0.1644147901615096,0.00870920634495417,0.09277835556986483,0.013324022889806348,0.07953047687549988,0.00025251307587187367,0.08361681018804448,0.00021415259496455357,5
synthetic,PaCMAP,n_neighbors,60.0,FP_ratio,2.0,0.7879243187284553,0.005358775114229167,0.6847743999785234,0.0049953922312802055,0.5759492247896182,0.015709286711848982,0.5885892521721914,0.000523592673494708,0.5347017908572071,0.0011557107646655803,0.27993786954358874,0.007174977503088745,0.15885739765293555,0.011691542359140251,0.09850258849001023,0.008937244762944968,0.08016787515076004,4.592447090202642e-05,0.0820958920502956,9.576001860512588e-05,5
synthetic,PaCMAP,n_neighbors,60.0,FP_ratio,5.0,0.7849707927607322,0.002765767651078281,0.6686228763614734,0.004367330539347947,0.5721420907232304,0.016564734439072755,0.5732758165065575,0.00038548320343792286,0.5149116735836188,0.0004591568741223421,0.2631529272441314,0.0055466801120333,0.1474775783953699,0.005030646005760261,0.08309740739373447,0.0037603428257221537,0.07882994026929599,2.6279326599997356e-05,0.07461756645073622,5.3688257639286754e-05,5
synthetic,PaCMAP,n_neighbors,80.0,FP_ratio,1.0,0.7539758003152687,0.0060608027332472265,0.8224798007380878,0.011202642818093855,0.5476175735046758,0.012046355945835866,0.5527731986352338,0.0023470556834694865,0.5509568380510387,0.0003377110542664949,0.40508202996799997,0.010129560191598361,0.42660656676156233,0.0225962177545729,0.1494977119711358,0.01702514984304433,0.0787465423901359,0.00042248037776228476,0.07981993372023213,3.3871042890434105e-05,5
synthetic,PaCMAP,n_neighbors,80.0,FP_ratio,2.0,0.7560214396153017,0.005460352922074851,0.8189171299640352,0.003664277611868035,0.5910486502085992,0.018365896342157875,0.5345269584957706,0.00044163528459355023,0.5454741153306337,0.0005637499984821106,0.40798804504422986,0.0062200197822202905,0.43529093864155693,0.021539492136183197,0.13073799157461555,0.026937145994686693,0.07661728615788964,5.770621039171917e-05,0.07907274739417466,9.67546913463514e-05,5
synthetic,PaCMAP,n_neighbors,80.0,FP_ratio,5.0,0.6427632909088011,0.005919806907703839,0.7830630730394909,0.00759241780835925,0.6793944458007095,0.010713806019501738,0.5650303397905534,8.264302700068447e-05,0.5357026306230123,0.001078553478794662,0.31829323528492903,0.00411406750124864,0.40081327676679834,0.027597065458479873,0.23098765365546292,0.007390402964728966,0.09255594900761806,0.00043586718447935626,0.07741537046447566,3.015413949921085e-05,5
synthetic,PaCMAP,n_neighbors,120.0,FP_ratio,1.0,0.688868866500727,0.03158986014992275,0.7939022599851174,0.016482425554199043,0.58750594589425,0.022752362622877272,0.5307294720884833,0.03450811289636774,0.598737415048167,0.02773235339453464,0.30629315234518223,0.0928880320701285,0.32251781419848313,0.03772325694307758,0.07173959204699563,0.010598699681846409,0.07270941477827007,0.01516939028404659,0.09338237920016816,0.05201845470299086,5
synthetic,PaCMAP,n_neighbors,120.0,FP_ratio,2.0,0.4401030537777297,0.08202075890877719,0.7067514318384495,0.026423332224908405,0.6134889374907193,0.0537437052020557,0.5300994380028842,0.015008273691872926,0.5400769631518147,0.010628448543266262,0.18624232445358452,0.06663792152400334,0.29202376868100255,0.03524901851204859,0.09917051653290879,0.045733360038718945,0.05459195587139694,0.0042331540117342345,0.06656176286776308,0.008867013455661366,5
synthetic,PaCMAP,n_neighbors,120.0,FP_ratio,5.0,0.5112883483962654,0.029859059132065453,0.7102508475258789,0.015141443169240047,0.6522935002462251,0.03256140524554665,0.5462185790424321,0.015148669768407088,0.5532051620848675,0.011530528004300072,0.2181974640570008,0.029388459858854576,0.32569111714523846,0.027586277166694383,0.14575597567909584,0.12045355439070615,0.07510174292933061,0.03775948114206758,0.08873104734774893,0.03520906875855151,5
synthetic,TriMap,n_inliers,5.0,n_outliers,2.0,0.5399435737781659,0.0065886159326919765,0.554058266827405,0.021814721999041935,0.5352440731913365,0.010600130948871129,0.5268078245032084,0.01049154431733394,0.6011340613540783,0.014000054970657221,0.06328288098186921,0.004042258400307413,0.06412080763182401,0.0068018261431870355,0.06071353656013649,0.0035063436447047985,0.05357138102879986,0.0017775270442777985,0.09172471107839616,0.007485423696915352,5
synthetic,TriMap,n_inliers,5.0,n_outliers,5.0,0.5443945842236445,0.011725783020803578,0.5519582650656586,0.01226053131794103,0.5398557381340086,0.013097746313886782,0.5173474138820586,0.01269831937306103,0.6046479904765021,0.011704450710413768,0.06442755701664855,0.002909965675987484,0.062059225043207676,0.002184303749095714,0.0626849858779982,0.00240191127406188,0.05212349760706612,0.001481003875383443,0.09982350539311283,0.005478314848588188,5
synthetic,TriMap,n_inliers,5.0,n_outliers,10.0,0.5574351991906032,0.010042511836664807,0.5571120445570844,0.008918229763378884,0.5475723553459357,0.009681579880562443,0.5228926366548965,0.009928542791921817,0.6040337282162149,0.008562740082733746,0.07443630858009156,0.0046267366697121965,0.06025292937863128,0.003668856022691823,0.06892445221722676,0.0028091928769698824,0.05278060118211934,0.0009447879906752905,0.11184628798308774,0.008067013668405097,5
synthetic,TriMap,n_inliers,8.0,n_outliers,2.0,0.546039552046604,0.015065663300895565,0.5561263054750885,0.017455865780986884,0.5427532237862616,0.015511914017462422,0.5314851774204509,0.013831629514002174,0.5977756692748903,0.007003720838107034,0.06474526228479716,0.0036637640893956206,0.061605087066781604,0.004034729026442591,0.06223693094547504,0.004682490882197828,0.05396935738586204,0.001869514558777087,0.09330717358226298,0.007651381372679024,5
synthetic,TriMap,n_inliers,8.0,n_outliers,5.0,0.5501976092261822,0.0058977333726511995,0.5698373908031802,0.008796295466940253,0.5394602680035805,0.008667467125985668,0.5156792916772581,0.008102370956905315,0.5915483150573113,0.006346625442758965,0.07072375137684163,0.005658800088864242,0.06432041230781624,0.0036037325294319108,0.06481375846139811,0.006464708634315725,0.05151129405430138,0.001335857714249202,0.09671098307056945,0.012181689622065582,5
synthetic,TriMap,n_inliers,8.0,n_outliers,10.0,0.5794541773944442,0.02044751016164712,0.5780679346207506,0.02473524703886371,0.561081007618295,0.016851651959322454,0.5221789615595315,0.017038771323750722,0.6151669590326837,0.004561381820656317,0.08978400199488248,0.008951129873916427,0.0644974937564316,0.004733321643844245,0.07537274017029032,0.005800579883673723,0.05269013355469514,0.0021281955825481567,0.10869183943086183,0.00618253955621391,5
synthetic,TriMap,n_inliers,10.0,n_outliers,2.0,0.5501658977901827,0.015014601941557727,0.5607886416012093,0.026217445076850438,0.5450525545742908,0.01391557190301415,0.5324128627624687,0.0123161988643486,0.6023067133445582,0.011034368571342771,0.06491518690834326,0.008943013735332598,0.06301741220664846,0.009209256957683386,0.06058031481755301,0.005822574502755874,0.0532696907676519,0.0021653989715450577,0.09413826202930817,0.010912219508847366,5
synthetic,TriMap,n_inliers,10.0,n_outliers,5.0,0.5534076790332878,0.017028816781202542,0.5406220978373304,0.01429699400126778,0.5462603576009711,0.015249800567148641,0.526222253542159,0.00841536493237123,0.6022813777528337,0.0034517474064557135,0.07489420906769499,0.00685346474940259,0.056885821216286256,0.0036933235881308666,0.06865417833962192,0.004623184613484111,0.052895470790894336,0.0008935711026140412,0.11003921818065787,0.009118180388565439,5
synthetic,TriMap,n_inliers,10.0,n_outliers,10.0,0.5921919397583387,0.014417093314601403,0.5678157448118665,0.01918070648377939,0.5678709462004582,0.009963397490516121,0.5277212480882953,0.005919230120668021,0.6030313783820288,0.007836896858707195,0.09967193745365263,0.005304514102768314,0.0624272867064554,0.0032725781986644854,0.08811524329275558,0.006470191530194343,0.05311390898508982,0.0008819294712301731,0.1064051948589615,0.007742157178093431,5
synthetic,TriMap,n_inliers,15.0,n_outliers,2.0,0.5434796505701767,0.014407321722218628,0.550024622503878,0.022038968481171352,0.5386565760541746,0.014376058487295595,0.5255994342277133,0.015069502599366631,0.6077978253337462,0.012613995108915504,0.06714593320556647,0.0085690942801984,0.06292085440418979,0.006289395949817042,0.06394204877683489,0.0060537471902302265,0.053087447976838245,0.0027953312033119275,0.09935630227524979,0.0061067458198825544,5
synthetic,TriMap,n_inliers,15.0,n_outliers,5.0,0.5694758133186354,0.01207376365131573,0.5664748040896008,0.011049009963244698,0.5532121251779574,0.011412600146724027,0.5238413790615597,0.005809228072409007,0.6079894362327485,0.007909713360439757,0.0846497944082023,0.0080333076320664,0.0617500462604592,0.0023007536003831854,0.07391054460626637,0.004540172445246067,0.052229596431893476,0.0009116325142244002,0.10829153625041081,0.007400725336302127,5
synthetic,TriMap,n_inliers,15.0,n_outliers,10.0,0.6523609499672399,0.006768685991236062,0.6071349053145179,0.025281715180830548,0.5953719759832014,0.0061567796545162045,0.5185622638945167,0.012637036047915601,0.6029746669250561,0.008117951817146325,0.14232578165878979,0.007395995126384324,0.0715477606947159,0.004493118616679033,0.10467126288464872,0.009831452572119107,0.05192843716999877,0.0011537756700955378,0.09081074090848221,0.003916688582035642,5
synthetic,TriMap,n_inliers,20.0,n_outliers,2.0,0.5485739501459314,0.00946965063244494,0.556677899897567,0.013889581692026838,0.5416214275347546,0.009058773932308889,0.5222314783821127,0.012424080538690659,0.6034498351089221,0.011352023031264718,0.06958304377544582,0.004964291599643299,0.0608274072482196,0.001949593099346218,0.06520393788527362,0.004656662544240365,0.05238665192092991,0.001637804147424269,0.10092490063930548,0.009551641608542692,5
synthetic,TriMap,n_inliers,20.0,n_outliers,5.0,0.5940137533672427,0.01377911359207366,0.5804173493434138,0.0063955541211638805,0.5639841979733204,0.013203805256270365,0.5261039648523195,0.015330826111421784,0.6058028572171621,0.011135550527999284,0.1013750092992719,0.008159675199527332,0.06644181499033333,0.003369853691932153,0.08226317538713131,0.0038351818719141247,0.05288039010317498,0.001675360526832452,0.10394076061095285,0.007114804669571135,5
synthetic,TriMap,n_inliers,20.0,n_outliers,10.0,0.6841195336573269,0.01282866718576402,0.599991191267778,0.015643273138167043,0.6115999258388639,0.010028101622803301,0.5215105046229065,0.005598384846703215,0.6035271841671008,0.008810380107845663,0.18805634131838844,0.009806867857615687,0.06744676117040944,0.0042758330113326715,0.12217423181400752,0.00518409753349822,0.05254322307710392,0.0007057811130726475,0.09048257908425186,0.00111391468074401,5
synthetic,TriMap,n_inliers,30.0,n_outliers,2.0,0.5637570165746784,0.01416743077340091,0.5764049298699077,0.010082465527056259,0.5504757973790246,0.013899016055076582,0.5264823208744303,0.01606183251435563,0.605257386960895,0.014274193181791238,0.08703777099822305,0.01625285835903531,0.06625904529021873,0.006483513333213775,0.07291276854718723,0.010346192170504172,0.053238837754786716,0.002553266576261611,0.10827161001555707,0.011762559111837975,5
synthetic,TriMap,n_inliers,30.0,n_outliers,5.0,0.6485866179417936,0.008624986501226749,0.6119031140126795,0.016256159070012748,0.5966718931811185,0.008791586809463507,0.5266131934674443,0.0056849250724451995,0.6062721529128801,0.012080678062055488,0.15969446960135597,0.01932953138404678,0.07191917380295883,0.005288245782645729,0.11825885072674289,0.011209970267764607,0.05357669229244257,0.0009935869483347055,0.10556431913284617,0.007260296939827065,5
synthetic,TriMap,n_inliers,30.0,n_outliers,10.0,0.7552513047410275,0.005113093407065316,0.637302715857983,0.029348910437234838,0.65559828489789,0.0038338170229742425,0.519213858400888,0.005429206006804817,0.591807207891953,0.004039593540236165,0.30014685670887714,0.027509112833844513,0.07227120938698162,0.009504440747988079,0.14965290079633733,0.017779781259927015,0.05211292290948214,0.0008319053131962853,0.07914696084626767,0.0029312899660366674,5
synthetic,TriMap,n_inliers,40.0,n_outliers,2.0,0.5773915917714696,0.012747607061268056,0.5698639847852223,0.019693439065514445,0.5595431707576937,0.016819977014071338,0.5268221701528273,0.014555146364454931,0.6063090656955248,0.013383974907737583,0.08811499175627649,0.006119014822691949,0.06248666597141812,0.00339972999691878,0.07633361433338504,0.006492945676296382,0.05329828454075926,0.0018882991231451436,0.10365003100877375,0.013873327908913461,5
synthetic,TriMap,n_inliers,40.0,n_outliers,5.0,0.704085825575357,0.00845902488217072,0.6027581398977684,0.013529992336487403,0.6264777067765996,0.006458824794281747,0.5256899544378812,0.002235563374523324,0.6045932924440373,0.008521458387714948,0.19332432171353323,0.007516318233065677,0.07109474796381444,0.008692938159922817,0.12285039000251771,0.008434342935081812,0.0531872503726355,0.00047926574220576325,0.0925108075175913,0.003566299641762652,5
synthetic,TriMap,n_inliers,40.0,n_outliers,10.0,0.8044031916134158,0.0032229248028135316,0.6293900414345985,0.03279795921904998,0.6774592092778601,0.0047374390381397105,0.5240180570621285,0.0065641504030130105,0.585058880082953,0.004054024087173665,0.402418285373981,0.02639635047510159,0.06937049903515465,0.005169918760787036,0.1557743713140148,0.0056562615110293995,0.05245673295117228,0.00042405131074419497,0.07747332791476616,0.001752347244805549,5
synthetic,TriMap,n_inliers,60.0,n_outliers,2.0,0.6195362580002165,0.004398092086132847,0.6014844811111419,0.01763054062219653,0.5781844615641456,0.004260239172157213,0.5239868489822559,0.009882559577043834,0.6044521849431083,0.003412884491665397,0.12334660150955985,0.007561163869454935,0.06997884669561853,0.004198356615049698,0.09679669596434316,0.00946539837918854,0.053262370046507024,0.0012593509591394523,0.10325916525307377,0.007213823229254768,5
synthetic,TriMap,n_inliers,60.0,n_outliers,5.0,0.7586675827748177,0.00832845703123481,0.639203220808071,0.01849319873803669,0.6593496303268711,0.005411204287108178,0.5240964128325611,0.00933351855719766,0.5937657665820189,0.006222847533695585,0.3124822631309171,0.014206805917153868,0.07632126450519916,0.004531375838766133,0.15184752591745715,0.009039333356067526,0.05275909887345426,0.0008867897768359898,0.08192293420735476,0.003042008083968291,5
synthetic,TriMap,n_inliers,60.0,n_outliers,10.0,0.8520094396052345,0.007800257359568709,0.6401058222364281,0.019938835246425143,0.6916092211486755,0.0013142512510584342,0.523803291781285,0.0029356224233300574,0.5790001501679112,0.0021795837436446386,0.5166175539358058,0.015724302675132206,0.06740967995828712,0.002937860004008089,0.1755258685486915,0.0078035141309308305,0.0522363115081238,7.859111370363904e-05,0.07446013359808476,0.0013645748289668358,5
synthetic,TriMap,n_inliers,80.0,n_outliers,2.0,0.6712217040450538,0.006812095307401939,0.6180785386564922,0.023984705761911612,0.6114401102685489,0.008373785559028494,0.528448429906401,0.004702642274673568,0.603064767671785,0.011639877795807205,0.14525247335639607,0.007353729268386221,0.07325018631680716,0.0034140873767005524,0.10458056459422967,0.01287217746279658,0.05361900876635952,0.0007769319849097309,0.09816838547496384,0.00653392448485676,5
synthetic,TriMap,n_inliers,80.0,n_outliers,5.0,0.7949828816970484,0.008184106204898768,0.6299314009491619,0.02797584129777153,0.6761142417065786,0.004031641461310709,0.5200002684566011,0.006919887158015756,0.5885625742974617,0.002482360037649204,0.3999468393487813,0.024849277914915258,0.06917093744658746,0.005601491021638202,0.16637563585269838,0.004343306823788662,0.05239417843055229,0.0005434067437756866,0.07800426630802472,0.0009707071981140975,5
synthetic,TriMap,n_inliers,80.0,n_outliers,10.0,0.884300909648414,0.00646285664710384,0.6589834387444957,0.02020056028722833,0.7080475738654143,0.00439978378578597,0.5266705760659195,0.002375582473136825,0.5748962876646708,0.0009004846266508652,0.5759324586253197,0.01636205976022703,0.06941570164827732,0.004168043711045488,0.19427540919263625,0.005582680504209759,0.05248094086798381,0.0003042148883507329,0.07438581102364614,0.001176331295650128,5
synthetic,TriMap,n_inliers,120.0,n_outliers,2.0,0.7290673901572065,0.005580009723226653,0.620775436892145,0.022764656286251645,0.6380332533836018,0.002638445571860012,0.5190561401477686,0.005827195867598329,0.5969122457317498,0.0021018665775064944,0.2513834896758623,0.007870808607062426,0.07317769543390974,0.002955642160078198,0.13214256622908427,0.007472913871089862,0.05261019786919724,0.0008138433478568307,0.08642219650054034,0.0039017748136078085,5
synthetic,TriMap,n_inliers,120.0,n_outliers,5.0,0.8601081041175369,0.007656019756621414,0.6446434099357465,0.02496761391563491,0.6948190392777176,0.0027544031741690315,0.5258486794032545,0.0034981839809929563,0.5799337079980772,0.0008171071567302754,0.5363872326531611,0.0066487896054963505,0.06821929657128127,0.005218513674625365,0.1791975957601648,0.007249983009469149,0.052469446101542215,0.0001843219187474677,0.07617890165038325,0.0011373525930473355,5
synthetic,TriMap,n_inliers,120.0,n_outliers,10.0,0.9038546173276991,0.005255548857181214,0.6541427467640493,0.027809626198529124,0.7176120114194727,0.002396383753932881,0.5258459109445562,0.0017782519783799166,0.5733756488050745,0.001957511465572926,0.6044339465758097,0.006165908368816569,0.06824244014455663,0.005559918227358323,0.2060630858203473,0.002291194662360408,0.05233691669555994,0.00017356440430098334,0.07362880702549177,0.0010971352977888632,5
synthetic,UMAP,n_neighbors,5.0,min_dist,0.0,0.8355082512653114,0.013396338927511157,0.5649266484283963,0.07005311316959283,0.5378481022215622,0.11788872048368317,0.4928523429969321,0.11600131438622123,0.6507777271625228,0.05698236594497861,0.20898001050348194,0.026611274712740378,0.10925580359307045,0.02871032821714821,0.06622849029086006,0.031775490338955915,0.06906076766001384,0.03641433914526961,0.10830799778093692,0.025904058277699295,5
synthetic,UMAP,n_neighbors,5.0,min_dist,0.1,0.8399418120317215,0.023528089371884497,0.5640113792041772,0.03888154122195397,0.4970745780826998,0.09284943978208654,0.45388460896359806,0.08668906058676144,0.6597367950812039,0.0899474753632933,0.19644914711297234,0.00988722501754016,0.08371789548559974,0.015460545552199789,0.06627408118626202,0.02785386414865409,0.059590112480799706,0.02972139962903165,0.10472575191742464,0.05384215147492859,5
synthetic,UMAP,n_neighbors,5.0,min_dist,0.5,0.7609917457984444,0.06211315534377742,0.6026515122915372,0.04094433777543433,0.46445466816666786,0.08634323286377692,0.4241062282770371,0.07170445948182678,0.6150139387700829,0.043633036064484564,0.13109186516474045,0.03938786919212997,0.098213437864609,0.030163885062080557,0.058062986383289016,0.019909461089522806,0.04559080583977724,0.013235979718663226,0.06922458059218686,0.011711918724458634,5
synthetic,UMAP,n_neighbors,8.0,min_dist,0.0,0.8685787488076752,0.010942129142799578,0.5385037235769493,0.008725170845604906,0.613501940857333,0.02955093809500829,0.5455465986129183,0.040680398415508606,0.5706628948514219,0.012227072035466283,0.27857342037494587,0.025591874088987738,0.05282061468599332,0.0026378052038727893,0.12574545450837255,0.06874072580316312,0.06014229992905612,0.013279309150300619,0.07223246102160549,0.013326507084181866,5
synthetic,UMAP,n_neighbors,8.0,min_dist,0.1,0.8805572823467134,0.016547342172378608,0.552595513922411,0.01131661486306498,0.602786831197006,0.03269067255871854,0.5560549966904335,0.03349355625848428,0.570092256788806,0.017640588016749545,0.2820917885019399,0.07836160963783922,0.0570690609767323,0.002884315946968658,0.17016149796098215,0.058564334265479974,0.0889577626918068,0.03899552059908921,0.07978116447360921,0.028372995024117165,5
synthetic,UMAP,n_neighbors,8.0,min_dist,0.5,0.8743034180397802,0.02218061045477098,0.5355371942426126,0.015052264204790885,0.594571388063245,0.02368708235469621,0.5529459336794745,0.024900579177766866,0.5601602014766791,0.011370041542420805,0.214689406986305,0.04804982806517745,0.06007464998618942,0.008296583553662388,0.0812417009958514,0.010950271664211931,0.06725016135078832,0.01133469927680584,0.07852794196528422,0.022242550478902324,5
synthetic,UMAP,n_neighbors,10.0,min_dist,0.0,0.8488926584669952,0.006398225214933233,0.5389475158955671,0.013749073169398239,0.5874041001712249,0.06532566355634778,0.5071000898490686,0.060501748644406,0.609190276166339,0.013578729348254392,0.22804712416624237,0.03791275266486227,0.0526404053993601,0.001985919028316795,0.0669057328874447,0.01722948071688823,0.050561982452076756,0.010141176192002686,0.09191717285529932,0.036940979157234405,5
synthetic,UMAP,n_neighbors,10.0,min_dist,0.1,0.8621180051325545,0.024224959810269602,0.5507325090037827,0.013046946663252562,0.5601960236543823,0.012255518662801987,0.5144865054416992,0.03286484525497329,0.6041469833447847,0.021250230021976294,0.2492135373652305,0.06733699205878389,0.05488473261803706,0.002182742882817418,0.05308290565899334,0.0023805753996664373,0.05330345192491198,0.011506153988449806,0.0840063949754581,0.01552483920729312,5
synthetic,UMAP,n_neighbors,10.0,min_dist,0.5,0.8950448783933543,0.03353410405077056,0.5484523896412664,0.02216642960498807,0.6099212331553969,0.07828407093843516,0.5853537628806735,0.07109412446913396,0.5942127468227743,0.02157919492239682,0.2965073835075575,0.1354917396528963,0.06654770950475489,0.0093697472548214,0.06463875724524236,0.018477531066445563,0.059795473557552783,0.013541462949429742,0.0725107894170685,0.011102010582702687,5
synthetic,UMAP,n_neighbors,15.0,min_dist,0.0,0.8139538707666703,0.023391879213318135,0.5391170630176703,0.010101524716268049,0.5868553581001326,0.051210427096623296,0.4862505757135702,0.012722497010840324,0.591059556258017,0.04804736155631786,0.20161496496084097,0.04619309091851399,0.05152274679326728,0.001971699054937311,0.07781774583263422,0.01392598217255945,0.0624483068072369,0.009526947070441693,0.07246949091263968,0.01335387808563421,5
synthetic,UMAP,n_neighbors,15.0,min_dist,0.1,0.8456681591175832,0.018091110774787613,0.5406366112723249,0.010019891514166487,0.6113531135512698,0.07737705419201714,0.5265833276705769,0.08411178454450609,0.5737946088880947,0.0618419056706945,0.25912254547133184,0.07752740460287368,0.05160645001173932,0.0014556437099712632,0.12411381446425837,0.044971733367213274,0.06912903458473688,0.026210498499037203,0.15407129250468393,0.09725887957872897,5
synthetic,UMAP,n_neighbors,15.0,min_dist,0.5,0.8832252376050651,0.0282956538131978,0.565722118894395,0.025569459113848107,0.5374349307340023,0.11018082264912055,0.5138155317244394,0.10140661601589908,0.5764670943515892,0.053016090303261376,0.2773531488186082,0.08008054885802611,0.0648949855703587,0.006870445658522117,0.061043184545064244,0.024505247218355085,0.058878534658114975,0.01938882985043406,0.07809903788339465,0.02260064304231505,5
synthetic,UMAP,n_neighbors,20.0,min_dist,0.0,0.8092734977126659,0.031826376867592376,0.5236137781994784,0.020708037838426094,0.6081089833129054,0.09152748495756767,0.459675805097152,0.08733245055041407,0.5795971305345055,0.033098070102129125,0.22829028549852967,0.07574062401667642,0.049444931477640904,0.0026890641240834476,0.09576615865329084,0.05608903497195367,0.05369760821390723,0.015449107659568662,0.0881535164353082,0.05527250282012753,5
synthetic,UMAP,n_neighbors,20.0,min_dist,0.1,0.8644908259151224,0.022393661599857492,0.5346449955075465,0.013482454612136718,0.5626975358200804,0.10906576224861457,0.4595756372278835,0.11058380250694014,0.5432135429643816,0.025233864587959915,0.30572882005384594,0.09985807119196856,0.05116365073998488,0.0022329303204478594,0.10843947616244579,0.06491941620291983,0.057561402918608874,0.02327777817817092,0.09816238736589053,0.10335158250195968,5
synthetic,UMAP,n_neighbors,20.0,min_dist,0.5,0.9064913645061783,0.02012520566991692,0.5688481282282956,0.032243742643002754,0.5134380146292069,0.09626456657006849,0.4387984385892941,0.07135467908106488,0.555827983077167,0.040660583888360774,0.34654649496742335,0.07282119346891133,0.06433782373409588,0.007009426745023595,0.0537557966182875,0.017382586217067588,0.04552130953249498,0.007599085619119164,0.07162968090098852,0.026656223464882688,5
synthetic,UMAP,n_neighbors,30.0,min_dist,0.0,0.8264610960244095,0.02777331195399817,0.4907945392571637,0.012479407189187825,0.6070440495335986,0.047266380117067845,0.49860511627945997,0.03923451762350894,0.5508360325805642,0.029320283415720464,0.2831112183075129,0.03325237294087885,0.04679555288583582,0.0016940767417496687,0.10513907349056235,0.03732885768427395,0.05855088433949844,0.019536290640574282,0.06911231046861384,0.02383050860905006,5
synthetic,UMAP,n_neighbors,30.0,min_dist,0.1,0.8766024132570582,0.021641887105192322,0.527143982503341,0.024254882130936028,0.6153092410312425,0.038877987370812266,0.4997656877228923,0.04727577707121027,0.5610878868186969,0.013943585486608644,0.4123039958263804,0.11119220125348328,0.051426438934032384,0.0031871710062949072,0.09540552879804448,0.05047785151228017,0.06281839758319704,0.018111161186681175,0.06187690284913374,0.01244683651732458,5
synthetic,UMAP,n_neighbors,30.0,min_dist,0.5,0.9112412007057052,0.011004387779635054,0.5716058486626248,0.014768494283188507,0.4429396333386185,0.10705249082576723,0.39888842188625995,0.11716601563578631,0.5666363814063602,0.02925577204628223,0.3605441450809187,0.045514344360800055,0.07461626586142785,0.013306979952477349,0.04530882849172356,0.009412384137823823,0.046147861021009824,0.011250000953785559,0.057359526574519135,0.005097176105650698,5
synthetic,UMAP,n_neighbors,40.0,min_dist,0.0,0.8063255086623394,0.018670573512517066,0.5110429622843643,0.011205869996174561,0.695598402347653,0.07107740652791768,0.5414406387924822,0.07345270575345363,0.5364309869387475,0.011797260304740752,0.20362966642307762,0.0421977357380601,0.04903260986142148,0.0024832905199743656,0.15547337192488858,0.06887112631674107,0.10096760121475881,0.056278196630028435,0.09457474464623292,0.06433659627010652,5
synthetic,UMAP,n_neighbors,40.0,min_dist,0.1,0.8934250783767437,0.023836473279150127,0.5293202427183245,0.007496679292234074,0.617050182089079,0.07329027806353018,0.4861812803534232,0.07205474593351897,0.5288135308838345,0.024692726033859795,0.4583873524856358,0.03284782392247576,0.052626265229768196,0.0025127253923453168,0.11253860882928897,0.057750929474905885,0.05535778943125996,0.012320101673422118,0.06256993615575486,0.017565609275673785,5
synthetic,UMAP,n_neighbors,40.0,min_dist,0.5,0.9073623383912235,0.01097692472165512,0.5567466080088993,0.02167933262474036,0.46274258619344477,0.05924592762737832,0.40756879829597176,0.0365001783245344,0.5684286647891483,0.03882964151515169,0.42827189263106746,0.08768669701700103,0.07294797679858842,0.019395997494379064,0.056469808097786144,0.017032827603487302,0.0517246538358571,0.012752462835718676,0.05644233495153722,0.005046851769697479,5
synthetic,UMAP,n_neighbors,60.0,min_dist,0.0,0.8291018700519043,0.02160198180574564,0.4936042731579473,0.019012666854926752,0.6284626077706441,0.10462644697285785,0.4801857216323168,0.08376687859933526,0.5359475972714742,0.01904556371424757,0.3188858093319263,0.07590014399209738,0.048019254332758096,0.003722104614254782,0.13982736777539273,0.07487175622387764,0.06542052050561446,0.019441059742089505,0.07350573883152016,0.04280273593727194,5
synthetic,UMAP,n_neighbors,60.0,min_dist,0.1,0.8859485620373843,0.02068797682081582,0.5223964114063854,0.014100229911758052,0.5821207903697905,0.014235693681090634,0.46032580564245434,0.023507782578154668,0.544277302246059,0.039446278946900164,0.44799260341991387,0.08131203340940614,0.050758909628994056,0.002522942353893395,0.10723151407782701,0.03291826027606411,0.05400384014471131,0.01278162764829231,0.10028275985728582,0.05211539598911278,5
synthetic,UMAP,n_neighbors,60.0,min_dist,0.5,0.9231633583585221,0.013173172384304542,0.5580029010091451,0.01967801775585794,0.5224877705434317,0.08822291668953686,0.417528705980458,0.0803802425360931,0.5781774984710558,0.021292458687641364,0.49320588126249687,0.11946720823136907,0.06974782875985608,0.009560262821863385,0.05089429536938683,0.009043409171796156,0.044524284282676255,0.009708280358773412,0.06366785582239586,0.00831516311780844,5
synthetic,UMAP,n_neighbors,80.0,min_dist,0.0,0.8253362628659924,0.023822963038955904,0.49235695667529916,0.00707236494839046,0.6792964591413247,0.08867707593598849,0.518541458507935,0.0518275980805609,0.5365621951025127,0.025596001840373004,0.3126670884024331,0.041273415451717914,0.0485009236275609,0.00047665099089265,0.1969226294121366,0.04086376157309838,0.06691657224799571,0.02934417782649406,0.06554560219683078,0.0126044791953304,5
synthetic,UMAP,n_neighbors,80.0,min_dist,0.1,0.8939245754400801,0.019873031868546116,0.5219943137536189,0.0119246522619987,0.6277820702869717,0.057275567798781915,0.4760941913541874,0.06212777482800929,0.5328336684846212,0.015359169417223466,0.5104415741320942,0.06554627917403907,0.05333825967152278,0.001935877808269783,0.11524045537693302,0.034508752173706636,0.058759765541187,0.022552050028718736,0.060848795946586376,0.016765876996199483,5
synthetic,UMAP,n_neighbors,80.0,min_dist,0.5,0.9193219121828122,0.015277073290761133,0.5647731248096685,0.011786912313916195,0.5381971796956205,0.13267904478870163,0.4562714398250334,0.0929418828639964,0.5728179302163844,0.06333606950873442,0.5178555204880724,0.07305265525803942,0.0788574848981574,0.00925954659830964,0.07841478574172582,0.044943384939799505,0.0501272624711638,0.011666500231058422,0.07416962983399109,0.030205822626697194,5
synthetic,UMAP,n_neighbors,120.0,min_dist,0.0,0.7920367382858542,0.03724025104164163,0.4945577135551288,0.011576645789812216,0.6876516674930097,0.048120605696281,0.5095229945662706,0.03665375279122543,0.5430887106448915,0.02807594038690689,0.25804112227255027,0.05664208432794014,0.047861689327462,0.001641737333348437,0.17736119619628476,0.028451893992490804,0.08106542692369738,0.042583051988491334,0.0665168607064999,0.025692859067160137,5
synthetic,UMAP,n_neighbors,120.0,min_dist,0.1,0.8728973765917589,0.01912105493119954,0.5257209947323782,0.011615437618865632,0.6316950769254002,0.048312875377328084,0.4921434497847733,0.03863961058049978,0.5359496106959821,0.02600321314669525,0.4317969609526676,0.07360652096925402,0.0536060253946846,0.0021705472668283837,0.09866267830776282,0.02631442043009705,0.059747103985740437,0.013547593116378378,0.06481056947117861,0.01775252492170735,5
synthetic,UMAP,n_neighbors,120.0,min_dist,0.5,0.9156551305831633,0.013805327983046378,0.5644093661152401,0.017155770265627476,0.5430243649533264,0.06698895090918197,0.48448094335649616,0.08959675784489683,0.5492048231584088,0.04975253305307608,0.543176592020677,0.08417219251834702,0.07442653096634491,0.006487562752166631,0.06812580122368575,0.023062165419403025,0.06491197677870895,0.0396283913361799,0.0903142797574519,0.057075307040067455,5
synthetic,t-SNE,perplexity,1.0,learning_rate,50.0,0.5084396882883291,0.033239849472238195,0.5145698947734016,0.030718429305754184,0.4994041102383475,0.03803712433685758,0.5026261766998127,0.036660375548197524,0.5395710902442032,0.027019875946086434,0.0550769475264804,0.00661637948945625,0.055435154817611895,0.005462577158585263,0.0539916646799574,0.005739668768848801,0.054994532414588515,0.0063579510919289164,0.05817459303990554,0.007314412693586654,5
synthetic,t-SNE,perplexity,1.0,learning_rate,200.0,0.48932792728852964,0.026396209166282467,0.48494268871030927,0.034341974746016656,0.4826121498424076,0.02738669395043473,0.48253421353541404,0.029090551218110352,0.5380111896067027,0.028336425533185303,0.05121419830538352,0.00394272582614448,0.05114928426527558,0.0045583375977035386,0.05078114501289478,0.0038444434735278666,0.05058392866012644,0.004258083216209672,0.05790475319988806,0.0038237795609256118,5
synthetic,t-SNE,perplexity,1.0,learning_rate,500.0,0.44247637791642436,0.006235182397025497,0.4896152597443454,0.020490093169373672,0.4392334221756897,0.007782581929550234,0.43946647606247985,0.007407481527109544,0.541004984064584,0.016909329668595253,0.045364861231280564,0.0014144192503474397,0.05050238801168092,0.0031733927681683836,0.04527402282424868,0.0023603654945358516,0.0445443032897984,0.0014858795330566364,0.057591271552524706,0.007093913596122132,5
synthetic,t-SNE,perplexity,2.0,learning_rate,50.0,0.6606550844421849,0.032802468256981444,0.6400403859399211,0.04813670206493474,0.6483302418877869,0.02793597572929959,0.6502732804306044,0.031756299320570607,0.5848793497309981,0.05428732324324719,0.13947720924079313,0.013265138499508052,0.12842810786315279,0.024672498341149193,0.12924179662143107,0.017734242757771967,0.13218400697746285,0.0062871750506170165,0.11653282534344393,0.034195693478247594,5
synthetic,t-SNE,perplexity,2.0,learning_rate,200.0,0.6436585936733168,0.034173924454518764,0.6550330998599831,0.010114977664493423,0.6250725042554566,0.033744227048726004,0.6309593380531359,0.0367762942200349,0.5771129002625003,0.06183704558692032,0.12219247766000998,0.012164574729890843,0.12332063945803698,0.02424755870905978,0.10561278242097245,0.015146096566851704,0.11041378681754559,0.009470568294240495,0.11679897608731656,0.041571374701821824,5
synthetic,t-SNE,perplexity,2.0,learning_rate,500.0,0.5767060207265274,0.031067674681708887,0.5956427815795148,0.023071175029304718,0.5595599492952594,0.0457653781248786,0.5599882214666287,0.0376743407467929,0.5643848694503938,0.01937526361164513,0.10738879800279175,0.013233141171985287,0.10155432680477161,0.013793680151239995,0.0951375425135753,0.021656529911634075,0.10115746437302986,0.019286731214041265,0.06628692345497496,0.008109015085806656,5
synthetic,t-SNE,perplexity,3.0,learning_rate,50.0,0.756603151512711,0.03821965673356594,0.6678485468528078,0.03635458410831007,0.7353784692772394,0.04726257582575222,0.7371695781623978,0.048241452727632084,0.6104189684722889,0.05508492942184543,0.195545934130037,0.04532847250934381,0.13407410658815536,0.02947864662325214,0.1544394548695362,0.04232586580892131,0.17681667200442786,0.048157875271221416,0.17912978584381195,0.08002051662118174,5
synthetic,t-SNE,perplexity,3.0,learning_rate,200.0,0.7551291569875478,0.027707175086665353,0.6700115520231141,0.022844333294754413,0.7325418058236626,0.0315617427258934,0.7335133670414153,0.0299008864594178,0.6137815551858685,0.04193630771823949,0.18809631277430858,0.0344879967855951,0.15893903704865514,0.04785245823275709,0.15065339266795758,0.03519914802019289,0.1615774321150834,0.031042690710831242,0.1663238364784639,0.051795917857458344,5
synthetic,t-SNE,perplexity,3.0,learning_rate,500.0,0.7415873671034958,0.06655475539176633,0.7064495859476392,0.030987949713246192,0.7073569692592023,0.08293533087997279,0.7074066337303975,0.08094650647392927,0.66079518523086,0.07946228589298904,0.19721341673471265,0.0464997733492888,0.1402328827441243,0.020012826895033788,0.1620724553340371,0.05849894416608878,0.1710975479648455,0.06385824519382123,0.15832686426252301,0.04776062191363251,5
synthetic,t-SNE,perplexity,5.0,learning_rate,50.0,0.8328248597523992,0.0040677607794620116,0.6015095650248028,0.019629527514328133,0.7779709546736198,0.02785717139322017,0.7765597118789529,0.027541989458692722,0.6352513718551778,0.05846000930386671,0.2506638866408165,0.02485778106436379,0.09735603500024861,0.00898810307615529,0.18633742904258524,0.052693557935387124,0.22105179545851086,0.05542393585025517,0.1881938598176379,0.1030937503424338,5
synthetic,t-SNE,perplexity,5.0,learning_rate,200.0,0.83218207397825,0.03488913000565312,0.5903169381853508,0.014574896761582865,0.7581777333705817,0.05803694286635007,0.759353657175887,0.0551600439964547,0.6415136254308939,0.029355126152183494,0.21428193913029872,0.05003176286689614,0.09491558174361299,0.009309165435333102,0.18373007717507822,0.09198486755779071,0.1970286967309269,0.10023835331472275,0.19298645524274255,0.10971900762005946,5
synthetic,t-SNE,perplexity,5.0,learning_rate,500.0,0.8202949834689459,0.03543174086128521,0.5828506567539067,0.03731975670081142,0.7414080884296044,0.07154716891205551,0.7375322462518845,0.06995626363493632,0.6180625990458045,0.07339403422597966,0.18646570215940952,0.0457698312424045,0.08510935442367953,0.0275466827720457,0.19455279505213077,0.057889078036621494,0.1803809215444165,0.038412181372784585,0.17048445456704137,0.1546712813257064,5
synthetic,t-SNE,perplexity,10.0,learning_rate,50.0,0.846198528690041,0.02152612891565048,0.5964784366429837,0.019235651391350552,0.6600134731656654,0.12304643126304801,0.6478970200478356,0.12464610794627688,0.643145505994552,0.07348233685225446,0.19503469472098972,0.046158595057451825,0.08731595736867574,0.013096103158007636,0.1123093660928792,0.03474052188169545,0.10787083017039681,0.03411342293671618,0.14835550437685194,0.08320818949273331,5
synthetic,t-SNE,perplexity,10.0,learning_rate,200.0,0.8416527195073151,0.02586347530078414,0.585995961406008,0.020601931435374678,0.7216377698303438,0.11771220401489875,0.7143688878933624,0.12200917891510957,0.6480456778906694,0.08906166418056813,0.21021556815377535,0.062477137322022785,0.07853818979534818,0.01047563923636758,0.1703000076412965,0.09011502892481374,0.20922791913356087,0.1350513171275416,0.20454334671829968,0.14584788179033417,5
synthetic,t-SNE,perplexity,10.0,learning_rate,500.0,0.8401911410999506,0.028756152026440426,0.5866157605836918,0.021827524907118537,0.7211800513255464,0.11541858001999923,0.7038680401577518,0.11871641577164949,0.6456971859875721,0.058410358144268475,0.19153253342632584,0.06990412235845303,0.07942328019782784,0.014731307745665707,0.17457004905086868,0.09347326645304202,0.17260215952598235,0.09857697348641675,0.23068386435182947,0.1261309746873688,5
synthetic,t-SNE,perplexity,15.0,learning_rate,50.0,0.8150120931309507,0.0346554278579009,0.5621768977994109,0.029104407750629536,0.5987718949428649,0.18448607821725327,0.5891807795140768,0.1832230998333312,0.6261188138580653,0.08389319338412554,0.14714919293630496,0.056974160308874186,0.06646331500732042,0.012752084344857587,0.10053453061872186,0.04799799916755355,0.10338314588426187,0.04564282603406338,0.10922930995049078,0.05527770429001966,5
synthetic,t-SNE,perplexity,15.0,learning_rate,200.0,0.8264332436520501,0.018747560090159245,0.5653107930459673,0.015592620230329363,0.6043603224499349,0.1933472468889248,0.5831178549646434,0.19563245809037275,0.6472913148417071,0.10229358897216197,0.1717686957943996,0.04619738458941561,0.06809382159989234,0.006331555518881582,0.11616125264212433,0.049895904073336814,0.11259020201235723,0.06080918566607395,0.14838720885050877,0.14238357306803104,5
synthetic,t-SNE,perplexity,15.0,learning_rate,500.0,0.824258241827384,0.027731027200077606,0.5697457799880705,0.014203460770985093,0.6153291235982581,0.1900241348912505,0.5942046931247426,0.1933544653676208,0.6555819258237634,0.0814966881930127,0.1597012860237078,0.02657250495592036,0.06809343671690694,0.0036761302541488496,0.12381394981553658,0.07006059605654208,0.13927212383364776,0.1018357404775118,0.12886645270786645,0.07431118567172566,5
synthetic,t-SNE,perplexity,30.0,learning_rate,50.0,0.7934536857832934,0.008850483404015745,0.5593053349876971,0.006647036486983141,0.5723207821483072,0.10688733934186172,0.5446153897780116,0.10547801420210584,0.6059553741236361,0.06113465126306914,0.211176298768254,0.057089936958145945,0.06546751941984548,0.0021907609382460546,0.10253550672311758,0.03015283316972337,0.0999841367191289,0.051074871385532,0.07256952972044034,0.020113343169614238,5
synthetic,t-SNE,perplexity,30.0,learning_rate,200.0,0.795012076352413,0.02340460957290662,0.5568273127745913,0.001986746533102024,0.5763145774451153,0.09801340389961616,0.5364177318940703,0.09778703850856559,0.5977348974286052,0.054347898881282414,0.2090408962086428,0.07678390805362392,0.0678157734606079,0.005108603922102659,0.10758166808117302,0.040841905148312894,0.10213967110445092,0.046050745874317546,0.09888445229707085,0.0669374673130478,5
synthetic,t-SNE,perplexity,30.0,learning_rate,500.0,0.816280382785556,0.007654414043298873,0.5590452676554258,0.003926843871883876,0.603179868439487,0.11062232107285011,0.571536888873229,0.11379623228040922,0.584379684882286,0.04318132201209016,0.23814147691132748,0.03523975368662244,0.06523042752114384,0.005609126558761522,0.12765653912791702,0.05142998620802322,0.16551832104176675,0.0720197910100543,0.12511135827422531,0.07510955957721337,5
synthetic,t-SNE,perplexity,50.0,learning_rate,50.0,0.8156495097730787,0.006770795855543271,0.5968209704873914,0.008583619329721607,0.5444411446653898,0.0762794431180205,0.4603260573205178,0.10194601355582786,0.561825135759342,0.030108602410278375,0.23054146125688177,0.02795640433314846,0.08718630425325039,0.0064030658719101685,0.07450707303963494,0.02751263158110343,0.06948503202154008,0.051224070390203595,0.06663018540533738,0.01460829623783735,5
synthetic,t-SNE,perplexity,50.0,learning_rate,200.0,0.8167073965666078,0.012798429419905085,0.5980751661704414,0.007358511419122984,0.541177635216137,0.11198526135530594,0.46042035270163817,0.12362454594690336,0.5392861906763344,0.028281515230762003,0.23367854663331214,0.021141909992567685,0.08889055871926106,0.0027895441585903385,0.14805546364192798,0.06515752948924236,0.0879665877009748,0.05062617678845776,0.0711317456089403,0.029311221025936023,5
synthetic,t-SNE,perplexity,50.0,learning_rate,500.0,0.8269621031561268,0.01787763941741541,0.6014346488545712,0.009342623367978692,0.5961304497738672,0.10852234728318577,0.5162599129697256,0.1313923976410434,0.5668830259085789,0.02451354352650501,0.2591016413804323,0.01902761239448447,0.09636014740859503,0.006150486235764516,0.1355635105345045,0.026561248122440928,0.0748907063882388,0.04328270283039269,0.07938420421760756,0.022225813787407418,5
synthetic,t-SNE,perplexity,75.0,learning_rate,50.0,0.8458554075968184,0.01722567130619026,0.6510756300970051,0.01153893829500298,0.6084405272152074,0.04274335745250128,0.5149146098276928,0.05993188470476216,0.5605466111968215,0.029970295011829018,0.32127973900820656,0.020154450495367893,0.16772641245222966,0.02076900451203315,0.1636339187966077,0.021160077898266183,0.0859326660739412,0.039381455276540765,0.07960704439219937,0.028937921601555835,5
synthetic,t-SNE,perplexity,75.0,learning_rate,200.0,0.8443369499471057,0.020937486118065403,0.6478030602374666,0.01497672314627475,0.6519466878747382,0.044789200923648693,0.5233604222822335,0.06673279504947485,0.5603898996559561,0.02180617548510355,0.31982780696637503,0.03672255675114007,0.16828346464417376,0.01990568549240697,0.17984759708494052,0.030393846194630782,0.08169177431352084,0.02400007333656279,0.08057897223502626,0.030795656436894123,5
synthetic,t-SNE,perplexity,75.0,learning_rate,500.0,0.844753393249491,0.012606879008646817,0.6468245359266241,0.006011659364447711,0.6702586159887718,0.05008823915532466,0.5409314101773575,0.05300936204670323,0.5632278214998503,0.029972547188778214,0.33516049312592394,0.024865827800642486,0.17587105947530385,0.014328591568146845,0.18359064353294632,0.0256507715257303,0.07622589252012305,0.016659237400984232,0.09018604459393606,0.03917777148909678,5
synthetic,t-SNE,perplexity,100.0,learning_rate,50.0,0.8773666756431842,0.018401106019968905,0.6925284333292225,0.012694085037791136,0.6689200242617653,0.040532762827337566,0.5168257691491351,0.041479373537407355,0.5640949363212553,0.02007206377546485,0.421724179247885,0.04508022116271487,0.27893541808693945,0.029190187016117475,0.19237512574001953,0.06329517300980315,0.07956477639415575,0.023997690224863165,0.07583062015993236,0.020902467836058407,5
synthetic,t-SNE,perplexity,100.0,learning_rate,200.0,0.8697948572104508,0.017244603556323228,0.686519703456127,0.015067844758006366,0.7062961462215991,0.06001326952272756,0.4940688708631466,0.06642284225874043,0.5575502999583053,0.03063104707841382,0.41756205853944584,0.04011375145848702,0.2791588615880537,0.030723767271117843,0.22295578912202796,0.059578623143861115,0.06351472424051106,0.024086914493656818,0.07077248961701817,0.01646545461640601,5
synthetic,t-SNE,perplexity,100.0,learning_rate,500.0,0.869730259840822,0.014353844349402716,0.6855167663731262,0.01316701535865188,0.6777606357052314,0.04248688578964366,0.49458866995693784,0.029817822604506317,0.5619764781681864,0.013395383943293105,0.42231921590936433,0.042733619934577007,0.2755516490592439,0.031766094656526335,0.16624947530007445,0.04544413327847952,0.07121209667574711,0.027474953363389957,0.08944413131157124,0.025224314253977122,5
