dataset,method,param1_name,param1_value,param2_name,param2_value,AUROC_kNN_mean,AUROC_kNN_std,AUROC_LOF_mean,AUROC_LOF_std,AUROC_IF_mean,AUROC_IF_std,AUROC_centroid_mean,AUROC_centroid_std,AUROC_linear_mean,AUROC_linear_std,AUPRC_kNN_mean,AUPRC_kNN_std,AUPRC_LOF_mean,AUPRC_LOF_std,AUPRC_IF_mean,AUPRC_IF_std,AUPRC_centroid_mean,AUPRC_centroid_std,AUPRC_linear_mean,AUPRC_linear_std,n_seeds
thyroid,DR-SNE,lambda,0.0,k_density,40.0,0.5902099379863333,0.018891115652764336,0.5890765098550381,0.025716535613062877,0.509962574554647,0.025020892044834264,0.46289686771734406,0.050680064680044046,0.6095949362088715,0.04443071440732845,0.10757354877847244,0.016355985699062457,0.10538808099456429,0.009833528465459486,0.08401960983181078,0.009881261621885237,0.07751035042970136,0.00829947704133012,0.11737683783425971,0.029771998426329493,5
thyroid,DR-SNE,lambda,0.0,k_density,80.0,0.5583467630445945,0.059003551183169904,0.5795337125251807,0.0557983886640016,0.516304163210491,0.04402924771257905,0.5037215112375083,0.0420057448332073,0.6374442074495399,0.05353521257652649,0.09986748440312394,0.021140050649697508,0.10837893755454434,0.021770859177450152,0.08188080043064626,0.005664672835988058,0.08072031888472604,0.006034507597244549,0.12758522872984196,0.026377044566616943,5
thyroid,DR-SNE,lambda,0.0,k_density,300.0,0.5621035272741637,0.058214132068044155,0.567321957577912,0.04259250080359434,0.5162816486945531,0.07555186229755168,0.5059541019868072,0.09593234415901757,0.629106529209622,0.036351337750375724,0.09603519904661476,0.018813727614486582,0.09767445298884529,0.015354168571163312,0.0830447939361974,0.01732553009408354,0.08183151845453368,0.024124745784479786,0.12309900409327368,0.03862218121817646,5
thyroid,DR-SNE,lambda,5e-05,k_density,40.0,0.5771193269344709,0.022416062610482887,0.5832550262669353,0.030878365774816372,0.5022167910889916,0.027014642010917238,0.46846012560729944,0.05294825508090467,0.6103389027135917,0.04363570896948197,0.09927582221561712,0.010662120871000925,0.11155909029683793,0.011015125455998791,0.07830691287621344,0.0029177227514639117,0.07447538676412849,0.004194961077100769,0.11046100608188487,0.01771853056071052,5
thyroid,DR-SNE,lambda,5e-05,k_density,80.0,0.574647865070901,0.0441772402884923,0.5726958170399337,0.04587794712966705,0.5291434609155903,0.03469534235026089,0.5089528775131333,0.031758962747313206,0.6403090808547616,0.059600697344099694,0.1070457053739035,0.02235228156799675,0.1058529868745353,0.012526277372784524,0.085510899633148,0.00559345186029277,0.08220162253048126,0.0057652791485843435,0.12455435011822566,0.01885131736683026,5
thyroid,DR-SNE,lambda,5e-05,k_density,300.0,0.5754113836552515,0.052589516021019946,0.5547660662795749,0.03638142871447468,0.5261810246079709,0.07234203344471357,0.5097699174467749,0.0967516948068931,0.6317415175573725,0.03681488137114172,0.09985979635768157,0.015035451307983835,0.09649873964196695,0.012750653877685366,0.08169323831385222,0.015558949950449267,0.08369263232558136,0.02450762976065262,0.12390395109659391,0.036460324797411035,5
thyroid,DR-SNE,lambda,0.0001,k_density,40.0,0.5967958288896789,0.03720579081329908,0.5854266895761742,0.04166633975304291,0.5185470237389895,0.04837973021987818,0.4687877710629221,0.07385422038299831,0.6177615831259627,0.04691782844818655,0.11638238872970316,0.032530333611520044,0.11157189276663033,0.02116160362417079,0.08244095567974045,0.011235052830574112,0.0767852849948518,0.012637167394024151,0.11782690735359,0.02856998979232131,5
thyroid,DR-SNE,lambda,0.0001,k_density,80.0,0.5555820199865702,0.046060988626889184,0.5670993798633329,0.02568437583788797,0.5130824149780779,0.03307070836711341,0.4952905162539006,0.02883720875622922,0.6211922818659399,0.04005254463553961,0.09601369275533198,0.013135017779151204,0.10573400772721486,0.017345168019788627,0.08048934482088298,0.002058987220986681,0.07758120280731282,0.002812594581377368,0.11334114173181098,0.012869046649318162,5
thyroid,DR-SNE,lambda,0.0001,k_density,300.0,0.5585746731445275,0.047352881523839076,0.559932752695817,0.04341895225336624,0.5158787573567168,0.07828468378017794,0.5153709957735908,0.10032039405397572,0.6351623415096576,0.028414440680703736,0.09763013996428678,0.016916437144596116,0.09746753857571763,0.014072880289762025,0.08291549722462241,0.015411217344199759,0.08530728239317727,0.02554411419015696,0.1301251966541157,0.04443047912909783,5
thyroid,DR-SNE,lambda,0.0002,k_density,40.0,0.5772943081723743,0.046763658108306815,0.5746955602954537,0.04113826442251516,0.5010710194730812,0.032800421717699625,0.4531960737844137,0.046927000941170964,0.6059300075048386,0.04340183645980478,0.10065091600808387,0.020505091661411057,0.10183379572254396,0.0174751073462576,0.07706925696416006,0.006479845986691393,0.07323109678038611,0.007763437802317518,0.10884279711831431,0.023220624374592665,5
thyroid,DR-SNE,lambda,0.0002,k_density,80.0,0.5334492633408382,0.03465486802157559,0.552348125765296,0.02580811384052885,0.5019981632894892,0.028088028019157142,0.4964225619149188,0.01944134932400184,0.6292992850653711,0.061194014751734194,0.10326068367768074,0.0112249171564168,0.09949867794032911,0.005792276736518185,0.08766460089728287,0.0056167073534253275,0.08803588168024847,0.008377216891515896,0.12444815253000044,0.0227853073218168,5
thyroid,DR-SNE,lambda,0.0002,k_density,300.0,0.5592349014496188,0.06472289874196134,0.5762802662242762,0.05272641090922777,0.5268854919619228,0.08117033790203085,0.5175455227712604,0.09827623950189131,0.6389457676659951,0.03546516527498543,0.10294172401515514,0.03248298330744369,0.10624129845808672,0.026489094502711037,0.0886796800546038,0.022936078916580713,0.08920970840324376,0.03162575058657496,0.13182216938550245,0.04782958633096408,5
thyroid,DR-SNE,lambda,0.0005,k_density,40.0,0.5928311016313149,0.028849531464595467,0.5822143223920686,0.019758104453614776,0.5058346170557333,0.03527038191689095,0.45194118576450604,0.05120842154199693,0.6107056523284748,0.054445622083082935,0.10472946620665675,0.021788451639361293,0.10772476745335494,0.009502053636633591,0.07852161840803688,0.00566723735119209,0.0740806990019695,0.008454118553309036,0.11395743082833491,0.02715720207672155,5
thyroid,DR-SNE,lambda,0.0005,k_density,80.0,0.5541764427064818,0.05152364449013172,0.5770243314768732,0.04999087179200323,0.5123739977090492,0.04888662461711484,0.5007820831852114,0.044305091545799036,0.6404398230438046,0.061423324381741674,0.10172903009620567,0.018486931122038336,0.11087897804966913,0.01952476361923309,0.08326750226187928,0.006680446643736425,0.08119605328609067,0.006751329562562931,0.1271391604415963,0.028078848115819097,5
thyroid,DR-SNE,lambda,0.0005,k_density,300.0,0.5723930560492949,0.05464099286427978,0.5676689576174112,0.04398253283132427,0.5282658885333965,0.07047818450844817,0.514583086463641,0.09838811394746443,0.6393662361259232,0.028725310130027135,0.10279239577138961,0.019938425822155166,0.10029696463562102,0.01644507005621807,0.08952252874161137,0.018605803324395986,0.08953784143867356,0.027273261307189264,0.13708290148778662,0.048550822655894096,5
thyroid,DR-SNE,lambda,0.001,k_density,40.0,0.5668236757909705,0.03241551386034312,0.5627543745309476,0.02646195418186453,0.49311322431567717,0.02358496664631746,0.443652288975787,0.04108846774851849,0.5964735158194099,0.0556703968142195,0.09573664360534609,0.016532324916821012,0.09870913017513983,0.005666304049617917,0.07717109295990439,0.008122059278002209,0.070014433347743,0.007706720145529527,0.10417173794901127,0.027192942800456726,5
thyroid,DR-SNE,lambda,0.001,k_density,80.0,0.5584589406327763,0.04986055545071526,0.5640611051862384,0.03846209647527278,0.5183766836513015,0.04615621603290544,0.502843543863807,0.04319569675914917,0.6413032744795987,0.06735360365910681,0.10213887676589695,0.013500074487083662,0.1075368226362862,0.017024377022221197,0.0839482391694248,0.004444504311943823,0.08208498875002375,0.005408479254129681,0.1274211192022321,0.029918914076858254,5
thyroid,DR-SNE,lambda,0.001,k_density,300.0,0.5894551092151519,0.05979833161487955,0.5708716475095785,0.037946616044552496,0.5260382351779437,0.08210068920029638,0.5127121104396256,0.09831374495011166,0.6340684125291306,0.048001718939854186,0.10963930443587644,0.029175961709321515,0.10442882645367071,0.01315967251774579,0.08844477627901494,0.024984550994511096,0.08677011391501399,0.027950446955673846,0.13461750984460358,0.050501612259814185,5
thyroid,DR-SNE,lambda,0.002,k_density,40.0,0.59077892325315,0.03185450145889503,0.5827977248489158,0.04231579838180028,0.5112093652486471,0.02268804066556507,0.4654872220247265,0.03781994007946492,0.6316313149267291,0.03482299660914213,0.09910311643431914,0.009950974794996265,0.10864685246757647,0.01442402322298072,0.07501827777207733,0.002832050940934501,0.07001910471730355,0.004982398914370873,0.11131035832505236,0.014807974380006193,5
thyroid,DR-SNE,lambda,0.002,k_density,80.0,0.5583019315084725,0.04636915503075663,0.5644530355097366,0.030969569596365102,0.5190578465063,0.029509125619163832,0.5032997590551803,0.02559288184420786,0.6346441126515779,0.06873508227577317,0.09873854627027359,0.011057803741645163,0.10342767135333641,0.010835542785689236,0.0841394320703797,0.002131037283190313,0.08110916268327027,0.002737433525341659,0.12757540752912416,0.029729816175451555,5
thyroid,DR-SNE,lambda,0.002,k_density,300.0,0.5857066398072441,0.050365204676168514,0.585712959671367,0.03942425057599168,0.5186700635936328,0.08140655947198401,0.5075046411502153,0.09777633418237423,0.6413552158628589,0.03296935166159882,0.10466569390028942,0.01953665556645433,0.10084926056841055,0.015749582345078148,0.08512553844366386,0.020373719550283265,0.08470733601704217,0.027049721852973288,0.13408833152166943,0.04816488001389131,5
thyroid,DR-SNE,lambda,0.005,k_density,40.0,0.5878601335071296,0.026734534788361835,0.5737014654184935,0.030576784357919523,0.5073019117588972,0.0332505369208524,0.45548761701623414,0.0355779445652234,0.6063400086898132,0.042336852420548056,0.09749880209521247,0.010626077483274701,0.0984713571214501,0.009729691308123487,0.07655286553326064,0.007186299587012316,0.07025651622129564,0.006769820381076482,0.11027010631274967,0.026641612905083014,5
thyroid,DR-SNE,lambda,0.005,k_density,80.0,0.5578318916143303,0.05383417001672751,0.5601770549433187,0.03231101519624841,0.5239088359600268,0.045733706167404665,0.5142543547813723,0.04075641799407692,0.6417839791444484,0.05994096108197246,0.10490360420554327,0.019002265839898475,0.09754251803409693,0.008275151980175864,0.08578259325426099,0.005116663181608478,0.08465407396940798,0.008724752456035307,0.13093773138213183,0.029021849977665708,5
thyroid,DR-SNE,lambda,0.005,k_density,300.0,0.5880179326144488,0.04345485689309431,0.5874124106331713,0.04521854289025455,0.533450645811115,0.07568604559670683,0.5141444483943595,0.10130710558669848,0.6373241300312043,0.04193516013484666,0.1103286781702479,0.0265404054702604,0.11250528738565295,0.02352760578316004,0.08939300363267452,0.02426933103956588,0.09162686785002286,0.03601440424746217,0.13796178659036876,0.05393887438270737,5
thyroid,DR-SNE,lambda,0.01,k_density,40.0,0.5770174191254889,0.031047100656407083,0.5774995062606154,0.040238951292755794,0.5029151360745744,0.03818326288236533,0.4570349962475807,0.03915553222841677,0.6041726902871588,0.0512533386187321,0.09730311592462063,0.016012450056789005,0.10250008623536958,0.012585427578087076,0.0750312999572357,0.007116301562910134,0.06930374006524995,0.006802473239938427,0.10830647070041377,0.02269353365868916,5
thyroid,DR-SNE,lambda,0.01,k_density,80.0,0.5515582414978077,0.05207974170685299,0.5674073744914484,0.0401354957420314,0.5180189200932179,0.04601132718535672,0.5039505075640873,0.040005081088930694,0.6411826045740017,0.05635129032128023,0.10287409597234301,0.026860761955117832,0.10451210742867356,0.022535582312230736,0.08190316337227302,0.008501486417412387,0.0809035226091272,0.006354216461106206,0.12645414591570434,0.02452428635677518,5
thyroid,DR-SNE,lambda,0.01,k_density,300.0,0.5833295809140104,0.07114896146304439,0.570256250740609,0.04182720880378207,0.5233633526879171,0.09359225545606861,0.5111897144211399,0.1053933491001612,0.6313133467630446,0.03833499349870344,0.11377683287488156,0.043709432384846786,0.10221505733372982,0.018715343956042105,0.08862966801745223,0.026499708354757755,0.08848609618223399,0.03191597219619569,0.12933605095929743,0.05143200422259939,5
thyroid,DR-SNE,lambda,0.1,k_density,40.0,0.5814750957854405,0.022113309542797353,0.579173677765928,0.028107944652061245,0.5086278982501876,0.03098902789735686,0.4659256625982541,0.04057112927434807,0.6066506695106055,0.050051997320474585,0.09326001040400936,0.0059772627818429815,0.10226120671244203,0.009085449991419475,0.07556035708162245,0.004468753523974949,0.07053050118161736,0.005199105581100238,0.10716088743759589,0.02089329434836693,5
thyroid,DR-SNE,lambda,0.1,k_density,80.0,0.5458004502903188,0.03809384146671466,0.5595677805427183,0.0548928677360844,0.515614606785954,0.03575429170253519,0.5066856262590355,0.04423835841673919,0.6368740372082,0.04410071576326649,0.09441906605168227,0.009950451095489152,0.10694240668978547,0.015009414005849257,0.08038107449524157,0.006970398622344053,0.08573596157852266,0.011018039185089375,0.1285029992833837,0.019976306491744398,5
thyroid,DR-SNE,lambda,0.1,k_density,300.0,0.5978490737449145,0.03434474838550481,0.5717225579650037,0.02513971492466001,0.5539979065450092,0.05279680882042839,0.5275864043923055,0.0729559979075079,0.6464286842832878,0.04316056672888711,0.13142449623963615,0.022047020254885395,0.11041434375676085,0.017944256182050637,0.09481413305260754,0.01888459407031305,0.09151618521569979,0.012769885742607349,0.13430865828101346,0.01855342049521792,5
thyroid,DR-SNE,lambda,1.0,k_density,40.0,0.5553947940119288,0.011672099833735369,0.5565871746257456,0.031172189039787607,0.5208099300865031,0.011093344863625915,0.49707745783465657,0.03502823408481122,0.6232304380455821,0.0436382303200663,0.08976542838445706,0.00863045230655978,0.09810808491801223,0.00751808993639339,0.08295293566516912,0.00816746170951918,0.07726577675049846,0.0051081633379343894,0.12003524581499284,0.01940115351695685,5
thyroid,DR-SNE,lambda,1.0,k_density,80.0,0.5662223012205236,0.03085533686962871,0.5747753485800056,0.04591782392538062,0.5428450250819608,0.02402393961127578,0.5410073270924676,0.04095312855849541,0.6221574436149624,0.04707136228333799,0.10846427503661989,0.013179155465212401,0.11530262352133361,0.02254891445604623,0.09256984420677247,0.010084546231136134,0.0931547919079263,0.014340325805854105,0.12686869692258126,0.027184506032448656,5
thyroid,DR-SNE,lambda,1.0,k_density,300.0,0.6075881818540901,0.033958510628673506,0.6101772524390726,0.016605550204907754,0.5402583244460244,0.02781202401608857,0.514477228739582,0.03379680562921055,0.632208792510961,0.032161509259909765,0.1304672872342826,0.014053640725480807,0.12256724951848282,0.007399035731330498,0.09228875588439338,0.008520544205768041,0.09392127789842022,0.005270920004291387,0.12583441480134272,0.025727880331515317,5
thyroid,DenSNE,perplexity,5.0,dens_lambda,0.0,0.5469413832602599,0.015513449148894532,0.549758561440929,0.02166672530092397,0.5362522218272308,0.028503328945015255,0.5353987439270056,0.032607326900464854,0.5680485444562942,0.03587990725626626,0.10613794635895094,0.009902118685237134,0.10266740841641879,0.017878118949603457,0.09736123397825443,0.007645415991078396,0.09149793603747026,0.004876366547900023,0.12189092840007851,0.009947942936644041,5
thyroid,DenSNE,perplexity,5.0,dens_lambda,0.01,0.5486281944938184,0.018659385253971275,0.5576541454358731,0.023387685112220995,0.5359722715961606,0.03138375345997976,0.5328544061302682,0.03560244346384934,0.5711095311450805,0.03606928373417415,0.10501568428715499,0.006531809588617353,0.10533192663538937,0.01764005700086673,0.09462423046900448,0.006821948339803899,0.09026937318439669,0.00363799632864973,0.12572966336351932,0.013207022288294143,5
thyroid,DenSNE,perplexity,5.0,dens_lambda,0.05,0.5549636607812932,0.013941380952615578,0.5524829166172928,0.03755383065760376,0.5369519492830904,0.03401199653328904,0.535140616976735,0.03392176638522394,0.5710903740569577,0.03733541898638004,0.0892432238962096,0.0058234476045129265,0.10276660394078203,0.02000556779195904,0.0856900841136499,0.007147050677334611,0.0842360318098912,0.006377753619098549,0.11785099812287336,0.011307385631356791,5
thyroid,DenSNE,perplexity,5.0,dens_lambda,0.1,0.5612691077141841,0.010119004692867313,0.5518348343010626,0.03612928772648799,0.541220721254493,0.03474691051113093,0.538088636094324,0.03480665561833446,0.5700150096772919,0.03742313881804738,0.09445968057918458,0.007525069219535669,0.09968131148442184,0.01902161295660163,0.09014455521962074,0.004280825618326915,0.0880727626563758,0.00704082227953115,0.11830262663586291,0.01097613107997248,5
thyroid,DenSNE,perplexity,5.0,dens_lambda,0.2,0.559885452462772,0.009270717730939234,0.5472980605916973,0.03199539862497828,0.5401576016115653,0.03445110138704868,0.5384909349448986,0.0341013964940663,0.5701068452028281,0.03724758447936511,0.09610452766632542,0.010013906911517427,0.09595923454027497,0.011745893927408714,0.08952241806211586,0.005147766893275922,0.08866769754447172,0.007706621428800374,0.12432111949661673,0.014602171680256588,5
thyroid,DenSNE,perplexity,5.0,dens_lambda,0.5,0.5696593198246237,0.011860668800047746,0.5606221116246001,0.043127438633958265,0.5416198601730062,0.03431416277055521,0.539349251491093,0.03486848871593061,0.5690312833274085,0.03657966041773265,0.09810340190899332,0.00797027255140823,0.100619210695075,0.019662010172785516,0.09037333102917929,0.004216357025405208,0.08888940718601805,0.006672726916751223,0.1243009769422269,0.01814987344256478,5
thyroid,DenSNE,perplexity,5.0,dens_lambda,1.0,0.5705405458782636,0.01113937909626821,0.5666330923885136,0.028742142630285877,0.5432235256941975,0.027359861975216244,0.5401056602283051,0.027992560853641837,0.5698501007228345,0.03588122819729615,0.09600303459272086,0.0042927809707563784,0.09463830722431994,0.008958335648747704,0.08927092456688798,0.0025361357649851483,0.08854506280098196,0.00378641872142006,0.11796180759656753,0.012339689206872222,5
thyroid,DenSNE,perplexity,10.0,dens_lambda,0.0,0.5562110439625548,0.010093136251113898,0.5408552553620096,0.016000183789880933,0.5380377809377098,0.03876608322834274,0.5307807007149347,0.04176653512842716,0.5927126041790102,0.04539159255316002,0.09931615888101977,0.009640255469932139,0.09637067542406712,0.014732275415053212,0.08686437791008046,0.014643279378750797,0.08572287682860542,0.010866053900713098,0.11878117987974506,0.012116002370425222,5
thyroid,DenSNE,perplexity,10.0,dens_lambda,0.01,0.5626802148753802,0.012618733288561517,0.5447506616107753,0.011799825436041531,0.5412025516451396,0.0340955619386542,0.5339455701702412,0.04047424596643203,0.5927396610972864,0.044516272558742576,0.10167480893706853,0.00854211906832038,0.09889389585607333,0.017328373375289294,0.08874426639201924,0.013437867605281905,0.0895692769333621,0.011768430284962644,0.11828461240009994,0.012223020139969792,5
thyroid,DenSNE,perplexity,10.0,dens_lambda,0.05,0.5779811984042343,0.0068953272704321885,0.5548097128411739,0.021242685458803874,0.5456051269897697,0.036812448929273475,0.5379450566812813,0.04152458900151816,0.5935807955128964,0.043646269742120686,0.1014098186673841,0.01280629252829506,0.09782710282918232,0.016487253123572652,0.08495398731923307,0.009128619575326272,0.08832380325386155,0.01308131202880751,0.12397615964790043,0.015389979339712253,5
thyroid,DenSNE,perplexity,10.0,dens_lambda,0.1,0.5804852470671881,0.005767243193780344,0.5564631472923331,0.020296665362465115,0.5457299443061975,0.034103518018373837,0.5379120748903898,0.0393578034615774,0.5938203578623059,0.04391009988361393,0.09974997272293178,0.012654366353989012,0.09825194318500308,0.014188930897061903,0.0850853216928293,0.007190217000783044,0.08507222208048026,0.00891128056038092,0.12221292290409413,0.014656912514446218,5
thyroid,DenSNE,perplexity,10.0,dens_lambda,0.2,0.5826462456057195,0.006067766024864175,0.5697653750444366,0.022195828814181535,0.5470621519137339,0.03426654917945283,0.5374039183157562,0.039211022591954525,0.5945131729667812,0.04409682352788112,0.09794018016582834,0.01168803785762431,0.10238326815206047,0.008092323997955527,0.0850715473797834,0.00845741236168546,0.08461603631009532,0.008108528151670168,0.12431696135613227,0.013696419290630249,5
thyroid,DenSNE,perplexity,10.0,dens_lambda,0.5,0.5858942607733935,0.00360625533564346,0.5678963739779596,0.02636610513043634,0.5497189635422839,0.038046289252663706,0.5398818975392029,0.040491024799308876,0.5937648615554766,0.04422761494329016,0.10050953165034734,0.010788002501123828,0.10424582869770035,0.010818905669385502,0.08887269034008638,0.011813334027627355,0.08760499901884924,0.01015259193047931,0.1290042769179872,0.021884378889346977,5
thyroid,DenSNE,perplexity,10.0,dens_lambda,1.0,0.589585851404195,0.003664007631438092,0.591251826835723,0.02721247350177339,0.5514801319271635,0.037774502498416636,0.5404631275427578,0.041330735220935715,0.5916151202749141,0.044157142238802585,0.09774761533622568,0.007263238894260781,0.10441700921007928,0.009573028052264083,0.09070233265118595,0.013422544224091115,0.08655026599309938,0.011218698081731605,0.12127445000080284,0.017240888229147194,5
thyroid,DenSNE,perplexity,15.0,dens_lambda,0.0,0.5712426432831694,0.021242955471425313,0.5511481415649564,0.02011939376697639,0.5283194098826876,0.053117697838539646,0.5150853181656594,0.06287384439566804,0.6253175731721768,0.03510455601869479,0.0997181650912113,0.012893310134087505,0.09318967758119663,0.01763023528638934,0.08605233839819107,0.014116784242174385,0.08478026791161383,0.016202255860449124,0.1432381689931809,0.05480617871063728,5
thyroid,DenSNE,perplexity,15.0,dens_lambda,0.01,0.5806807678634909,0.01770139402202679,0.5546529012126239,0.020364661697657892,0.5273694553067109,0.05492577865025389,0.5119194612315836,0.05970861821215201,0.6256963700280445,0.03482688533243977,0.09686184043347924,0.013757600589224943,0.0944551072376983,0.017361932710568222,0.08661415483799187,0.015591600313393572,0.08398559511618507,0.01617156559499725,0.14309258922653478,0.05382647728147706,5
thyroid,DenSNE,perplexity,15.0,dens_lambda,0.05,0.5998380534818502,0.010666201198500813,0.5658280996958565,0.020258102960033688,0.5316381285302366,0.05336452262066927,0.5172550065173599,0.05809863954789739,0.6259057155271162,0.034824514522273045,0.10079573803111115,0.009659628125790713,0.09971384363926881,0.018293076397352465,0.0863528361583637,0.01391305093480245,0.08455713920005783,0.014880020218179116,0.13861734367311934,0.04362626557118203,5
thyroid,DenSNE,perplexity,15.0,dens_lambda,0.1,0.6018090611051863,0.01130421180797126,0.5696362128214243,0.02738195185607236,0.5357984753327802,0.05051036264109881,0.5169751550341668,0.054910279659334836,0.6252365999131019,0.0345800357137063,0.10053951110860342,0.009475657533122097,0.10140639797663673,0.015279365645619542,0.0840511899153292,0.013621439246720081,0.08323099993982201,0.012802591829190552,0.13798917951426468,0.04953692195511484,5
thyroid,DenSNE,perplexity,15.0,dens_lambda,0.2,0.6024750167871391,0.009340362478396346,0.5756810641071217,0.025630656203129498,0.5340639688746692,0.04774291372561509,0.5167833866571868,0.05454776516121739,0.6247110637121303,0.0335092191468729,0.09840763775121895,0.006776016867419048,0.09821349918611041,0.011716870583714623,0.08244974575405922,0.010945641867199853,0.08107095088147022,0.012569912688154172,0.13985277780545746,0.044163742973185344,5
thyroid,DenSNE,perplexity,15.0,dens_lambda,0.5,0.6012412608128925,0.009126326465297119,0.5813035707232295,0.02421524871358107,0.5330033179286644,0.04686933119348564,0.5173636291819725,0.0537756443444679,0.6260439625548051,0.03248429538424643,0.09990345491856394,0.011228005841234989,0.10453813447651131,0.016815462253370234,0.08476726028491802,0.012358356680962326,0.08806681973312985,0.021773234490793474,0.14420784475094614,0.05043953367505215,5
thyroid,DenSNE,perplexity,15.0,dens_lambda,1.0,0.6043569538254927,0.011957384236898511,0.5952956511435004,0.03246699622699359,0.5334833313583758,0.04679109796116795,0.513884938973812,0.05677940404453414,0.6248698502982186,0.033454907183021645,0.10057288781511013,0.012974284239124747,0.10654399410233324,0.015538879067016976,0.08958926837948125,0.021929646982451985,0.0852610142370113,0.019539407189384655,0.14103342549394576,0.05233894267842441,5
thyroid,DenSNE,perplexity,30.0,dens_lambda,0.0,0.5554133586127898,0.01351147925420562,0.5543742347039539,0.00812892265354896,0.5015770035944227,0.07614930665759718,0.46896018485602553,0.09319021572808296,0.6105984121341391,0.0314076842273873,0.09015005722964435,0.002659833982088784,0.09083195922105122,0.005160216776152761,0.07799130566329292,0.012160435327055949,0.07676473720338059,0.013044713021698273,0.11536698722781766,0.02300087261640881,5
thyroid,DenSNE,perplexity,30.0,dens_lambda,0.01,0.5795062606153968,0.009283613201238666,0.5561018288106806,0.012829436305493658,0.5012505431133231,0.07243909885574926,0.4646364103171782,0.08924674679678694,0.6100088873089229,0.030216663897278513,0.094818088764028,0.002687880831632726,0.09086087073495676,0.0030557004305379032,0.07765621321847138,0.010214926251915443,0.07605768732827206,0.013046154256540298,0.11237821754744162,0.02067381556846352,5
thyroid,DenSNE,perplexity,30.0,dens_lambda,0.05,0.6266064304617451,0.006394052959303547,0.5645214677884425,0.00666420213880291,0.5067295690642651,0.06642814848185676,0.46630031204329103,0.08446191205056378,0.6108677963423786,0.030823655725833385,0.1059456458841943,0.0033760129424074943,0.09426222607381787,0.0026792560858219443,0.07804711655659928,0.009734297812004987,0.07516588888628747,0.011517573933268242,0.11298074764409005,0.019624292698588307,5
thyroid,DenSNE,perplexity,30.0,dens_lambda,0.1,0.6291734802701743,0.007397801565189617,0.5646970415136074,0.008492848099538895,0.5112339534700003,0.06632812269862043,0.46811055812300034,0.08373380726325776,0.6092341114666034,0.03089076167434538,0.10697014516161021,0.0023146834002440568,0.09468278875059452,0.00459929769589173,0.07887148499215431,0.010199190890806703,0.0753603045561369,0.011540322726813709,0.11250008940338727,0.02018610292719197,5
thyroid,DenSNE,perplexity,30.0,dens_lambda,0.2,0.6278846229806059,0.007084017677549092,0.5746074771892404,0.006598112281302933,0.5146127108267173,0.06329523494077272,0.47327151716238103,0.08193862055129654,0.610418098510882,0.030866936687922633,0.10751025495173147,0.006522918081425803,0.0966235426855798,0.0023134626379003697,0.08024953537621275,0.011083328020921853,0.07639833848153996,0.011544987567714979,0.11403725643566558,0.022081307333357454,5
thyroid,DenSNE,perplexity,30.0,dens_lambda,0.5,0.6254066437571593,0.008592582169604367,0.5891888849389738,0.013556634384075013,0.5149681044357546,0.06094415066294254,0.47518663348738005,0.0789667249369992,0.6129114824031283,0.02964947947142451,0.10794575681569132,0.010362522212835831,0.10232990726759217,0.006342161671264911,0.07905691021758385,0.011192991853854414,0.07656023375492978,0.0119550970238348,0.11662578904917986,0.023484090888741673,5
thyroid,DenSNE,perplexity,30.0,dens_lambda,1.0,0.6238108780661216,0.010425643350674972,0.599228581585496,0.008597205766076168,0.515708121025398,0.06410950042837772,0.4768207133546629,0.08163696935163803,0.6120403286329343,0.029387109811693044,0.10795713226853425,0.014009135974887486,0.11280599166224163,0.006755870192797112,0.0800497492759002,0.013483465017330741,0.07948301348010171,0.018791358439479443,0.12153151561078664,0.027320868458312053,5
thyroid,DenSNE,perplexity,50.0,dens_lambda,0.0,0.5714444839435953,0.012085408470004388,0.563173263024845,0.01003187950242974,0.4746175494726863,0.08190594505692349,0.42549117193980324,0.10418347983499125,0.609300667535648,0.024197350632465052,0.09531108668015217,0.004057358724826505,0.09151898771609862,0.0025774034591471316,0.07332702930431514,0.010822301825926523,0.0729209164580414,0.013535996419821941,0.10716640831284263,0.014724551374738394,5
thyroid,DenSNE,perplexity,50.0,dens_lambda,0.01,0.594741083066714,0.013002946501850412,0.5687671327566457,0.009656700933438421,0.47864399415412573,0.07383720976754687,0.42640044239048863,0.10481538828990275,0.6090636726310384,0.024302944085053003,0.10243476805297043,0.005564435642724601,0.09413519586997145,0.003071147214398567,0.07609385337575544,0.010725424115262486,0.07388346976801782,0.0139353584357301,0.10968985901685058,0.014180687580554982,5
thyroid,DenSNE,perplexity,50.0,dens_lambda,0.05,0.6372694237073903,0.00876455972176424,0.574756092744006,0.009947761572502127,0.484866789114034,0.07817858542276751,0.4280625666548169,0.1056667561470081,0.6078579610538373,0.025081901592072596,0.11432230676487705,0.0038740715264527605,0.09856713819775276,0.004196716136976293,0.07722679661210398,0.014396855760241288,0.07334722903136515,0.01467343579452071,0.10709796614845016,0.016827420508703665,5
thyroid,DenSNE,perplexity,50.0,dens_lambda,0.1,0.6580266224276178,0.008271382258270045,0.5825144171900305,0.011032588112986932,0.4988036694711064,0.07420273674823602,0.4287565667338152,0.10208374449309993,0.6084198364735158,0.024618645812642156,0.12052367808039195,0.004927867157199795,0.10336414408675851,0.00420071422008498,0.07961712946021654,0.013727999854711402,0.07574624970128493,0.01509824253176087,0.10881611026422547,0.018027618083285606,5
thyroid,DenSNE,perplexity,50.0,dens_lambda,0.2,0.662029663862227,0.004511944343030351,0.5917286803333728,0.0113608832902454,0.5047196547774223,0.07173655948305285,0.4300977603981514,0.10349854604975307,0.608895208753012,0.022974962811076395,0.1213408573227556,0.0035628074643405954,0.10925344953354077,0.004146512638683775,0.0796504909267331,0.013950827080356904,0.07523880931390586,0.014734516524524692,0.10788010306615958,0.01621759731390353,5
thyroid,DenSNE,perplexity,50.0,dens_lambda,0.5,0.6593699885452463,0.0020676194227250734,0.6018200221195245,0.013514279059005289,0.5062454082237231,0.06502540831081303,0.43019947071137965,0.10192915569669814,0.6100369317059683,0.022194546427225646,0.11767163643926921,0.003556965040821776,0.12229253314597903,0.010246405366234742,0.07853927530688605,0.012342733651925081,0.07126753204014277,0.01342452523716551,0.1092513272171282,0.017146721386176306,5
thyroid,DenSNE,perplexity,50.0,dens_lambda,1.0,0.6575411778646759,0.002290584922569442,0.6077471659359324,0.011823334043996617,0.5073480270174191,0.06224542337335809,0.43288758541691347,0.10203837245821099,0.6087332622348619,0.022048502701924634,0.1157032230806887,0.0041638683394085866,0.1295266543976828,0.012782602586364203,0.07716298475022461,0.012443416107933272,0.0713314869118081,0.014180412508928597,0.11265831390953014,0.017690019500431295,5
thyroid,DenSNE,perplexity,75.0,dens_lambda,0.0,0.580979381443299,0.009522919235350516,0.5596024410475174,0.012008381812977113,0.4967077457834656,0.0884348156970202,0.43385867203855116,0.11570511271654889,0.6102387723663941,0.045111952006425475,0.0996158774968253,0.003717577266980798,0.09144137109344852,0.003523488785867305,0.07740803257986618,0.020399290618956064,0.07103846520204794,0.019866475294787158,0.11681643731922917,0.03865814780724444,5
thyroid,DenSNE,perplexity,75.0,dens_lambda,0.01,0.6012544930284,0.00627897592810241,0.5621209069005016,0.010120702245017404,0.49720089268080725,0.08271065455078622,0.4342171268317731,0.10977453861827909,0.6111282932416954,0.045723413852572746,0.10586213873750483,0.003354049463965604,0.09355564843878025,0.002327637157921216,0.07894310934491952,0.019749827534640278,0.06992955886370303,0.0176446881939164,0.11746164043219058,0.039261778775163785,5
thyroid,DenSNE,perplexity,75.0,dens_lambda,0.05,0.6373804163210491,0.0047670075854337746,0.5702916024805467,0.009792089425334936,0.5083439981040407,0.07601903983948785,0.43772386143697906,0.11170134422227501,0.6117043883556503,0.042497711006514,0.1186221915008265,0.003220986847904956,0.0995982706800714,0.001126529685208095,0.0821796595241796,0.01927065190014278,0.07321029055860848,0.019911706965588503,0.11816184212894165,0.0394764216515492,5
thyroid,DenSNE,perplexity,75.0,dens_lambda,0.1,0.6573486195046806,0.007102217184577649,0.5803541098866375,0.012758405656667703,0.514582000236995,0.06632467340825506,0.4374841015918157,0.10518620182139393,0.6106177667180155,0.042432489929428,0.12497643565971658,0.007235382891513092,0.10566283372455978,0.005146800743472439,0.07892310948803401,0.014828762358414627,0.0710079189448944,0.01712932676220867,0.11813731364146034,0.03730267485326438,5
thyroid,DenSNE,perplexity,75.0,dens_lambda,0.2,0.6699217916814788,0.007158126240017321,0.594635422838409,0.0073061488993880356,0.5144378283366907,0.05707416448077047,0.43656930126002286,0.09853710053032298,0.6117610696370027,0.04257079148886814,0.12742830392932886,0.00874109124331631,0.11406107469524043,0.0025296202968179025,0.07845861787657629,0.012840093299153876,0.07002264523923048,0.014829752135256214,0.11683447457754256,0.03097178122611957,5
thyroid,DenSNE,perplexity,75.0,dens_lambda,0.5,0.6747302208002528,0.005453726763255484,0.6138471185369514,0.005201797110551443,0.5241170952324525,0.04766259303239824,0.4405800450290318,0.09675343985540957,0.6135039696646523,0.042651801583358476,0.12983877171408434,0.012987105398934919,0.1279394494081103,0.013846484345593775,0.07896121067417335,0.010632249013101381,0.0721873138228527,0.016554810019704526,0.11909604322780018,0.036877886756495844,5
thyroid,DenSNE,perplexity,75.0,dens_lambda,1.0,0.6773808113125568,0.004583611540695547,0.6289629497965794,0.01080265014688842,0.5373649129043725,0.04259371774053329,0.4433076588853339,0.09298681834450544,0.6150227120116918,0.039962333038467954,0.12594392315080516,0.0051327153878872106,0.13294345229817775,0.005661981816045985,0.08474383603515076,0.014032504150059294,0.07559296394479045,0.01951746580896331,0.11878381600521219,0.033232304377177314,5
thyroid,DenSNE,perplexity,100.0,dens_lambda,0.0,0.5988322076075364,0.007696707785868694,0.5709393885531461,0.009353280225446835,0.49104179010151283,0.09329097927605562,0.4267207805032191,0.11702043678847193,0.6169579729035826,0.05096958603964889,0.1059046483036011,0.00386265501274231,0.0940587665243052,0.0034722921571120674,0.07957080790423446,0.01885694366154169,0.06843471393194331,0.018107071935513128,0.12518758342204347,0.05701680437669258,5
thyroid,DenSNE,perplexity,100.0,dens_lambda,0.01,0.6154552277126042,0.006883943425386184,0.5686045937512343,0.0060266884326843845,0.4953801793261444,0.08670684615360795,0.42700951929533515,0.11663169380789115,0.6171122170873327,0.05164974581618254,0.11170923384287046,0.003995589943941368,0.09462517561286055,0.002878026209081845,0.0793361501190452,0.018348207063581805,0.0687221513894452,0.01753534322741271,0.124907887703351,0.05531800078460235,5
thyroid,DenSNE,perplexity,100.0,dens_lambda,0.05,0.6437688114705533,0.005136112000563788,0.5743077773827863,0.011367753042790562,0.5001248173164277,0.07881117224303194,0.428485602559545,0.1143751612267773,0.6180278074021409,0.05022580455952076,0.12319106312995724,0.004860774407317361,0.10209284322244745,0.006266851018462198,0.0799489781167683,0.015453700263724763,0.06831949522135906,0.016651188771881924,0.1236076464015728,0.052612124966524974,5
thyroid,DenSNE,perplexity,100.0,dens_lambda,0.1,0.6606703005885374,0.005313718710076816,0.5848342023146502,0.009474800664702137,0.5063333925820594,0.07638221835264052,0.4288203578623059,0.11582905365342348,0.6205739226606628,0.04882581189951295,0.13004021137515878,0.00872285035368604,0.1070475606173347,0.008486155872131687,0.07978346863851207,0.017043444947876782,0.06820815511567754,0.01753956134212168,0.12489919601687668,0.05343317127054348,5
thyroid,DenSNE,perplexity,100.0,dens_lambda,0.2,0.6726328158944582,0.004696696844588774,0.595738041632105,0.008508991511132767,0.513739483351108,0.07239315558424031,0.4293693960579848,0.11321510321625124,0.6217993838132481,0.048462730083243345,0.1334155727458187,0.008255533046719901,0.11403699490090591,0.006833413786386739,0.08075104613828347,0.017623563705105223,0.06835939890666701,0.01738119338948893,0.1287070015745095,0.05605794395551408,5
thyroid,DenSNE,perplexity,100.0,dens_lambda,0.5,0.6784530157601611,0.00529775758347169,0.6115595252202077,0.007964016353236134,0.5173694553067109,0.06069329950566839,0.4265066951060552,0.10755456451199233,0.6203391002093455,0.05147386835715193,0.1289525617254203,0.005888324148875642,0.12299009009254327,0.0030503094540584117,0.07826676646455707,0.01261995115244455,0.06772012734933382,0.015538298155445059,0.12413015454960089,0.04651194641405314,5
thyroid,DenSNE,perplexity,100.0,dens_lambda,1.0,0.6841643954654975,0.004756409735777748,0.6263677568432279,0.010517842470572329,0.5368025437453094,0.05791313785135971,0.43601651064502117,0.10782532346836715,0.6225753446300905,0.05094124822857676,0.12981158361803982,0.006273902490513466,0.12394104433172744,0.009817480553326666,0.08490015509009244,0.016295389004186592,0.07269257700943947,0.018103547181071707,0.13222195647436408,0.05118999888088841,5
thyroid,DensMAP,dens_lambda,0.01,dens_frac,0.1,0.5213196666271676,0.007927979863518632,0.5205440020539559,0.011939692659906862,0.45284650630011447,0.017843203468571073,0.39492198917723265,0.044187455966176556,0.5785612434332662,0.04082682354533252,0.07984606532060172,0.0018378101110664302,0.08236578487104244,0.0025175762551952296,0.06779835036108253,0.002327221302661361,0.06435092465961625,0.0032479723515770496,0.09007892496292144,0.010286425101238263,5
thyroid,DensMAP,dens_lambda,0.01,dens_frac,0.3,0.520202828139195,0.008228731951433338,0.5263047556977525,0.014313365606726344,0.45380840936919853,0.0181700030613462,0.3929598688628194,0.042516768051464204,0.5739153533199036,0.04641023783489934,0.07951468618330297,0.0020643902912581484,0.08411166114737062,0.0032881174387927687,0.06823307575534762,0.002725551383901279,0.06374536900331515,0.0021097308249769806,0.08861108494144328,0.009177151231586111,5
thyroid,DensMAP,dens_lambda,0.01,dens_frac,0.5,0.520265039301655,0.012144589952777307,0.5207963028794881,0.015315257760584275,0.4602278113520559,0.015046693966438453,0.38440514278943,0.046302627866697546,0.5713281589445827,0.044666236744608595,0.07961815958757708,0.0029586842999215855,0.08335611663387206,0.0036883131067966066,0.06863545210544632,0.0022356959967971377,0.062192834231489615,0.0024461214209555615,0.08788745220352398,0.008552707921711221,5
thyroid,DensMAP,dens_lambda,0.05,dens_frac,0.1,0.571289054785322,0.005968769983529414,0.5103453213255915,0.015472327942187378,0.46389353003910416,0.01345084635581278,0.3957867243354268,0.04403109154079341,0.5779813958999881,0.04096263421565634,0.0969347098372777,0.0016203768755799447,0.08539164458038898,0.001919511748982405,0.06892804138494099,0.001813933020530869,0.06269333162221932,0.002835543504571516,0.08943873069493138,0.01062737847458525,5
thyroid,DensMAP,dens_lambda,0.05,dens_frac,0.3,0.5705067741043568,0.007429458776070946,0.509392799304815,0.013885922438446455,0.4627595094205475,0.015637660975381208,0.39048959197377253,0.040972093442720896,0.5701696488525496,0.04365032052298461,0.0973186627190417,0.0017274661635167381,0.08656651001849545,0.002540145411270962,0.06905866764262408,0.0021665743180496765,0.06260909025944503,0.0026197353957599584,0.0893374537327835,0.008404775180009703,5
thyroid,DensMAP,dens_lambda,0.05,dens_frac,0.5,0.5716702215902358,0.005796367812692031,0.5087460994588616,0.014663332993480618,0.4680557530513093,0.013654492866740444,0.3937205237587392,0.038436021548104264,0.5763457360666745,0.04347306672367984,0.09798409959572886,0.0013216033931387173,0.08653849711071011,0.0020854763030493917,0.07062623533357172,0.002542034081915718,0.0639988255085668,0.0016477730615126341,0.09271287851920608,0.011693311396702044,5
thyroid,DensMAP,dens_lambda,0.1,dens_frac,0.1,0.5758217798317335,0.005073657190691425,0.5164778607259943,0.014812444182902703,0.46442271991152184,0.014078122782011265,0.3941918473752814,0.043572035009424484,0.577640715724612,0.04096188529847114,0.09867334641442645,0.001715355475223121,0.0898170035029093,0.0027407376483665215,0.06896280131574324,0.0021217974412649438,0.0626288243555542,0.002343440671387734,0.08939537566266612,0.008797313202488303,5
thyroid,DensMAP,dens_lambda,0.1,dens_frac,0.3,0.5735691432634199,0.005167553625067958,0.5130592092270015,0.008063185379687936,0.46522386143697914,0.016472760879907886,0.3904439704546352,0.04525957700854467,0.5725212307935379,0.04200880458054173,0.0984898184045537,0.0018056350577796917,0.08732561602837385,0.0025671676448478327,0.06983626827689435,0.0029974707522918264,0.06263513099371879,0.0028838602032800567,0.08778073176439628,0.009268683332865084,5
thyroid,DensMAP,dens_lambda,0.1,dens_frac,0.5,0.575358454793222,0.005978418419022391,0.5101739937591342,0.008203998262870382,0.4688549196192282,0.02003850181465425,0.3742070545483272,0.027870343598726723,0.5624369001066477,0.05141655943138181,0.09907732554267443,0.0009855577778729487,0.08781508710333139,0.002036759922071724,0.06964609508491279,0.002998836629722949,0.06037119419143472,0.0008844603118027964,0.08616735267363629,0.010933255613133741,5
thyroid,DensMAP,dens_lambda,0.2,dens_frac,0.1,0.5757577912074889,0.0035511206057708537,0.5342250266619267,0.011873170387314105,0.4662896472725836,0.014449582091943313,0.3936748034917249,0.043540223858568844,0.5774594146225855,0.04113949631975088,0.09987158933367568,0.0016027493701404473,0.09317807683532306,0.0036029129305284215,0.06955700193163357,0.002405181363709725,0.06278749339301845,0.0024106348411247897,0.08857240817812317,0.008548821684718586,5
thyroid,DensMAP,dens_lambda,0.2,dens_frac,0.3,0.5756600308093376,0.0035280824517454437,0.5290696962515306,0.011229388255236363,0.47297724848915745,0.014198837583083776,0.38741803926215584,0.04146506568607914,0.5737620966149228,0.04121591099954896,0.1010479846213291,0.0013742275384160496,0.09339761955819662,0.00394038444574841,0.07055238223500654,0.0026973468587966547,0.06256613007757957,0.002428714611576711,0.09103497616142255,0.008278167060799806,5
thyroid,DensMAP,dens_lambda,0.2,dens_frac,0.5,0.5750144171900304,0.0037141490385092873,0.5274187304972943,0.015095967334092216,0.47209404747797923,0.014409573562161108,0.38368448078366313,0.042921950687456606,0.5701131650669511,0.046715721626128005,0.10069804587662637,0.001399793572221746,0.09209312994141054,0.004368154603068571,0.0706453330694924,0.0031154584322319466,0.06252407087857918,0.001221351998892004,0.0889954568978089,0.010299493078065632,5
thyroid,DensMAP,dens_lambda,0.5,dens_frac,0.1,0.583174546747245,0.005046167789738265,0.5494580716514594,0.010026215681962974,0.47143638661768766,0.0146633310259063,0.3930477544732788,0.04409285713457592,0.5774195204803096,0.04240021220679751,0.10294849776965212,0.002724085851164673,0.10162766146539266,0.005960492117941602,0.07153160671067135,0.0024912045473154385,0.06304907141455934,0.003007916081478702,0.08876228698742956,0.009434221308878577,5
thyroid,DensMAP,dens_lambda,0.5,dens_frac,0.3,0.5846948690603152,0.0022219836199037176,0.5539926729075325,0.008754536778707021,0.47905458782636173,0.014726240562368717,0.38870660030809334,0.042061798764940636,0.5721475688272701,0.045237489722736515,0.10539912971450187,0.002507608763874835,0.10297808828800084,0.004881796731313252,0.07199528622853928,0.0025801928163731083,0.06364239564668031,0.002241399407498838,0.09093172067048431,0.00935850513460836,5
thyroid,DensMAP,dens_lambda,0.5,dens_frac,0.5,0.5811093336493265,0.005731995437878826,0.5462873760714144,0.01142239088284311,0.48629428842279887,0.011640499809745655,0.3854402180353122,0.03675484894510769,0.5735871153770195,0.04448124860383011,0.10519180732285616,0.006318270010764878,0.1080595199100951,0.0097919856262155,0.0729644053162916,0.0026553623809551993,0.0631663890669426,0.0014305770060931598,0.09248030969206705,0.009389771219772844,5
thyroid,DensMAP,dens_lambda,1.0,dens_frac,0.1,0.5905873523719241,0.002304649893640405,0.5624162618003713,0.021962548812176422,0.4822351581940988,0.015576723406060616,0.39532507801082273,0.044131233314801,0.575720464510013,0.04104603732986138,0.10664962450880952,0.002472636082123229,0.1132476227322355,0.014078789701218872,0.07206309029657762,0.002313293808592487,0.06369282710546473,0.0034735150822869276,0.08884793796187254,0.008650211740701913,5
thyroid,DensMAP,dens_lambda,1.0,dens_frac,0.3,0.591895169253861,0.0051296073657105855,0.5657047635975827,0.011652173654966225,0.4919800924280128,0.02064301113966629,0.39775921317691665,0.04509353010743836,0.574871825255757,0.041486667119860335,0.11189009154640875,0.009920264328638182,0.12094550275998536,0.005153080325000304,0.07448191670787277,0.005526863370287267,0.06308196862382824,0.0023976623755620706,0.09296526913670028,0.00670282159895795,5
thyroid,DensMAP,dens_lambda,1.0,dens_frac,0.5,0.5881044357546312,0.006751246308706255,0.5515013627207015,0.020875754812001036,0.49172818659398826,0.01394033354821003,0.39435438638069276,0.03532987902094113,0.5728664533712525,0.04407314214245943,0.10696151240138181,0.005473266302395496,0.11702339660182903,0.009849381829020998,0.07375391656248605,0.0033426752435330967,0.062823193799047,0.001719012278452067,0.0915361786428666,0.007309025745225505,5
thyroid,DensMAP,dens_lambda,2.0,dens_frac,0.1,0.6017314452739266,0.004073594307663887,0.5883557491013943,0.014536393502830234,0.488628688233203,0.01852920529666308,0.39501105976221507,0.0434637220264589,0.5768704822846309,0.04048988550578797,0.11160112957847831,0.0053023565059569485,0.11265621317855143,0.010996606049130024,0.07307301267828589,0.0028110473882963175,0.06470632956552345,0.00434378281686382,0.09006965805155845,0.009980037565970145,5
thyroid,DensMAP,dens_lambda,2.0,dens_frac,0.3,0.6019725875893668,0.004921628045986054,0.5918574475648773,0.008687653187716872,0.5005535805980171,0.022884108632109983,0.3989382628273492,0.04253845832751795,0.573954654974918,0.05003515330035163,0.1163661804574542,0.010578201731738015,0.12518877065690645,0.00983493775720294,0.07652958199699186,0.0046041241163037915,0.06419650961343937,0.0019817545328359937,0.09173791628283542,0.01059694180971201,5
thyroid,DensMAP,dens_lambda,2.0,dens_frac,0.5,0.5987026503930165,0.004410121442272127,0.5763494884859975,0.008291831967004596,0.49905241537306944,0.017428292261515557,0.3924501323221551,0.03129995281736868,0.5741011968242683,0.04116917523886692,0.11832665446250563,0.01114212599987473,0.11814567029317738,0.012789077530454109,0.07521524374507918,0.005116599128111782,0.0633433294105201,0.0016341507781861499,0.09519518896561337,0.008629677423268041,5
thyroid,DensMAP,dens_lambda,3.0,dens_frac,0.1,0.6046217956313938,0.0028259415629300795,0.6057794169925347,0.02034594937725523,0.48888089031085824,0.01835091452944691,0.3979875182683572,0.04349478560553885,0.5785144369396058,0.03998594737942321,0.10979029017124572,0.00231160769892333,0.12838178022976576,0.008166220560130796,0.07497566001049726,0.002708008060114727,0.06606161153955784,0.005459714816954087,0.09085902262827338,0.009137696542750462,5
thyroid,DensMAP,dens_lambda,3.0,dens_frac,0.3,0.6021153770193941,0.00522215019913457,0.6185186830983134,0.021029323380265696,0.5013523521744283,0.018711037558609308,0.39151577991073194,0.03769235867962018,0.5722121499387762,0.04548672953889009,0.11197001535258075,0.00750930225901015,0.1439003991196402,0.024235570941331663,0.07736353579346619,0.005035177821953602,0.06491605824951174,0.0035088861065349516,0.09226150000302699,0.008263466454542517,5
thyroid,DensMAP,dens_lambda,3.0,dens_frac,0.5,0.5982813919500731,0.00824451555526746,0.6382674684994273,0.02122403050928551,0.49938539321404585,0.02094306827424875,0.39962021566536315,0.02757624269602349,0.565293676185962,0.042542362289782046,0.10820141737758113,0.006741917017941162,0.16301416893777687,0.030646948708314442,0.07503599771456632,0.005606479139915435,0.06380721993775587,0.0018478923726937915,0.09144347900933245,0.008628223318682354,5
thyroid,DensMAP,dens_lambda,5.0,dens_frac,0.1,0.6046042185093021,0.0026161434020919388,0.6097973693565588,0.011389842168032982,0.4954408105225738,0.016462654079816404,0.39729430817237427,0.040563063768621274,0.5757649010546274,0.038940360453276666,0.10831163233833545,0.0037584080288978446,0.1374075371897434,0.006957137693072728,0.07716814644622491,0.004362106082507859,0.06630343417278015,0.00475764019352319,0.0898646682307658,0.008031484542734344,5
thyroid,DensMAP,dens_lambda,5.0,dens_frac,0.3,0.6074238653868942,0.004321686646792111,0.6281271477663231,0.04275830669868937,0.49665748311411295,0.012980862114523626,0.4002343287119327,0.03703966356225026,0.5751745862463957,0.043824416990663105,0.10966942276868483,0.007714117692626493,0.13037059898382702,0.03315812369196209,0.07690478072155753,0.005462201978240631,0.06506494111494096,0.0019387881386207168,0.09204711650127242,0.011267741264063262,5
thyroid,DensMAP,dens_lambda,5.0,dens_frac,0.5,0.6046630722439468,0.004316849666640487,0.6549449974325552,0.01920908809782798,0.49585357664810203,0.012757394076536562,0.40423213650906503,0.015046526108538965,0.5624234703953865,0.040112047207361216,0.11026305869352689,0.007345716793735493,0.15354630866730726,0.02495598127640846,0.07470384758950276,0.00315698377662408,0.06469320335352029,0.001532141597489296,0.0920734486884754,0.009451739045349801,5
thyroid,DensMAP,dens_lambda,10.0,dens_frac,0.1,0.6129047675474977,0.0037364349364285977,0.6300555950547062,0.008685551641319235,0.5061753959789865,0.014238796936804616,0.40775644823636287,0.0342710082726615,0.5796032310305328,0.032192119230315834,0.10976639620704083,0.00516669576748233,0.139104991372053,0.012848058551376322,0.07886536486021431,0.00336534892712867,0.06683539278638258,0.0038963869352051706,0.09172722712935408,0.006425828792166039,5
thyroid,DensMAP,dens_lambda,10.0,dens_frac,0.3,0.6111040012639728,0.004541946540362357,0.6416903661571276,0.01883021325345356,0.507865860883991,0.014784247374728582,0.41446024410475174,0.030627417682524024,0.5767407275743571,0.04148056279678848,0.10873856669333237,0.004025970798871269,0.13447727255806702,0.015091330439789353,0.07913276766230752,0.0040154957821892335,0.067627441609285,0.0035452768131818825,0.09289958451588107,0.009319338041318764,5
thyroid,DensMAP,dens_lambda,10.0,dens_frac,0.5,0.6033647351581941,0.006434625208740018,0.6177677054943318,0.007930560411220137,0.5039562349409488,0.01090511501413889,0.41635324090532055,0.018473773091188608,0.5704117786467592,0.03391258180250236,0.10696099041843668,0.005071562649567924,0.12970610441535274,0.014160908535968478,0.07799405443734092,0.0030268397888743555,0.06894727791703424,0.004299328933147242,0.09444286659485827,0.009156499422786665,5
thyroid,HIGH-D,,,,,0.6351038827665205,0.0,0.6710688470197891,0.0,0.5901893984279338,0.0,0.5616048504957143,0.0,0.9849735355689851,0.0,0.122040765429418,0.0,0.12448430767261472,0.0,0.0985065154321092,0.0,0.102875724425105,0.0,0.9134919726728702,0.0,5
thyroid,PaCMAP,n_neighbors,5.0,FP_ratio,1.0,0.5487634790851997,0.03369696508530223,0.5519637990283209,0.01871796340499647,0.46413131492672904,0.010643613017165465,0.39780740214085397,0.01642107425190201,0.5606317889165383,0.024588056996963144,0.13198751542507178,0.018364811665056047,0.10745436669480987,0.006868225156208948,0.08525499650388337,0.012899715049715967,0.06996818609365682,0.008248146181357358,0.09763713703132716,0.013457896520684616,5
thyroid,PaCMAP,n_neighbors,5.0,FP_ratio,2.0,0.5146217956313939,0.036479537505820676,0.522438973812063,0.015109576699481195,0.5021985227317612,0.0316139617515744,0.4392301615515266,0.049246457667528123,0.5935908677963424,0.02262438783642849,0.10355911734923096,0.01485115313749762,0.08787626645103264,0.009705800904432373,0.0811182231921366,0.012992504968201014,0.07117831165670055,0.00930939183413418,0.15074967029801864,0.05891681242920862,5
thyroid,PaCMAP,n_neighbors,5.0,FP_ratio,5.0,0.5097436505115139,0.038840581696299434,0.520878559860963,0.02068080325778249,0.5133294821661334,0.03958806611750395,0.460810127582257,0.045480077834896895,0.6154052612868823,0.02916342083559861,0.09290782135933524,0.01227844177929253,0.09082116943063609,0.01926917915375489,0.08348650141019524,0.010187560417682191,0.07445757160513332,0.016567153510553698,0.12542808934150065,0.022662304930668488,5
thyroid,PaCMAP,n_neighbors,8.0,FP_ratio,1.0,0.5542570209740492,0.0289209401186493,0.5399189279930482,0.024301060674519395,0.4839189082434728,0.03546163003646506,0.3964219694276573,0.04214300687360013,0.6340263459335624,0.04500131123164032,0.11526137351704632,0.027754936080711435,0.0903095652362598,0.00791130894405929,0.071735377520856,0.006757553567885143,0.05922892161782972,0.00362650446113518,0.12390039074735071,0.03215016274392454,5
thyroid,PaCMAP,n_neighbors,8.0,FP_ratio,2.0,0.5725129359718766,0.019322915238412192,0.545105857724059,0.023730877880199907,0.498407097997393,0.0220546292086047,0.4134956748429909,0.02795965440977658,0.619555832049611,0.028061171009234265,0.1326216240616243,0.011789759950029276,0.09020017686033824,0.0060389678361136186,0.07325593581430187,0.004688445245988145,0.060435465107066676,0.002930769925352389,0.11909933119680143,0.018646218288029884,5
thyroid,PaCMAP,n_neighbors,8.0,FP_ratio,5.0,0.5490532053560848,0.025455859803408188,0.5221597148161314,0.007999445270311942,0.4550134297112612,0.02136271816623372,0.40322273571118217,0.029989088487671234,0.622974088557096,0.034558482672649216,0.09000457163797357,0.009549198507401609,0.08284497189972147,0.0020900219677414257,0.06519382213292502,0.0024448470801275864,0.059671930887863656,0.002916234739571388,0.10626413605701401,0.013535989047512997,5
thyroid,PaCMAP,n_neighbors,10.0,FP_ratio,1.0,0.5644073152427223,0.018198532488558638,0.5292052770865426,0.029105307613274033,0.4767435912627878,0.029484141745388635,0.39529999605008487,0.043429509530406106,0.6461901094126477,0.045165167845200166,0.11296879764510152,0.016930916213776702,0.08279670133413077,0.0065801394353593124,0.06934385761628696,0.004636203078252646,0.059393515118458216,0.0045620736355754055,0.13057022572980506,0.03691835056835582,5
thyroid,PaCMAP,n_neighbors,10.0,FP_ratio,2.0,0.5243113323063554,0.049355768448325225,0.5095317375676423,0.03391989923734996,0.4940167673895012,0.04215078931550086,0.4080018367105107,0.04390327171315662,0.6302701741912549,0.022077432388206145,0.09263389274444703,0.019011306983495194,0.0796386670608638,0.005626014151907139,0.07956639459163065,0.019664725879643068,0.06042385976348762,0.004148193773103819,0.15364104090066502,0.07616691632426559,5
thyroid,PaCMAP,n_neighbors,10.0,FP_ratio,5.0,0.5401639214756881,0.03557731794815123,0.5115950744558992,0.016482527209488756,0.476982264881305,0.017099145169568113,0.4298933522929257,0.022106437761337697,0.6046895366749615,0.017865755005501045,0.09338312556550664,0.012358115983037926,0.08085631943438384,0.008726439970746416,0.07070650604008982,0.004053252564811307,0.0640899835318219,0.00394563735836689,0.10749184174099997,0.006874153964360686,5
thyroid,PaCMAP,n_neighbors,15.0,FP_ratio,1.0,0.5687733538728917,0.01207222392295411,0.514111565351345,0.015004309596180009,0.5146668246632697,0.012729021732467866,0.41517626496030335,0.00814159594136324,0.6580440020539559,0.008844246609236802,0.10689429717546899,0.005819070406049354,0.08159523839933576,0.004736478234273712,0.0791290731923456,0.004816837374087814,0.06287173851538383,0.0022293533212593753,0.19232149355187317,0.03491338043493521,5
thyroid,PaCMAP,n_neighbors,15.0,FP_ratio,2.0,0.5513814827981198,0.011556438827990796,0.5195363787178576,0.0054977456172884305,0.49960648971047117,0.024944841478944026,0.4305629616463246,0.02346867355576603,0.6389803294229174,0.01876807067177206,0.10353984031295142,0.008124367706011992,0.08364671389315856,0.002489477699434428,0.0764428548143687,0.008529827761730028,0.06403164460896751,0.003948869057107627,0.1474498807371419,0.02776856613455839,5
thyroid,PaCMAP,n_neighbors,15.0,FP_ratio,5.0,0.537879488091006,0.04255873980904249,0.5131627957498914,0.011438495741768077,0.4615633763874077,0.010694349263884679,0.4124323577043093,0.010125931518374282,0.6028382114784533,0.02304928296695936,0.09408072370460566,0.01425482625657571,0.08026385783007903,0.003542958691145551,0.06950993534969734,0.002216391382768227,0.060811642752043114,0.0009756948195768273,0.10858046840005206,0.010578615748463582,5
thyroid,PaCMAP,n_neighbors,20.0,FP_ratio,1.0,0.5648204763597582,0.0038481626111744527,0.503148279811984,0.010202062624240555,0.5140558715487618,0.011613577332980934,0.4156215191373385,0.008960688596642868,0.6678032547300233,0.014338703549303162,0.10761878777982123,0.0026671763070370428,0.08026914267118776,0.0035983117267658934,0.0822195055390717,0.007865301966487685,0.061450957312203,0.0009610934745461336,0.22792059022292568,0.04438578293044781,5
thyroid,PaCMAP,n_neighbors,20.0,FP_ratio,2.0,0.4922228147094837,0.06234608357628073,0.5033079551289648,0.022095901786868773,0.5105056878777107,0.050386184729983935,0.4373006280364972,0.0671202464207654,0.598369870047794,0.030851500641876684,0.08205914931074289,0.014180795369834893,0.08261577617929505,0.005269493022845792,0.11609944108285411,0.06578306965831686,0.07073268559040959,0.019193005199676344,0.15576932856210463,0.08324250788997684,5
thyroid,PaCMAP,n_neighbors,20.0,FP_ratio,5.0,0.546091361535727,0.020248305574490612,0.5097838408974207,0.004017121972968511,0.4594697239009361,0.010060737464787334,0.4036876407157246,0.006548930854948072,0.5966573843662362,0.014007636132459075,0.09326642666694077,0.005064854228885214,0.08383935385246635,0.002891057847425394,0.06808721758100568,0.0018150854081404862,0.06159164539580396,0.002691748375498277,0.0984449641275659,0.006343585842376577,5
thyroid,PaCMAP,n_neighbors,30.0,FP_ratio,1.0,0.5314719358533792,0.0064247586187813266,0.5097865070900975,0.017246192969943272,0.5192754868270332,0.014290286203207866,0.4189518900343643,0.005133754984849311,0.6608780661215784,0.014945804946794067,0.09657618978237638,0.0033699779100375003,0.08104065000116276,0.0037125710661924864,0.0840460435819433,0.006669383734385515,0.0619358336061119,0.0006751979368196687,0.2370242842212254,0.07670884881759273,5
thyroid,PaCMAP,n_neighbors,30.0,FP_ratio,2.0,0.5182659872812734,0.009738746933715623,0.5181704980842912,0.01029692620918109,0.5087159813564008,0.023454104878897812,0.4288086068649524,0.0055535644267996325,0.6339145633368882,0.0321397249432353,0.09085692183017362,0.0038110829126173475,0.08420458222679246,0.0014592159039801703,0.07943449765636719,0.005872164323192807,0.06429007190155286,0.0011347488040165394,0.156498282739241,0.03644679554767603,5
thyroid,PaCMAP,n_neighbors,30.0,FP_ratio,5.0,0.5177848876249161,0.005744346215172146,0.5223560255954498,0.01631975973564086,0.4862224987162776,0.008705245244464968,0.4311539676896946,0.012352206343173782,0.5848062566654817,0.007922150776595121,0.08824279238575665,0.0026424399222906383,0.08916822864846746,0.004860220734220511,0.07311506838005948,0.0024321164341176175,0.06530310553143308,0.0029630242902084873,0.09909623755558931,0.005421658964055268,5
thyroid,PaCMAP,n_neighbors,40.0,FP_ratio,1.0,0.5206037445194929,0.0041279104798407525,0.5369379270845677,0.011279746668665212,0.5385773393372042,0.002111743751972989,0.433541493857882,0.0035584621525264334,0.6738416874037207,0.0015247438048962372,0.09376611056642783,0.0018237866805220428,0.08500080198902757,0.003621620800617889,0.09989738918170324,0.004073760430999035,0.06504718664052353,0.0006951155439847619,0.24076340668630017,0.06703367235000532,5
thyroid,PaCMAP,n_neighbors,40.0,FP_ratio,2.0,0.5135359639767745,0.0046194027051500025,0.5352741241063317,0.01234214759220081,0.5204721135995576,0.00679018511094975,0.43036062724651425,0.002332754252230547,0.6471325591499782,0.001409228457060321,0.08884013677926982,0.00119041635724771,0.08690260202813556,0.003370923578892234,0.08004192512659589,0.001971956960657348,0.06530716169991344,0.001256129241184013,0.18519313804245946,0.0026947145737039797,5
thyroid,PaCMAP,n_neighbors,40.0,FP_ratio,5.0,0.5054419954970968,0.008518753215805374,0.5307663822727811,0.01082181469168742,0.4635116719990521,0.007510651929798245,0.41197495753841296,0.009975581509249938,0.5890488604495003,0.004084889950471123,0.08382013023249255,0.002204521285052205,0.09004196711953247,0.004444016266873579,0.06932330356711118,0.0012465926554783438,0.0625454378994996,0.001532686819688527,0.1016855651830583,0.0034637709654971264,5
thyroid,PaCMAP,n_neighbors,60.0,FP_ratio,1.0,0.5165874708693763,0.009675526215478255,0.5490241734802701,0.016296872361720012,0.5508777698779477,0.005200010638946148,0.44879744835486035,0.007068009489661716,0.6678727732353754,0.004950516717552969,0.08568959129623807,0.002320575403397239,0.09046393617753153,0.004086513129798397,0.11556607836379532,0.005480991835884264,0.06659841422006285,0.0010628887342060288,0.3887118303414309,0.0015329337797434627,5
thyroid,PaCMAP,n_neighbors,60.0,FP_ratio,2.0,0.4963818777896275,0.0033801211476402007,0.5435668720622506,0.008318274253529252,0.5276418019512581,0.011593405432028785,0.43959829363668684,0.008738262053123213,0.6431056207291543,0.010197739850416125,0.0877690575950515,0.0012700073985833376,0.09113041479559024,0.0021355118155494757,0.08226235898084554,0.0032095772394147674,0.06400676739585223,0.000873785211475631,0.3261253743574032,0.1160588766885635,5
thyroid,PaCMAP,n_neighbors,60.0,FP_ratio,5.0,0.4938249002646443,0.004603991630962673,0.5410901765612038,0.01212813106177069,0.46810483074613896,0.004746761326164345,0.40546618872694234,0.017201585454585482,0.596804321207094,0.016271844892623094,0.0822705451938751,0.0020387549824701073,0.09158325937036496,0.003685879998603769,0.07355695191895772,0.0012067873982891046,0.06466634366772382,0.0019125756080967352,0.09519983825329068,0.006439829279071009,5
thyroid,PaCMAP,n_neighbors,80.0,FP_ratio,1.0,0.5201427894300272,0.0025778294886293,0.5549094481968637,0.005018984309391488,0.5627784690129162,0.004485672362112756,0.48029515740411577,0.0017841937083971162,0.6733781648694552,0.0016598774400588257,0.08376295074816714,0.0017191044382415684,0.09567407864490798,0.002128771157449681,0.11859183732778733,0.003779450589793175,0.06956793044625068,0.00022372934198350422,0.25333341396863424,0.0674898316526432,5
thyroid,PaCMAP,n_neighbors,80.0,FP_ratio,2.0,0.5005533831022634,0.0031635189401450006,0.5431531184579531,0.009171730454936093,0.5600894655764901,0.005015319466681227,0.47188756566733814,0.0009226459673848603,0.6550756408737212,0.0027338906592205485,0.08382890651695239,0.0008382506042939598,0.09300376114680178,0.003138993481042704,0.09531209234110938,0.0037880474107506485,0.06742569133831092,0.00012227141191303173,0.3863420277389503,0.0009846524456631936,5
thyroid,PaCMAP,n_neighbors,80.0,FP_ratio,5.0,0.4836254295532646,0.006238546197977749,0.5413373424971363,0.008554388862725299,0.4801163249990125,0.009948015104580963,0.43379418967492195,0.008798752267228765,0.608980724414425,0.0028686019108027064,0.08206086078082545,0.0013695086301529866,0.09109365289879612,0.003293284606151184,0.07127696833404706,0.001930546195450951,0.06406992577717073,0.00132968441232245,0.10009315708000419,0.00158202024753778,5
thyroid,PaCMAP,n_neighbors,120.0,FP_ratio,1.0,0.5829326144487894,0.005067309984594649,0.5542588971837106,0.007796122239319809,0.5567017221629735,0.011425968310338286,0.4803576648102065,0.008695200793300344,0.6590952719516531,0.004980502627285854,0.0985980306482792,0.0011455030675559107,0.09509919812544436,0.002594827263159248,0.11506684279793053,0.016914260650756713,0.07443528075495323,0.0015256667432812937,0.3514525256089793,0.06600700802078245,5
thyroid,PaCMAP,n_neighbors,120.0,FP_ratio,2.0,0.5460741794051428,0.0014753888863991821,0.5500525338705218,0.007925646633500155,0.46517596871667255,0.008534469155597626,0.3146301892009321,0.001463093578820171,0.5449889402377849,0.03209812561314351,0.093939096636514,0.002254934976178395,0.09148238800966342,0.0036697030644775174,0.06986738350002616,0.001936573962586092,0.053355418797599294,0.00048808427881073005,0.08310358364292698,0.007717011829490936,5
thyroid,PaCMAP,n_neighbors,120.0,FP_ratio,5.0,0.507794959908362,0.003913558598630565,0.5429072362444207,0.003796165911664278,0.5002345262076865,0.034352812855496344,0.4427915037326697,0.0196087875981746,0.6519956945925662,0.029582053935313216,0.0858096123369168,0.0012537876003344188,0.08653607669369474,0.002544837750120001,0.07478441786160303,0.005345095741279421,0.0634556533826385,0.0019186887066215737,0.19385657338116316,0.10937210819213068,5
thyroid,TriMap,n_inliers,5.0,n_outliers,2.0,0.5438501797211359,0.013178730952629438,0.5240152861713473,0.011062740619820726,0.5412996208081526,0.015295568208376537,0.5302474621795631,0.014890358516877781,0.5779014101196824,0.014061516722398915,0.0892252209261981,0.004972938331543318,0.08407225986395336,0.0035158279488520603,0.08941283042831628,0.004996896378008705,0.08721310779873084,0.004684914143019685,0.1111539653151227,0.008635620557660144,5
thyroid,TriMap,n_inliers,5.0,n_outliers,5.0,0.5310250029624364,0.01906201766859005,0.5316431646719595,0.013578155831983933,0.5275901568116286,0.02195435149638389,0.5282112809574594,0.016948811797793013,0.5937210174981238,0.01554422326573063,0.0874475788859614,0.0024469447946564873,0.08965671670872244,0.006394939120312994,0.08683243902639014,0.002410660623697914,0.0866251893099202,0.00206384653821289,0.11701384828476138,0.005299267093474267,5
thyroid,TriMap,n_inliers,5.0,n_outliers,10.0,0.5311296757119722,0.014417728223352345,0.534446320654106,0.01698952623434162,0.5266358573290675,0.01667017740103458,0.529942726231386,0.006661658965343068,0.6028032547300233,0.025846630179134637,0.08565570601771651,0.004110468136675041,0.08509935758786386,0.004358748421011091,0.08504525922615495,0.0031164123052859196,0.08430437720877457,0.00254865214523862,0.1148715690108415,0.006478412907563799,5
thyroid,TriMap,n_inliers,8.0,n_outliers,2.0,0.5421335466287476,0.023072279472600182,0.5239353991389184,0.023734240875490725,0.5424666232176009,0.01858731982848255,0.5298090216060355,0.012927651953847676,0.5976099063870126,0.009981137006691159,0.09009404333280778,0.004285167431767607,0.0847853640289606,0.0037960239117942256,0.09020290329645878,0.002872547001190446,0.08701310050941921,0.003056663847920741,0.12191602353230377,0.009939786888826397,5
thyroid,TriMap,n_inliers,8.0,n_outliers,5.0,0.5338442548485207,0.011332310498589866,0.5372790022514515,0.020410590464508778,0.5379351818935894,0.010164472898182215,0.5310808942607734,0.010691091224858605,0.6001234348461508,0.014691920603692845,0.08881721001362984,0.0037647100462962035,0.08916256407688891,0.004417768403434364,0.09014726788834207,0.0026866023125393036,0.08742500037917891,0.003360116509571069,0.1190461811827342,0.0075149196182507,5
thyroid,TriMap,n_inliers,8.0,n_outliers,10.0,0.5342503061184185,0.0032288968500459093,0.5393818382904768,0.013284122484699401,0.5322930244499744,0.00548211175400416,0.5326201761662125,0.009618802329228938,0.6193046174507248,0.01016150264102844,0.08743388752021636,0.002444488442158005,0.08652005306874436,0.0022480506802934597,0.08674507176402343,0.0019423454539149556,0.08630946888902946,0.0016471955255431734,0.1238580862515595,0.007246249331952161,5
thyroid,TriMap,n_inliers,10.0,n_outliers,2.0,0.5427163565983332,0.006053782910597998,0.5296756132243157,0.01837145966573662,0.5401713275664572,0.004975025309798164,0.5328090808547616,0.012396989275653133,0.5896547774222854,0.012103954874645714,0.08927004934577985,0.0026780646906534606,0.08756128831076394,0.0034604783372565594,0.08972282647902143,0.004089011214181882,0.08703754430879977,0.003943762279142056,0.11661793878146229,0.009754598273799917,5
thyroid,TriMap,n_inliers,10.0,n_outliers,5.0,0.5319794999407513,0.00717624536579525,0.5143878619109689,0.011911439785978606,0.5319718963542284,0.006255721468984254,0.5250345617569222,0.007947219564072808,0.6049087569617253,0.021968594001329965,0.08735751407500067,0.0024241550627309063,0.0839871444209319,0.004449101288590653,0.08804051610815956,0.003093459277970521,0.08529153060103478,0.00240554477401666,0.12112143930002868,0.008242289191355107,5
thyroid,TriMap,n_inliers,10.0,n_outliers,10.0,0.5479979855433108,0.012496688348071217,0.5523839712446182,0.026581080389194812,0.5449369988545246,0.012060200968413577,0.5418017537622941,0.011377112660719396,0.6131328751431845,0.014596279692744513,0.09130062410162962,0.00578590439043505,0.09358405131059026,0.006604217484813105,0.09149212429125617,0.006610427667439635,0.088444720239064,0.004425599135966452,0.12314089954868808,0.0040113697028265356,5
thyroid,TriMap,n_inliers,15.0,n_outliers,2.0,0.5283019315084726,0.009629156102060865,0.5426795236402417,0.013670865838278335,0.526012955721452,0.011892703511748677,0.5227475609274401,0.019677094317093274,0.6027157641110716,0.014396653115595582,0.08538819162832943,0.0031496497422770324,0.0886568487092253,0.003562922521020166,0.08402350397060385,0.0029599553264669596,0.08366750182037422,0.002797201179839582,0.11808633246993017,0.0034433765411365155,5
thyroid,TriMap,n_inliers,15.0,n_outliers,5.0,0.5315001777461784,0.012507220939078412,0.5307916617292728,0.022055380754971966,0.5311218746296954,0.01055188240888515,0.5325313030769838,0.013034658922446892,0.6255261286882332,0.008963080437525748,0.08602671349878332,0.0030254014349672775,0.08690124890989785,0.008025077222288917,0.08600963594427738,0.0029471569890772704,0.08502360728235096,0.0014843009653806997,0.12527618353931422,0.0027468581209098516,5
thyroid,TriMap,n_inliers,15.0,n_outliers,10.0,0.5390982343879607,0.012127617958631194,0.5306417624521073,0.009530920310446432,0.538364833906071,0.008422109244376487,0.5443774933838922,0.012161129985428109,0.6374582296480626,0.009367386449831174,0.09205327389947335,0.0061086652898201975,0.0880414749885107,0.004084673031251009,0.09121694514685248,0.00357431634742302,0.09061402740857905,0.006101293940605073,0.13411829429848748,0.005874628955625873,5
thyroid,TriMap,n_inliers,20.0,n_outliers,2.0,0.5305622704111862,0.007924359229298546,0.5286307619386184,0.014246115926450833,0.5291188726942371,0.0073287040416166824,0.5279978867954339,0.008429892334824916,0.5994918434253663,0.012281709215451712,0.08523587289833376,0.0011447979032684795,0.08515262264982942,0.004127822144095078,0.0841599758243968,0.0011353863954955057,0.08315234535839848,0.0005580137182324134,0.11561361958083731,0.006769066121286076,5
thyroid,TriMap,n_inliers,20.0,n_outliers,5.0,0.5509566694316073,0.014357422586692377,0.5637421495437848,0.01606487211104471,0.5493304893944779,0.015224679563949267,0.5548564205869574,0.020851667090586994,0.623613777303788,0.019166083906850272,0.0912307154002905,0.00423442386193044,0.0948372281203275,0.002591265458104096,0.0906309172038304,0.0034376512135271347,0.08949800153566531,0.005419402195362171,0.1273424863836843,0.007964594029659388,5
thyroid,TriMap,n_inliers,20.0,n_outliers,10.0,0.5366747639925741,0.01226741984402578,0.5274342339139708,0.014648169663620744,0.5363630169451357,0.014047201999638086,0.5356175692222618,0.013598287340012344,0.6256936050874906,0.020900967191644623,0.09029369404653208,0.001770324182102625,0.08663712850547904,0.0040532633243127785,0.08915366782177861,0.002716437511513676,0.08744757818553976,0.0031842447684864977,0.13478853602476584,0.006627146594672056,5
thyroid,TriMap,n_inliers,30.0,n_outliers,2.0,0.533722004976893,0.005835717461171824,0.5278748469407908,0.012708071989114337,0.5332276731050283,0.006652295169689818,0.5419084014693685,0.012484149079343854,0.6019607378441364,0.01622564183137114,0.08902662805490508,0.0029534718974782636,0.08980867623630999,0.004077884136940705,0.08798856228207644,0.0021943298011346275,0.08816058867837631,0.0017278102391037253,0.1203609017493108,0.008998605226829,5
thyroid,TriMap,n_inliers,30.0,n_outliers,5.0,0.5419407907729984,0.005917553370056628,0.5268798633329383,0.014459060358979592,0.5432536437966584,0.003546701226737227,0.54478354465379,0.004042404220407587,0.6233708575265632,0.013326216595530238,0.08905759871356635,0.002525128495146765,0.08451771315966806,0.003610508007880314,0.08940628009335408,0.0018984020912394064,0.0880180311886663,0.001941915210014953,0.12925225474311333,0.005251573776376118,5
thyroid,TriMap,n_inliers,30.0,n_outliers,10.0,0.5261344156100644,0.01196949208781606,0.5314842793379942,0.018987243549303614,0.5258215823359798,0.011283400052049284,0.5185796105383734,0.012400606844330374,0.61653315953707,0.020875942184571405,0.08828400202928988,0.006809887270306644,0.08663761925942441,0.003993939084142469,0.08838396601820867,0.007652715861430239,0.08431885643120947,0.004910937066541954,0.1265679797875947,0.01796660850089969,5
thyroid,TriMap,n_inliers,40.0,n_outliers,2.0,0.535959434372161,0.008362971880692197,0.5320093217995814,0.014535035169426183,0.5365422443417467,0.008013343328026721,0.5397422680412371,0.010967574758481074,0.615683137812537,0.007877330749694553,0.08883385122336687,0.0035153284630236653,0.08808713705950869,0.004553358695996345,0.08938096072136398,0.003230812678108941,0.08690240381899939,0.003219023842346671,0.12296814818860788,0.004946245537207474,5
thyroid,TriMap,n_inliers,40.0,n_outliers,5.0,0.5448489157483115,0.009176980723609288,0.5338290476754749,0.018381400363693717,0.5440855946597148,0.011586306942888727,0.5481879764585061,0.012831097111823122,0.6332628273492119,0.024075806481300564,0.08949119547693321,0.0018928735461045784,0.0860739728359462,0.00455460827173501,0.0892126379793223,0.001907214792794543,0.08805182038251305,0.002743315891819257,0.1341399900058138,0.014442547682895095,5
thyroid,TriMap,n_inliers,40.0,n_outliers,10.0,0.5348234387960659,0.01874585236542863,0.5313211478453213,0.023966184403809185,0.536739740095588,0.015403389389411952,0.5211750997353557,0.018012871935962394,0.6175295256151994,0.012657176166396741,0.08826473115471371,0.004768638829921967,0.08568092016281176,0.00875925911088427,0.08783450390791758,0.0038191255831734675,0.08422496945895855,0.0034768968011628532,0.1246305374474215,0.00760738468582958,5
thyroid,TriMap,n_inliers,60.0,n_outliers,2.0,0.5427392661057787,0.007545192208305893,0.532793774933839,0.014699342846357814,0.5429272820634357,0.009727889812194133,0.5449304814946478,0.007236573496491493,0.6220286763834577,0.021370303259952938,0.08997119034233134,0.0018673627994560177,0.08576652928540537,0.006295657112380006,0.08964165638731204,0.0019623748681461247,0.08784450328359118,0.0011159556901494715,0.12940799401717484,0.0075009960379265545,5
thyroid,TriMap,n_inliers,60.0,n_outliers,5.0,0.5351263972824584,0.009064769082936098,0.5296763044594541,0.006979478157994664,0.5362596279179999,0.010152001698878543,0.5336013350712959,0.020764864157389012,0.6180900185646008,0.020095009305723662,0.08837280619961377,0.002562649903905114,0.08818384134711738,0.006118437938847944,0.08847307622785668,0.0034424953870321046,0.08626501784927598,0.0031673136466303254,0.12384993505809146,0.00794105488291316,5
thyroid,TriMap,n_inliers,60.0,n_outliers,10.0,0.5430730339297705,0.008058819964828936,0.548563810878066,0.006173759785986114,0.5434262550855157,0.008997358199611703,0.5286619662677252,0.01023924632661448,0.645817632420903,0.01668443705605015,0.09332689735527165,0.0020528453046224256,0.09381117098485844,0.005314482971386737,0.09132441054474785,0.004082591392143893,0.08706086917955592,0.003293784776569858,0.14312973715768018,0.006679599761218715,5
thyroid,TriMap,n_inliers,80.0,n_outliers,2.0,0.5470960224355176,0.013686493330890136,0.5244611328356441,0.01980290511149988,0.5459554844570842,0.014800863968833063,0.5488408974207054,0.011977159410867048,0.6180517043883557,0.014303832197451936,0.09210761507448872,0.007131496271050806,0.08505716486768447,0.004642350175650937,0.09058495737979058,0.004751724473362967,0.09013456235166369,0.006339917351792256,0.13206677834930253,0.01672081133742359,5
thyroid,TriMap,n_inliers,80.0,n_outliers,5.0,0.5299138918513251,0.013827239464340548,0.5374608958407394,0.013824550918508724,0.5255471619860173,0.012973030509737363,0.5229819883872496,0.011281457986120055,0.6266704190859896,0.017399206670951097,0.09041919405433782,0.004882616914612522,0.0895526174003565,0.002834015834278041,0.08840859926541947,0.003757321831051933,0.08687015418967343,0.0030191578396968665,0.1330602537216991,0.01097302584926588,5
thyroid,TriMap,n_inliers,80.0,n_outliers,10.0,0.5468242682782319,0.013453075940448622,0.5551308409369199,0.02505887938051354,0.5434550894655765,0.011415087220483676,0.5147372318995143,0.007939951600451611,0.6366321049097444,0.01840294654922915,0.09567098316204972,0.001412157268680027,0.09147191626331577,0.005614268739295644,0.0944144426363857,0.0022639128668447716,0.08437335382258712,0.00179414882865794,0.1457540376042856,0.009622369107817228,5
thyroid,TriMap,n_inliers,120.0,n_outliers,2.0,0.5390642651183,0.00965329303785938,0.5227023343998104,0.020441317483474584,0.5386535726981869,0.007176653256625044,0.530527708654264,0.010572484074223721,0.6115673263024844,0.017084931651615374,0.08959494408387289,0.0019705996352462223,0.08680416002134146,0.0053141559836539605,0.08802640044804269,0.001272021215270618,0.08635593286296388,0.0010699855491328413,0.1278483395347392,0.011089861390737855,5
thyroid,TriMap,n_inliers,120.0,n_outliers,5.0,0.5368933917920764,0.007349762402112711,0.527311984042343,0.0179984202915954,0.5357546312754276,0.006277212934184657,0.512400560887941,0.008852245905759096,0.6315353319903622,0.010914877853407353,0.09063666586045518,0.0026447896292660722,0.0844967408676227,0.006416860519981763,0.09085691930262112,0.0034110796712283234,0.08364814392967299,0.003131760137509799,0.13699638565728126,0.006816961147992661,5
thyroid,TriMap,n_inliers,120.0,n_outliers,10.0,0.5341954022988507,0.010247990415800485,0.5500851206699056,0.01759482678857,0.5319656752379823,0.010573559744690379,0.5288880001579966,0.021782764590083745,0.6644876960145357,0.014989412657514063,0.09572649803520236,0.0024473591559213775,0.09348220217654049,0.007374452843698378,0.0931163485349057,0.0036144540164734264,0.08563438115340172,0.0033514873542613557,0.16294735424741377,0.006170989847145222,5
thyroid,UMAP,n_neighbors,5.0,min_dist,0.0,0.4950398941422759,0.011340613844283361,0.49756023620492157,0.036491600954704606,0.5158501204724099,0.0216413233103934,0.49373760714144643,0.05356947848275632,0.5646840067938539,0.048344330234587514,0.07952597805618819,0.0035743110761347918,0.08242334814598065,0.016046117640846628,0.07595671246506004,0.00462345072358544,0.07418700471246079,0.007884780544489772,0.09337740560250622,0.00872696336746893,5
thyroid,UMAP,n_neighbors,5.0,min_dist,0.1,0.5056872852233677,0.012701416842950229,0.505471619860173,0.016350089747452955,0.4872483904096062,0.021360370020114233,0.45047221234743445,0.03728542018949643,0.5771114271043173,0.033048946716397715,0.08144615798616577,0.00457747439136489,0.08399961908505588,0.015900018624063355,0.07267982486849656,0.0023840911400569136,0.06809731899913446,0.003508452903340433,0.093862627997869,0.008586625932337399,5
thyroid,UMAP,n_neighbors,5.0,min_dist,0.5,0.5470922700161946,0.012539713739029481,0.5534567681794842,0.009918101096629531,0.4719200537188451,0.022388211577108477,0.44479559189477424,0.032202006587630984,0.5749156693131098,0.03770568308472986,0.0859678444535014,0.0019293972005496542,0.10172729961984055,0.014865667713791065,0.07011046617587738,0.0035930253802065114,0.06659786171688846,0.00438966075310013,0.09706962424289531,0.012927460298570441,5
thyroid,UMAP,n_neighbors,8.0,min_dist,0.0,0.5097367381601295,0.022341689448504076,0.4859580519018841,0.016301620290238378,0.4967111032112809,0.010620101943236017,0.43102154678674404,0.02431402888882152,0.5676946320654106,0.024684817113998368,0.08316849598200911,0.0091291338369172,0.08017581027323134,0.011017446951390585,0.07166464344308926,0.0019471217118761774,0.06505030047061637,0.0030218953663170454,0.08974380695259246,0.007366729526590363,5
thyroid,UMAP,n_neighbors,8.0,min_dist,0.1,0.529590591302287,0.01431429745254465,0.48491320061618676,0.0106282872660445,0.49164079472291344,0.016928404604156316,0.43561470553383097,0.055757765094335006,0.6116070229490066,0.053983332319651293,0.08556716243397662,0.0033683913740203413,0.08292348189302567,0.011184573717953302,0.07092504954671244,0.003929311914791715,0.06576131648959048,0.00635786170498233,0.10688355365504025,0.02056699585163794,5
thyroid,UMAP,n_neighbors,8.0,min_dist,0.5,0.5530706639807244,0.018027992071797644,0.5328113520559308,0.023081791855592202,0.48194128451238294,0.013807360208621191,0.45052691867124856,0.03555403682912888,0.5665100525338704,0.013891724513475773,0.08932025122243206,0.006023499009222223,0.10578452099217786,0.011015265596424968,0.07123788859289033,0.002924297683507786,0.070289418582723,0.006771322186061461,0.0880042694308255,0.004636093443180864,5
thyroid,UMAP,n_neighbors,10.0,min_dist,0.0,0.509769719951021,0.025471595333403742,0.4758006477860726,0.022351578414356015,0.5006435399138918,0.022597371153691904,0.4675433503179682,0.0319080811506486,0.5927955523956234,0.01634223489961079,0.07969474721210575,0.008875359267385108,0.07800977387226585,0.011678535165601064,0.07210339245303085,0.004005358161574928,0.0697206686444158,0.006472117104920482,0.09333555679745256,0.005229028821817593,5
thyroid,UMAP,n_neighbors,10.0,min_dist,0.1,0.5320859501520717,0.005740711514980339,0.5008516016905636,0.04148834580842674,0.47389649247541177,0.011538737276150152,0.40727505233637473,0.03699099950070295,0.5418406604258008,0.02296507014543261,0.08600115557692418,0.0026564055975727163,0.08438602166770198,0.015281406881542937,0.069254334606146,0.0027263730374275422,0.06387631820160798,0.005551104300993813,0.08586074911162395,0.004108553630896871,5
thyroid,UMAP,n_neighbors,10.0,min_dist,0.5,0.5427969348659004,0.022941707829499475,0.5068499427262314,0.020632696048603356,0.48508196073784415,0.042082802374704735,0.46944148200813685,0.06309972946769289,0.6038320101117826,0.04911669840007444,0.08673479355452787,0.005858298973585408,0.08405596403245288,0.008186443210328213,0.07048463373880172,0.005106472987000588,0.06940872701088521,0.007230616481775563,0.10298687622849337,0.02375472803519292,5
thyroid,UMAP,n_neighbors,15.0,min_dist,0.0,0.4438721017498123,0.01859950375772645,0.4613263814827981,0.015121825706502678,0.49751273847612276,0.023340673080213165,0.4314716396097483,0.04356644555925671,0.5461537701939407,0.017387185877811732,0.06548063863449222,0.0026982021727013196,0.06777914308281092,0.002366826799297744,0.07211218931143701,0.0038010278932558822,0.06637509396576237,0.006014780029206902,0.08349636041226685,0.009653528010340095,5
thyroid,UMAP,n_neighbors,15.0,min_dist,0.1,0.4884658529841609,0.026738635744353055,0.48775062211162457,0.01787422626989115,0.4742489236481415,0.023492747310287502,0.39359926136588064,0.042874462279826206,0.543341233163487,0.02729499019027812,0.07204942309417056,0.00495047961121943,0.07292046206189398,0.0034627185678233327,0.06969166701080032,0.003825675748877039,0.06396149842558743,0.005579478506313285,0.08330466596743046,0.007834345257343608,5
thyroid,UMAP,n_neighbors,15.0,min_dist,0.5,0.5504003238930363,0.010263834722895031,0.5245590907295493,0.021112483607042747,0.4601505905123039,0.018524213910885486,0.3942478374214954,0.04551426617236816,0.5647333807323143,0.04694989595397931,0.0902270846304662,0.0034886874216180073,0.0856572886839992,0.006885698737799847,0.06774992981946612,0.002497182590740285,0.06418689640055877,0.00591009361115356,0.08853999256545768,0.011177522562657678,5
thyroid,UMAP,n_neighbors,20.0,min_dist,0.0,0.4610313228265592,0.013701554242330815,0.5085510724019434,0.01175927120358968,0.49415590314808233,0.036938947868189714,0.4195810127582257,0.06359528369544193,0.5778790930994984,0.05675140981335528,0.06757771006769754,0.0026708108695240582,0.0775844824677148,0.0022421007045195893,0.07203781121656697,0.005231774366482319,0.06391593064691528,0.005571697780394211,0.09730375801790139,0.02184032596549797,5
thyroid,UMAP,n_neighbors,20.0,min_dist,0.1,0.4763084093691985,0.02230166949545578,0.4981553896591223,0.016114474001924194,0.5023446695896038,0.029716333167270167,0.4287738476122763,0.04349519244824312,0.5676891021843031,0.022196145117513985,0.069770408638077,0.004423950120966535,0.07560796464198938,0.0031405986190568124,0.07437086749304286,0.004167268104642263,0.06852168298899886,0.003719523053637393,0.08817301207422382,0.004405688244526281,5
thyroid,UMAP,n_neighbors,20.0,min_dist,0.5,0.5381786941580756,0.012278817678404592,0.536917683769799,0.022871722260407158,0.49013222340719675,0.044534482656012994,0.4497876920646206,0.05518035651176897,0.5775587549867678,0.020924089315951192,0.08705002134769901,0.002508613911440777,0.09164983613261815,0.011010628248312454,0.07355184106177134,0.0065543358552552465,0.07016350703111109,0.0067508014843231145,0.09734689033585389,0.010149485481211097,5
thyroid,UMAP,n_neighbors,30.0,min_dist,0.0,0.45839277955523955,0.012589392803251486,0.5111398467432949,0.02019412829162315,0.48751135600584583,0.05059884016385652,0.4319285460362602,0.06117253418395582,0.5836599913101868,0.03721920041536724,0.06762553152466347,0.0021033682884480823,0.07926648402890354,0.005998054483189784,0.07416240487097239,0.010438081189256647,0.06710738342063094,0.006663874372293631,0.09661588086598591,0.01927050100056885,5
thyroid,UMAP,n_neighbors,30.0,min_dist,0.1,0.4907281668444128,0.006146345486480492,0.5348276849547735,0.008634741896297095,0.45508403444325946,0.03315359726522542,0.43421801556266537,0.02478827600655022,0.5796980289923767,0.02503233330236703,0.07405839575970075,0.0015491633753072606,0.08483097864678626,0.002728458988620397,0.06817380909214682,0.004610974112206467,0.06577293931737041,0.0024832070804813554,0.09445576483607786,0.007908504302985757,5
thyroid,UMAP,n_neighbors,30.0,min_dist,0.5,0.5300319943121223,0.016952740413908863,0.5508071651459494,0.0191393274499244,0.503139491250938,0.05229324665315668,0.47133052889362875,0.07738057699675445,0.5811620650156022,0.038266799041206556,0.0869203832048728,0.004896018161174186,0.09855086961430094,0.008830384401220142,0.07538676220357696,0.00830303274034913,0.07142159437337567,0.00859672059535796,0.10344956447136325,0.022235417484687617,5
thyroid,UMAP,n_neighbors,40.0,min_dist,0.0,0.4672617213729905,0.02777176779976919,0.5209521270292689,0.010784127758747595,0.4860797092862503,0.018517857802447076,0.4588292451712288,0.03636072575580129,0.6175281431449224,0.04063473959788738,0.0708830512119362,0.004959435613860315,0.0831202573616884,0.002474702947261516,0.07253928696476461,0.002253196735419246,0.06985961258920662,0.0043828719544560255,0.12617061731772758,0.0241113855163561,5
thyroid,UMAP,n_neighbors,40.0,min_dist,0.1,0.49699332464352014,0.011245744323939133,0.5414563336888257,0.017140486199236842,0.48812932021961525,0.014683730308717165,0.46285697357506816,0.04914546630526554,0.6324935813880002,0.050697928732641534,0.07741619170563284,0.0027888969397622107,0.08816865847487416,0.0038044681059409913,0.07658882271397516,0.003736997202173997,0.07454270206607828,0.003657581120947766,0.14720139764468962,0.03820860483258367,5
thyroid,UMAP,n_neighbors,40.0,min_dist,0.5,0.5240743374017458,0.006597884698539423,0.5395024094481968,0.01549694842074214,0.535130544693289,0.04239938622384999,0.5446346328553936,0.0318641958619916,0.6159888612394834,0.02719164197986555,0.08344247349954352,0.0032485589682328185,0.08956749943142747,0.007148870966945646,0.08044874942100774,0.0075779542025691095,0.08055675258094114,0.004396926951115697,0.15545034194560645,0.055637569881189085,5
thyroid,UMAP,n_neighbors,60.0,min_dist,0.0,0.4765250622111624,0.004547039275689185,0.5248009242801279,0.017599450125103975,0.48258837934984394,0.039859185883951376,0.4854535489986965,0.016981503639818922,0.6339661097286409,0.010161054221646584,0.07628951269692033,0.0019582993188705677,0.08193416441919624,0.0026331371168528146,0.0743223510752283,0.0056989244707369305,0.07512408283746067,0.004044624510164615,0.19036529398383686,0.10296529796734044,5
thyroid,UMAP,n_neighbors,60.0,min_dist,0.1,0.4851656989374728,0.004859731798845027,0.5364322392068571,0.005745310094437675,0.47676501955207956,0.023766913178176762,0.45786714460639094,0.06524914229302108,0.6059774064857606,0.03993547858210717,0.07681151710614201,0.0015736879134417563,0.08515854727904197,0.001493569862070329,0.07437856810320301,0.00402924494299558,0.07173888583273616,0.005134413440287267,0.13166610028033005,0.034359478619150646,5
thyroid,UMAP,n_neighbors,60.0,min_dist,0.5,0.506928743532014,0.01273741305751026,0.5201648102065806,0.017657474317519246,0.5043225895643244,0.062493884581834094,0.49493265394794017,0.08774739916083002,0.6201026977919974,0.046984514256690195,0.07984207144058686,0.006295854982661234,0.08344147532541192,0.006133539476151025,0.07775082687565528,0.010054474427414917,0.07632704037128836,0.00925385337184091,0.1856886029460682,0.09591313933113306,5
thyroid,UMAP,n_neighbors,80.0,min_dist,0.0,0.4860139432002212,0.010912155922962598,0.5307846506300115,0.014856281793814336,0.47042520835802026,0.020022368175066366,0.5036210846466801,0.03315954044437776,0.615824939763795,0.020042171926457446,0.07962039041135896,0.0018020537891224632,0.08218282923053032,0.0031137054977038964,0.06871127546825936,0.003702718743087232,0.07360131670812234,0.006128159827300566,0.18066323480437593,0.09206898719410263,5
thyroid,UMAP,n_neighbors,80.0,min_dist,0.1,0.4893377967373701,0.012469055705143832,0.5339073547418731,0.019917015481406213,0.4733986056799779,0.01846118719977955,0.4800658648339061,0.034669712438807336,0.6191770351937433,0.026923225676119728,0.07832199857843004,0.0023809395053893674,0.08408688215715635,0.0055943406623892465,0.06953316968390197,0.0039400232872479094,0.0717163228114781,0.00540404375952749,0.2182479916518066,0.13150375233247918,5
thyroid,UMAP,n_neighbors,80.0,min_dist,0.5,0.528444523442746,0.021193619371801083,0.5303176719200537,0.0190484790601367,0.5250714934628905,0.016954648920095825,0.5230894260773393,0.01930109287930442,0.630088478097721,0.020945036994919484,0.0860540227314982,0.005355769620098946,0.08715486739044656,0.006998014159694869,0.07905114098041803,0.006551346125421519,0.07826210170320982,0.002758639439685705,0.24094284822783202,0.0962237212133797,5
thyroid,UMAP,n_neighbors,120.0,min_dist,0.0,0.48011928743532006,0.009744379987750691,0.5379723110953114,0.014435765122743796,0.4597841371410514,0.028391153239882574,0.44966939210806967,0.06151563874595607,0.614288225303156,0.03195676195898588,0.07693746294282164,0.0014314519170585435,0.08404077139689743,0.0032713496471684523,0.06813661932784582,0.004985082129866848,0.06717681192976807,0.0062500479327285184,0.16210801465502647,0.11996811115715944,5
thyroid,UMAP,n_neighbors,120.0,min_dist,0.1,0.48468104435754633,0.009106531040665718,0.54665758186199,0.018556700251249465,0.4643727534858,0.04963663205370683,0.47314037998183034,0.08240131388916032,0.6137482719121539,0.0491466814939748,0.07678772245788576,0.003032444555012374,0.08857527297647157,0.006058047243204457,0.07188158167669963,0.011878441781283772,0.06967384952282468,0.008686617399558262,0.22552452497309733,0.14114437722179557,5
thyroid,UMAP,n_neighbors,120.0,min_dist,0.5,0.5185657858356045,0.016824291213670822,0.5287359284275388,0.002142619267394576,0.5188991586680887,0.03810903918136976,0.5248790338507722,0.019306734023524966,0.6094391120590907,0.03782047910817427,0.08237394893255764,0.005970969430261565,0.08579690381385632,0.000879511769292949,0.07958248825608513,0.008014396848481998,0.07577358494456501,0.004707958790203904,0.22358678484568975,0.11668613333022405,5
thyroid,t-SNE,perplexity,1.0,learning_rate,50.0,0.5012424457874156,0.031718110771007925,0.49396571473713313,0.03336420611389602,0.5048214638385274,0.03259849937327586,0.5058821147845322,0.032547449733796564,0.5330542718331556,0.011316817988982762,0.07907203355903517,0.003861169170613273,0.07742220452839745,0.005216582236040371,0.07939034056148545,0.004178369557610265,0.07973873197443218,0.003633842425619842,0.0889401462143895,0.00985824680519039,5
thyroid,t-SNE,perplexity,1.0,learning_rate,200.0,0.5115662400758383,0.02099282581356797,0.519238357625311,0.00736705721933042,0.5160225342655134,0.021926882399532856,0.5169087964608761,0.021822723270652745,0.5348725164908954,0.017676943249089572,0.08212138356276331,0.004732866127303518,0.08233350453097375,0.0033192812573387778,0.08417307710753971,0.00487597767622112,0.08333094762245896,0.004607082802387958,0.09087546420638948,0.01008310390835711,5
thyroid,t-SNE,perplexity,1.0,learning_rate,500.0,0.5050482877118142,0.014629688876554673,0.510764012323735,0.03193546423435301,0.5104096061934669,0.014962946171335083,0.5094893747284434,0.014566779724294123,0.5507021961527827,0.014355820413016564,0.07878817079974251,0.004138362535569199,0.0803083312876779,0.005774203224014744,0.08007365720307615,0.004755642403151015,0.07967816189245616,0.004384496643575879,0.09279747879024405,0.007702661391557356,5
thyroid,t-SNE,perplexity,2.0,learning_rate,50.0,0.49621835130544695,0.02576288325404908,0.5309457084172691,0.03314492519757639,0.48439240431330727,0.027210500202734966,0.48197515503416677,0.023225354194149866,0.5889499150768259,0.01817987161107944,0.07273268694915236,0.0032501498588644265,0.08076782485263065,0.007106437876931138,0.07158195899868,0.003213458914058834,0.0707389144892981,0.0024541028693172264,0.10114961057452461,0.005134717840467307,5
thyroid,t-SNE,perplexity,2.0,learning_rate,200.0,0.48819390133112134,0.02568022403777674,0.5463272702136904,0.01089175983266557,0.47097464154520663,0.025058515347446422,0.4672891732827744,0.02748740952858102,0.5576018090611052,0.017160058876066177,0.07161005253560673,0.003254694941982874,0.08151422262619842,0.002310815928556681,0.0694982590587836,0.0024083033521289598,0.06917761695739814,0.0028540430215679177,0.090897485206413,0.006381136495502084,5
thyroid,t-SNE,perplexity,2.0,learning_rate,500.0,0.530227712604179,0.0324659117199429,0.5369560966939211,0.022093958740779067,0.5228909428447288,0.04858519291069725,0.5186566338823716,0.04527372325896588,0.5668623849587233,0.05857814835028505,0.07909716419778186,0.004831263857386552,0.08190425648426816,0.0060667357049566705,0.07839364244597283,0.006500463898237763,0.07732371530069404,0.0051703374290847735,0.10323343198791857,0.02636589853348767,5
thyroid,t-SNE,perplexity,3.0,learning_rate,50.0,0.4662104514752933,0.019895092964262128,0.5289582098984872,0.020916430480669324,0.4384518307856381,0.031475923849099516,0.4365572540190386,0.0322632423641882,0.5895307500888731,0.033519884865257074,0.06997974635852636,0.002497696578078045,0.08070569147783659,0.003536128836435822,0.06641699415913765,0.003436339975262314,0.06609067477668781,0.003358806180374712,0.09824159865358664,0.010582319540954028,5
thyroid,t-SNE,perplexity,3.0,learning_rate,200.0,0.4812055140814472,0.020573509228095536,0.53215912232887,0.017336167356478163,0.4433467630445945,0.02993258915778977,0.4428162894497768,0.03890405254280406,0.5775877868625825,0.03725195789526185,0.0710867916520997,0.0020799017256705925,0.08127474290054562,0.0047358137955206565,0.06722603056843686,0.00212358619422011,0.06669577294374471,0.0035422610420485037,0.09488478938047137,0.007495661586889756,5
thyroid,t-SNE,perplexity,3.0,learning_rate,500.0,0.5249618833195087,0.033894422145483064,0.5438656831378126,0.016268661525792597,0.4942189042935576,0.05981828862349368,0.4923800213295414,0.05844518522693,0.5485414938578821,0.038462000592553856,0.07748346564586718,0.006165165828875603,0.08462342259790466,0.0056451187383703815,0.07393625823391262,0.008855123478452262,0.07360763837579835,0.007664765159931565,0.09663297717158374,0.02600902976706424,5
thyroid,t-SNE,perplexity,5.0,learning_rate,50.0,0.509518307856381,0.02279812782076566,0.5331435399138919,0.00655470375557015,0.4396388790141012,0.026708830141304263,0.4303780068728522,0.03495318124166393,0.6222443417466523,0.03147232710118346,0.0885438739030954,0.00976462639268689,0.09166522751005286,0.010805874596308015,0.07815194356344501,0.009155971681053558,0.07267830263049277,0.005525258736191719,0.11037014677104806,0.01007868610619788,5
thyroid,t-SNE,perplexity,5.0,learning_rate,200.0,0.5194035628233993,0.014276292246887987,0.5383127937749338,0.011644108910453995,0.4456152980210925,0.03864139570647868,0.42945333175336725,0.034653418629058484,0.6261375755421259,0.03470089837383865,0.08785033277925462,0.009789939727915479,0.09355550951369292,0.014199096650582523,0.07495156221625257,0.00968347201725996,0.07167446142190503,0.007618994125547997,0.11121564858125507,0.015218423803594994,5
thyroid,t-SNE,perplexity,5.0,learning_rate,500.0,0.5156612157838607,0.014668878798113743,0.5291754552277126,0.011292191656414003,0.4340485642058695,0.05124124135080713,0.42816980684915273,0.050154878081262774,0.5818406604258008,0.038439160638196065,0.08460891056815475,0.004248050426794343,0.09872139863297096,0.011526865469149961,0.07283912412018113,0.009041723570472894,0.07355395913964417,0.006284153431191687,0.10147061369573407,0.016474856440655324,5
thyroid,t-SNE,perplexity,10.0,learning_rate,50.0,0.5331362325709997,0.01750124009781663,0.5291431646719595,0.00507765769139139,0.4331647707074298,0.04038815361556719,0.39740352332424855,0.051463649438404147,0.5935620334162816,0.03160785695307336,0.08234995950454102,0.004627459638498352,0.08481561048155392,0.0018013471278451115,0.06828441357367554,0.008258891840837562,0.06303438946311349,0.008040754452523042,0.09795984272477294,0.008679646640227315,5
thyroid,t-SNE,perplexity,10.0,learning_rate,200.0,0.5430836987004779,0.01497829487589685,0.5332572974681045,0.011995123943960906,0.46056641782201685,0.03653051897462289,0.4253478887703914,0.03452430640711453,0.6044292372713986,0.04429291304346886,0.08332699844119444,0.0033668148521138527,0.08559723733232534,0.001724458263793351,0.06893918392180665,0.005013915462563654,0.06628906465640363,0.004362285733954778,0.10271522791739152,0.017457384311122738,5
thyroid,t-SNE,perplexity,10.0,learning_rate,500.0,0.5519763400086898,0.01127883956207858,0.5472061263182841,0.013421065573072082,0.4600944029703361,0.02880311920099162,0.43185191768376974,0.037054411332186316,0.5663550183671051,0.019913560084115257,0.08698658589076716,0.0036399280200840167,0.08943655415346183,0.0052443677089676,0.06876764670302998,0.005269216315986967,0.06658451541172584,0.006857595837670639,0.0894169049022456,0.008559258912382734,5
thyroid,t-SNE,perplexity,15.0,learning_rate,50.0,0.5378656633882372,0.0036549082807299954,0.5426719200537189,0.010648432385303086,0.45522958881384046,0.04091711362963893,0.4143625824544772,0.04519485962206054,0.599053007860331,0.06397359661518953,0.08545963238757254,0.0027883662993160637,0.08821140822902637,0.003574760896552117,0.06853789586890852,0.004893983323821465,0.06398098680776831,0.003837212152074663,0.10263387567335758,0.01885589271430417,5
thyroid,t-SNE,perplexity,15.0,learning_rate,200.0,0.5456412687127227,0.0105789818410125,0.5522979618438203,0.012999265158372696,0.4689269068215033,0.04304449514584292,0.43248390409606186,0.054148274549851244,0.5957597661650273,0.06304144938371793,0.0875293592036325,0.003706640708824281,0.09025801709319088,0.003182665930829532,0.0713751376823991,0.0076188625117721955,0.06704013952139606,0.005299450826528206,0.10254022065815045,0.022577207131715918,5
thyroid,t-SNE,perplexity,15.0,learning_rate,500.0,0.5475603349527985,0.006834280194084751,0.5554038788166055,0.01259050375172604,0.490535015997156,0.06304585918179244,0.4470875301181024,0.0565608667081381,0.5744033653276455,0.07347644158839454,0.08802913885899713,0.001067022800568125,0.09091098419721214,0.0029579731274942374,0.07360437762812352,0.008902140681406075,0.07011458124783018,0.0074776686374442465,0.10364987532237369,0.02192370145117172,5
thyroid,t-SNE,perplexity,30.0,learning_rate,50.0,0.5634534107516688,0.007764186850406337,0.5716850337717739,0.007010476539682504,0.5053610222380218,0.05312324611881782,0.45731188529446615,0.06327575615279378,0.6028356440336533,0.04345994619920196,0.09349874653545585,0.0032438186800294454,0.09461690113793955,0.0022306284924266625,0.07806836625154896,0.015353868601835864,0.06850210906177275,0.008574262507799552,0.13756057858079082,0.06339149713686588,5
thyroid,t-SNE,perplexity,30.0,learning_rate,200.0,0.5726091164039973,0.007917272497255127,0.5750900580637517,0.007630523418307757,0.4662899435162144,0.060891365626469,0.41789272030651337,0.061797834527439734,0.5960423825887744,0.047698302317357236,0.09675156410755999,0.003958120936953119,0.0942474632055269,0.002694885070894962,0.07539524557903313,0.015124134433044247,0.06658797310559834,0.007393034225855325,0.11037340683690419,0.04530251540016759,5
thyroid,t-SNE,perplexity,30.0,learning_rate,500.0,0.5684711853695146,0.010704934668566209,0.5738924438124581,0.006048474719843054,0.5184143065924083,0.027530262749202974,0.4736694711063711,0.022873479797350785,0.6258265197298257,0.013829400958831077,0.09513516469470332,0.0030076848547600813,0.09518008472017755,0.00045643047003026055,0.07681502854951602,0.003990493543414815,0.0726313786695133,0.006482618425594986,0.11737783018989686,0.008753462758594538,5
thyroid,t-SNE,perplexity,50.0,learning_rate,50.0,0.574612908322471,0.008029795562321224,0.5750363392187068,0.005943795453882599,0.5685840541928349,0.06256770376723075,0.5263188766441521,0.06828985957658787,0.6170417111032113,0.05189714492220105,0.09860664834772866,0.003697794766746847,0.09423294621745402,0.0005847747114331714,0.10331963703633344,0.023285768672628514,0.07982149467832236,0.010743243233590834,0.28434921872774455,0.13824252521700883,5
thyroid,t-SNE,perplexity,50.0,learning_rate,200.0,0.5749707706284315,0.008690048382154253,0.575638405024292,0.007709930640346245,0.5496806493660387,0.05651875464635533,0.5244150175771221,0.06588685278461993,0.6098761701623415,0.04770202475342587,0.09741712227666273,0.00219374375954753,0.09427993696286112,0.001550634503554873,0.09099855443494728,0.015232520244008053,0.08014508654550292,0.011172048359627056,0.22902374175133433,0.13871620609926974,5
thyroid,t-SNE,perplexity,50.0,learning_rate,500.0,0.5782948216613344,0.005202520654394425,0.5811890231860015,0.003976669463709858,0.5358612789825019,0.03969755981431086,0.49700971679108896,0.05176373632125178,0.6257469289410278,0.057352158768692436,0.09838005482669497,0.0032651251659205245,0.09555405030232374,0.001706411694550285,0.08699077716839672,0.008434079479572415,0.073669674059667,0.007099620501678648,0.23177526417319133,0.12607325418715545,5
thyroid,t-SNE,perplexity,75.0,learning_rate,50.0,0.5931634869850299,0.005124249573164184,0.5683743137022554,0.00480854260175017,0.5446624797566851,0.022848364651110446,0.48800252794564913,0.030589771755116502,0.6198761701623414,0.0169327082597843,0.10440399356787802,0.002368711084198134,0.09394185481342054,0.001424148698185368,0.08783201690487559,0.011305651115930753,0.07165243305546376,0.006128499185402601,0.22512026348418573,0.11129057985521658,5
thyroid,t-SNE,perplexity,75.0,learning_rate,200.0,0.5930955484457084,0.0035494430204222878,0.5698835762531106,0.00111054009906606,0.541596555674053,0.024591348460489652,0.48701643164671954,0.037847940399678266,0.6240776948295611,0.014587576116258303,0.10348359132214338,0.0018876694838006588,0.09433544751056357,0.0010326634052635446,0.08821753236634403,0.017854040176121022,0.07130659725930669,0.00659910517189418,0.20599437467491288,0.09546612810245356,5
thyroid,t-SNE,perplexity,75.0,learning_rate,500.0,0.5956001895959238,0.005457466074247686,0.5688387249674132,0.00758511277076557,0.525857329067425,0.05457251437409954,0.46033850772208396,0.05703660872016181,0.6052652367974088,0.03853617936185973,0.10501902163221391,0.0028631832613710113,0.09387394944591662,0.0009280418676107072,0.09263395208892243,0.02832211340024884,0.06846702331375064,0.008919804772572003,0.20799245667244612,0.14618314611152758,5
thyroid,t-SNE,perplexity,100.0,learning_rate,50.0,0.5977493383892246,0.0011466593943596313,0.5628767231504523,0.00408294306950305,0.5400315005727376,0.04441000119475202,0.45787000829482166,0.03670129563163001,0.6185592684757277,0.007713752161546332,0.1036578584809937,0.0020579064463134545,0.09316048196271816,0.0018560733178798591,0.10257038026100625,0.032777280897357555,0.06704200664709849,0.003920961820309329,0.15068601446025515,0.07404914973972133,5
thyroid,t-SNE,perplexity,100.0,learning_rate,200.0,0.5942165343445115,0.0009661472798807638,0.5588670656080894,0.004234749165478683,0.5312232886992929,0.042968706003216034,0.4481544021803531,0.04490908201590331,0.6107410040684125,0.009768498064263421,0.10253003166291338,0.00121958272950267,0.09267987431978046,0.001040925636373525,0.0857642296097407,0.01690916513592203,0.06539269511536237,0.004696571802651103,0.1184508272837459,0.016989710164350223,5
thyroid,t-SNE,perplexity,100.0,learning_rate,500.0,0.6013165066951061,0.007629774229137663,0.5680554568076787,0.008743625920453043,0.5385170043844056,0.07269179787634858,0.4680793537938935,0.06390714603165219,0.6291859225026663,0.008910415539750829,0.10785071869096281,0.0031778661018461315,0.09582470722208414,0.0025340364750770688,0.08924634443481147,0.015976688771140488,0.06903654108916132,0.00755708425647815,0.21502749555366388,0.10617488892647325,5
