dataset,method,seed,param1_name,param1_value,param2_name,param2_value,AUROC_kNN,AUROC_LOF,AUROC_IF,AUROC_centroid,AUROC_linear,AUPRC_kNN,AUPRC_LOF,AUPRC_IF,AUPRC_centroid,AUPRC_linear
fashion,HIGH-D,0,,,,,0.8913702222222222,0.5016702222222222,0.8999462222222222,0.8745906666666666,0.9999813333333333,0.42306238316439004,0.11374328677707939,0.5374604923573937,0.4592219353966756,0.9998338125324836
fashion,HIGH-D,1,,,,,0.8913702222222222,0.5016702222222222,0.8999462222222222,0.8745906666666666,0.9999813333333333,0.42306238316439004,0.11374328677707939,0.5374604923573937,0.4592219353966756,0.9998338125324836
fashion,HIGH-D,2,,,,,0.8913702222222222,0.5016702222222222,0.8999462222222222,0.8745906666666666,0.9999813333333333,0.42306238316439004,0.11374328677707939,0.5374604923573937,0.4592219353966756,0.9998338125324836
fashion,HIGH-D,3,,,,,0.8913702222222222,0.5016702222222222,0.8999462222222222,0.8745906666666666,0.9999813333333333,0.42306238316439004,0.11374328677707939,0.5374604923573937,0.4592219353966756,0.9998338125324836
fashion,HIGH-D,4,,,,,0.8913702222222222,0.5016702222222222,0.8999462222222222,0.8745906666666666,0.9999813333333333,0.42306238316439004,0.11374328677707939,0.5374604923573937,0.4592219353966756,0.9998338125324836
fashion,DR-SNE,0,lambda,0.0,k_density,40.0,0.8174053333333332,0.6060851111111111,0.8211191111111111,0.816324888888889,0.5892893333333333,0.28148092806571745,0.1567121058483649,0.3106927065871091,0.3310946053183879,0.4093888502269189
fashion,DR-SNE,0,lambda,0.0,k_density,80.0,0.8528435555555555,0.6054422222222222,0.8459008888888888,0.8293711111111113,0.5059386666666668,0.3237309220254913,0.15599842691531873,0.34511513799191784,0.3393606390741132,0.3149430527411649
fashion,DR-SNE,0,lambda,0.0,k_density,300.0,0.7996857777777778,0.5671757777777777,0.8197415555555554,0.8119606666666667,0.7886657777777778,0.23748428540845856,0.1504113478651069,0.2790460181276716,0.29811582250828084,0.37836542409147156
fashion,DR-SNE,0,lambda,5e-05,k_density,40.0,0.8172111111111111,0.6135753333333333,0.810228888888889,0.8023179999999999,0.5894208888888889,0.28115222347669133,0.15799752095828754,0.30895537245653004,0.293439578934992,0.41634673060921534
fashion,DR-SNE,0,lambda,5e-05,k_density,80.0,0.8228408888888887,0.5319717777777777,0.8216488888888889,0.8051768888888887,0.5485506666666666,0.2827206983309242,0.1373748683046106,0.3379191839656593,0.3371112123182641,0.3476419124271637
fashion,DR-SNE,0,lambda,5e-05,k_density,300.0,0.8128697777777778,0.5548046666666666,0.8265204444444446,0.8152897777777778,0.7814408888888889,0.2500459606376515,0.14710704202348318,0.29105535088540974,0.30342072261342834,0.41803938816357
fashion,DR-SNE,0,lambda,0.0001,k_density,40.0,0.820115111111111,0.6247688888888888,0.8143346666666667,0.7994493333333333,0.5563880000000001,0.31095036574250223,0.1912467213946621,0.31919724821888307,0.30995065660394006,0.23842176848085686
fashion,DR-SNE,0,lambda,0.0001,k_density,80.0,0.8417848888888889,0.5830122222222223,0.8450404444444445,0.8319471111111111,0.544184,0.3326235706020777,0.1709014904109546,0.38732885138843937,0.3875119533579365,0.39921562353764495
fashion,DR-SNE,0,lambda,0.0001,k_density,300.0,0.8221586666666667,0.5499368888888889,0.8244244444444444,0.8085306666666667,0.795228888888889,0.2672293861760063,0.14564351975352208,0.2992694905654115,0.3048933655932299,0.41957300863306807
fashion,DR-SNE,0,lambda,0.0002,k_density,40.0,0.8125515555555555,0.5670122222222221,0.8143982222222222,0.8061426666666667,0.5377328888888888,0.260191262490164,0.14097555938197626,0.2873912546495667,0.2887974836271668,0.3854346484929019
fashion,DR-SNE,0,lambda,0.0002,k_density,80.0,0.8175991111111108,0.5867666666666667,0.8174133333333334,0.8006422222222223,0.5493995555555555,0.2910048394869406,0.16425737174332175,0.36332474144189636,0.37010682511000587,0.3756814454694668
fashion,DR-SNE,0,lambda,0.0002,k_density,300.0,0.8060337777777777,0.5668397777777777,0.8209106666666666,0.8211760000000001,0.8040324444444444,0.24177223935925107,0.16398712837173962,0.284640117295113,0.3054898491794379,0.41276582102858467
fashion,DR-SNE,0,lambda,0.0005,k_density,40.0,0.8082373333333333,0.6086655555555556,0.8055373333333333,0.7993528888888889,0.5400666666666667,0.3140107946657687,0.16860140667179074,0.34115307448472243,0.33426755155872917,0.3509924719679707
fashion,DR-SNE,0,lambda,0.0005,k_density,80.0,0.8206039999999999,0.5472735555555556,0.8207995555555557,0.8199186666666666,0.6150795555555556,0.2809812857731328,0.13565974990859264,0.3134655033441776,0.3356468205960382,0.3852767686284044
fashion,DR-SNE,0,lambda,0.0005,k_density,300.0,0.7989364444444444,0.5569322222222222,0.8224028888888889,0.8135359999999999,0.8008395555555554,0.23609064425109444,0.15563279809160216,0.2892082423322942,0.30725001515812395,0.4098701826386586
fashion,DR-SNE,0,lambda,0.001,k_density,40.0,0.7967146666666667,0.557808,0.7900031111111111,0.7809884444444444,0.6031702222222222,0.2686429487660218,0.1544886282915337,0.2819143152664701,0.2858562400603705,0.38120001373193346
fashion,DR-SNE,0,lambda,0.001,k_density,80.0,0.8295586666666666,0.5194813333333334,0.8382660000000001,0.8212062222222224,0.6117417777777778,0.2773604299159779,0.1211877443359369,0.34508609906709764,0.34936474447433974,0.3236779025531861
fashion,DR-SNE,0,lambda,0.001,k_density,300.0,0.8151764444444444,0.5542346666666667,0.8278664444444443,0.8146773333333334,0.8093195555555556,0.25808970417303434,0.15205419216738175,0.2935761928971253,0.30577925024245756,0.4025934450328149
fashion,DR-SNE,0,lambda,0.002,k_density,40.0,0.8169564444444444,0.5509084444444444,0.8167066666666668,0.80474,0.7035199999999999,0.2743799434243172,0.13765034474109605,0.32328422346103175,0.32706951908800086,0.32853225667577174
fashion,DR-SNE,0,lambda,0.002,k_density,80.0,0.8419919999999999,0.5283995555555556,0.8475982222222221,0.8421537777777778,0.5933906666666666,0.30760663980937114,0.1324290799314374,0.3449063061489991,0.38579485637424177,0.314193112950518
fashion,DR-SNE,0,lambda,0.002,k_density,300.0,0.8063311111111111,0.5360391111111111,0.8279342222222223,0.8188982222222223,0.7939591111111111,0.24398321925251376,0.1468785509326166,0.284245382690277,0.3048173688271645,0.3923521549320292
fashion,DR-SNE,0,lambda,0.005,k_density,40.0,0.7984288888888889,0.5726228888888889,0.7986684444444445,0.7906155555555556,0.5176773333333333,0.2548076088365419,0.14069525386126677,0.28379458723615036,0.2885940620554432,0.3917579965319458
fashion,DR-SNE,0,lambda,0.005,k_density,80.0,0.8287137777777779,0.5908173333333333,0.8308811111111112,0.8235613333333334,0.5198466666666666,0.3445272652727649,0.1458012183042299,0.3895475380097644,0.3922753564651059,0.36432709834163274
fashion,DR-SNE,0,lambda,0.005,k_density,300.0,0.8108400000000001,0.5636964444444444,0.8269175555555557,0.8219982222222222,0.7805933333333334,0.25473872498137284,0.1631014444058564,0.2990083017171483,0.3173045776556649,0.428239048604184
fashion,DR-SNE,0,lambda,0.01,k_density,40.0,0.8422253333333333,0.608262,0.8460086666666667,0.8428773333333333,0.5654284444444444,0.3133505104281258,0.18611596436519018,0.3475643638646502,0.373306323353501,0.41978516759302376
fashion,DR-SNE,0,lambda,0.01,k_density,80.0,0.8358257777777778,0.5856317777777778,0.8308471111111112,0.8190782222222223,0.5446626666666667,0.3386877456419715,0.1689197334713327,0.37507296545200747,0.38678318745280144,0.40151556005626543
fashion,DR-SNE,0,lambda,0.01,k_density,300.0,0.8243928888888891,0.5671413333333334,0.8405,0.8298226666666667,0.8173088888888889,0.2697857778691384,0.16552575539498904,0.3260961896770924,0.3533187267499177,0.4789644458833585
fashion,DR-SNE,0,lambda,0.1,k_density,40.0,0.7993075555555557,0.6858562222222222,0.7838451111111111,0.7571884444444444,0.6440008888888888,0.4090819098544028,0.2236136045817912,0.39993634961851876,0.39549803124703536,0.27945907808864295
fashion,DR-SNE,0,lambda,0.1,k_density,80.0,0.8318848888888888,0.5936331111111111,0.8139006666666666,0.796355111111111,0.6330511111111111,0.391789402254122,0.1414851764369135,0.4237480471682622,0.40918672146309787,0.26945374006371137
fashion,DR-SNE,0,lambda,0.1,k_density,300.0,0.8075808888888889,0.552038,0.814488,0.7938017777777777,0.8161062222222223,0.29061301330718053,0.16278728243797985,0.3381901347973074,0.36637365828629276,0.4592752882095733
fashion,DR-SNE,0,lambda,1.0,k_density,40.0,0.8131262222222222,0.6364411111111112,0.7910633333333333,0.7757048888888889,0.7009826666666668,0.4479977458664536,0.176127601296474,0.4614967578139265,0.46051149703719435,0.32201033188243544
fashion,DR-SNE,0,lambda,1.0,k_density,80.0,0.7898724444444444,0.6587755555555556,0.7642417777777778,0.7501511111111111,0.7005271111111109,0.4441042416224483,0.20554614939093724,0.4487648824747177,0.43840762616653595,0.3022633091348659
fashion,DR-SNE,0,lambda,1.0,k_density,300.0,0.8065297777777777,0.5715042222222222,0.8005084444444444,0.7920764444444445,0.8102053333333334,0.39652602966883393,0.15947661014713832,0.4502330931472891,0.48252546868820645,0.46349308767007924
fashion,DR-SNE,1,lambda,0.0,k_density,40.0,0.8111164444444445,0.535852,0.8065480000000002,0.8046968888888888,0.8139231111111112,0.271913262518434,0.1433194393979037,0.27670908797531213,0.3754818908070149,0.4428040289795778
fashion,DR-SNE,1,lambda,0.0,k_density,80.0,0.7899768888888888,0.5235259999999999,0.7906666666666666,0.7921244444444444,0.7918013333333332,0.2404537385977792,0.12292128575211325,0.25682473598236877,0.31622119370659507,0.4215425960216196
fashion,DR-SNE,1,lambda,0.0,k_density,300.0,0.7401542222222222,0.5244964444444444,0.748716,0.7638777777777778,0.8526324444444444,0.19255857243496705,0.12408835663602005,0.20875283301594583,0.23930328748003762,0.41646721410450394
fashion,DR-SNE,1,lambda,5e-05,k_density,40.0,0.8267804444444443,0.5718106666666666,0.8229995555555556,0.8355995555555557,0.805956,0.2670905281685016,0.14573527321815205,0.26549930897251806,0.3363135134601305,0.3985127942866002
fashion,DR-SNE,1,lambda,5e-05,k_density,80.0,0.8252146666666667,0.5879826666666667,0.8303933333333333,0.8348991111111111,0.792027111111111,0.281355400842929,0.14355694906838903,0.3144249853764315,0.3447587781152565,0.4394634693079022
fashion,DR-SNE,1,lambda,5e-05,k_density,300.0,0.7350479999999999,0.540542,0.7617475555555556,0.7723124444444444,0.8624395555555556,0.1847940329909096,0.1298611104981815,0.21053582189693323,0.24759944209076215,0.4460064587624653
fashion,DR-SNE,1,lambda,0.0001,k_density,40.0,0.8013497777777777,0.5439815555555555,0.8013640000000001,0.7996133333333333,0.8174657777777777,0.23982586501044204,0.13365750892088285,0.24752435451409024,0.2986741261362911,0.37501412831860303
fashion,DR-SNE,1,lambda,0.0001,k_density,80.0,0.8106542222222223,0.5579926666666667,0.8063471111111112,0.802772888888889,0.7952737777777779,0.26410220508934207,0.14433519703730802,0.28933176149166023,0.32931754236958877,0.4243883208102975
fashion,DR-SNE,1,lambda,0.0001,k_density,300.0,0.7381013333333335,0.5195102222222222,0.7632115555555556,0.7640222222222222,0.8537417777777777,0.19352548249744042,0.11957769051498063,0.22030267918762692,0.24449995419280812,0.4321840997194231
fashion,DR-SNE,1,lambda,0.0002,k_density,40.0,0.825152,0.5666866666666667,0.8274239999999999,0.8252177777777777,0.8210222222222222,0.26770049751191183,0.14173851291019776,0.27760840337494513,0.34884276717987345,0.4579072952392024
fashion,DR-SNE,1,lambda,0.0002,k_density,80.0,0.809292,0.5678264444444444,0.8099491111111111,0.804883111111111,0.7876546666666666,0.2476850170694999,0.1248969617943124,0.2632330900555559,0.30282990065488147,0.3973226459203041
fashion,DR-SNE,1,lambda,0.0002,k_density,300.0,0.7172519999999999,0.5071073333333334,0.738426,0.7545986666666666,0.8636240000000001,0.17763097813451828,0.11385983480826645,0.19719769194934628,0.22797483124589368,0.4133474285830788
fashion,DR-SNE,1,lambda,0.0005,k_density,40.0,0.8336977777777778,0.5876146666666666,0.834060888888889,0.8391724444444444,0.8133560000000001,0.29310549526942986,0.14678624940957477,0.2958365107502482,0.4013407632533102,0.46333518044845196
fashion,DR-SNE,1,lambda,0.0005,k_density,80.0,0.8041728888888887,0.5608266666666667,0.8018895555555555,0.7969799999999999,0.7964404444444444,0.25564330467442653,0.1280230677774964,0.2663482626347025,0.30283569183157405,0.4063162754546364
fashion,DR-SNE,1,lambda,0.0005,k_density,300.0,0.7112959999999999,0.5269657777777778,0.7492506666666666,0.7619751111111112,0.8553746666666667,0.17594626636598262,0.12632365353194064,0.20582251874969737,0.22767610749470385,0.4301327514346015
fashion,DR-SNE,1,lambda,0.001,k_density,40.0,0.8205666666666667,0.5607364444444444,0.8172466666666667,0.816674888888889,0.8117506666666666,0.262244517590011,0.13405332096414538,0.25987347430384405,0.3085102294262801,0.38266493962118603
fashion,DR-SNE,1,lambda,0.001,k_density,80.0,0.8031493333333333,0.5747986666666667,0.7981395555555555,0.8000186666666667,0.8023902222222223,0.26906494751120835,0.14279017575913588,0.2878698802222396,0.3405649708552247,0.41660997912831677
fashion,DR-SNE,1,lambda,0.001,k_density,300.0,0.7483968888888889,0.5358742222222221,0.7683337777777778,0.7849337777777777,0.8603346666666667,0.21613848746035147,0.1253916719105257,0.2428968355415535,0.28481143831398986,0.43750449040574063
fashion,DR-SNE,1,lambda,0.002,k_density,40.0,0.7838791111111111,0.5575788888888888,0.7751133333333333,0.7728222222222222,0.8256786666666667,0.2170260257212851,0.1268234146183448,0.21265052424562556,0.23956206689489262,0.31521961544219573
fashion,DR-SNE,1,lambda,0.002,k_density,80.0,0.8098524444444444,0.5396011111111112,0.812589111111111,0.8175586666666665,0.806947111111111,0.2580848143744177,0.12443835733675765,0.2778798283257642,0.3289396947137674,0.4539834131284363
fashion,DR-SNE,1,lambda,0.002,k_density,300.0,0.7201337777777777,0.5133831111111111,0.7374708888888889,0.7485502222222222,0.8595182222222222,0.18829996424052642,0.1130248806252277,0.21488037567870255,0.250603831544374,0.42756709949259736
fashion,DR-SNE,1,lambda,0.005,k_density,40.0,0.8024040000000001,0.5582811111111111,0.7939426666666667,0.793896,0.8331102222222222,0.3013708682586853,0.13649530689986022,0.3026832550306234,0.3400672313165995,0.40319209095265923
fashion,DR-SNE,1,lambda,0.005,k_density,80.0,0.8065133333333334,0.5813731111111111,0.8063326666666667,0.8111542222222221,0.8052906666666668,0.27161456225889763,0.13766362797910042,0.31116800069893563,0.35560180317971435,0.4546862539380505
fashion,DR-SNE,1,lambda,0.005,k_density,300.0,0.7255844444444445,0.5021031111111112,0.7560186666666666,0.7627542222222222,0.8588746666666668,0.1832115145764677,0.1125593337067351,0.20673683699694373,0.23279795283134036,0.395357501418406
fashion,DR-SNE,1,lambda,0.01,k_density,40.0,0.816616888888889,0.5823484444444446,0.8172706666666666,0.8233693333333334,0.8128782222222223,0.2968365763469758,0.15894167405722762,0.28247516177317694,0.3581968696675679,0.4357987784995687
fashion,DR-SNE,1,lambda,0.01,k_density,80.0,0.8173035555555556,0.5916446666666666,0.8163013333333332,0.81408,0.8019911111111111,0.30000868579221834,0.15170841213171363,0.3207775699996245,0.40990074834715295,0.5112185260689673
fashion,DR-SNE,1,lambda,0.01,k_density,300.0,0.7442262222222221,0.5611886666666667,0.7501186666666666,0.7659893333333334,0.848964888888889,0.20127944221896826,0.1330285122018896,0.21704540733464178,0.23760338717988083,0.41999483822520794
fashion,DR-SNE,1,lambda,0.1,k_density,40.0,0.8395737777777778,0.6322399999999999,0.8279304444444444,0.8215604444444443,0.7975026666666666,0.41825854721155664,0.20295763928062344,0.40526827954876277,0.460765743726695,0.4742804082348401
fashion,DR-SNE,1,lambda,0.1,k_density,80.0,0.8383195555555556,0.6091488888888889,0.8257786666666668,0.8147906666666668,0.8330862222222222,0.4003324840226431,0.16007124829573885,0.4073261742008935,0.4795548955861463,0.5408229500312303
fashion,DR-SNE,1,lambda,0.1,k_density,300.0,0.7567480000000001,0.5725595555555556,0.7713533333333333,0.7849524444444445,0.8475955555555553,0.28057617387978656,0.1516663450879941,0.30698126735579156,0.37878161787923326,0.49149340425561644
fashion,DR-SNE,1,lambda,1.0,k_density,40.0,0.83338,0.6697302222222222,0.8077097777777777,0.799392888888889,0.806564,0.4766276880744616,0.25281918231817657,0.44635960459741086,0.4812448843547576,0.4718670208324265
fashion,DR-SNE,1,lambda,1.0,k_density,80.0,0.8277999999999999,0.6514153333333333,0.811187111111111,0.803788,0.8071804444444444,0.4377953525045508,0.20512798286294542,0.40696104763649943,0.436413365979032,0.458456286429475
fashion,DR-SNE,1,lambda,1.0,k_density,300.0,0.8162062222222222,0.5571486666666667,0.8114444444444445,0.8055755555555554,0.8338351111111111,0.4096628185126921,0.16612506085822393,0.3958872201795982,0.4515805814439389,0.521912173683488
fashion,DR-SNE,2,lambda,0.0,k_density,40.0,0.8188453333333333,0.5450722222222222,0.8211822222222223,0.8154275555555555,0.7882279999999999,0.2494535255969258,0.1273309597070693,0.2698262790847603,0.2774659188841977,0.36827676711178425
fashion,DR-SNE,2,lambda,0.0,k_density,80.0,0.8284453333333335,0.525146,0.8354324444444443,0.8326564444444445,0.8604408888888889,0.2669263271084992,0.1278216972294909,0.3160425788304998,0.3310048373709222,0.4499901798439952
fashion,DR-SNE,2,lambda,0.0,k_density,300.0,0.8074626666666667,0.5154922222222222,0.8213217777777778,0.8189031111111112,0.8012502222222222,0.25192201337891684,0.13953127546628447,0.2826177251560537,0.28638564212507445,0.28479806771331684
fashion,DR-SNE,2,lambda,5e-05,k_density,40.0,0.8181462222222222,0.550524888888889,0.82024,0.8120635555555558,0.835840888888889,0.25549593124043046,0.13058967490279255,0.2715415370237735,0.2820087905915569,0.39557234245414835
fashion,DR-SNE,2,lambda,5e-05,k_density,80.0,0.8145026666666667,0.5029564444444444,0.8165504444444445,0.808791111111111,0.8641635555555556,0.25237030378085,0.1214258508577709,0.30044499223996585,0.313221310740748,0.4025440643343398
fashion,DR-SNE,2,lambda,5e-05,k_density,300.0,0.8236333333333333,0.522718,0.8306568888888889,0.8224626666666666,0.805919111111111,0.2787429643885503,0.13317537808806323,0.2986430707274828,0.29619632065020923,0.32365612277879585
fashion,DR-SNE,2,lambda,0.0001,k_density,40.0,0.8344515555555557,0.5711057777777778,0.8387057777777778,0.8417755555555555,0.8259537777777777,0.26970111022407756,0.13545602873899082,0.29985218903223615,0.3254814479077271,0.4017491271184778
fashion,DR-SNE,2,lambda,0.0001,k_density,80.0,0.8340382222222223,0.5135902222222223,0.843036888888889,0.8379004444444443,0.8524071111111111,0.26431760610788685,0.12018376703373995,0.302504716888639,0.31894712525252283,0.3888585745728225
fashion,DR-SNE,2,lambda,0.0001,k_density,300.0,0.8352257777777778,0.5321302222222222,0.8462175555555557,0.835576,0.801740888888889,0.2900274340877573,0.14156297911334764,0.3244987302860733,0.31857746481874694,0.34012722834621134
fashion,DR-SNE,2,lambda,0.0002,k_density,40.0,0.8288213333333333,0.588184,0.83038,0.8314444444444444,0.7466964444444444,0.27159668248072455,0.14189553023671603,0.2841513085138593,0.3035079967110626,0.3937617115439905
fashion,DR-SNE,2,lambda,0.0002,k_density,80.0,0.8157142222222225,0.5220053333333333,0.8222662222222223,0.816519111111111,0.8642608888888889,0.25033719772295565,0.12941930116815106,0.29588876683180276,0.32100223767736785,0.42838671188391064
fashion,DR-SNE,2,lambda,0.0002,k_density,300.0,0.8176248888888887,0.5362193333333334,0.8295297777777778,0.8212662222222222,0.8156444444444445,0.2517186922820343,0.13052183831066896,0.27823237593298905,0.2746031367039044,0.31105760330645826
fashion,DR-SNE,2,lambda,0.0005,k_density,40.0,0.8069377777777778,0.5604186666666666,0.8215244444444444,0.8252057777777778,0.7565817777777777,0.23330596431597195,0.1353516606416209,0.2620146470850597,0.27652616242928396,0.35914041814865155
fashion,DR-SNE,2,lambda,0.0005,k_density,80.0,0.8159284444444446,0.5572775555555556,0.825751111111111,0.819043111111111,0.863348,0.24214357023152472,0.14451889026641657,0.2802622161934005,0.2929994436492388,0.39929287577282957
fashion,DR-SNE,2,lambda,0.0005,k_density,300.0,0.8105879999999999,0.5280417777777777,0.8221502222222221,0.8202644444444446,0.8305208888888889,0.2425942726971282,0.1292550975363181,0.2739094182662475,0.27774776648649385,0.32333897626782515
fashion,DR-SNE,2,lambda,0.001,k_density,40.0,0.8326853333333334,0.5588886666666667,0.8351284444444445,0.831401111111111,0.809552888888889,0.27977495230041033,0.14224075676187653,0.31476909479103105,0.31242081414350203,0.3827879981339437
fashion,DR-SNE,2,lambda,0.001,k_density,80.0,0.8204422222222223,0.5570168888888889,0.8328184444444444,0.8292737777777779,0.837016,0.2616249819331097,0.13384403284147917,0.33694387584243957,0.3317962934948156,0.3626518739249507
fashion,DR-SNE,2,lambda,0.001,k_density,300.0,0.822196,0.5336857777777777,0.8318893333333333,0.8223644444444445,0.788979111111111,0.26010084056164806,0.13478463396816295,0.2777818672349832,0.27904547465467017,0.2940796735321226
fashion,DR-SNE,2,lambda,0.002,k_density,40.0,0.8158688888888889,0.5495573333333333,0.8164139999999999,0.8117368888888888,0.78756,0.2555668088009522,0.1280459578240421,0.28933292029459995,0.2925741744541893,0.3567769586059885
fashion,DR-SNE,2,lambda,0.002,k_density,80.0,0.8184422222222222,0.5459337777777777,0.8287508888888888,0.823756,0.8542977777777778,0.25715508096644313,0.148425324006148,0.3150449517490434,0.32971023255295046,0.3838430200629328
fashion,DR-SNE,2,lambda,0.002,k_density,300.0,0.8116639999999999,0.48820155555555556,0.8239453333333333,0.8171528888888888,0.8208497777777779,0.24646552349327877,0.11269684622246198,0.27477222465569817,0.27636338142026723,0.32039350428270347
fashion,DR-SNE,2,lambda,0.005,k_density,40.0,0.816763111111111,0.5615566666666667,0.8170986666666666,0.8106151111111112,0.759348,0.27950491556397616,0.14910570151125047,0.27942873700355225,0.2825970114356537,0.37744810049186023
fashion,DR-SNE,2,lambda,0.005,k_density,80.0,0.8281533333333334,0.5764944444444444,0.8339704444444445,0.8303911111111112,0.8512475555555554,0.2772307589292446,0.15541555252022518,0.3268680888259253,0.34387189362845966,0.4083863814571427
fashion,DR-SNE,2,lambda,0.005,k_density,300.0,0.7988746666666667,0.49937333333333334,0.8110051111111111,0.7999253333333333,0.8300768888888889,0.23563865076600704,0.11031535200492555,0.2607179709591033,0.2626838371069659,0.3238338668916578
fashion,DR-SNE,2,lambda,0.01,k_density,40.0,0.819672,0.5464673333333333,0.8124597777777778,0.8044651111111111,0.8036342222222222,0.2730028821603518,0.1215724133617358,0.2801505485475966,0.295843343861375,0.3884978762247855
fashion,DR-SNE,2,lambda,0.01,k_density,80.0,0.8212377777777778,0.5435082222222223,0.8279906666666667,0.8260982222222223,0.8383035555555558,0.25992335740254824,0.13093367125011043,0.29911193442237266,0.3125360813814416,0.3851812004733689
fashion,DR-SNE,2,lambda,0.01,k_density,300.0,0.8229866666666666,0.5495111111111111,0.8421028888888888,0.8297564444444444,0.8059404444444445,0.2641364966688252,0.1484533787396481,0.3085952018965702,0.302072632183811,0.3402371629351018
fashion,DR-SNE,2,lambda,0.1,k_density,40.0,0.8323680000000001,0.6739953333333334,0.8212784444444444,0.8151888888888889,0.763292,0.3416124950246117,0.2044738776676624,0.32216144228551546,0.3103053545282717,0.39988385148619376
fashion,DR-SNE,2,lambda,0.1,k_density,80.0,0.8222751111111111,0.5922713333333334,0.811128,0.802492,0.8235884444444443,0.2916582073489493,0.16034030673866814,0.3032060572052455,0.2878752222915958,0.38075876832676075
fashion,DR-SNE,2,lambda,0.1,k_density,300.0,0.8058964444444444,0.5283086666666666,0.8190933333333333,0.8154084444444445,0.8236342222222222,0.25097076854119676,0.1373368862158648,0.30607794873621935,0.3002685477984091,0.3149576205933393
fashion,DR-SNE,2,lambda,1.0,k_density,40.0,0.8091182222222222,0.6749597777777777,0.7932071111111112,0.7837226666666667,0.6931168888888889,0.35879939227723806,0.19563460518173087,0.356404414092786,0.3475315541024306,0.40385580584851594
fashion,DR-SNE,2,lambda,1.0,k_density,80.0,0.8062720000000001,0.6703133333333333,0.8040077777777777,0.7941704444444445,0.717624,0.32212220514529805,0.2174734697108879,0.3173371377123501,0.3143217890527928,0.3864386437178169
fashion,DR-SNE,2,lambda,1.0,k_density,300.0,0.7939622222222221,0.5995562222222222,0.7960648888888888,0.78506,0.7478711111111112,0.3001975200027692,0.1740216236058715,0.30400132614569503,0.3100018405642498,0.30599851931779654
fashion,DR-SNE,3,lambda,0.0,k_density,40.0,0.7700306666666666,0.5445784444444445,0.7621004444444445,0.7442533333333333,0.8237706666666669,0.19796764543165027,0.11320619119158548,0.1943898986803779,0.19915550871650797,0.3242242580462947
fashion,DR-SNE,3,lambda,0.0,k_density,80.0,0.7815715555555557,0.5453211111111111,0.7721693333333335,0.7687426666666667,0.8725608888888888,0.21762995373759048,0.12463139495367152,0.2088880444545835,0.24085725626612317,0.45135790400905423
fashion,DR-SNE,3,lambda,0.0,k_density,300.0,0.776868,0.562251111111111,0.8158222222222221,0.8203346666666668,0.9132946666666667,0.22211259037570197,0.15121865803088497,0.2876413197562083,0.3321691937061103,0.5099089249279374
fashion,DR-SNE,3,lambda,5e-05,k_density,40.0,0.7845066666666665,0.5596413333333333,0.7848062222222221,0.7814257777777778,0.867411111111111,0.21493721334522578,0.13437167639734543,0.21380917601820523,0.2257521972406745,0.40546979582828263
fashion,DR-SNE,3,lambda,5e-05,k_density,80.0,0.7831773333333334,0.5895257777777778,0.7806106666666667,0.7759397777777778,0.7748355555555556,0.24846539218935787,0.16361956797766192,0.23763948659544484,0.24763666312483984,0.33626668819743505
fashion,DR-SNE,3,lambda,5e-05,k_density,300.0,0.7893893333333333,0.5725604444444444,0.806392,0.8259462222222222,0.918483111111111,0.2323877747680741,0.15916289814958812,0.2682932306172132,0.31823014372548974,0.5121344914530558
fashion,DR-SNE,3,lambda,0.0001,k_density,40.0,0.7761115555555556,0.5718726666666667,0.7733684444444444,0.7701657777777778,0.8074484444444444,0.2106508443055867,0.12658552692140662,0.21125851548564195,0.21694834198120772,0.32285827401657596
fashion,DR-SNE,3,lambda,0.0001,k_density,80.0,0.7866675555555556,0.5827886666666666,0.7839182222222223,0.7842560000000001,0.809332,0.21803508934813132,0.13821758116412097,0.21905063697049534,0.23214776873658508,0.39664356125959
fashion,DR-SNE,3,lambda,0.0001,k_density,300.0,0.7791213333333332,0.5413353333333333,0.8175751111111109,0.827052,0.8997182222222221,0.2064596225251859,0.14188565365446326,0.24808797761710671,0.27403098041754775,0.4328554982874272
fashion,DR-SNE,3,lambda,0.0002,k_density,40.0,0.7535808888888889,0.5539364444444445,0.738767111111111,0.7193231111111111,0.7958671111111111,0.19420009983808587,0.12035626617977391,0.18745768739961333,0.18926547977500485,0.2846488758552521
fashion,DR-SNE,3,lambda,0.0002,k_density,80.0,0.7799871111111111,0.5116095555555555,0.775184,0.7608626666666667,0.86912,0.21367768831761288,0.12247854559570945,0.21281919208803673,0.2331711180943266,0.47687854719321654
fashion,DR-SNE,3,lambda,0.0002,k_density,300.0,0.7546884444444444,0.5507913333333334,0.8026151111111111,0.831632,0.9232608888888889,0.19179956581154042,0.1459086357538471,0.22909488217441148,0.2879543191461798,0.5071323406184908
fashion,DR-SNE,3,lambda,0.0005,k_density,40.0,0.7757866666666668,0.5519822222222222,0.7633355555555557,0.7546577777777779,0.8191724444444444,0.20918906971219922,0.12933810864552492,0.20430199949418648,0.2068897648155194,0.3389811101158745
fashion,DR-SNE,3,lambda,0.0005,k_density,80.0,0.7587493333333333,0.571987111111111,0.7577364444444445,0.7537728888888888,0.7708262222222224,0.20386155018302798,0.13735217759180768,0.20056287343646667,0.20524907617215155,0.36065848202775624
fashion,DR-SNE,3,lambda,0.0005,k_density,300.0,0.7916915555555556,0.5350084444444445,0.8149817777777777,0.8231635555555554,0.9050506666666667,0.2193659244175515,0.13601157921657447,0.25392098447779926,0.28255252149114635,0.4655797333169034
fashion,DR-SNE,3,lambda,0.001,k_density,40.0,0.7762462222222222,0.5435815555555555,0.7668742222222223,0.752139111111111,0.8441200000000001,0.20946851695493643,0.11256730625238619,0.2043154807859788,0.21042136319506632,0.34723743964393144
fashion,DR-SNE,3,lambda,0.001,k_density,80.0,0.7486053333333332,0.5794684444444445,0.7490208888888888,0.7443231111111112,0.7415373333333334,0.19724284695700298,0.1414835467374299,0.19688758885250596,0.20114450348973983,0.32572579156556175
fashion,DR-SNE,3,lambda,0.001,k_density,300.0,0.7646671111111111,0.5365437777777777,0.8048840000000002,0.8235853333333333,0.9189035555555554,0.19788465103579567,0.14635506056597936,0.23868322598679073,0.2808758978091481,0.4885482228455375
fashion,DR-SNE,3,lambda,0.002,k_density,40.0,0.778416,0.5812266666666667,0.7694973333333334,0.7535728888888888,0.7797253333333334,0.2205857590716648,0.14599458389200887,0.21337757156383935,0.2171676847723258,0.2905846096813923
fashion,DR-SNE,3,lambda,0.002,k_density,80.0,0.7460302222222222,0.5793995555555556,0.7530413333333333,0.747036888888889,0.7915177777777777,0.18832726087414775,0.1334299315121823,0.19150743187027958,0.19362370241086932,0.35164616531583043
fashion,DR-SNE,3,lambda,0.002,k_density,300.0,0.7880244444444445,0.5593911111111112,0.8217595555555557,0.8338435555555557,0.9201426666666667,0.22989642306815344,0.16251771036116253,0.2781233976797049,0.3188804667171547,0.4969306790123384
fashion,DR-SNE,3,lambda,0.005,k_density,40.0,0.7457333333333334,0.5600766666666667,0.7295957777777777,0.7043502222222222,0.7769657777777779,0.20044145558213033,0.12189281040293592,0.18980735997276102,0.19423549127868794,0.28783868929542183
fashion,DR-SNE,3,lambda,0.005,k_density,80.0,0.7800417777777777,0.5535522222222222,0.7769719999999999,0.7795622222222222,0.8252128888888889,0.20801593462528756,0.12595642201033028,0.20649804204211342,0.221897971995453,0.3681284622751994
fashion,DR-SNE,3,lambda,0.005,k_density,300.0,0.7933866666666666,0.5352115555555556,0.8222502222222223,0.8427475555555556,0.915248,0.22978860472747462,0.15209206626848784,0.282596711450549,0.3422031852121539,0.5045109873786187
fashion,DR-SNE,3,lambda,0.01,k_density,40.0,0.7723440000000001,0.5811546666666667,0.7616620000000001,0.7486653333333333,0.787735111111111,0.2086787616268401,0.13516293650413158,0.2007776282324428,0.20408694561563623,0.2795058273331291
fashion,DR-SNE,3,lambda,0.01,k_density,80.0,0.7675777777777778,0.6041462222222223,0.7589062222222223,0.7650568888888889,0.7589742222222222,0.23129118700079804,0.16981647190740398,0.22338631370560472,0.23416271226810437,0.35308645014023543
fashion,DR-SNE,3,lambda,0.01,k_density,300.0,0.7890995555555556,0.5147851111111111,0.8174506666666667,0.8249644444444444,0.8944168888888888,0.23393749599981015,0.12209220662674627,0.2806816660455109,0.2961577581939248,0.4207933260078569
fashion,DR-SNE,3,lambda,0.1,k_density,40.0,0.8056924444444445,0.6398828888888889,0.7955019999999999,0.7992728888888888,0.8110973333333333,0.34476416604701576,0.18172138419070538,0.33227423773357234,0.36544060119750965,0.5205548117535812
fashion,DR-SNE,3,lambda,0.1,k_density,80.0,0.7834404444444445,0.6520237777777778,0.7741346666666667,0.7636457777777778,0.7341813333333335,0.3303740617221118,0.2554826446455982,0.3056204704985792,0.28785576045532013,0.32566010123083733
fashion,DR-SNE,3,lambda,0.1,k_density,300.0,0.8168928888888889,0.5493882222222222,0.8354057777777777,0.849548,0.9407262222222222,0.26209160417452276,0.13951120643376813,0.3158845281511521,0.44919237280681007,0.6462884574061706
fashion,DR-SNE,3,lambda,1.0,k_density,40.0,0.7692826666666667,0.6462106666666666,0.7482551111111111,0.7452804444444445,0.7859244444444444,0.30580534781411833,0.1767377308620183,0.3005088856833099,0.30193376809335454,0.39884913003023376
fashion,DR-SNE,3,lambda,1.0,k_density,80.0,0.7632124444444445,0.6597331111111111,0.7621915555555554,0.7567168888888889,0.7370057777777778,0.30430786647649005,0.24476511801020376,0.28259151013199024,0.28516716329854547,0.35796556018503406
fashion,DR-SNE,3,lambda,1.0,k_density,300.0,0.839399111111111,0.5852095555555555,0.8291951111111111,0.8405604444444444,0.9125,0.3712731173053677,0.16187852636777422,0.3917654433710993,0.47311623727335766,0.6316949004556314
fashion,DR-SNE,4,lambda,0.0,k_density,40.0,0.8015906666666667,0.5665622222222223,0.8071440000000001,0.7965573333333333,0.769908,0.2846364815691155,0.1469515202629128,0.32622042422716363,0.3592832674707448,0.47213840730273104
fashion,DR-SNE,4,lambda,0.0,k_density,80.0,0.7856648888888889,0.540734,0.7881231111111111,0.7749666666666667,0.8244,0.253332198391391,0.13003851340454886,0.2708279324415897,0.31725564412553736,0.427356300898251
fashion,DR-SNE,4,lambda,0.0,k_density,300.0,0.8249546666666666,0.5424344444444444,0.8359235555555555,0.8346062222222221,0.6996342222222223,0.2570630562847683,0.12822138731681332,0.2726307690855419,0.2902034438063243,0.43386315070218284
fashion,DR-SNE,4,lambda,5e-05,k_density,40.0,0.7989959999999998,0.5607657777777777,0.7996373333333332,0.7773584444444445,0.8196235555555554,0.27625378166564896,0.1465024806980027,0.324091724635119,0.3661367423784269,0.530420360383927
fashion,DR-SNE,4,lambda,5e-05,k_density,80.0,0.7963942222222222,0.5440868888888888,0.7966711111111111,0.7702697777777778,0.8222706666666667,0.25812186201638926,0.14276080284407847,0.28449759931588486,0.3102328140564268,0.3988631063481831
fashion,DR-SNE,4,lambda,5e-05,k_density,300.0,0.8085835555555555,0.5839177777777778,0.8235146666666666,0.8110422222222222,0.6957702222222222,0.23376520996804956,0.14963068252664835,0.2512531284766206,0.2471952869923728,0.40457121931589485
fashion,DR-SNE,4,lambda,0.0001,k_density,40.0,0.7755648888888889,0.5455835555555556,0.7713146666666666,0.7603822222222222,0.779608,0.26839143457007225,0.13877518890195978,0.2946174367887278,0.31419390323034374,0.4103164627921317
fashion,DR-SNE,4,lambda,0.0001,k_density,80.0,0.7753933333333334,0.5438724444444444,0.7768564444444446,0.7619666666666667,0.8031768888888888,0.2398786530313405,0.12489805616360447,0.25975493723561,0.30162281197280094,0.39126691230858446
fashion,DR-SNE,4,lambda,0.0001,k_density,300.0,0.7962413333333332,0.5436766666666666,0.8074564444444444,0.8086017777777776,0.7274222222222222,0.24144578971145791,0.1365768018509411,0.2600004623773819,0.27706702199930044,0.4239334984482625
fashion,DR-SNE,4,lambda,0.0002,k_density,40.0,0.7866644444444444,0.5647424444444444,0.7874982222222221,0.7675062222222222,0.7979244444444444,0.24133392773832507,0.13951523258532783,0.27844569280618015,0.31944324512057337,0.4315565013702866
fashion,DR-SNE,4,lambda,0.0002,k_density,80.0,0.8009724444444444,0.5395762222222222,0.7931508888888888,0.7742182222222221,0.8596782222222223,0.25996581445484446,0.14392522939074268,0.27258282264719197,0.33405358071091235,0.45062016720883186
fashion,DR-SNE,4,lambda,0.0002,k_density,300.0,0.8179644444444444,0.5494357777777777,0.8321439999999999,0.8260177777777779,0.6817088888888888,0.26328760091878023,0.13489056194643365,0.2920008807421805,0.2988738441594439,0.40184178463835263
fashion,DR-SNE,4,lambda,0.0005,k_density,40.0,0.7901342222222222,0.5813644444444445,0.7921973333333334,0.7845422222222221,0.7593213333333334,0.29263380096727243,0.1574363596579017,0.3342433778380669,0.37216885643343756,0.46696861983039856
fashion,DR-SNE,4,lambda,0.0005,k_density,80.0,0.8206573333333333,0.5583653333333333,0.8313544444444444,0.8302595555555554,0.7928417777777778,0.26680103052525117,0.14035759132351222,0.29663601416397367,0.33939132868597216,0.39681997749810927
fashion,DR-SNE,4,lambda,0.0005,k_density,300.0,0.7346444444444444,0.5125988888888888,0.7578991111111111,0.7476457777777777,0.722347111111111,0.2017971290295702,0.11932548353076607,0.2232387137844785,0.23273644180386993,0.3714423342388621
fashion,DR-SNE,4,lambda,0.001,k_density,40.0,0.7862,0.5538635555555556,0.7779906666666666,0.7479328888888889,0.7932008888888891,0.27835175409025736,0.1370708394140261,0.3086057673448739,0.3038142842737398,0.42358452159513593
fashion,DR-SNE,4,lambda,0.001,k_density,80.0,0.7854484444444444,0.5174291111111111,0.782937111111111,0.7638884444444444,0.8357426666666666,0.2552686337587759,0.125131072569187,0.2659477643421499,0.31032088777560307,0.41722650842733094
fashion,DR-SNE,4,lambda,0.001,k_density,300.0,0.8242537777777778,0.5604613333333334,0.8365773333333333,0.8252675555555555,0.7044488888888889,0.2510563926690012,0.1367092190295221,0.27238090039796464,0.28056252947554683,0.4042422356187192
fashion,DR-SNE,4,lambda,0.002,k_density,40.0,0.8153457777777776,0.6177855555555555,0.8191319999999999,0.8157862222222222,0.7241902222222223,0.3181081882809532,0.1926665860672802,0.3348365334868967,0.34929873071259626,0.41547075715922605
fashion,DR-SNE,4,lambda,0.002,k_density,80.0,0.816328888888889,0.6187093333333333,0.8134168888888889,0.8104084444444445,0.7574284444444445,0.33592799947840596,0.1640845428688882,0.35343578918675483,0.3766950364567261,0.3768762316394173
fashion,DR-SNE,4,lambda,0.002,k_density,300.0,0.8535964444444445,0.5935784444444444,0.8707904444444445,0.8586071111111112,0.7151266666666667,0.2968076809447612,0.15905784536823778,0.34131546804160984,0.3409683222205677,0.39932272806786395
fashion,DR-SNE,4,lambda,0.005,k_density,40.0,0.7803466666666667,0.5697737777777778,0.7735513333333334,0.7644982222222222,0.762520888888889,0.3359319955057237,0.172608454009571,0.3496173097855057,0.37256492052613294,0.45382519248065833
fashion,DR-SNE,4,lambda,0.005,k_density,80.0,0.8016880000000001,0.5784197777777778,0.7925079999999999,0.7757831111111112,0.7809271111111112,0.2912021024939593,0.1429498909367432,0.3077733723818583,0.33196602230541755,0.34927640909894775
fashion,DR-SNE,4,lambda,0.005,k_density,300.0,0.7809319999999998,0.5333746666666667,0.794707111111111,0.788576,0.7092457777777778,0.22027085557263887,0.1254937320540793,0.24444761078020505,0.25116845939722343,0.3944048478703539
fashion,DR-SNE,4,lambda,0.01,k_density,40.0,0.8230022222222223,0.6003566666666666,0.8158084444444446,0.7988857777777777,0.8269968888888888,0.34628392340864217,0.15673067149042427,0.3917344695958721,0.4086451366100197,0.461157308900179
fashion,DR-SNE,4,lambda,0.01,k_density,80.0,0.8092595555555557,0.5875642222222223,0.8089911111111112,0.8042608888888889,0.7821924444444445,0.297160282960787,0.14226690795886232,0.3366828813450099,0.36891169904576826,0.3747211129989155
fashion,DR-SNE,4,lambda,0.01,k_density,300.0,0.8384946666666667,0.598604888888889,0.8526931111111112,0.8414182222222221,0.7167306666666667,0.26706765194034204,0.15867142915620763,0.2904339195557806,0.29698536941948744,0.42144310586407396
fashion,DR-SNE,4,lambda,0.1,k_density,40.0,0.8201160000000001,0.5973762222222222,0.8053720000000001,0.7953071111111112,0.7990044444444444,0.4235831094773178,0.18080775237611785,0.43347253822542264,0.44100915494217496,0.4823330583974417
fashion,DR-SNE,4,lambda,0.1,k_density,80.0,0.8105435555555555,0.574026,0.7998324444444445,0.7906671111111111,0.7873488888888889,0.3732868080460721,0.14634008858640513,0.3855593712554351,0.42140196140929,0.49089155864926864
fashion,DR-SNE,4,lambda,0.1,k_density,300.0,0.8006066666666666,0.5549942222222223,0.818369111111111,0.8209437777777778,0.6792253333333333,0.2897712991693593,0.15927153249775033,0.31493810171845144,0.3768554434725595,0.4072499811657941
fashion,DR-SNE,4,lambda,1.0,k_density,40.0,0.8081275555555556,0.6720200000000001,0.7990697777777778,0.7909244444444444,0.7373302222222221,0.45680755261738853,0.2542592478415854,0.4632139636124836,0.45409241290049046,0.39459571999085674
fashion,DR-SNE,4,lambda,1.0,k_density,80.0,0.8280626666666666,0.6425671111111111,0.8190471111111111,0.8024902222222222,0.7727822222222223,0.4355284751221785,0.19729314764627293,0.447684696237894,0.4415212753997765,0.45836448880912567
fashion,DR-SNE,4,lambda,1.0,k_density,300.0,0.8007742222222223,0.6443144444444444,0.7965097777777779,0.7887822222222223,0.6184275555555555,0.35211150226166027,0.2097730212358491,0.3423444719901506,0.3233919701407308,0.3110157536806434
fashion,DenSNE,0,perplexity,5.0,dens_lambda,0.0,0.7266191111111111,0.5305173333333334,0.8229804444444444,0.8110093333333332,0.529711111111111,0.2017760414031977,0.12284095961202081,0.3059024152043419,0.29646993909137903,0.28946648312997314
fashion,DenSNE,0,perplexity,5.0,dens_lambda,0.01,0.7421213333333334,0.5419333333333334,0.8195188888888888,0.8065608888888889,0.5311413333333334,0.2072603126557919,0.12798585180491145,0.3197550515235984,0.3092173532660255,0.2420030308875419
fashion,DenSNE,0,perplexity,5.0,dens_lambda,0.05,0.8155288888888889,0.5477751111111111,0.841170888888889,0.8354991111111111,0.5288951111111111,0.25515959819164913,0.12148982024762375,0.34969529265788907,0.3579727707387187,0.3221844207263662
fashion,DenSNE,0,perplexity,5.0,dens_lambda,0.1,0.8569395555555555,0.5681075555555556,0.8515166666666666,0.8449444444444445,0.5318408888888889,0.3250138658015424,0.12607704556825267,0.39939496683084447,0.38535488023816417,0.349229518872316
fashion,DenSNE,0,perplexity,5.0,dens_lambda,0.2,0.8751142222222221,0.5616062222222222,0.861838,0.848488888888889,0.5309608888888889,0.3712567482092418,0.12454945327754767,0.4384151176373192,0.3993441815831421,0.3523273521896381
fashion,DenSNE,0,perplexity,5.0,dens_lambda,0.5,0.8876186666666667,0.5844082222222222,0.8544466666666666,0.8410186666666666,0.5298244444444444,0.4036535569162617,0.13943019181860383,0.4249499691815394,0.3990586120132566,0.3075486970700686
fashion,DenSNE,0,perplexity,5.0,dens_lambda,1.0,0.887012,0.6268706666666667,0.8440086666666666,0.8327573333333333,0.5302768888888889,0.41199661060318604,0.16051018295962632,0.3942175215730819,0.38579232202954744,0.3041546173635056
fashion,DenSNE,0,perplexity,10.0,dens_lambda,0.0,0.5975186666666666,0.5566688888888889,0.8292097777777778,0.8019395555555555,0.6143275555555556,0.16268625789538443,0.1370088811194518,0.2697229794051383,0.23314356541407083,0.18037712406756834
fashion,DenSNE,0,perplexity,10.0,dens_lambda,0.01,0.6338057777777778,0.5512277777777778,0.8422235555555555,0.8061608888888889,0.6144777777777777,0.16876734601618937,0.1337684467220206,0.2814840134366332,0.2320953319125869,0.17478073670815156
fashion,DenSNE,0,perplexity,10.0,dens_lambda,0.05,0.7827595555555555,0.5534693333333334,0.8597008888888888,0.8327733333333335,0.6123915555555555,0.22877134703539553,0.13715636188494273,0.32937802177081027,0.2959593651944331,0.2180115122428355
fashion,DenSNE,0,perplexity,10.0,dens_lambda,0.1,0.8550279999999999,0.5600335555555556,0.8729468888888889,0.8475488888888888,0.6051902222222222,0.3232253811303016,0.14850764093866484,0.40352256248996476,0.3556687877952854,0.2647299948397977
fashion,DenSNE,0,perplexity,10.0,dens_lambda,0.2,0.8855222222222223,0.5464708888888888,0.883163111111111,0.8564404444444444,0.5991951111111112,0.4054993918619977,0.14128393161996197,0.4636448358102058,0.3914923356784461,0.3117656895701424
fashion,DenSNE,0,perplexity,10.0,dens_lambda,0.5,0.9039759999999999,0.5712164444444445,0.8857404444444443,0.8563559999999999,0.5928555555555556,0.4883449283866301,0.14728163381586018,0.49599230550449624,0.4341613028866446,0.369052703795252
fashion,DenSNE,0,perplexity,10.0,dens_lambda,1.0,0.909096888888889,0.5585215555555555,0.8894428888888889,0.8612124444444446,0.5902733333333333,0.48154382159569514,0.14546562265407695,0.473612207758161,0.4319661064737118,0.38098621348158773
fashion,DenSNE,0,perplexity,15.0,dens_lambda,0.0,0.5566453333333333,0.5476226666666667,0.8509511111111111,0.8306737777777777,0.6552871111111112,0.15511605697012698,0.1371003439384717,0.37449842862298394,0.3443273279140882,0.3405127220425431
fashion,DenSNE,0,perplexity,15.0,dens_lambda,0.01,0.607447111111111,0.5454524444444444,0.8540657777777777,0.8253462222222221,0.6526177777777777,0.16615524044802804,0.1366708583220856,0.3860385797712014,0.34347702031454147,0.32893231594727035
fashion,DenSNE,0,perplexity,15.0,dens_lambda,0.05,0.7797786666666666,0.5528391111111111,0.8766408888888888,0.8579377777777778,0.6478964444444445,0.23276412393119014,0.13658628923910607,0.45518412821134274,0.44177170004199273,0.4363006619343026
fashion,DenSNE,0,perplexity,15.0,dens_lambda,0.1,0.8572333333333334,0.5432226666666666,0.8894904444444445,0.8677044444444444,0.6426173333333334,0.328381585508805,0.13606088218272122,0.5079480711286668,0.49483769456099314,0.47212019760612894
fashion,DenSNE,0,perplexity,15.0,dens_lambda,0.2,0.889684888888889,0.5332657777777778,0.8877073333333332,0.8668524444444445,0.6374173333333333,0.43473437421217626,0.1389230486916044,0.5466579265558349,0.499675673016999,0.46705616367010483
fashion,DenSNE,0,perplexity,15.0,dens_lambda,0.5,0.9120648888888889,0.5458311111111112,0.8896144444444444,0.8656226666666667,0.6315444444444445,0.5130904625653315,0.14255758430481402,0.5424942476506902,0.48848467061082335,0.4608098857232169
fashion,DenSNE,0,perplexity,15.0,dens_lambda,1.0,0.9086177777777777,0.5479368888888889,0.8727633333333333,0.8424928888888886,0.6218906666666667,0.47817531016509957,0.14120767148111402,0.49884473093576454,0.43171982833582256,0.44289834877612044
fashion,DenSNE,0,perplexity,30.0,dens_lambda,0.0,0.5417453333333333,0.5813482222222223,0.859848888888889,0.804463111111111,0.6755284444444445,0.17536604516044962,0.16615316581935774,0.34385147495006385,0.22080096783473094,0.4098157772362147
fashion,DenSNE,0,perplexity,30.0,dens_lambda,0.01,0.5964568888888888,0.582538,0.8692182222222222,0.8090306666666667,0.6724746666666668,0.18939834131399935,0.1706743344913286,0.3859163548784237,0.22552121782562776,0.4173201403634512
fashion,DenSNE,0,perplexity,30.0,dens_lambda,0.05,0.7818915555555555,0.5772968888888889,0.8833211111111111,0.8405675555555556,0.6694648888888889,0.2562720547417642,0.17563332437945847,0.40163163664913265,0.289898748067242,0.45481568074596906
fashion,DenSNE,0,perplexity,30.0,dens_lambda,0.1,0.8616808888888889,0.57209,0.9004195555555556,0.8563524444444445,0.6591657777777777,0.3519106216820901,0.17094648340970078,0.48997147764163096,0.3681439543848126,0.4857958408664343
fashion,DenSNE,0,perplexity,30.0,dens_lambda,0.2,0.8953857777777777,0.5594815555555556,0.9070455555555555,0.8667320000000001,0.651116,0.4468164724540824,0.16649618078513967,0.5390957789190471,0.44930571186655965,0.47853544947140153
fashion,DenSNE,0,perplexity,30.0,dens_lambda,0.5,0.9100977777777778,0.5611246666666667,0.9077711111111111,0.8684017777777778,0.6458724444444445,0.5011155140577743,0.1578789971008161,0.5492484980343686,0.47654015285669427,0.4684140784510841
fashion,DenSNE,0,perplexity,30.0,dens_lambda,1.0,0.9136457777777779,0.5540053333333332,0.9082364444444446,0.8668853333333333,0.6474955555555555,0.5040365482090741,0.1571776932944817,0.5534925425330336,0.4570756870589629,0.4788343872193306
fashion,DenSNE,0,perplexity,50.0,dens_lambda,0.0,0.5565613333333334,0.6097911111111112,0.8590893333333333,0.8042284444444444,0.7658591111111112,0.17223738567670593,0.19349677922617853,0.3406250712781585,0.28441565711461037,0.4793503603976988
fashion,DenSNE,0,perplexity,50.0,dens_lambda,0.01,0.6057097777777778,0.6066306666666667,0.867757111111111,0.8015866666666667,0.7618257777777778,0.17709886996882784,0.18269467346235232,0.373375468064096,0.2589086136653941,0.4556074855866234
fashion,DenSNE,0,perplexity,50.0,dens_lambda,0.05,0.789828888888889,0.599972,0.8827542222222221,0.8229355555555555,0.761604,0.2642470367615752,0.18044980283496562,0.4659315542864147,0.4390850289987033,0.48940572396110166
fashion,DenSNE,0,perplexity,50.0,dens_lambda,0.1,0.860111111111111,0.5957931111111111,0.8867866666666666,0.8289644444444445,0.7642484444444444,0.3522022708999009,0.176797785629032,0.49925147722431273,0.46586901384374757,0.48863903690942007
fashion,DenSNE,0,perplexity,50.0,dens_lambda,0.2,0.8923151111111112,0.560534,0.8856306666666668,0.8247933333333335,0.7549124444444444,0.4259383298786111,0.1518013993435332,0.5034570693336151,0.457551192474825,0.4668240778702064
fashion,DenSNE,0,perplexity,50.0,dens_lambda,0.5,0.9053293333333332,0.5463164444444444,0.8881031111111111,0.8287440000000001,0.7431617777777778,0.4887430429855533,0.13891250138114497,0.5267629968257923,0.46294927550665016,0.46044777093456785
fashion,DenSNE,0,perplexity,50.0,dens_lambda,1.0,0.9067422222222222,0.5284084444444443,0.8897506666666666,0.8342604444444445,0.7434551111111111,0.4878345506786872,0.12697370149186848,0.5048415730741755,0.46826980108662414,0.4549730150849102
fashion,DenSNE,0,perplexity,75.0,dens_lambda,0.0,0.5632351111111111,0.6040351111111111,0.8703951111111111,0.8048253333333334,0.7566395555555555,0.16304316352656145,0.1807526023373741,0.3924412792594275,0.4127104826352904,0.3782012389061572
fashion,DenSNE,0,perplexity,75.0,dens_lambda,0.01,0.6220808888888888,0.6020822222222222,0.8797757777777777,0.8158724444444444,0.759568888888889,0.17834734581945186,0.177230359553906,0.42071458221807234,0.49273652531236956,0.42574533922274665
fashion,DenSNE,0,perplexity,75.0,dens_lambda,0.05,0.795772,0.5948653333333334,0.8899337777777778,0.8275275555555555,0.7479986666666667,0.26691863411781924,0.1777283052716487,0.49565900127650253,0.5212358824348866,0.43657774527360793
fashion,DenSNE,0,perplexity,75.0,dens_lambda,0.1,0.8615173333333332,0.5839217777777778,0.8985797777777776,0.8394795555555554,0.7459248888888889,0.34769849103726996,0.17225634265309595,0.5156174966862067,0.5203461410563671,0.43693540851758716
fashion,DenSNE,0,perplexity,75.0,dens_lambda,0.2,0.8908275555555556,0.5818697777777778,0.9022422222222222,0.8434115555555555,0.7423595555555556,0.4175805499977115,0.1723632778447323,0.5112430985832611,0.5091666113849415,0.42396528883007933
fashion,DenSNE,0,perplexity,75.0,dens_lambda,0.5,0.9001137777777778,0.5558017777777777,0.8992751111111111,0.8447275555555556,0.7253386666666667,0.4624390881875285,0.1569376399052583,0.5189402784787321,0.47968698472706306,0.4156098946597585
fashion,DenSNE,0,perplexity,75.0,dens_lambda,1.0,0.9067724444444444,0.5407351111111112,0.9045008888888888,0.8519915555555554,0.7020573333333333,0.4892214849077428,0.1519727019150441,0.5378310493594796,0.48369652534841173,0.40857650000151075
fashion,DenSNE,0,perplexity,100.0,dens_lambda,0.0,0.5618622222222223,0.6184226666666666,0.884732,0.7912786666666668,0.7484377777777778,0.15596684468031033,0.20719133410557813,0.42741229298634903,0.46910043316196587,0.3731960480379416
fashion,DenSNE,0,perplexity,100.0,dens_lambda,0.01,0.6248102222222223,0.6139388888888889,0.8827595555555555,0.8026924444444444,0.7521311111111111,0.1740556169568609,0.19518975865242288,0.4484999050787877,0.4933839713037629,0.3860236977284245
fashion,DenSNE,0,perplexity,100.0,dens_lambda,0.05,0.7939617777777779,0.6051733333333333,0.8904853333333334,0.8199564444444445,0.7483746666666666,0.2700559003691793,0.18130013386773536,0.48557610034787774,0.5361991346376707,0.43700948332573347
fashion,DenSNE,0,perplexity,100.0,dens_lambda,0.1,0.8572022222222222,0.5892017777777778,0.8949915555555557,0.8224684444444444,0.7411408888888888,0.34957288038218687,0.16406525423631316,0.5089978048091315,0.5355659772560046,0.43745787385438706
fashion,DenSNE,0,perplexity,100.0,dens_lambda,0.2,0.8839964444444444,0.5837448888888889,0.8999257777777778,0.8308217777777777,0.7341906666666667,0.4142344372498859,0.1616613842414985,0.5270756167119803,0.5263805632924786,0.430940447723559
fashion,DenSNE,0,perplexity,100.0,dens_lambda,0.5,0.8967266666666666,0.5573066666666666,0.8995351111111112,0.83944,0.7240742222222222,0.463625295312661,0.14700518812420207,0.5270395986154451,0.5155951082815058,0.42779282668909935
fashion,DenSNE,0,perplexity,100.0,dens_lambda,1.0,0.9006422222222222,0.5517648888888889,0.9011453333333332,0.8399484444444445,0.7042737777777777,0.4811856647365108,0.14170736623819608,0.5323197307227603,0.5027865429844351,0.4405486391134871
fashion,DenSNE,1,perplexity,5.0,dens_lambda,0.0,0.7627142222222223,0.5449793333333334,0.7778780000000001,0.777236888888889,0.5952146666666667,0.20731006441467711,0.13000427203832038,0.24791539866648393,0.237441095642807,0.22463363640794276
fashion,DenSNE,1,perplexity,5.0,dens_lambda,0.01,0.7694928888888889,0.5387144444444445,0.7757206666666666,0.7735724444444445,0.5947342222222223,0.21241817320527356,0.13030520583332117,0.24544405741042263,0.2338361363322209,0.22305800227543104
fashion,DenSNE,1,perplexity,5.0,dens_lambda,0.05,0.8168013333333334,0.5317037777777778,0.7794515555555556,0.7800448888888889,0.5920142222222222,0.26318111266801736,0.1321504942236036,0.27613227951461616,0.2651859682004769,0.24288062694793222
fashion,DenSNE,1,perplexity,5.0,dens_lambda,0.1,0.8421040000000001,0.5539882222222221,0.7895895555555555,0.7827186666666666,0.5911093333333333,0.29764547925962026,0.14109306082368095,0.29538859163694653,0.26947706613481087,0.24225866493806886
fashion,DenSNE,1,perplexity,5.0,dens_lambda,0.2,0.8593119999999999,0.5673928888888888,0.7984715555555556,0.7895897777777777,0.5906755555555555,0.3454947943135863,0.13553300642223123,0.31456740063771993,0.29914600113541817,0.2606679726440755
fashion,DenSNE,1,perplexity,5.0,dens_lambda,0.5,0.861152,0.5908115555555555,0.7953037777777778,0.7878342222222222,0.5860639999999999,0.3518860606388237,0.14532488134081484,0.32926996570723205,0.31487822660295256,0.25348602031692047
fashion,DenSNE,1,perplexity,5.0,dens_lambda,1.0,0.8561728888888889,0.6355302222222222,0.7864922222222223,0.7774551111111111,0.5862986666666667,0.3536993497758368,0.16683207844400458,0.32148917234003055,0.3194815816503303,0.2326767673142126
fashion,DenSNE,1,perplexity,10.0,dens_lambda,0.0,0.6669431111111112,0.5313915555555555,0.8192713333333334,0.7852457777777778,0.6815355555555556,0.1740907321833646,0.14426287850546987,0.3944564496924197,0.3898497101350676,0.27512758513575697
fashion,DenSNE,1,perplexity,10.0,dens_lambda,0.01,0.6921182222222222,0.5394773333333334,0.8191515555555556,0.7962297777777778,0.6854648888888888,0.1950839904870287,0.1390558224378676,0.40825636245383234,0.422260161055876,0.3237344743576557
fashion,DenSNE,1,perplexity,10.0,dens_lambda,0.05,0.8046555555555556,0.537506,0.8435797777777778,0.8172404444444443,0.6860417777777778,0.25886162547243674,0.1333242555979225,0.3944601841758255,0.4363018602009495,0.3303996676920432
fashion,DenSNE,1,perplexity,10.0,dens_lambda,0.1,0.8496484444444444,0.5163208888888888,0.8441588888888889,0.8258168888888889,0.6899959999999999,0.32835008610328614,0.12442311358565164,0.42612715480755914,0.4514041390579776,0.32767330537209144
fashion,DenSNE,1,perplexity,10.0,dens_lambda,0.2,0.879352,0.5140177777777778,0.8569942222222221,0.8341826666666667,0.6920631111111112,0.39862652726693004,0.12961249706303019,0.446654697389579,0.4612748387044177,0.32665395522218427
fashion,DenSNE,1,perplexity,10.0,dens_lambda,0.5,0.8896431111111112,0.5364797777777778,0.846766,0.8231346666666667,0.6902173333333333,0.44137008879674805,0.1584375857884245,0.4221879549410067,0.4107477204662998,0.303028637068784
fashion,DenSNE,1,perplexity,10.0,dens_lambda,1.0,0.8992399999999999,0.5703199999999999,0.8425531111111111,0.8156035555555554,0.6879617777777778,0.46176458716359375,0.15624905958507418,0.4092570318848779,0.3968886365956263,0.2810247287210921
fashion,DenSNE,1,perplexity,15.0,dens_lambda,0.0,0.6133404444444445,0.5522702222222222,0.8186186666666668,0.7911484444444445,0.7509804444444443,0.14792361662921966,0.13920048091189913,0.3462438103540542,0.37285521880489253,0.35354048459836307
fashion,DenSNE,1,perplexity,15.0,dens_lambda,0.01,0.6626226666666666,0.5577602222222222,0.8149328888888888,0.7978142222222222,0.7491226666666667,0.1639587472818728,0.1396512090697256,0.34584565892786534,0.36950571397539117,0.3193949637343972
fashion,DenSNE,1,perplexity,15.0,dens_lambda,0.05,0.7996026666666665,0.5432064444444444,0.8426520000000001,0.8193951111111112,0.7462577777777777,0.24590268347045924,0.13381978428343932,0.4111897878342808,0.45571104458546635,0.3513978864265549
fashion,DenSNE,1,perplexity,15.0,dens_lambda,0.1,0.8554844444444445,0.5405982222222223,0.8518644444444445,0.8326066666666666,0.7502906666666667,0.32497008972938857,0.12858671920253767,0.45615938671931416,0.5131244207976275,0.3674336493671007
fashion,DenSNE,1,perplexity,15.0,dens_lambda,0.2,0.882704,0.5289817777777778,0.855551111111111,0.8389337777777778,0.7507951111111111,0.38041369174087925,0.11745660008013935,0.4377252865224019,0.48727839668593487,0.3315632753324987
fashion,DenSNE,1,perplexity,15.0,dens_lambda,0.5,0.8978328888888888,0.543444,0.8572133333333333,0.8334764444444445,0.750655111111111,0.44390949536671154,0.12233432692093026,0.44338523449359435,0.47244753967656283,0.34621859002841243
fashion,DenSNE,1,perplexity,15.0,dens_lambda,1.0,0.8986328888888889,0.5538759999999999,0.8404579999999999,0.8231733333333333,0.7376271111111111,0.455258621834974,0.133049058489654,0.41962448572694744,0.43730481751451167,0.3203528779888134
fashion,DenSNE,1,perplexity,30.0,dens_lambda,0.0,0.5533328888888889,0.5530042222222222,0.8580702222222222,0.8571657777777778,0.8258426666666666,0.12879497799475526,0.1580869218963413,0.41778602814042887,0.5790551208476779,0.358084008884328
fashion,DenSNE,1,perplexity,30.0,dens_lambda,0.01,0.609739111111111,0.5554035555555557,0.8618626666666667,0.8682106666666667,0.832484,0.146987667478504,0.16126807326126585,0.43078901634951716,0.5814650129735465,0.3682301106822684
fashion,DenSNE,1,perplexity,30.0,dens_lambda,0.05,0.782700888888889,0.560788,0.8732282222222222,0.8756444444444443,0.8407004444444444,0.23895101996171172,0.16446890569642247,0.4365841713061743,0.5992479168577199,0.42260407192037575
fashion,DenSNE,1,perplexity,30.0,dens_lambda,0.1,0.8527915555555556,0.5638022222222222,0.8800973333333334,0.8781591111111111,0.8435631111111112,0.3201681538304882,0.155486035608888,0.4724571298114344,0.602211751910231,0.4434138920182869
fashion,DenSNE,1,perplexity,30.0,dens_lambda,0.2,0.8861595555555556,0.5662506666666667,0.880728,0.8762213333333333,0.8463013333333333,0.3895145366086618,0.154696479973061,0.4603314105345071,0.572658052660239,0.46220040948264607
fashion,DenSNE,1,perplexity,30.0,dens_lambda,0.5,0.9068106666666665,0.5667595555555556,0.8856200000000001,0.8723395555555555,0.8433097777777778,0.46852270008589425,0.13860084506025927,0.47477198823767963,0.5428423374914921,0.446085213618039
fashion,DenSNE,1,perplexity,30.0,dens_lambda,1.0,0.9059915555555555,0.5567215555555556,0.8727520000000001,0.8568231111111112,0.8328857777777777,0.4696717325617356,0.1467645081817773,0.4372406669836875,0.4939363233928957,0.44508166135845906
fashion,DenSNE,1,perplexity,50.0,dens_lambda,0.0,0.5245977777777777,0.5846284444444444,0.8910424444444445,0.8808622222222222,0.8162746666666667,0.13517715019564913,0.18658588572416057,0.495179393839707,0.6819026551867932,0.5038206636286447
fashion,DenSNE,1,perplexity,50.0,dens_lambda,0.01,0.5828804444444444,0.5852266666666667,0.8934271111111111,0.8838804444444444,0.8174088888888889,0.15486874111114018,0.1866372816579082,0.5105145690429741,0.693258863995997,0.5026479228561201
fashion,DenSNE,1,perplexity,50.0,dens_lambda,0.05,0.7803826666666667,0.5785191111111111,0.8991673333333333,0.8931017777777778,0.8230999999999999,0.25044381268759486,0.17546562743643512,0.5158889623412364,0.7086546225871746,0.50571536837826
fashion,DenSNE,1,perplexity,50.0,dens_lambda,0.1,0.8551826666666666,0.5759235555555555,0.905287111111111,0.8938128888888889,0.8232804444444445,0.3357125824224481,0.17367262222733126,0.5627792658659686,0.709923924628279,0.5143774246165328
fashion,DenSNE,1,perplexity,50.0,dens_lambda,0.2,0.8882093333333334,0.5567782222222222,0.9097048888888889,0.8902666666666667,0.819591111111111,0.41036452423026093,0.1457441157879373,0.559999084574151,0.6749830151446545,0.5091123168044616
fashion,DenSNE,1,perplexity,50.0,dens_lambda,0.5,0.9048897777777777,0.5192693333333334,0.9073802222222221,0.8868435555555556,0.8212119999999999,0.46426927501508825,0.11853971594443895,0.5619597878744307,0.627190077473773,0.486735365695859
fashion,DenSNE,1,perplexity,50.0,dens_lambda,1.0,0.9074493333333333,0.5172426666666667,0.8984257777777777,0.8788604444444444,0.826156,0.4911556387800568,0.1174692483831277,0.5292337106819364,0.5859155853022031,0.48720670768422625
fashion,DenSNE,1,perplexity,75.0,dens_lambda,0.0,0.5371826666666667,0.6023808888888889,0.9127964444444444,0.883071111111111,0.8184475555555556,0.1332625655398994,0.19145263250256847,0.5579311542435587,0.6632118074345056,0.505029390231144
fashion,DenSNE,1,perplexity,75.0,dens_lambda,0.01,0.6022568888888888,0.6029262222222223,0.9136391111111111,0.8823079999999999,0.8294324444444444,0.15735775786092032,0.19350832848261412,0.5406650025975465,0.6694702993106171,0.5229551443379865
fashion,DenSNE,1,perplexity,75.0,dens_lambda,0.05,0.783204,0.5947351111111112,0.9047835555555556,0.8800271111111111,0.8328804444444445,0.2520862289133302,0.1893941455040276,0.50515210155504,0.6564853570230698,0.5345591959267983
fashion,DenSNE,1,perplexity,75.0,dens_lambda,0.1,0.8502755555555555,0.5982333333333334,0.9110866666666666,0.883316,0.8384857777777779,0.3340561300758658,0.18537052868628462,0.5303129192217043,0.6552701218115791,0.5506841433557083
fashion,DenSNE,1,perplexity,75.0,dens_lambda,0.2,0.8836622222222221,0.5864104444444445,0.911103111111111,0.8833773333333333,0.8370617777777777,0.40757828756019027,0.16998072006271947,0.5550739205916672,0.6492575954674699,0.5514864441581796
fashion,DenSNE,1,perplexity,75.0,dens_lambda,0.5,0.8997164444444444,0.5514377777777778,0.9044444444444445,0.8744724444444445,0.8274799999999999,0.4581810404045073,0.1420507955031033,0.5339959938551188,0.600619459964396,0.5221358029718445
fashion,DenSNE,1,perplexity,75.0,dens_lambda,1.0,0.9030768888888888,0.5430355555555556,0.9014528888888889,0.8716480000000001,0.8271559999999999,0.46997854098836966,0.1367196381963422,0.5316909173510331,0.5756364156176189,0.5155677387310554
fashion,DenSNE,1,perplexity,100.0,dens_lambda,0.0,0.5647613333333333,0.6147306666666666,0.9150577777777779,0.8763475555555554,0.8378524444444444,0.14371479406255822,0.20121802587107027,0.513821880120713,0.6581014080400766,0.5391186046884541
fashion,DenSNE,1,perplexity,100.0,dens_lambda,0.01,0.6211200000000001,0.6086142222222223,0.9139688888888888,0.8796008888888888,0.8471066666666666,0.16213987552078432,0.19176269311853947,0.5037584573768311,0.6634440301088003,0.5670860974384023
fashion,DenSNE,1,perplexity,100.0,dens_lambda,0.05,0.7862173333333333,0.5927653333333334,0.9113195555555555,0.8757124444444444,0.8523675555555554,0.2504116056367178,0.18224277415766588,0.5163230273261128,0.655714142798162,0.5903746938720495
fashion,DenSNE,1,perplexity,100.0,dens_lambda,0.1,0.8509657777777776,0.5908475555555556,0.9145191111111112,0.8769333333333333,0.855959111111111,0.3284647771688027,0.1798726547159663,0.5411845855734482,0.6497110382560121,0.6083077634183962
fashion,DenSNE,1,perplexity,100.0,dens_lambda,0.2,0.878172888888889,0.5947988888888889,0.9095266666666667,0.8697400000000001,0.8507435555555557,0.38579814644414606,0.16710050896400747,0.5203331728188102,0.6121056169352245,0.5923731912153677
fashion,DenSNE,1,perplexity,100.0,dens_lambda,0.5,0.8910528888888889,0.5684346666666666,0.9034382222222224,0.8666462222222222,0.842523111111111,0.4392297990654283,0.14944718288903103,0.5386737622626414,0.6050519796713254,0.5687297180525765
fashion,DenSNE,1,perplexity,100.0,dens_lambda,1.0,0.8947088888888888,0.5567173333333333,0.9023026666666666,0.865883111111111,0.8405093333333333,0.44876110516474255,0.14803033978093816,0.5253599713780512,0.5712139743793776,0.5617736751764162
fashion,DenSNE,2,perplexity,5.0,dens_lambda,0.0,0.6725151111111111,0.515936,0.8271557777777778,0.8343079999999999,0.7482253333333334,0.1553128963581144,0.1149823767931766,0.28701103215285345,0.3167670491545794,0.3157717504230074
fashion,DenSNE,2,perplexity,5.0,dens_lambda,0.01,0.6977253333333333,0.5146248888888889,0.8199562222222222,0.8343848888888887,0.7448204444444445,0.16348951723710792,0.11113294905964125,0.2699307570111341,0.3069209372736809,0.30996981530348355
fashion,DenSNE,2,perplexity,5.0,dens_lambda,0.05,0.7759244444444446,0.5262026666666666,0.8356546666666667,0.8483942222222222,0.7545284444444444,0.20927174335647059,0.11519180291507608,0.314112288026587,0.3809540238311364,0.32505472723220225
fashion,DenSNE,2,perplexity,5.0,dens_lambda,0.1,0.8256964444444445,0.5415782222222222,0.8473915555555556,0.8566400000000002,0.7489586666666667,0.2584164247587664,0.11768491761485153,0.34663237546118364,0.4155004799621365,0.3406676313938608
fashion,DenSNE,2,perplexity,5.0,dens_lambda,0.2,0.8483008888888888,0.5380351111111111,0.846616,0.8578964444444445,0.7489195555555557,0.2930544141430186,0.12158722994514107,0.35419821074658775,0.4152041373642972,0.3404912688844742
fashion,DenSNE,2,perplexity,5.0,dens_lambda,0.5,0.8645791111111112,0.54996,0.8394784444444445,0.843972888888889,0.7412324444444445,0.3378850718094155,0.11815288062833404,0.3785546112091568,0.39732679424683653,0.3337646600986819
fashion,DenSNE,2,perplexity,5.0,dens_lambda,1.0,0.8576026666666666,0.5407822222222223,0.8333591111111112,0.8345555555555555,0.7399835555555556,0.3380317528847159,0.1404460245219259,0.3589906355207484,0.37869917626061955,0.33069698318112467
fashion,DenSNE,2,perplexity,10.0,dens_lambda,0.0,0.5621751111111111,0.5197146666666667,0.8565464444444446,0.8723337777777779,0.8438804444444444,0.12376616105808852,0.11667781429629173,0.4255863210607064,0.5427804102097329,0.483809738181642
fashion,DenSNE,2,perplexity,10.0,dens_lambda,0.01,0.6021555555555556,0.5163568888888889,0.8593828888888889,0.8752724444444444,0.8485342222222222,0.13682916383543264,0.12086025708811816,0.43587944030457887,0.5582964465570318,0.496952098024216
fashion,DenSNE,2,perplexity,10.0,dens_lambda,0.05,0.7622084444444446,0.5272648888888889,0.8618000000000001,0.874047111111111,0.8436195555555555,0.20772910385812648,0.12796339068499982,0.4477847685024108,0.5521320093905477,0.4809869982590622
fashion,DenSNE,2,perplexity,10.0,dens_lambda,0.1,0.8315102222222222,0.5256364444444444,0.8704902222222222,0.880475111111111,0.838867111111111,0.2767888221387999,0.13406934653337776,0.4323859069228608,0.5345668706860329,0.4810340902825157
fashion,DenSNE,2,perplexity,10.0,dens_lambda,0.2,0.8697715555555556,0.5122206666666667,0.8781295555555555,0.8839053333333333,0.8368026666666666,0.3514690101609401,0.13137575827212913,0.4485385433127733,0.5634318587036268,0.5000904108384923
fashion,DenSNE,2,perplexity,10.0,dens_lambda,0.5,0.8906062222222223,0.5090573333333334,0.8680406666666667,0.8755817777777777,0.8347266666666666,0.3956466144162632,0.11742004550879509,0.4240871909326842,0.5245503980763846,0.504254077323678
fashion,DenSNE,2,perplexity,10.0,dens_lambda,1.0,0.8936213333333334,0.5380115555555556,0.8563433333333333,0.8595466666666667,0.8336524444444444,0.421460925103936,0.12329152282046618,0.43462534247448587,0.4964133099280191,0.5196586968171578
fashion,DenSNE,2,perplexity,15.0,dens_lambda,0.0,0.5351493333333333,0.524654,0.8343182222222222,0.8426426666666665,0.8135537777777777,0.11710955527677969,0.1257891641189353,0.346761402379024,0.4190953928243948,0.5371181067564815
fashion,DenSNE,2,perplexity,15.0,dens_lambda,0.01,0.5789519999999999,0.5226528888888888,0.8354133333333333,0.8504364444444444,0.8157613333333333,0.1324908165543351,0.12256149368721916,0.3503922177837048,0.4543333122942553,0.5403257717483338
fashion,DenSNE,2,perplexity,15.0,dens_lambda,0.05,0.7478973333333333,0.5262528888888889,0.8501288888888888,0.859951111111111,0.8146093333333334,0.20591918985970997,0.12402047265877414,0.38130888488161274,0.49574626175412145,0.5610061704381478
fashion,DenSNE,2,perplexity,15.0,dens_lambda,0.1,0.8314324444444443,0.514372888888889,0.8538448888888889,0.8627959999999999,0.8176031111111111,0.2927076187053017,0.11723995922543508,0.4023719154650852,0.5228557652145199,0.5825187657232391
fashion,DenSNE,2,perplexity,15.0,dens_lambda,0.2,0.8738728888888888,0.5177088888888889,0.8583473333333334,0.8621648888888889,0.8124639999999999,0.38447972365114536,0.11740307351920977,0.41960356521509395,0.509148181283199,0.5891633648397321
fashion,DenSNE,2,perplexity,15.0,dens_lambda,0.5,0.8940333333333333,0.524744,0.8595697777777778,0.8593275555555555,0.8111191111111111,0.44147602125828006,0.1255060930451109,0.415820485120546,0.4882899271649745,0.5838217157630392
fashion,DenSNE,2,perplexity,15.0,dens_lambda,1.0,0.8962626666666668,0.5390897777777779,0.8424119999999999,0.8396182222222223,0.802624,0.4579856080836886,0.12888907734100613,0.39559662002619617,0.4635326816356461,0.5653692190723066
fashion,DenSNE,2,perplexity,30.0,dens_lambda,0.0,0.5228671111111111,0.5656266666666667,0.8800146666666666,0.885799111111111,0.8027351111111111,0.12390880492353623,0.1451499326784637,0.4558501543519081,0.6020587020784861,0.6715167455657381
fashion,DenSNE,2,perplexity,30.0,dens_lambda,0.01,0.5735151111111111,0.5667822222222223,0.8804951111111112,0.8858546666666666,0.8034208888888889,0.13790928059601576,0.14823922561740327,0.4473659786528516,0.5801153687046053,0.6685884561527318
fashion,DenSNE,2,perplexity,30.0,dens_lambda,0.05,0.7679622222222222,0.5829048888888888,0.8854902222222223,0.8861786666666667,0.8011013333333333,0.22298325170591624,0.15838053089021956,0.44369343775143016,0.5836916343480141,0.6492261904304689
fashion,DenSNE,2,perplexity,30.0,dens_lambda,0.1,0.851199111111111,0.5793186666666666,0.8826724444444445,0.8810733333333334,0.8073648888888889,0.3101453402550827,0.1669392113403641,0.41961587495262287,0.5430610752364434,0.6443503618833137
fashion,DenSNE,2,perplexity,30.0,dens_lambda,0.2,0.8875080000000001,0.5689042222222223,0.8875386666666665,0.8827506666666666,0.8048204444444444,0.38446598530785775,0.15961105469382503,0.446096921876125,0.558957330380364,0.6353377970332093
fashion,DenSNE,2,perplexity,30.0,dens_lambda,0.5,0.9037719999999999,0.5628562222222222,0.8856724444444443,0.8723360000000001,0.8038328888888888,0.4322012967301681,0.1365171636670235,0.4387524520824707,0.5121554634994544,0.612142695281548
fashion,DenSNE,2,perplexity,30.0,dens_lambda,1.0,0.9071119999999999,0.5560511111111112,0.8800773333333334,0.859308,0.7935217777777778,0.4451716425448171,0.12885315139672748,0.4357467107872882,0.4924623917507308,0.5894918624059597
fashion,DenSNE,2,perplexity,50.0,dens_lambda,0.0,0.5239942222222223,0.5910766666666667,0.8870460000000001,0.8831995555555556,0.8334933333333333,0.1332192438776353,0.17657936154149567,0.5418543636903388,0.61163992165025,0.6208597421164961
fashion,DenSNE,2,perplexity,50.0,dens_lambda,0.01,0.5852284444444444,0.5854911111111111,0.8893808888888888,0.8920035555555554,0.8348951111111111,0.15240266365220012,0.17788733448078914,0.557988289683875,0.6651295488368156,0.6415631940249567
fashion,DenSNE,2,perplexity,50.0,dens_lambda,0.05,0.761924888888889,0.5817760000000001,0.8944946666666667,0.893167111111111,0.8364013333333332,0.2218295020927401,0.16175282016931702,0.5374555221760997,0.6305290112565773,0.6159899518782228
fashion,DenSNE,2,perplexity,50.0,dens_lambda,0.1,0.8450102222222222,0.5813177777777778,0.8907648888888888,0.8909466666666667,0.8320053333333334,0.2992256319979106,0.1639433783341231,0.4985199834244881,0.6028311613791423,0.614850589405026
fashion,DenSNE,2,perplexity,50.0,dens_lambda,0.2,0.8843728888888889,0.5602893333333333,0.9014344444444444,0.896244888888889,0.8313146666666666,0.3688079322635295,0.15218863338450328,0.5180077093968221,0.6050515935672093,0.6192008174457172
fashion,DenSNE,2,perplexity,50.0,dens_lambda,0.5,0.8988386666666667,0.5379711111111111,0.9038355555555556,0.8890204444444444,0.8260617777777778,0.4066877473287301,0.13291425168378287,0.49698957482507145,0.5601814955881288,0.5983125372645516
fashion,DenSNE,2,perplexity,50.0,dens_lambda,1.0,0.9017057777777778,0.5163677777777778,0.8945168888888889,0.8791266666666665,0.8046324444444445,0.4199615233596629,0.12029196910863742,0.4514568593434953,0.5202864392102766,0.5842919292881996
fashion,DenSNE,2,perplexity,75.0,dens_lambda,0.0,0.5304253333333333,0.5959493333333333,0.8757764444444445,0.8317479999999999,0.8753048888888888,0.1284184166542417,0.16811919400024208,0.516816641027051,0.514043819650705,0.6589664323870067
fashion,DenSNE,2,perplexity,75.0,dens_lambda,0.01,0.5878928888888889,0.5925924444444445,0.8806977777777779,0.8365071111111111,0.8750844444444444,0.14270491304934746,0.16300425683554698,0.5184949446050465,0.5462625529630007,0.6607408660447914
fashion,DenSNE,2,perplexity,75.0,dens_lambda,0.05,0.7619662222222222,0.5776466666666668,0.8825415555555556,0.8431213333333334,0.8765248888888889,0.2201308817966821,0.16192234255470203,0.5107990263256834,0.5828908217302488,0.6426014411463882
fashion,DenSNE,2,perplexity,75.0,dens_lambda,0.1,0.8407897777777776,0.5772031111111111,0.8951133333333334,0.8497448888888889,0.8750573333333332,0.2969240137739244,0.1640193151252295,0.5514783548788943,0.5906162961168587,0.645749978859165
fashion,DenSNE,2,perplexity,75.0,dens_lambda,0.2,0.8802204444444445,0.5665311111111111,0.9002066666666666,0.8525875555555555,0.8730311111111111,0.3693083554908204,0.1604766859899398,0.5416324544177609,0.5848169541053648,0.6450769612950722
fashion,DenSNE,2,perplexity,75.0,dens_lambda,0.5,0.8940026666666667,0.5462688888888888,0.8921026666666668,0.8491311111111112,0.8625448888888888,0.4057814552638873,0.13263946794656412,0.4813538900069804,0.5308629978772846,0.6221840660223702
fashion,DenSNE,2,perplexity,75.0,dens_lambda,1.0,0.897172,0.5210617777777777,0.8902057777777778,0.8479862222222223,0.8576613333333334,0.4095656149432059,0.12266588331956772,0.44411879696806766,0.499739537621252,0.6015164265911934
fashion,DenSNE,2,perplexity,100.0,dens_lambda,0.0,0.5671168888888889,0.6201755555555556,0.8910564444444444,0.8651008888888889,0.9010524444444444,0.1381888285218453,0.19961625871928718,0.49376324396126164,0.612971108276928,0.5628701321292531
fashion,DenSNE,2,perplexity,100.0,dens_lambda,0.01,0.619188,0.6168402222222221,0.8917913333333333,0.8633488888888889,0.901827111111111,0.15939490443851012,0.211843792950706,0.5098812972449817,0.6151102306402734,0.5523119799655507
fashion,DenSNE,2,perplexity,100.0,dens_lambda,0.05,0.7823395555555556,0.5981546666666667,0.8973264444444443,0.8630342222222221,0.8990697777777777,0.2498169056164526,0.20324926314876574,0.5092164669241499,0.5937702257361471,0.5641757039111375
fashion,DenSNE,2,perplexity,100.0,dens_lambda,0.1,0.8458804444444444,0.5978055555555556,0.9046399999999999,0.8688964444444445,0.8860777777777777,0.32174388559838124,0.1946014079632829,0.5308624278884139,0.5944825402616392,0.5782634363952934
fashion,DenSNE,2,perplexity,100.0,dens_lambda,0.2,0.8765804444444445,0.586924,0.907624,0.8690422222222222,0.8644622222222221,0.3789333096889762,0.1747404268709678,0.5334412159677704,0.5850418181670638,0.5787004975687129
fashion,DenSNE,2,perplexity,100.0,dens_lambda,0.5,0.8940284444444445,0.562328,0.9074004444444445,0.8663431111111111,0.8638644444444444,0.4262295879619758,0.14710983111513515,0.5261310275036057,0.5488564456982474,0.5773085260563106
fashion,DenSNE,2,perplexity,100.0,dens_lambda,1.0,0.8917875555555557,0.5616408888888889,0.8943588888888888,0.8571631111111111,0.8712404444444445,0.4235683401503975,0.1379270713918172,0.48866133993823785,0.5082409130479275,0.5709614172954252
fashion,DenSNE,3,perplexity,5.0,dens_lambda,0.0,0.7712826666666667,0.5424933333333334,0.8616946666666667,0.87018,0.6851866666666666,0.21195913557101798,0.1295619728091685,0.35612654031372115,0.4089721106242705,0.32334245215845975
fashion,DenSNE,3,perplexity,5.0,dens_lambda,0.01,0.797468,0.5788411111111111,0.8682493333333333,0.8754826666666667,0.6843208888888889,0.2340079191736786,0.15377937484517606,0.3826129713347393,0.42696638382317414,0.33563563938786084
fashion,DenSNE,3,perplexity,5.0,dens_lambda,0.05,0.8414724444444445,0.55206,0.8698351111111111,0.8711937777777778,0.6846146666666667,0.2864476071689451,0.14309842862377614,0.39552964305434796,0.42385205042618773,0.33004617123852403
fashion,DenSNE,3,perplexity,5.0,dens_lambda,0.1,0.865736888888889,0.5378333333333334,0.8746153333333333,0.8740608888888889,0.6898528888888888,0.3353929173186265,0.13208635294618915,0.40978283024287404,0.43434030059139334,0.33505831417701154
fashion,DenSNE,3,perplexity,5.0,dens_lambda,0.2,0.8777968888888888,0.5655826666666667,0.878491111111111,0.8789288888888889,0.6938257777777778,0.36062468044844614,0.14274761177863732,0.41018819937489015,0.44888489149770905,0.3579814213063835
fashion,DenSNE,3,perplexity,5.0,dens_lambda,0.5,0.886012,0.5691044444444444,0.877330888888889,0.8736795555555555,0.695148,0.38731755100908966,0.13714806052338374,0.45623670049074094,0.45077463553929564,0.3643868600253003
fashion,DenSNE,3,perplexity,5.0,dens_lambda,1.0,0.8809217777777778,0.6124213333333333,0.8582937777777777,0.8570155555555555,0.6885613333333332,0.4084939762084716,0.17895295398473118,0.4365184284442526,0.43711453699815334,0.3423440160514474
fashion,DenSNE,3,perplexity,10.0,dens_lambda,0.0,0.6890959999999999,0.5576791111111111,0.9114982222222221,0.9165284444444444,0.8664591111111111,0.20921261837969557,0.15514225000286486,0.5157274971941828,0.6074303501511025,0.6300448412418256
fashion,DenSNE,3,perplexity,10.0,dens_lambda,0.01,0.7237737777777777,0.5550995555555556,0.911617111111111,0.9161106666666667,0.8667697777777778,0.2203973326972778,0.15001481833456898,0.5146380351847109,0.5814564994861763,0.6339936533599367
fashion,DenSNE,3,perplexity,10.0,dens_lambda,0.05,0.8133080000000001,0.5388431111111112,0.9150044444444445,0.9195693333333335,0.8695719999999999,0.2836919704100451,0.13753137159198728,0.5179962577535047,0.5827833344882853,0.6705631147789776
fashion,DenSNE,3,perplexity,10.0,dens_lambda,0.1,0.8568560000000001,0.5550906666666666,0.9097893333333333,0.9139711111111112,0.8703422222222222,0.3351161684998943,0.13847746899472035,0.5147991646391235,0.5511394668684467,0.6639819074423281
fashion,DenSNE,3,perplexity,10.0,dens_lambda,0.2,0.8848204444444446,0.5657977777777778,0.9087657777777778,0.9117862222222223,0.8711737777777777,0.40019275157142636,0.13457988097815451,0.5358160401562952,0.5310971930633901,0.6862763066942275
fashion,DenSNE,3,perplexity,10.0,dens_lambda,0.5,0.9028573333333333,0.5764297777777778,0.9042591111111111,0.9090977777777778,0.8676711111111111,0.44213655598117596,0.13852524034558414,0.5035412681828263,0.5184405089359018,0.647177473399086
fashion,DenSNE,3,perplexity,10.0,dens_lambda,1.0,0.902112888888889,0.5835037777777778,0.8908557777777777,0.8920466666666667,0.8566017777777778,0.4379733899005124,0.14380565655251812,0.4703923370680106,0.4837056325948422,0.5895747425564738
fashion,DenSNE,3,perplexity,15.0,dens_lambda,0.0,0.564064,0.5530533333333334,0.8583139999999999,0.817378222222222,0.9144560000000002,0.14516877701439873,0.14673374506875375,0.3107570869377112,0.24399524191777439,0.7650760298445117
fashion,DenSNE,3,perplexity,15.0,dens_lambda,0.01,0.6012253333333333,0.5547415555555555,0.8667146666666666,0.8234555555555556,0.9144093333333334,0.151947144940151,0.15171911520506484,0.3342790160845522,0.2579343689045655,0.7721280924417655
fashion,DenSNE,3,perplexity,15.0,dens_lambda,0.05,0.7745511111111112,0.5569293333333334,0.8718351111111111,0.8504102222222223,0.914084888888889,0.2211958079878043,0.1550778217739625,0.34269658155188865,0.3272870551324283,0.7634865641517813
fashion,DenSNE,3,perplexity,15.0,dens_lambda,0.1,0.846215111111111,0.558908,0.878330888888889,0.8646773333333333,0.9130786666666668,0.29720876856625483,0.14706331870453418,0.3930649576241941,0.41069029154349646,0.7662551337901766
fashion,DenSNE,3,perplexity,15.0,dens_lambda,0.2,0.878216888888889,0.5625191111111112,0.8749295555555554,0.8636515555555555,0.9093097777777778,0.35705738412600063,0.14397726962433907,0.38423085357432385,0.4069219425484712,0.7545831651949584
fashion,DenSNE,3,perplexity,15.0,dens_lambda,0.5,0.8940128888888889,0.5415626666666666,0.8771937777777778,0.8643226666666667,0.9044008888888889,0.3983425334671438,0.13503185276869056,0.3792902061232955,0.39202296314617724,0.7387000953397549
fashion,DenSNE,3,perplexity,15.0,dens_lambda,1.0,0.8981351111111111,0.5335768888888889,0.8683522222222222,0.8561995555555555,0.8952777777777777,0.41016403586232897,0.11905150227802719,0.36543469875968343,0.39317362009368856,0.6941641475893975
fashion,DenSNE,3,perplexity,30.0,dens_lambda,0.0,0.5271755555555556,0.5587253333333333,0.8325591111111111,0.7925097777777776,0.9243817777777777,0.12438103991150867,0.14951393147939873,0.30126141296418174,0.3649749576160774,0.7100554357156504
fashion,DenSNE,3,perplexity,30.0,dens_lambda,0.01,0.5777537777777778,0.5569379999999999,0.8409075555555555,0.7782617777777777,0.9243937777777779,0.13490863264402658,0.15554378761702645,0.31512315623702947,0.339345914243212,0.7356235302997933
fashion,DenSNE,3,perplexity,30.0,dens_lambda,0.05,0.7679288888888888,0.567328888888889,0.8400760000000002,0.7995791111111111,0.922827111111111,0.21227652628266447,0.1581175780049498,0.3377714763670365,0.3925097235043928,0.6724599945981529
fashion,DenSNE,3,perplexity,30.0,dens_lambda,0.1,0.8452164444444443,0.5664922222222222,0.8410151111111112,0.8168306666666667,0.9226995555555556,0.2997416302333979,0.15572868815610316,0.36453501197382887,0.45601278581679267,0.6826810503328893
fashion,DenSNE,3,perplexity,30.0,dens_lambda,0.2,0.8839466666666668,0.5380908888888889,0.8537644444444445,0.8187395555555556,0.9219542222222221,0.3828441959401604,0.13009073977798566,0.3963797029285403,0.47068609994401533,0.681792663130384
fashion,DenSNE,3,perplexity,30.0,dens_lambda,0.5,0.9020782222222221,0.5093920000000001,0.8616986666666666,0.8176173333333333,0.920200888888889,0.4495538094033689,0.10663525465791633,0.4169950451922592,0.46150169031382277,0.6623675649569231
fashion,DenSNE,3,perplexity,30.0,dens_lambda,1.0,0.9054115555555555,0.49313866666666667,0.8490684444444444,0.8050942222222223,0.910527111111111,0.4613397373466066,0.10036679466992336,0.40243272040232336,0.44489056862432624,0.6338914008630916
fashion,DenSNE,3,perplexity,50.0,dens_lambda,0.0,0.5138124444444445,0.5746915555555555,0.7735773333333333,0.7110884444444445,0.9178017777777778,0.12091883432653454,0.16075914973393685,0.1949454164567031,0.16117325610861755,0.5323196121476939
fashion,DenSNE,3,perplexity,50.0,dens_lambda,0.01,0.5659333333333333,0.5786304444444444,0.773876,0.7150493333333334,0.917659111111111,0.13318472627020705,0.1658843155102157,0.1956681559961885,0.1671671763834071,0.5305909804951384
fashion,DenSNE,3,perplexity,50.0,dens_lambda,0.05,0.7610293333333333,0.5709086666666667,0.7983995555555555,0.7399315555555555,0.9217417777777778,0.21059857105443863,0.15769083393380068,0.2425608673254222,0.1930129537779795,0.5571375548009543
fashion,DenSNE,3,perplexity,50.0,dens_lambda,0.1,0.8421026666666666,0.5564426666666666,0.8144602222222221,0.7616648888888888,0.9245319999999999,0.2964827884448081,0.14527661303454176,0.293150915483797,0.23186347193149237,0.5916761217402279
fashion,DenSNE,3,perplexity,50.0,dens_lambda,0.2,0.8805382222222221,0.5236608888888888,0.8261653333333333,0.7745386666666666,0.9251253333333334,0.3832261014358615,0.12152782746572394,0.35254025414870394,0.27496785020823045,0.617047093799458
fashion,DenSNE,3,perplexity,50.0,dens_lambda,0.5,0.8989022222222222,0.48759288888888896,0.8374817777777778,0.7805679999999999,0.9240711111111111,0.42629910961372197,0.09871943104286253,0.37582116061935616,0.2994859255210806,0.6081441010936371
fashion,DenSNE,3,perplexity,50.0,dens_lambda,1.0,0.9025653333333331,0.4857217777777778,0.8366624444444444,0.782947111111111,0.9195599999999999,0.43535585263721294,0.09991657303702861,0.3580632805462518,0.3113488657715058,0.5918816859451026
fashion,DenSNE,3,perplexity,75.0,dens_lambda,0.0,0.5471617777777777,0.6089235555555556,0.8454093333333333,0.8530848888888888,0.925292,0.14079671479499378,0.20627497141906204,0.28038841347042376,0.3311064875683329,0.6004574639228172
fashion,DenSNE,3,perplexity,75.0,dens_lambda,0.01,0.6014733333333334,0.6051688888888889,0.842124,0.8620377777777778,0.9279715555555554,0.15487389570660295,0.20814051703174102,0.3057740127676925,0.38863212101326156,0.627741714422661
fashion,DenSNE,3,perplexity,75.0,dens_lambda,0.05,0.7762204444444445,0.5915731111111111,0.8613684444444444,0.8772826666666667,0.9297280000000001,0.23558278276731734,0.19720933814655628,0.3572358762342453,0.4932188496857385,0.655181038799656
fashion,DenSNE,3,perplexity,75.0,dens_lambda,0.1,0.8481351111111112,0.5778000000000001,0.871448,0.8905871111111111,0.9314040000000001,0.32008175290650465,0.18217403197894963,0.3956473514736164,0.5578755814132618,0.6933612033868678
fashion,DenSNE,3,perplexity,75.0,dens_lambda,0.2,0.8873368888888888,0.5668208888888889,0.8736499999999999,0.8959711111111112,0.9323346666666666,0.4084794039141671,0.15228384744664247,0.4154178431631172,0.5801545810627643,0.7000886192352194
fashion,DenSNE,3,perplexity,75.0,dens_lambda,0.5,0.9043115555555556,0.5320033333333334,0.8917995555555556,0.8946977777777778,0.9305155555555557,0.4625558686385291,0.11587654178867297,0.46359258145408644,0.5663471244944371,0.695840151269711
fashion,DenSNE,3,perplexity,75.0,dens_lambda,1.0,0.9079057777777777,0.4987531111111111,0.8917617777777778,0.8895844444444445,0.9233817777777777,0.48428087174814105,0.10275620144824893,0.4736800991470382,0.535776137999939,0.6481236064133838
fashion,DenSNE,3,perplexity,100.0,dens_lambda,0.0,0.5677008888888889,0.614956,0.8771893333333334,0.8604479999999999,0.8989355555555556,0.14750776195226922,0.19837812385706372,0.3342948086833268,0.3557068241388263,0.5059810070301797
fashion,DenSNE,3,perplexity,100.0,dens_lambda,0.01,0.6213177777777777,0.6162608888888887,0.8842644444444444,0.868192,0.9022297777777778,0.16862081381128657,0.19846089442757378,0.3707100298178274,0.40045620586940944,0.5420349638344677
fashion,DenSNE,3,perplexity,100.0,dens_lambda,0.05,0.7871817777777776,0.6095044444444444,0.8864359999999999,0.884776888888889,0.9097937777777777,0.2603049809003177,0.19094352965404454,0.4402429415608038,0.5362345440182285,0.6150091211663737
fashion,DenSNE,3,perplexity,100.0,dens_lambda,0.1,0.8586186666666669,0.5953911111111111,0.8896013333333332,0.8930373333333335,0.9104386666666667,0.3435244953494201,0.18481914682140335,0.4521802893379491,0.5738012661429207,0.6335347933245186
fashion,DenSNE,3,perplexity,100.0,dens_lambda,0.2,0.88928,0.5859106666666667,0.8922688888888888,0.897183111111111,0.909712,0.4185813775397286,0.15666027039297256,0.47026189612092945,0.602072138485932,0.6412131404730146
fashion,DenSNE,3,perplexity,100.0,dens_lambda,0.5,0.9017671111111112,0.5437622222222221,0.890039111111111,0.8849586666666667,0.9072013333333334,0.4718012759470911,0.12748180852161556,0.47943094678321396,0.5698775966735989,0.6410463376110991
fashion,DenSNE,3,perplexity,100.0,dens_lambda,1.0,0.9031813333333333,0.5289917777777777,0.8915075555555555,0.8831928888888889,0.8986982222222222,0.4854527611440872,0.1256855120351256,0.47770299599007626,0.5508172660631717,0.6089593993819296
fashion,DenSNE,4,perplexity,5.0,dens_lambda,0.0,0.7007191111111111,0.5426184444444444,0.8492617777777778,0.8386639999999999,0.6432235555555557,0.18558917273980413,0.12587196657804828,0.33506072002416515,0.3169059084054491,0.33875531155659544
fashion,DenSNE,4,perplexity,5.0,dens_lambda,0.01,0.7314502222222222,0.5404351111111112,0.8469868888888887,0.8329728888888889,0.6411551111111111,0.1916039651212861,0.1272405190939574,0.3318506676317199,0.3087117342437419,0.3313056682678801
fashion,DenSNE,4,perplexity,5.0,dens_lambda,0.05,0.811967111111111,0.5302117777777777,0.8535062222222223,0.8449186666666666,0.6377911111111111,0.24105008666986444,0.11890058115855431,0.32494531903877766,0.3295821687904479,0.3236833625446178
fashion,DenSNE,4,perplexity,5.0,dens_lambda,0.1,0.8531542222222224,0.5307751111111112,0.8752031111111112,0.8688564444444444,0.6393355555555555,0.29260458180495147,0.12062484332543244,0.36692816287881086,0.38781788493598046,0.35435024510988294
fashion,DenSNE,4,perplexity,5.0,dens_lambda,0.2,0.8795275555555555,0.5394128888888889,0.8749442222222222,0.862452,0.6370884444444445,0.35068110233183114,0.12005529865958102,0.3734810639635866,0.38349541473858606,0.34654116568247456
fashion,DenSNE,4,perplexity,5.0,dens_lambda,0.5,0.8935346666666667,0.561023111111111,0.8731957777777778,0.8595382222222221,0.6343888888888889,0.4012395356221999,0.12550096514998452,0.41067697063050845,0.4245251678829823,0.3741738248836678
fashion,DenSNE,4,perplexity,5.0,dens_lambda,1.0,0.8866315555555555,0.587058,0.8656617777777778,0.8516484444444443,0.6292835555555556,0.40583212678599845,0.1416610610704418,0.40596716335649163,0.4119552895137033,0.3661027679503539
fashion,DenSNE,4,perplexity,10.0,dens_lambda,0.0,0.6171884444444444,0.5568048888888889,0.8834204444444446,0.8678817777777779,0.6710146666666666,0.18938413783600852,0.15149315186971685,0.45294020229665094,0.4594678827477082,0.5571402730309405
fashion,DenSNE,4,perplexity,10.0,dens_lambda,0.01,0.6770484444444445,0.5559922222222222,0.8900755555555555,0.8795533333333335,0.670412888888889,0.2029260261247376,0.14853380865236473,0.44835476001986857,0.5378908132518813,0.5557348036386105
fashion,DenSNE,4,perplexity,10.0,dens_lambda,0.05,0.8115026666666666,0.5616193333333334,0.9001975555555556,0.883636,0.6692555555555555,0.2878996308798267,0.14055844814981067,0.5089907681198121,0.5600509398879338,0.5611878024448685
fashion,DenSNE,4,perplexity,10.0,dens_lambda,0.1,0.8684582222222222,0.5641764444444445,0.9054742222222222,0.8877293333333333,0.6658151111111111,0.38256435117903487,0.13957406218979834,0.5613663265478032,0.5959059777060809,0.5562101753908473
fashion,DenSNE,4,perplexity,10.0,dens_lambda,0.2,0.8971017777777779,0.5761864444444444,0.906446,0.8965946666666665,0.6654302222222221,0.4673105637990973,0.14793096779208453,0.5610377340066909,0.6308762386350705,0.548847414393714
fashion,DenSNE,4,perplexity,10.0,dens_lambda,0.5,0.9109955555555556,0.5972693333333333,0.9047075555555556,0.8907213333333333,0.6556,0.5105408322950208,0.14966562643086911,0.5932400513869509,0.617218543795666,0.5148520249630989
fashion,DenSNE,4,perplexity,10.0,dens_lambda,1.0,0.9082684444444445,0.5988191111111112,0.8918697777777778,0.8791088888888889,0.6536302222222223,0.49201747156325937,0.154717342099709,0.516026778174743,0.5470266443826721,0.449370900113027
fashion,DenSNE,4,perplexity,15.0,dens_lambda,0.0,0.569052,0.5282144444444444,0.8762628888888889,0.864452,0.6889613333333333,0.15772611523654315,0.12810761594547154,0.4642317682816503,0.4837718634636128,0.5428920467410258
fashion,DenSNE,4,perplexity,15.0,dens_lambda,0.01,0.6186675555555555,0.5281811111111111,0.8779255555555555,0.8679862222222222,0.688655111111111,0.16632679288584312,0.1296213633614789,0.46682627661918735,0.5217928860756794,0.5475011718276362
fashion,DenSNE,4,perplexity,15.0,dens_lambda,0.05,0.7883457777777777,0.5434933333333333,0.889584,0.8733706666666665,0.6893253333333333,0.24643602460543074,0.14135007233496333,0.5141261377448241,0.5245355545649387,0.5439862442855653
fashion,DenSNE,4,perplexity,15.0,dens_lambda,0.1,0.8590568888888888,0.5481213333333332,0.8909931111111113,0.8799164444444445,0.6917648888888889,0.3305702159354775,0.1425835696233687,0.530419158892065,0.572083294752824,0.5520248618698008
fashion,DenSNE,4,perplexity,15.0,dens_lambda,0.2,0.8933604444444445,0.5565155555555555,0.9045668888888889,0.8915031111111111,0.6938644444444445,0.4320602718436863,0.13535642576160387,0.5894947556759902,0.6270883265715128,0.5529981047763181
fashion,DenSNE,4,perplexity,15.0,dens_lambda,0.5,0.9061626666666667,0.5881733333333334,0.9032244444444446,0.8866462222222222,0.6887595555555556,0.465368091262184,0.1398744056595942,0.5781009510862166,0.5924032841793325,0.531001336836067
fashion,DenSNE,4,perplexity,15.0,dens_lambda,1.0,0.8958844444444445,0.6029217777777778,0.8834835555555556,0.8631431111111111,0.6875742222222223,0.4555683207590144,0.15647981977359365,0.4970652741782032,0.5316305251946153,0.4629862108748696
fashion,DenSNE,4,perplexity,30.0,dens_lambda,0.0,0.5371822222222222,0.5597648888888889,0.8949597777777778,0.8705648888888889,0.6827964444444444,0.14214238743352348,0.16292799544890046,0.5128808355778756,0.62081137959113,0.5751019103173622
fashion,DenSNE,4,perplexity,30.0,dens_lambda,0.01,0.5915999999999999,0.563228,0.8987457777777776,0.8779471111111111,0.6846324444444444,0.1578589117637605,0.16773355500981968,0.48911095126220877,0.6373867450095387,0.5781270950295805
fashion,DenSNE,4,perplexity,30.0,dens_lambda,0.05,0.7981777777777779,0.5646111111111112,0.9115880000000002,0.8865564444444445,0.6862031111111111,0.2571352707668662,0.1808705143802578,0.5524324347197576,0.6616971141932542,0.5814005019273538
fashion,DenSNE,4,perplexity,30.0,dens_lambda,0.1,0.8750746666666666,0.5691833333333334,0.9166573333333333,0.8928533333333333,0.6846173333333334,0.37064096454896334,0.18063387579621024,0.6142404394015871,0.6737753130584339,0.5825186533978471
fashion,DenSNE,4,perplexity,30.0,dens_lambda,0.2,0.9085897777777778,0.568846,0.9225471111111111,0.8988533333333333,0.686899111111111,0.47838324388250436,0.17193999624784112,0.652493578836549,0.6869734826339221,0.5834349622184598
fashion,DenSNE,4,perplexity,30.0,dens_lambda,0.5,0.9190808888888888,0.564756,0.9189235555555556,0.891183111111111,0.6848044444444444,0.5152401587459834,0.15805483335838788,0.6129291359520228,0.6502422232447687,0.5665636890239895
fashion,DenSNE,4,perplexity,30.0,dens_lambda,1.0,0.9220528888888888,0.5561777777777778,0.9104197777777779,0.8809857777777778,0.6696644444444444,0.535838831172824,0.14271683666329782,0.5645885073728333,0.5994957165108415,0.5223790637054713
fashion,DenSNE,4,perplexity,50.0,dens_lambda,0.0,0.5524053333333334,0.5937173333333333,0.8936120000000001,0.8655506666666667,0.6908724444444444,0.16207751403904494,0.1786001343149063,0.4998388961891993,0.5642963711088539,0.3846888230495316
fashion,DenSNE,4,perplexity,50.0,dens_lambda,0.01,0.6024266666666666,0.589728888888889,0.9024777777777778,0.868439111111111,0.6948573333333333,0.1748893728555473,0.1725381919783963,0.521098263377837,0.5812935473935867,0.40614813111876713
fashion,DenSNE,4,perplexity,50.0,dens_lambda,0.05,0.794703111111111,0.590844,0.9111102222222223,0.8811964444444444,0.6971071111111111,0.2675818438351235,0.1905934882634852,0.547032948960787,0.6202900261335298,0.4457695652799841
fashion,DenSNE,4,perplexity,50.0,dens_lambda,0.1,0.8771168888888888,0.5870222222222222,0.9244315555555556,0.9005711111111112,0.7045177777777778,0.3733827947424698,0.17930342967968405,0.6207949000989491,0.6826305178090594,0.49629250641335365
fashion,DenSNE,4,perplexity,50.0,dens_lambda,0.2,0.9079013333333333,0.5723622222222222,0.9242457777777778,0.8959204444444443,0.7002813333333333,0.4491903151073285,0.16121706799684832,0.6117676937564964,0.6499144455223603,0.5099838058350455
fashion,DenSNE,4,perplexity,50.0,dens_lambda,0.5,0.9189306666666667,0.5471515555555555,0.9174904444444444,0.8855102222222223,0.685484,0.494812139889402,0.13918987034015767,0.5808814531083706,0.6047009955608993,0.5036628875893577
fashion,DenSNE,4,perplexity,50.0,dens_lambda,1.0,0.9204888888888888,0.5157537777777778,0.9178124444444444,0.891204,0.6818168888888889,0.5022906153729025,0.10862212334491816,0.5709512918919135,0.5958164817263811,0.47929284137947303
fashion,DenSNE,4,perplexity,75.0,dens_lambda,0.0,0.5564008888888888,0.6043413333333334,0.9081335555555555,0.8719577777777777,0.7246613333333333,0.13934269326670806,0.1799409159295454,0.5280718411397607,0.5597555509553119,0.28079611661139975
fashion,DenSNE,4,perplexity,75.0,dens_lambda,0.01,0.6180297777777777,0.6029577777777778,0.9097333333333332,0.8717364444444444,0.7308351111111111,0.1560645253578954,0.172513692791194,0.5460078841871301,0.5961259027569833,0.28792161334473676
fashion,DenSNE,4,perplexity,75.0,dens_lambda,0.05,0.7976573333333333,0.5863166666666667,0.9076522222222222,0.8826915555555555,0.730716,0.25176605849778366,0.16204420242861428,0.560100321308009,0.6550443496355988,0.35909306539626384
fashion,DenSNE,4,perplexity,75.0,dens_lambda,0.1,0.8671791111111111,0.5898804444444444,0.9170871111111112,0.8879768888888889,0.7355475555555556,0.34920674550385244,0.16460569179528883,0.6004047261334272,0.6643137697951053,0.38637864744187034
fashion,DenSNE,4,perplexity,75.0,dens_lambda,0.2,0.8981751111111111,0.5810533333333334,0.9239526666666666,0.8917635555555556,0.7262266666666668,0.43438119055136154,0.1532781965320708,0.6290390487099423,0.67515568456531,0.4526416120877517
fashion,DenSNE,4,perplexity,75.0,dens_lambda,0.5,0.9084973333333333,0.5426835555555556,0.9210606666666666,0.8879226666666667,0.7090897777777778,0.47636893538077374,0.13091010818260998,0.6120690811814284,0.6441068497094554,0.48116790931187453
fashion,DenSNE,4,perplexity,75.0,dens_lambda,1.0,0.9130613333333333,0.5279208888888889,0.9232266666666666,0.8959475555555555,0.6986546666666668,0.4975978192222402,0.1180092714198026,0.6063816910029064,0.6331995254197513,0.475119687026874
fashion,DenSNE,4,perplexity,100.0,dens_lambda,0.0,0.5673471111111111,0.6082893333333333,0.9068591111111111,0.8677284444444444,0.7264160000000001,0.13895089616966208,0.18894395430379488,0.47375673402882224,0.5253729605548481,0.18649744274224658
fashion,DenSNE,4,perplexity,100.0,dens_lambda,0.01,0.6271324444444444,0.6124395555555555,0.9094966666666666,0.8727871111111112,0.7275444444444444,0.16020271849089934,0.1912500749404141,0.48137660225991896,0.5931313093984526,0.196421865661577
fashion,DenSNE,4,perplexity,100.0,dens_lambda,0.05,0.797219111111111,0.6058657777777777,0.9084551111111112,0.8766133333333335,0.737848,0.268429654001829,0.18538448421497955,0.5470478757307659,0.6204225101438102,0.24651365101432637
fashion,DenSNE,4,perplexity,100.0,dens_lambda,0.1,0.8637960000000001,0.6038933333333333,0.9163822222222223,0.8755097777777778,0.7399662222222222,0.34202342141649,0.17438361450934292,0.5637021121985274,0.6163181969629346,0.295206972475644
fashion,DenSNE,4,perplexity,100.0,dens_lambda,0.2,0.8973728888888888,0.5891386666666667,0.9192544444444445,0.8737386666666668,0.7325217777777777,0.41404340755459423,0.1555588617547038,0.5720761385600347,0.5944899466201159,0.35829153542439457
fashion,DenSNE,4,perplexity,100.0,dens_lambda,0.5,0.908532888888889,0.5451942222222222,0.9215506666666666,0.8793017777777777,0.7144924444444445,0.47333014243551935,0.12874819484997846,0.5989666686192622,0.6042269401219432,0.40066760379779565
fashion,DenSNE,4,perplexity,100.0,dens_lambda,1.0,0.9056071111111111,0.5201906666666667,0.9201657777777779,0.8856315555555556,0.7055391111111111,0.4785859324042592,0.11743735199042134,0.5937913800180823,0.6060153259045349,0.4333792329273436
fashion,t-SNE,0,perplexity,1.0,learning_rate,50.0,0.6532802222222223,0.5509128888888888,0.6279162222222222,0.626680888888889,0.5528997777777778,0.14062600113165957,0.1096676327841537,0.1347233748306147,0.13331462054515197,0.13792955877782917
fashion,t-SNE,0,perplexity,1.0,learning_rate,200.0,0.6268628888888889,0.5405697777777778,0.6094068888888889,0.6047451111111112,0.5742393333333333,0.13561129463770438,0.12072117071486699,0.1317298801539109,0.13029457874570974,0.1316906559701724
fashion,t-SNE,0,perplexity,1.0,learning_rate,500.0,0.4658817777777778,0.45456955555555556,0.4149744444444445,0.4159911111111111,0.5848137777777778,0.09406703634772295,0.09015248740936355,0.08472516408042965,0.08517189943960007,0.11868604866885417
fashion,t-SNE,0,perplexity,2.0,learning_rate,50.0,0.8199484444444445,0.5696873333333333,0.8384693333333333,0.8460408888888888,0.6665475555555554,0.2598653886727094,0.13548230982515191,0.32002798520641434,0.3193277648847838,0.22449540516261796
fashion,t-SNE,0,perplexity,2.0,learning_rate,200.0,0.7336711111111112,0.5602846666666667,0.727872,0.7293044444444444,0.9408888888888889,0.19077253816066359,0.1361567226601132,0.21021863929010642,0.22439140434371618,0.6886759870142053
fashion,t-SNE,0,perplexity,2.0,learning_rate,500.0,0.8374262222222222,0.5657915555555555,0.8645324444444445,0.8469519999999999,0.6091128888888889,0.30440053327792005,0.1374924837898447,0.39051991338529585,0.3229865903199702,0.1867663471643196
fashion,t-SNE,0,perplexity,3.0,learning_rate,50.0,0.7409604444444445,0.5365944444444444,0.8169768888888889,0.8165955555555556,0.7253751111111111,0.24382789669860105,0.13732087561334116,0.359943498689941,0.3921897943569114,0.317958923593346
fashion,t-SNE,0,perplexity,3.0,learning_rate,200.0,0.7187013333333333,0.5474971111111111,0.8310722222222221,0.8236166666666667,0.7798595555555556,0.21665107886779025,0.16173927168031776,0.3584847719059605,0.34040803156886207,0.4153633869875285
fashion,t-SNE,0,perplexity,3.0,learning_rate,500.0,0.6778177777777777,0.5619802222222222,0.7921124444444445,0.781183111111111,0.810432888888889,0.17597627794002546,0.149735880780956,0.29901169889623036,0.3150555850468905,0.4856474465987645
fashion,t-SNE,0,perplexity,5.0,learning_rate,50.0,0.6464528888888889,0.5468626666666667,0.7925142222222222,0.8039875555555556,0.8467511111111111,0.16457351829934364,0.13440220943140332,0.2505559318102841,0.3461973508534963,0.5588227470052165
fashion,t-SNE,0,perplexity,5.0,learning_rate,200.0,0.6154484444444445,0.5436968888888889,0.8024324444444444,0.8057804444444445,0.9323315555555556,0.1476793548947941,0.12507614525977723,0.3778127972038024,0.516502579704104,0.6391491777910546
fashion,t-SNE,0,perplexity,5.0,learning_rate,500.0,0.6077808888888889,0.5322666666666667,0.7879382222222222,0.8071035555555557,0.9418693333333332,0.14659135847501975,0.11976672049166709,0.300396202950945,0.5445977623688394,0.6989763000998999
fashion,t-SNE,0,perplexity,10.0,learning_rate,50.0,0.5784182222222223,0.5430955555555556,0.808798,0.8228284444444445,0.8443826666666666,0.14814969201149764,0.13569739816193704,0.2740536114345131,0.4179893286875444,0.5490569217013092
fashion,t-SNE,0,perplexity,10.0,learning_rate,200.0,0.559396,0.5350033333333333,0.8232033333333334,0.8277204444444445,0.846276,0.13600200266962392,0.1298166640346253,0.32890405836336645,0.4579848360179924,0.5493669060241457
fashion,t-SNE,0,perplexity,10.0,learning_rate,500.0,0.5572324444444444,0.5453335555555556,0.8161480000000001,0.8290475555555556,0.8654884444444444,0.14054975589384833,0.1332741383745867,0.3847170214660456,0.49006825253009445,0.5752865357073033
fashion,t-SNE,0,perplexity,15.0,learning_rate,50.0,0.542955111111111,0.5503091111111111,0.8197864444444445,0.834384,0.8424622222222222,0.13286284128234566,0.151630392337862,0.31839957702392374,0.47508041933078016,0.5342641410459212
fashion,t-SNE,0,perplexity,15.0,learning_rate,200.0,0.5328080000000001,0.5549993333333334,0.8325124444444444,0.8369600000000001,0.8494622222222223,0.12726724665999561,0.15609884824537992,0.2910150238947129,0.43559497503701955,0.5509884609100265
fashion,t-SNE,0,perplexity,15.0,learning_rate,500.0,0.5215062222222222,0.5505597777777778,0.828967111111111,0.834344,0.863672,0.12618471966276842,0.15240582581606837,0.45538724349624593,0.5302253183190545,0.5611923897648212
fashion,t-SNE,0,perplexity,30.0,learning_rate,50.0,0.5215386666666667,0.5551335555555555,0.8304062222222222,0.8339308888888888,0.8422346666666667,0.12181304657276429,0.1491632996422293,0.33538337369352866,0.5004776027675218,0.5311588206191963
fashion,t-SNE,0,perplexity,30.0,learning_rate,200.0,0.5210564444444445,0.5606693333333332,0.8303475555555555,0.838866,0.8469115555555555,0.12159179681253934,0.1502275258752641,0.346565985952325,0.5106765175098826,0.5412965044410739
fashion,t-SNE,0,perplexity,30.0,learning_rate,500.0,0.5123897777777778,0.5634835555555555,0.8277108888888889,0.8323182222222223,0.8562306666666665,0.12021973677257881,0.15375266950312488,0.3640727282623599,0.5603787668560865,0.5505855026375726
fashion,t-SNE,0,perplexity,50.0,learning_rate,50.0,0.5313328888888889,0.5919137777777778,0.8461062222222221,0.8279453333333334,0.8361591111111111,0.13330767383457384,0.18700031475395346,0.3624571424741115,0.5229936256920622,0.5266256192742059
fashion,t-SNE,0,perplexity,50.0,learning_rate,200.0,0.5313524444444444,0.5842111111111111,0.8360204444444445,0.8280906666666668,0.8446675555555555,0.13048465084492483,0.1836086816813267,0.3470402408440132,0.5420126635050907,0.5375710413206676
fashion,t-SNE,0,perplexity,50.0,learning_rate,500.0,0.5251315555555556,0.5873131111111111,0.854902,0.8246235555555554,0.8504155555555556,0.12468700768561347,0.1720406886413911,0.4580777943146918,0.5584712797396981,0.5423401844766157
fashion,t-SNE,0,perplexity,75.0,learning_rate,50.0,0.561016,0.6145855555555555,0.8462457777777778,0.8229913333333332,0.8380440000000001,0.1475225378851925,0.19706833522185602,0.3137919047260947,0.5414664820861843,0.5225289148279256
fashion,t-SNE,0,perplexity,75.0,learning_rate,200.0,0.5649053333333334,0.615576,0.8488266666666667,0.8239353333333334,0.8361084444444444,0.14960078099776256,0.19503925895537888,0.31126264151134586,0.5254407391854986,0.5285860369520663
fashion,t-SNE,0,perplexity,75.0,learning_rate,500.0,0.5643533333333333,0.6165608888888889,0.8427124444444445,0.8177444444444445,0.8376462222222222,0.14771307677315754,0.19890211440329053,0.3114067370557966,0.5297917470154733,0.5256807852780625
fashion,t-SNE,0,perplexity,100.0,learning_rate,50.0,0.5859088888888889,0.623232,0.860565111111111,0.8175924444444445,0.8363302222222223,0.16061211383826385,0.20948409619490144,0.3223405315223747,0.4866232362831748,0.5442404594017063
fashion,t-SNE,0,perplexity,100.0,learning_rate,200.0,0.5866422222222222,0.6141220000000001,0.8651428888888888,0.8133577777777777,0.8343768888888888,0.1645492922001732,0.19728980841984972,0.33424956328954797,0.49034593862980663,0.5337481794983124
fashion,t-SNE,0,perplexity,100.0,learning_rate,500.0,0.58588,0.6159173333333333,0.8794004444444443,0.8124453333333335,0.8373168888888889,0.16399089258142774,0.19953875428265477,0.41037587756031985,0.5045485240887014,0.5430007756434503
fashion,t-SNE,1,perplexity,1.0,learning_rate,50.0,0.5983493333333333,0.5277793333333334,0.5563577777777777,0.5595142222222222,0.5547306666666667,0.12901861004145487,0.11106834606029443,0.11846837032386809,0.11997407301297444,0.13010886464612742
fashion,t-SNE,1,perplexity,1.0,learning_rate,200.0,0.5969364444444445,0.5045853333333333,0.5710717777777778,0.5672780000000001,0.571964,0.12082898208861081,0.10119886357587951,0.11349166699048119,0.11285445812066283,0.13447222056308733
fashion,t-SNE,1,perplexity,1.0,learning_rate,500.0,0.5107782222222222,0.534926888888889,0.4528926666666666,0.4545053333333333,0.5373657777777777,0.10724810315419309,0.11145353476638645,0.09483731500823414,0.0940296228313027,0.10466390969543903
fashion,t-SNE,1,perplexity,2.0,learning_rate,50.0,0.7573591111111111,0.5677133333333334,0.7692013333333333,0.7654462222222223,0.8759791111111112,0.2270154760818085,0.14765975910455337,0.25518565477367766,0.24979030435046834,0.5632572529054849
fashion,t-SNE,1,perplexity,2.0,learning_rate,200.0,0.777332,0.5493871111111112,0.7838595555555555,0.7847982222222222,0.9073595555555555,0.2169962340911719,0.1257540748575674,0.22736741392959942,0.2802510929779489,0.5520815695903423
fashion,t-SNE,1,perplexity,2.0,learning_rate,500.0,0.7688475555555556,0.5350168888888889,0.8038411111111111,0.7949617777777777,0.6484937777777778,0.22142738490698577,0.1262847480219151,0.2696840887412891,0.241446926297097,0.2680751868667034
fashion,t-SNE,1,perplexity,3.0,learning_rate,50.0,0.7059373333333332,0.5179711111111112,0.7672542222222222,0.7786422222222222,0.8892822222222222,0.19287930392923575,0.116327160227447,0.28653067722679126,0.3362205587297991,0.6370202374637666
fashion,t-SNE,1,perplexity,3.0,learning_rate,200.0,0.7396204444444444,0.5559035555555556,0.8462300000000001,0.8456506666666667,0.8351693333333334,0.19785794343588153,0.14154267131558734,0.3798134874105714,0.4709839332851896,0.5446533191664593
fashion,t-SNE,1,perplexity,3.0,learning_rate,500.0,0.7364057777777778,0.5721271111111111,0.8441828888888889,0.8492511111111111,0.8069599999999999,0.2492096765447806,0.16475941899414337,0.36547525207030085,0.468038047127592,0.45659721455873603
fashion,t-SNE,1,perplexity,5.0,learning_rate,50.0,0.6163035555555555,0.5352135555555555,0.7685731111111112,0.7863959999999999,0.9325066666666667,0.15251566938030597,0.12695770950397214,0.24841333925460576,0.46642532811260407,0.6963534367452522
fashion,t-SNE,1,perplexity,5.0,learning_rate,200.0,0.6192844444444445,0.5343986666666667,0.8002115555555556,0.8123844444444444,0.9399986666666666,0.1452233439383414,0.12412207755256545,0.2891706100185878,0.5338744061805466,0.6848193730000891
fashion,t-SNE,1,perplexity,5.0,learning_rate,500.0,0.6099626666666667,0.5262737777777777,0.8038137777777777,0.8104751111111111,0.8443048888888889,0.17030597639494527,0.12688551253012512,0.3131005759695488,0.3899525182309422,0.5699433380583322
fashion,t-SNE,1,perplexity,10.0,learning_rate,50.0,0.5675666666666667,0.5369722222222222,0.8223993333333334,0.8241013333333335,0.9386262222222221,0.14532085044914994,0.14595660736219535,0.2995699066090597,0.5061915880699304,0.7317899467367599
fashion,t-SNE,1,perplexity,10.0,learning_rate,200.0,0.5568017777777777,0.5401011111111111,0.8058128888888889,0.8173182222222223,0.9376599999999999,0.12101694020148447,0.13185486003009414,0.3950206362712808,0.6036955769057288,0.6793406625743436
fashion,t-SNE,1,perplexity,10.0,learning_rate,500.0,0.5599591111111112,0.5421702222222222,0.8268388888888891,0.828079111111111,0.8624835555555556,0.14246258204819695,0.13592126234823843,0.3604820466148572,0.39841666784597446,0.5717368416510599
fashion,t-SNE,1,perplexity,15.0,learning_rate,50.0,0.536316888888889,0.5442431111111111,0.82506,0.8295857777777779,0.9397755555555555,0.12507399697158747,0.134041039871902,0.3012248246516998,0.5765674474147657,0.7349468099138862
fashion,t-SNE,1,perplexity,15.0,learning_rate,200.0,0.5337448888888889,0.5511295555555555,0.8512980000000001,0.8367404444444445,0.9409386666666667,0.11997245636321964,0.1420335925281827,0.4761074497729343,0.6080089920426345,0.7051698113875038
fashion,t-SNE,1,perplexity,15.0,learning_rate,500.0,0.5326595555555556,0.5452417777777778,0.8315715555555555,0.841128888888889,0.8505928888888888,0.1278267101178549,0.15408302582637606,0.3193203976613801,0.49861607917474515,0.5510761181404206
fashion,t-SNE,1,perplexity,30.0,learning_rate,50.0,0.5173524444444445,0.5677026666666667,0.8437164444444445,0.8322886666666667,0.844651111111111,0.12280480932700136,0.15252488336695735,0.42758382800842687,0.5315430982893764,0.5364972444823043
fashion,t-SNE,1,perplexity,30.0,learning_rate,200.0,0.5164542222222223,0.5771953333333333,0.8478391111111111,0.8253257777777778,0.9429773333333332,0.1182067677898519,0.16815450673322346,0.30959733512049464,0.5498163667281873,0.6527724954920966
fashion,t-SNE,1,perplexity,30.0,learning_rate,500.0,0.5269915555555555,0.5857853333333334,0.8538162222222223,0.8218262222222221,0.9412684444444446,0.12058015067904251,0.17113995228066436,0.4288639177825786,0.5702163049316511,0.6540236948566334
fashion,t-SNE,1,perplexity,50.0,learning_rate,50.0,0.5282995555555555,0.5928006666666668,0.8499071111111111,0.8326822222222222,0.8468475555555556,0.13094668464437392,0.17841718395803782,0.4190194312461136,0.5539644697370036,0.5408129891133434
fashion,t-SNE,1,perplexity,50.0,learning_rate,200.0,0.5322631111111111,0.5874097777777778,0.8397235555555554,0.8232297777777777,0.8372164444444443,0.12895563144834987,0.1789816257256172,0.3628961421002873,0.5525426026575697,0.5252459064992177
fashion,t-SNE,1,perplexity,50.0,learning_rate,500.0,0.5307724444444444,0.5888357777777777,0.8335768888888888,0.8193315555555556,0.8391000000000002,0.12841796683177176,0.17911512854569525,0.3646735795220531,0.5440916100434403,0.526881024315622
fashion,t-SNE,1,perplexity,75.0,learning_rate,50.0,0.5575537777777777,0.6143595555555555,0.8546419999999999,0.8256902222222222,0.8403711111111112,0.148386992162341,0.19525872279579964,0.4027106404286652,0.547487559974408,0.5280197814091837
fashion,t-SNE,1,perplexity,75.0,learning_rate,200.0,0.5656013333333333,0.6153046666666666,0.8452737777777777,0.8243844444444445,0.838400888888889,0.1520857566021142,0.1988177991007356,0.3423520507851668,0.5268853988319342,0.524640708867562
fashion,t-SNE,1,perplexity,75.0,learning_rate,500.0,0.5610577777777778,0.6135906666666666,0.8552266666666666,0.8194728888888889,0.8428453333333333,0.14652592723480465,0.2003397300406663,0.3491740929842048,0.5335028191457721,0.5282128248760348
fashion,t-SNE,1,perplexity,100.0,learning_rate,50.0,0.5809257777777778,0.613028888888889,0.8714631111111111,0.8212733333333334,0.8401937777777778,0.16214061867482185,0.20051484032220165,0.4197446092371494,0.5061068054219962,0.5454705270552483
fashion,t-SNE,1,perplexity,100.0,learning_rate,200.0,0.5850155555555555,0.6168764444444444,0.8626284444444444,0.8184293333333332,0.8380151111111112,0.1673042838997524,0.20194807534105852,0.38709896611973194,0.5156395486142458,0.5388860046954977
fashion,t-SNE,1,perplexity,100.0,learning_rate,500.0,0.5872853333333333,0.6163442222222223,0.8601713333333332,0.8108879999999999,0.8359946666666667,0.16690528869796578,0.1985541026757142,0.3384918795853021,0.48446261477179986,0.5336952222298009
fashion,t-SNE,2,perplexity,1.0,learning_rate,50.0,0.6214533333333333,0.55562,0.5835662222222222,0.5893386666666667,0.5552831111111111,0.13854458707925915,0.11807344982341059,0.1331256624942358,0.1321801631557942,0.13859997594497186
fashion,t-SNE,2,perplexity,1.0,learning_rate,200.0,0.6136277777777778,0.5243926666666667,0.5817668888888889,0.583274888888889,0.5654988888888889,0.1309710995274837,0.10840348996290702,0.12545985372949534,0.12423998870986942,0.13504340975149182
fashion,t-SNE,2,perplexity,1.0,learning_rate,500.0,0.45948577777777777,0.48208,0.4058048888888889,0.40122266666666667,0.5436075555555555,0.08970494560990824,0.09301291723670636,0.08338384561442772,0.081344827121153,0.1063582634500249
fashion,t-SNE,2,perplexity,2.0,learning_rate,50.0,0.7726866666666666,0.5635888888888888,0.7759668888888889,0.7744764444444444,0.898024,0.2185770777177863,0.13213502284483042,0.25848075159762585,0.2714687184557172,0.3863419468867042
fashion,t-SNE,2,perplexity,2.0,learning_rate,200.0,0.744556,0.5470320000000001,0.7398737777777777,0.7338604444444443,0.9278777777777778,0.18501049688453508,0.12620008654316422,0.20026838503320954,0.21494595956464424,0.5404590219774932
fashion,t-SNE,2,perplexity,2.0,learning_rate,500.0,0.774332888888889,0.5537057777777779,0.7681548888888889,0.7627213333333334,0.8931244444444444,0.2169970604502463,0.13255045095651893,0.21697648527862373,0.2516265596828218,0.5643252499056006
fashion,t-SNE,2,perplexity,3.0,learning_rate,50.0,0.7314688888888888,0.5467333333333333,0.7897017777777777,0.805668,0.9111657777777777,0.1854779768010954,0.13370258768150167,0.29039269418482067,0.4504525744950494,0.5309824937528022
fashion,t-SNE,2,perplexity,3.0,learning_rate,200.0,0.6775951111111111,0.5477477777777777,0.7247111111111112,0.7211977777777777,0.9081146666666667,0.18485244592019612,0.13023573137122035,0.19392717988209204,0.24999994522581326,0.5837748344542056
fashion,t-SNE,2,perplexity,3.0,learning_rate,500.0,0.7103160000000001,0.5498493333333333,0.7400862222222222,0.761988,0.9121239999999999,0.19046048027404505,0.12577115052548135,0.20778453650318826,0.3298606431177057,0.5621048670663256
fashion,t-SNE,2,perplexity,5.0,learning_rate,50.0,0.6484746666666666,0.5372804444444444,0.8019522222222223,0.8167435555555556,0.9341066666666666,0.14895767905308327,0.12291011597245258,0.40066311485967104,0.5860619438461592,0.6343728773921486
fashion,t-SNE,2,perplexity,5.0,learning_rate,200.0,0.6161097777777778,0.546804,0.8212331111111111,0.8187804444444444,0.9269786666666666,0.14134446999129024,0.11908022868615653,0.3355325053499252,0.5237010982992061,0.6209555339829341
fashion,t-SNE,2,perplexity,5.0,learning_rate,500.0,0.6255102222222222,0.5306277777777778,0.7841026666666666,0.7937115555555556,0.8076897777777777,0.15059513594029497,0.11579318891031881,0.3448345906236658,0.43530088685229695,0.5315716010024076
fashion,t-SNE,2,perplexity,10.0,learning_rate,50.0,0.5501955555555555,0.5337986666666666,0.8131348888888889,0.8153902222222221,0.9363044444444444,0.11817684253651321,0.1319072667261841,0.37871560674781785,0.5764330861092398,0.6641203085374813
fashion,t-SNE,2,perplexity,10.0,learning_rate,200.0,0.5591746666666667,0.5401402222222222,0.8456724444444443,0.8395248888888889,0.9374142222222223,0.12318417254807447,0.13270528828147848,0.4380766083931443,0.6195135830447669,0.6917214727475692
fashion,t-SNE,2,perplexity,10.0,learning_rate,500.0,0.5530684444444445,0.5415566666666667,0.802274888888889,0.8282684444444444,0.8534248888888889,0.13464109110887187,0.1400057637272281,0.274621305414706,0.44717981665279777,0.5569239340126538
fashion,t-SNE,2,perplexity,15.0,learning_rate,50.0,0.5257795555555556,0.54585,0.8368355555555557,0.8366808888888889,0.9385497777777778,0.11611775700962887,0.1386333454197533,0.39795443919506174,0.6094029095975086,0.6833734317983522
fashion,t-SNE,2,perplexity,15.0,learning_rate,200.0,0.5316577777777778,0.5558671111111111,0.8333155555555555,0.8383097777777777,0.8459764444444444,0.12881643161657524,0.14321731228058704,0.3544995838893427,0.49082835430350735,0.5441397318024034
fashion,t-SNE,2,perplexity,15.0,learning_rate,500.0,0.517832,0.5543991111111112,0.8253057777777778,0.8347644444444444,0.9383435555555555,0.11169800003984376,0.14025254831945255,0.30158534198721376,0.5976920163423429,0.6673033222099225
fashion,t-SNE,2,perplexity,30.0,learning_rate,50.0,0.5208813333333333,0.5582217777777778,0.8343617777777778,0.8310977777777779,0.842404,0.1214414378687115,0.15204174171760107,0.351129589298405,0.4945753957328541,0.5303246186654696
fashion,t-SNE,2,perplexity,30.0,learning_rate,200.0,0.5189342222222222,0.5598768888888889,0.8331879999999999,0.8334502222222223,0.847936888888889,0.12139483448071794,0.14964917978862924,0.35935112613873743,0.5401089177853362,0.5329342205091633
fashion,t-SNE,2,perplexity,30.0,learning_rate,500.0,0.5168106666666666,0.5602684444444445,0.8192782222222222,0.8345666666666667,0.8534271111111111,0.12075727276017953,0.1551085039007955,0.3646077656448776,0.5728367617128713,0.5454727963072143
fashion,t-SNE,2,perplexity,50.0,learning_rate,50.0,0.5349933333333333,0.591252,0.8531515555555554,0.826408888888889,0.836512,0.13641505925678957,0.1790513258807564,0.3572337945752032,0.5374659320292294,0.5344964180552014
fashion,t-SNE,2,perplexity,50.0,learning_rate,200.0,0.5285208888888888,0.5864344444444445,0.8420911111111111,0.8289306666666667,0.8462124444444445,0.12602779599244635,0.17908077465873007,0.35923101423767895,0.5472419230062999,0.5325384200634646
fashion,t-SNE,2,perplexity,50.0,learning_rate,500.0,0.5246777777777778,0.5841213333333333,0.8590135555555556,0.819544888888889,0.8465031111111111,0.1283345998461375,0.18210747338883504,0.42466495812203725,0.5425423675527854,0.5418586165955912
fashion,t-SNE,2,perplexity,75.0,learning_rate,50.0,0.561244,0.6160602222222222,0.8534257777777777,0.8247582222222223,0.8348484444444445,0.149256312681131,0.19661400525445966,0.33809713686437065,0.5262767512210988,0.5226382215394703
fashion,t-SNE,2,perplexity,75.0,learning_rate,200.0,0.5622057777777778,0.6110928888888889,0.8820204444444444,0.8233768888888889,0.8413022222222223,0.14478092063503478,0.1946395014681033,0.41353162078063493,0.5290912423446905,0.5359892270137652
fashion,t-SNE,2,perplexity,75.0,learning_rate,500.0,0.5639506666666667,0.6072617777777778,0.8560582222222223,0.8205097777777777,0.8376764444444444,0.14338235204354205,0.192004830012495,0.3168598349323327,0.5105595974170929,0.5240599794320188
fashion,t-SNE,2,perplexity,100.0,learning_rate,50.0,0.5821942222222223,0.6208522222222222,0.8732453333333333,0.8198664444444445,0.8363568888888889,0.15744301545235417,0.2092494947185617,0.3687263763849304,0.4886959342140422,0.5497276959854058
fashion,t-SNE,2,perplexity,100.0,learning_rate,200.0,0.5847524444444444,0.6138657777777777,0.8699326666666667,0.8160262222222222,0.8355648888888889,0.16092625068398128,0.19631010007720512,0.36073427717519774,0.48727325434343516,0.5384943401785506
fashion,t-SNE,2,perplexity,100.0,learning_rate,500.0,0.5868671111111111,0.622428,0.8571726666666667,0.8159624444444445,0.8401035555555555,0.16252114130016482,0.2058173554446706,0.3878538578083328,0.5125888899585389,0.5374675083430245
fashion,t-SNE,3,perplexity,1.0,learning_rate,50.0,0.6181157777777777,0.5346759999999999,0.595608,0.5975157777777778,0.533773111111111,0.12907953797428862,0.10938753333630104,0.12490517209468863,0.1235771416207618,0.12863792850136307
fashion,t-SNE,3,perplexity,1.0,learning_rate,200.0,0.6163384444444444,0.5514733333333333,0.577532,0.5777835555555555,0.5061197777777778,0.12700387202431251,0.1198475776724236,0.11710233534657682,0.11920104427022471,0.10785108351756252
fashion,t-SNE,3,perplexity,1.0,learning_rate,500.0,0.5158282222222222,0.5238817777777778,0.4552811111111111,0.45383399999999996,0.514542,0.10702504135159503,0.10888023142669229,0.0924775778660053,0.09286262361001474,0.1077412449516571
fashion,t-SNE,3,perplexity,2.0,learning_rate,50.0,0.7978955555555555,0.5371371111111112,0.8277868888888888,0.8338142222222222,0.9389928888888888,0.2346949210291685,0.13467160669395176,0.2756563692751324,0.31659276770230715,0.7051169288850025
fashion,t-SNE,3,perplexity,2.0,learning_rate,200.0,0.8023862222222222,0.593086,0.8423377777777777,0.8426964444444445,0.8134195555555556,0.24963713053095965,0.1670049682798075,0.37640947470697905,0.3778039020438628,0.4375189938573389
fashion,t-SNE,3,perplexity,2.0,learning_rate,500.0,0.831176888888889,0.5809957777777778,0.8560786666666667,0.8529542222222223,0.8449622222222222,0.2868143903426354,0.14482248305054019,0.3395436156362942,0.32955742537684346,0.6179435233020872
fashion,t-SNE,3,perplexity,3.0,learning_rate,50.0,0.7586964444444445,0.5479753333333334,0.8467506666666668,0.852608888888889,0.9159235555555557,0.2239325538825011,0.1391068125648222,0.2914834265339937,0.376497409235835,0.5678715770078857
fashion,t-SNE,3,perplexity,3.0,learning_rate,200.0,0.7043382222222222,0.5357000000000001,0.7839657777777778,0.7913524444444444,0.9438102222222221,0.1989754846803513,0.12418172966291002,0.3494113589815931,0.4180671034473739,0.6836438652431152
fashion,t-SNE,3,perplexity,3.0,learning_rate,500.0,0.7006675555555556,0.5323951111111112,0.7939995555555556,0.8123902222222222,0.9292662222222223,0.1714620273861491,0.12584493374702493,0.3476069951392472,0.4906193939836706,0.6083127913541152
fashion,t-SNE,3,perplexity,5.0,learning_rate,50.0,0.6486244444444444,0.5441888888888889,0.7944131111111111,0.8001313333333333,0.8490697777777778,0.16966488345800865,0.12676864844114774,0.283470099681018,0.33526385250611307,0.5600575091319937
fashion,t-SNE,3,perplexity,5.0,learning_rate,200.0,0.6030151111111112,0.5264473333333333,0.7795884444444444,0.7905502222222223,0.9358635555555557,0.14890641534464388,0.11931370823916845,0.36998204175171184,0.47699684844058937,0.7203685174688068
fashion,t-SNE,3,perplexity,5.0,learning_rate,500.0,0.6095657777777778,0.5297135555555555,0.7874862222222223,0.8064595555555556,0.9425995555555555,0.14776477281992637,0.12704072664731114,0.3055765500749534,0.539505504937927,0.7084340880781392
fashion,t-SNE,3,perplexity,10.0,learning_rate,50.0,0.577164,0.5431462222222222,0.8112582222222222,0.8237351111111111,0.8478386666666667,0.1457465753506492,0.1368906172296323,0.3519683662703814,0.42196489344499644,0.5485436842871212
fashion,t-SNE,3,perplexity,10.0,learning_rate,200.0,0.5693857777777777,0.5419546666666666,0.8294326666666667,0.8336382222222223,0.8512719999999999,0.1409473333185148,0.12738504401506245,0.33936699015200844,0.44841917241170937,0.5522152927170026
fashion,t-SNE,3,perplexity,10.0,learning_rate,500.0,0.5571724444444445,0.5429108888888889,0.8181964444444445,0.82408,0.8459840000000001,0.13621286670356908,0.13373815098899378,0.3116664644744089,0.4488910654139669,0.5468966378579915
fashion,t-SNE,3,perplexity,15.0,learning_rate,50.0,0.5402902222222222,0.5381686666666667,0.8234355555555557,0.8317106666666667,0.8446035555555556,0.12783575237457992,0.1359622280477225,0.3150253907978423,0.4521620076751256,0.5286320455308403
fashion,t-SNE,3,perplexity,15.0,learning_rate,200.0,0.5245373333333334,0.5506848888888889,0.8375613333333332,0.8383755555555555,0.8583577777777778,0.12330886533826779,0.14990653880986024,0.3915878552270789,0.5339471552475862,0.5558061086889752
fashion,t-SNE,3,perplexity,15.0,learning_rate,500.0,0.5198373333333333,0.5511713333333333,0.8302097777777777,0.8331817777777778,0.9383733333333333,0.11335158380618648,0.14665604349009975,0.34319254446353825,0.6040400225339688,0.6593132943737253
fashion,t-SNE,3,perplexity,30.0,learning_rate,50.0,0.519212888888889,0.5575526666666667,0.8394924444444445,0.8385560000000001,0.8445275555555556,0.12083297115904842,0.15194113013241212,0.34255369259336876,0.5015373022344112,0.5322496683245301
fashion,t-SNE,3,perplexity,30.0,learning_rate,200.0,0.5149311111111111,0.5606757777777778,0.8309255555555556,0.8326604444444443,0.8505240000000001,0.1218521300977738,0.1523867323380545,0.3576427759240861,0.545291102085914,0.5357313954221014
fashion,t-SNE,3,perplexity,30.0,learning_rate,500.0,0.521352888888889,0.5583846666666668,0.8435924444444445,0.8311346666666666,0.8449319999999999,0.12257613513989024,0.1519521654528193,0.39770634213264583,0.5362228665570006,0.5365548665206029
fashion,t-SNE,3,perplexity,50.0,learning_rate,50.0,0.5248551111111112,0.5943095555555555,0.8434262222222223,0.8312168888888889,0.8443577777777778,0.12608299581521673,0.17977455771374998,0.36296741071283795,0.5574650288474386,0.5325444577869729
fashion,t-SNE,3,perplexity,50.0,learning_rate,200.0,0.52762,0.5849006666666667,0.8382506666666667,0.8310831111111112,0.848643111111111,0.12676460657596916,0.17639292434918324,0.3570142123564687,0.5506561413194385,0.5384010080550504
fashion,t-SNE,3,perplexity,50.0,learning_rate,500.0,0.5253897777777778,0.5896048888888888,0.8650308888888889,0.820440888888889,0.8465626666666668,0.1242390488318985,0.1750453247102779,0.4131642691958496,0.5441816597823758,0.5454445626266121
fashion,t-SNE,3,perplexity,75.0,learning_rate,50.0,0.559068,0.6138897777777776,0.8628182222222222,0.8252533333333332,0.8383657777777778,0.15021702215634924,0.199765112835084,0.3788090696226707,0.5469151248874629,0.5230013610049488
fashion,t-SNE,3,perplexity,75.0,learning_rate,200.0,0.5663217777777778,0.6145035555555556,0.8578733333333334,0.8230702222222221,0.8345973333333334,0.1503309887736226,0.19664191526539734,0.342032623348099,0.5286718308669467,0.5282297602792226
fashion,t-SNE,3,perplexity,75.0,learning_rate,500.0,0.5652773333333334,0.6116148888888889,0.8446680000000001,0.8184191111111111,0.83866,0.1471058090327091,0.19286218868754187,0.3297727082107971,0.5210568054445046,0.5291043094498047
fashion,t-SNE,3,perplexity,100.0,learning_rate,50.0,0.5847613333333334,0.6185191111111111,0.8649815555555556,0.8204511111111111,0.8358391111111112,0.1623132004105764,0.20471307931441732,0.35906539283593447,0.5083939098884271,0.5351244475345475
fashion,t-SNE,3,perplexity,100.0,learning_rate,200.0,0.5874306666666667,0.6228302222222223,0.8590235555555555,0.8154235555555556,0.837308,0.16493152864966776,0.20806070537204074,0.3393924231330266,0.5007404707817097,0.535805040144845
fashion,t-SNE,3,perplexity,100.0,learning_rate,500.0,0.5874528888888888,0.6227004444444444,0.844836888888889,0.8129555555555557,0.8355128888888889,0.1589173668121816,0.20928701298539848,0.37569510005357715,0.5014379894720317,0.5325213132695746
fashion,t-SNE,4,perplexity,1.0,learning_rate,50.0,0.6278335555555555,0.5499655555555556,0.5988251111111111,0.5985553333333333,0.5288593333333333,0.1328120603893133,0.11256308241831489,0.12610326459892046,0.12513516016077786,0.12445996744313684
fashion,t-SNE,4,perplexity,1.0,learning_rate,200.0,0.5874364444444444,0.5523871111111112,0.558422,0.5578733333333333,0.5845528888888889,0.1246365032985331,0.11793481426195848,0.1174310064473618,0.11795231217115565,0.12416105943046021
fashion,t-SNE,4,perplexity,1.0,learning_rate,500.0,0.5060062222222221,0.5219784444444444,0.4566068888888889,0.44997511111111105,0.5346071111111111,0.10542408433680274,0.11089552743200048,0.09750116775436102,0.09559485140207252,0.10737843157063479
fashion,t-SNE,4,perplexity,2.0,learning_rate,50.0,0.8016391111111112,0.5702888888888888,0.8450202222222222,0.8155364444444443,0.6316777777777779,0.22167536501137686,0.14087189630818125,0.3254039019043704,0.2469937067356084,0.2090803844278808
fashion,t-SNE,4,perplexity,2.0,learning_rate,200.0,0.7162306666666666,0.5552651111111111,0.7424248888888889,0.7257584444444444,0.8636728888888889,0.1775848098676519,0.1281101683053579,0.2693227461986526,0.22063676191640813,0.37036912557844603
fashion,t-SNE,4,perplexity,2.0,learning_rate,500.0,0.807584888888889,0.5419808888888888,0.8616037777777776,0.8446537777777778,0.7051320000000001,0.23955033197531836,0.13103159384690233,0.38136095536484055,0.3179289571269755,0.36757964002739146
fashion,t-SNE,4,perplexity,3.0,learning_rate,50.0,0.7428537777777778,0.5463917777777777,0.8649237777777778,0.8456675555555555,0.7130142222222222,0.23329486755023024,0.14540845785057446,0.41338394475682966,0.3795192881986868,0.2747079431167943
fashion,t-SNE,4,perplexity,3.0,learning_rate,200.0,0.7189306666666666,0.5417137777777777,0.8087862222222222,0.8122600000000001,0.8326702222222221,0.21243035550199196,0.14911748411922582,0.2563232103125331,0.34054853211659986,0.5443752163050564
fashion,t-SNE,4,perplexity,3.0,learning_rate,500.0,0.700439111111111,0.5174297777777779,0.7661377777777778,0.7793173333333333,0.931520888888889,0.17984432637000536,0.11671886803242394,0.2717975134034803,0.43171379023955686,0.5659557622374978
fashion,t-SNE,4,perplexity,5.0,learning_rate,50.0,0.6409884444444445,0.5438291111111111,0.8119024444444445,0.7992568888888889,0.8465159999999998,0.16761840535797787,0.12426584817610573,0.35227479368879105,0.35751094949102347,0.5573731353307102
fashion,t-SNE,4,perplexity,5.0,learning_rate,200.0,0.6185333333333334,0.5486315555555555,0.7588024444444446,0.7639124444444444,0.9307493333333333,0.1674995484963447,0.13395474891188297,0.28733084589439833,0.47845152102636473,0.7067579439090798
fashion,t-SNE,4,perplexity,5.0,learning_rate,500.0,0.6064213333333333,0.520386,0.7650231111111112,0.7930302222222221,0.9403457777777778,0.14270917306801928,0.11811449461628164,0.2574619377465817,0.506492234522617,0.6961203624269706
fashion,t-SNE,4,perplexity,10.0,learning_rate,50.0,0.5698315555555555,0.5447522222222222,0.8368833333333333,0.8284675555555555,0.8519804444444445,0.1439606824427191,0.13751797878539834,0.4516880237967058,0.4501238974880839,0.5583397796437812
fashion,t-SNE,4,perplexity,10.0,learning_rate,200.0,0.5537808888888889,0.5401795555555555,0.808783111111111,0.8046973333333334,0.9399328888888889,0.12191897244190442,0.13848468559164132,0.39492542771536776,0.5847111623543576,0.6944611233839241
fashion,t-SNE,4,perplexity,10.0,learning_rate,500.0,0.5598897777777778,0.5394022222222222,0.8251333333333333,0.8184071111111111,0.8600462222222222,0.14005895604961413,0.12526553171700283,0.39326965791773827,0.4709494628288017,0.5561848715232457
fashion,t-SNE,4,perplexity,15.0,learning_rate,50.0,0.5333817777777778,0.5431353333333333,0.8430857777777778,0.8333142222222223,0.8450284444444444,0.1288009244158552,0.16057539253660455,0.3942202434512485,0.46733907749461484,0.5373369436160698
fashion,t-SNE,4,perplexity,15.0,learning_rate,200.0,0.5282191111111111,0.5508324444444445,0.8143111111111111,0.8338115555555554,0.8440826666666668,0.1274258305907547,0.14672175229185583,0.28294796933723043,0.4460571230873119,0.531609393120887
fashion,t-SNE,4,perplexity,15.0,learning_rate,500.0,0.5204782222222222,0.5486877777777778,0.8403995555555556,0.8364666666666666,0.8672657777777778,0.12199806707060365,0.1453379221494708,0.4520330501071495,0.525455074406778,0.5671262149641284
fashion,t-SNE,4,perplexity,30.0,learning_rate,50.0,0.5214862222222222,0.5720786666666666,0.838552,0.8300995555555556,0.8448444444444443,0.1249600164737322,0.15511166548036714,0.4151722631666859,0.5283049841248886,0.5373246394215005
fashion,t-SNE,4,perplexity,30.0,learning_rate,200.0,0.5226813333333333,0.5647595555555556,0.8328862222222222,0.8320635555555558,0.8360097777777779,0.12268607047200081,0.15460179042518402,0.34594134958624173,0.48405088691524606,0.5297746954861257
fashion,t-SNE,4,perplexity,30.0,learning_rate,500.0,0.5109582222222222,0.5760246666666666,0.8254744444444444,0.8163017777777779,0.9370391111111112,0.11313461023196181,0.16745476747923393,0.3133855500522664,0.548380862819673,0.6413659790377504
fashion,t-SNE,4,perplexity,50.0,learning_rate,50.0,0.5290431111111111,0.5893451111111112,0.8529808888888889,0.8326644444444445,0.8460942222222222,0.13106033796423355,0.17423875727583316,0.40058354395542917,0.5513474796946368,0.5430026391546802
fashion,t-SNE,4,perplexity,50.0,learning_rate,200.0,0.5271386666666666,0.5825342222222223,0.8524466666666666,0.8262395555555555,0.8490871111111111,0.1249173619808727,0.17438485493841502,0.4166296051612966,0.5347951301038825,0.5406525015798912
fashion,t-SNE,4,perplexity,50.0,learning_rate,500.0,0.5283546666666668,0.589348,0.8309973333333333,0.8193839999999999,0.8404551111111112,0.13248424528908284,0.1845211699031818,0.32702050330428506,0.5423185474253532,0.5304413955185683
fashion,t-SNE,4,perplexity,75.0,learning_rate,50.0,0.5595559999999999,0.6172702222222222,0.8674924444444443,0.8263413333333333,0.8394702222222221,0.1492310702076835,0.202013851388077,0.4239489591739806,0.539053658023529,0.5323431316973606
fashion,t-SNE,4,perplexity,75.0,learning_rate,200.0,0.5610555555555555,0.6126933333333333,0.8676260000000001,0.8225644444444443,0.842268888888889,0.14212744148533163,0.19600268643653446,0.4149203161156022,0.5377014830017646,0.5322332435304082
fashion,t-SNE,4,perplexity,75.0,learning_rate,500.0,0.562676,0.6073562222222222,0.8589444444444444,0.8175191111111111,0.8403475555555555,0.1461525484358795,0.1920336499802734,0.324888889639991,0.5057016391371488,0.5301073816003429
fashion,t-SNE,4,perplexity,100.0,learning_rate,50.0,0.5808502222222223,0.6137746666666667,0.8761182222222222,0.8256804444444444,0.8390297777777777,0.16837501963782253,0.19830866362227922,0.45756930137249197,0.5264282853447829,0.5428110362541909
fashion,t-SNE,4,perplexity,100.0,learning_rate,200.0,0.5838235555555555,0.6125386666666667,0.8611191111111112,0.8156644444444445,0.8358648888888889,0.15961422372211045,0.19342542847617206,0.31264016614049817,0.4888834416555023,0.5373023674258588
fashion,t-SNE,4,perplexity,100.0,learning_rate,500.0,0.5903564444444445,0.6163351111111112,0.8579955555555555,0.8070035555555555,0.8341328888888889,0.15886286693904447,0.19515327486381426,0.3257988289492109,0.4697277263018905,0.5391022522341962
fashion,UMAP,0,n_neighbors,5.0,min_dist,0.0,0.4948613333333333,0.56382,0.8681288888888891,0.8701142222222221,0.8914435555555555,0.13953163108049493,0.13244842095287912,0.4498499989880536,0.6190550463078853,0.5894569728201154
fashion,UMAP,0,n_neighbors,5.0,min_dist,0.1,0.5909088888888889,0.5664177777777778,0.8555955555555554,0.8484524444444446,0.8923373333333333,0.16336298344054712,0.15161106022651583,0.43982552540408637,0.5660783167612005,0.6011437640971068
fashion,UMAP,0,n_neighbors,5.0,min_dist,0.5,0.8619373333333334,0.5778748888888888,0.8404688888888889,0.8163177777777778,0.8675386666666667,0.3124024741072954,0.150400379129184,0.4485710697222968,0.5658137183052809,0.5781890848204649
fashion,UMAP,0,n_neighbors,8.0,min_dist,0.0,0.469132,0.5716013333333333,0.8563944444444445,0.834432888888889,0.9093488888888889,0.14357010082513605,0.19685701065874328,0.6077262671831603,0.5882438158150354,0.6133742379646652
fashion,UMAP,0,n_neighbors,8.0,min_dist,0.1,0.5726417777777777,0.5841924444444444,0.8553017777777777,0.8304004444444444,0.8872613333333335,0.1746515368419112,0.20116855360210384,0.5991768898453801,0.5922958164342802,0.584552438975932
fashion,UMAP,0,n_neighbors,8.0,min_dist,0.5,0.8472182222222222,0.5919686666666666,0.8376982222222222,0.8165195555555556,0.8714431111111111,0.40547264617039347,0.2052773979635088,0.46364845933437937,0.5530657513271633,0.5748191449543173
fashion,UMAP,0,n_neighbors,10.0,min_dist,0.0,0.45588933333333337,0.5819373333333333,0.8560862222222222,0.8343995555555556,0.9112768888888888,0.14196067919959657,0.1969748484150521,0.60675243194374,0.5860951731098546,0.6199824881835831
fashion,UMAP,0,n_neighbors,10.0,min_dist,0.1,0.5409582222222222,0.5689282222222222,0.8482277777777778,0.8176433333333333,0.8933302222222222,0.14809512939725347,0.18469561748007934,0.593567741748625,0.5738459433668938,0.5997103831491452
fashion,UMAP,0,n_neighbors,10.0,min_dist,0.5,0.8375937777777777,0.5885193333333334,0.8524128888888888,0.8165546666666667,0.8624262222222221,0.4037648945746321,0.20422919148536467,0.4865253058700632,0.5566182853745211,0.5656260679112959
fashion,UMAP,0,n_neighbors,15.0,min_dist,0.0,0.477684,0.6075795555555555,0.8569244444444444,0.8439008888888889,0.9228404444444444,0.125959676441217,0.20572589223273208,0.596083888493057,0.5526756364256489,0.6821502932116427
fashion,UMAP,0,n_neighbors,15.0,min_dist,0.1,0.554359111111111,0.6178791111111112,0.8585077777777776,0.8369160000000001,0.8971386666666666,0.16767918683981775,0.23784709911839888,0.5898199658982839,0.5872220787603828,0.6164086537005112
fashion,UMAP,0,n_neighbors,15.0,min_dist,0.5,0.8125257777777778,0.5955535555555556,0.8260991111111111,0.8012391111111111,0.8639453333333333,0.35721644659025703,0.2120472154629188,0.4127215062310382,0.5421883329885925,0.5618600080381408
fashion,UMAP,0,n_neighbors,20.0,min_dist,0.0,0.4590057777777778,0.5953168888888889,0.8739748888888889,0.8530377777777778,0.9185271111111112,0.12590871071308593,0.20750185167989638,0.4983190311444059,0.5932454124237699,0.6580864782442934
fashion,UMAP,0,n_neighbors,20.0,min_dist,0.1,0.5487377777777778,0.5911024444444444,0.8613995555555555,0.8391017777777778,0.8990413333333334,0.15415127057458194,0.20825153490239387,0.5527148338503558,0.5850064735033041,0.6141558803767789
fashion,UMAP,0,n_neighbors,20.0,min_dist,0.5,0.8224253333333333,0.5893946666666667,0.8466453333333334,0.8087004444444444,0.8600671111111111,0.34345294682678595,0.18886306908432815,0.424546303768598,0.5326208672746346,0.5653311700036552
fashion,UMAP,0,n_neighbors,30.0,min_dist,0.0,0.4695013333333334,0.6113879999999999,0.8727284444444444,0.8450337777777778,0.9035755555555556,0.1345306378971921,0.2300249647387881,0.6084434476443293,0.5927316001792033,0.6147469030981428
fashion,UMAP,0,n_neighbors,30.0,min_dist,0.1,0.5495217777777778,0.6234097777777778,0.8597297777777778,0.8331284444444444,0.8945008888888888,0.16702120415594177,0.2554435283683659,0.5092620614236305,0.5736307671725522,0.600368618654984
fashion,UMAP,0,n_neighbors,30.0,min_dist,0.5,0.811139111111111,0.6205613333333333,0.8447413333333333,0.7911813333333334,0.8407742222222222,0.34550341756126707,0.25083798559939285,0.3945913420624969,0.5034339536176697,0.5213366785527949
fashion,UMAP,0,n_neighbors,40.0,min_dist,0.0,0.4890173333333333,0.6484751111111111,0.9108357777777778,0.8536111111111111,0.8885831111111112,0.15383945679259897,0.2778705090027885,0.4735229688422985,0.5638225432859841,0.5939605844575029
fashion,UMAP,0,n_neighbors,40.0,min_dist,0.1,0.5641124444444444,0.653108,0.8863446666666668,0.8270422222222225,0.8740262222222221,0.19936903277458778,0.27572878143978197,0.4871762643337917,0.5477231322764997,0.5720245828343206
fashion,UMAP,0,n_neighbors,40.0,min_dist,0.5,0.8182977777777776,0.614474,0.8444277777777778,0.7769008888888889,0.8378533333333333,0.3526130260460088,0.20971815100008165,0.3868034493119581,0.4819420983961827,0.5155891788470799
fashion,UMAP,0,n_neighbors,60.0,min_dist,0.0,0.488784,0.6687988888888889,0.9158857777777778,0.8572768888888889,0.8828226666666668,0.15322373748724305,0.30768158977927207,0.61399891676855,0.5554416484883562,0.5865136746520866
fashion,UMAP,0,n_neighbors,60.0,min_dist,0.1,0.5595395555555556,0.6776315555555555,0.8947368888888889,0.824944,0.8686102222222223,0.19958547785395198,0.32343023147552824,0.46253515942400825,0.5305595650316747,0.564041593239428
fashion,UMAP,0,n_neighbors,60.0,min_dist,0.5,0.7842511111111112,0.6248248888888889,0.8339477777777777,0.7635844444444444,0.8338164444444445,0.32899284372742804,0.22037081146707585,0.35100245172026723,0.42401947491673914,0.5166904744507379
fashion,UMAP,0,n_neighbors,80.0,min_dist,0.0,0.4998528888888889,0.6820506666666667,0.9091386666666667,0.8430795555555555,0.8728111111111112,0.15697416375597767,0.31116246991123325,0.49142043821835346,0.5418576134414023,0.5709859207684151
fashion,UMAP,0,n_neighbors,80.0,min_dist,0.1,0.5661964444444445,0.6651815555555557,0.8890844444444443,0.8080726666666667,0.8613533333333334,0.19482949773923966,0.2775069342497732,0.40413398829727787,0.5150951877109822,0.5542345635756638
fashion,UMAP,0,n_neighbors,80.0,min_dist,0.5,0.7927982222222222,0.6256357777777779,0.8214484444444444,0.7468586666666667,0.8189626666666667,0.32183941079862727,0.21315039286781162,0.3183115956649438,0.3719672602197327,0.49927294643995496
fashion,UMAP,0,n_neighbors,120.0,min_dist,0.0,0.5162053333333333,0.6689422222222222,0.9089502222222222,0.8334737777777778,0.8659742222222221,0.16574838401252326,0.30362897721079674,0.45742473944376494,0.5347261794807279,0.5601066724549807
fashion,UMAP,0,n_neighbors,120.0,min_dist,0.1,0.5919968888888889,0.6747193333333332,0.8900844444444445,0.7851297777777777,0.8502866666666666,0.20053825334698192,0.29201091599521267,0.41983557080009054,0.4848827177927903,0.5431264899188493
fashion,UMAP,0,n_neighbors,120.0,min_dist,0.5,0.8017831111111112,0.6296388888888889,0.8375666666666667,0.7293551111111111,0.8109137777777777,0.3386152199461479,0.22150617567832098,0.35705554962740726,0.2897732629890365,0.48260412217976295
fashion,UMAP,1,n_neighbors,5.0,min_dist,0.0,0.4899382222222223,0.5480246666666666,0.8613171111111111,0.8412915555555556,0.8889235555555555,0.1490942592276435,0.15465925627013993,0.45166678236475644,0.5848146955192869,0.590060428044977
fashion,UMAP,1,n_neighbors,5.0,min_dist,0.1,0.5419302222222222,0.5338855555555555,0.8593888888888888,0.8417897777777779,0.8957302222222221,0.13793958076848883,0.14273953563641473,0.5623462302595916,0.5808929708897033,0.6087893314929692
fashion,UMAP,1,n_neighbors,5.0,min_dist,0.5,0.8423444444444447,0.5982951111111111,0.861428,0.8277466666666666,0.8493217777777777,0.32423306379359107,0.1846226166915585,0.503052431840195,0.5891313033920823,0.5541485881614078
fashion,UMAP,1,n_neighbors,8.0,min_dist,0.0,0.47238177777777784,0.5788460000000001,0.8535231111111111,0.8289208888888888,0.908904,0.1311014880862521,0.1902598543111789,0.6220549198300183,0.5689055092568293,0.6369480439022265
fashion,UMAP,1,n_neighbors,8.0,min_dist,0.1,0.5541328888888889,0.570756888888889,0.8576906666666667,0.8290435555555555,0.8967453333333333,0.1538644064932177,0.17439540473328424,0.6030003669925427,0.5888034606937125,0.6032976848255159
fashion,UMAP,1,n_neighbors,8.0,min_dist,0.5,0.8358626666666666,0.6054933333333333,0.8452084444444445,0.8217948888888889,0.866316,0.407760729151383,0.21495126789538666,0.48061532430701814,0.5567628707831009,0.5703010867722813
fashion,UMAP,1,n_neighbors,10.0,min_dist,0.0,0.46171288888888895,0.5921806666666667,0.8550546666666666,0.8294842222222222,0.9066075555555556,0.13452510935395684,0.20741248936316167,0.5949345153216666,0.5827859760925789,0.6406296078710667
fashion,UMAP,1,n_neighbors,10.0,min_dist,0.1,0.5549706666666666,0.5705924444444443,0.8525257777777777,0.8324555555555556,0.9074586666666667,0.15824106388423237,0.18476774351141378,0.5740118513931188,0.5818159727026628,0.629467136180857
fashion,UMAP,1,n_neighbors,10.0,min_dist,0.5,0.826428888888889,0.5823226666666667,0.8333675555555555,0.8155235555555556,0.8698195555555555,0.38162477163347086,0.19503437217053987,0.4365858960619277,0.5580053410024255,0.5757193207916903
fashion,UMAP,1,n_neighbors,15.0,min_dist,0.0,0.4483568888888889,0.6138075555555556,0.8616166666666666,0.8546631111111112,0.9173231111111111,0.13563595450766813,0.2500783627003663,0.6114921596058625,0.5838148570964492,0.6707255169812014
fashion,UMAP,1,n_neighbors,15.0,min_dist,0.1,0.5373564444444445,0.5991742222222223,0.8541217777777778,0.8418626666666669,0.9055586666666666,0.1455006727651174,0.21958481903027752,0.5949243109786939,0.5815274446916167,0.6274380951469536
fashion,UMAP,1,n_neighbors,15.0,min_dist,0.5,0.8173951111111112,0.5920122222222222,0.8252853333333334,0.8066168888888888,0.8631813333333332,0.3603573857775313,0.19553473694098625,0.4348767086573934,0.5542915493227846,0.5633106330010675
fashion,UMAP,1,n_neighbors,20.0,min_dist,0.0,0.47437022222222225,0.6177653333333333,0.8735211111111111,0.8446564444444444,0.9119484444444442,0.12765006639532223,0.23726267274608212,0.5663921631098527,0.5825072473395412,0.6380548607364347
fashion,UMAP,1,n_neighbors,20.0,min_dist,0.1,0.5466368888888888,0.6097046666666666,0.8659213333333333,0.8243259999999999,0.8934186666666668,0.15584392148359563,0.24564211280295853,0.5634948163923105,0.5808145728479829,0.6027259153921303
fashion,UMAP,1,n_neighbors,20.0,min_dist,0.5,0.8047666666666666,0.5939584444444445,0.8340733333333332,0.796300888888889,0.8583364444444443,0.3588132756942808,0.20478313604143825,0.4410469277686311,0.5301109889900553,0.5567516111833014
fashion,UMAP,1,n_neighbors,30.0,min_dist,0.0,0.48438933333333334,0.6334622222222221,0.9091671111111113,0.8555071111111112,0.8977604444444444,0.15102275737212567,0.2452621271536919,0.5354720762556208,0.583997322099456,0.6115891593321272
fashion,UMAP,1,n_neighbors,30.0,min_dist,0.1,0.5629506666666666,0.6383102222222222,0.8989013333333333,0.845198888888889,0.8793977777777777,0.18487686327045638,0.25633227520087115,0.5539795979455773,0.5743243940236749,0.5825893895515477
fashion,UMAP,1,n_neighbors,30.0,min_dist,0.5,0.8156204444444444,0.6150802222222223,0.8506768888888889,0.7911831111111111,0.8429386666666667,0.332778696461805,0.20365729406403543,0.45013889111366867,0.5139677596946481,0.5228306546005854
fashion,UMAP,1,n_neighbors,40.0,min_dist,0.0,0.47523777777777776,0.6418342222222223,0.9073266666666665,0.8597951111111111,0.8927484444444445,0.15024558458842763,0.2750279667551218,0.5202298382698245,0.5840418512148742,0.6004491822959369
fashion,UMAP,1,n_neighbors,40.0,min_dist,0.1,0.5567306666666667,0.6614026666666668,0.8904,0.8365662222222222,0.8743613333333333,0.19412520283951018,0.28845994652833895,0.50123528411304,0.5595678407001228,0.5721590553467439
fashion,UMAP,1,n_neighbors,40.0,min_dist,0.5,0.7977324444444445,0.6178062222222223,0.825211111111111,0.776112,0.8452919999999999,0.326275118393136,0.20940663810931556,0.3811614229020211,0.47317755197980804,0.5339810611658303
fashion,UMAP,1,n_neighbors,60.0,min_dist,0.0,0.4825928888888889,0.6525351111111112,0.9111791111111112,0.8540715555555555,0.8784297777777778,0.1565173228975961,0.2789000952492913,0.48303516793212464,0.5537755914850875,0.579588856879338
fashion,UMAP,1,n_neighbors,60.0,min_dist,0.1,0.5560942222222223,0.6531348888888889,0.8669655555555555,0.8105226666666667,0.8704,0.17923286391275517,0.26893399444186405,0.45705358559536047,0.5381899102696573,0.5632677265320539
fashion,UMAP,1,n_neighbors,60.0,min_dist,0.5,0.7827004444444445,0.6199573333333332,0.8392026666666667,0.76232,0.8262084444444444,0.3314132086740078,0.22372577406017294,0.40485401465221904,0.42883988811638857,0.49294951692506334
fashion,UMAP,1,n_neighbors,80.0,min_dist,0.0,0.507091111111111,0.6674333333333332,0.9024151111111112,0.8409244444444445,0.8727266666666667,0.16547961848498685,0.3248567417117281,0.4664888046610435,0.5469295764816259,0.573027252460821
fashion,UMAP,1,n_neighbors,80.0,min_dist,0.1,0.5740826666666666,0.681208,0.8968173333333334,0.8098146666666667,0.8586537777777778,0.20908464590321474,0.32534200231200316,0.4240953436628039,0.5168242344129933,0.5512647026483251
fashion,UMAP,1,n_neighbors,80.0,min_dist,0.5,0.7948137777777778,0.6409824444444445,0.8186155555555555,0.7451773333333334,0.8193737777777779,0.3333369171152615,0.23081314924507046,0.3354610961843441,0.3741176697557552,0.5029985284980225
fashion,UMAP,1,n_neighbors,120.0,min_dist,0.0,0.530292,0.679387111111111,0.9087748888888888,0.8138044444444444,0.8567288888888889,0.17115334716426245,0.29923013594333575,0.4556365231172125,0.5208006235483867,0.5500979643469023
fashion,UMAP,1,n_neighbors,120.0,min_dist,0.1,0.6093204444444444,0.6851686666666668,0.8759257777777778,0.7718684444444445,0.8397151111111111,0.1997603235789182,0.27267839928107285,0.4286898851355041,0.44963113565739155,0.537110650673895
fashion,UMAP,1,n_neighbors,120.0,min_dist,0.5,0.8064631111111111,0.6354846666666667,0.8260622222222221,0.7234902222222221,0.8060088888888888,0.3351861064770548,0.21549003670878142,0.34865497007362,0.29562953619865845,0.4862594916349363
fashion,UMAP,2,n_neighbors,5.0,min_dist,0.0,0.4778862222222222,0.5651095555555555,0.8543137777777778,0.8330684444444445,0.9068031111111112,0.1384361989224016,0.15859176835464261,0.36684406748273835,0.5303479211555442,0.6221122889304009
fashion,UMAP,2,n_neighbors,5.0,min_dist,0.1,0.5807711111111111,0.5724437777777778,0.8561797777777778,0.8386346666666666,0.8796986666666666,0.18117399863465136,0.1676134633242197,0.4235457163323165,0.4980043120418255,0.5774489802050484
fashion,UMAP,2,n_neighbors,5.0,min_dist,0.5,0.8354782222222222,0.5841695555555555,0.8494902222222223,0.8278275555555556,0.8578124444444444,0.31459880464846124,0.19146319461240685,0.4522643316022399,0.5783160521266953,0.5608222757805273
fashion,UMAP,2,n_neighbors,8.0,min_dist,0.0,0.4763266666666667,0.5890346666666666,0.8694322222222222,0.8577884444444445,0.9165453333333333,0.13824474060362105,0.22235782768371853,0.5941547257123206,0.6228576689745565,0.6384096212366646
fashion,UMAP,2,n_neighbors,8.0,min_dist,0.1,0.5248422222222222,0.584289111111111,0.8596897777777779,0.830244,0.8977462222222222,0.15533993732126106,0.20366774238593277,0.5669924551979248,0.5877420682804941,0.6079478315479272
fashion,UMAP,2,n_neighbors,8.0,min_dist,0.5,0.8245871111111112,0.5628942222222222,0.8447204444444445,0.8178013333333334,0.8697186666666666,0.35434118750783256,0.19525667043017686,0.4420494585492972,0.5437395013948524,0.5748713461461742
fashion,UMAP,2,n_neighbors,10.0,min_dist,0.0,0.45215733333333336,0.5875271111111111,0.8581897777777777,0.8489808888888888,0.9217653333333332,0.1316615745267939,0.20316747597850793,0.5304486814377108,0.5758393692300662,0.6794343201927157
fashion,UMAP,2,n_neighbors,10.0,min_dist,0.1,0.5551368888888889,0.5887313333333333,0.8656353333333333,0.8515911111111112,0.9080244444444445,0.1597590414102943,0.1997161532943148,0.5634868252061085,0.5851542367100692,0.6342876656452834
fashion,UMAP,2,n_neighbors,10.0,min_dist,0.5,0.8258857777777777,0.5840386666666667,0.8410137777777777,0.8235902222222222,0.8636582222222222,0.3556406960909082,0.19371104891304192,0.4121168535476963,0.5701153400216491,0.5696970173803241
fashion,UMAP,2,n_neighbors,15.0,min_dist,0.0,0.465516,0.6020324444444445,0.8616155555555555,0.8445164444444444,0.9215559999999999,0.12037709208720114,0.2001787901929548,0.5446097678272546,0.5554684424252131,0.6664636470533293
fashion,UMAP,2,n_neighbors,15.0,min_dist,0.1,0.5509271111111111,0.6047431111111112,0.8534524444444445,0.8435604444444444,0.896951111111111,0.158099044563443,0.2197545789980208,0.5100858202876545,0.5894589852667448,0.6111702753087829
fashion,UMAP,2,n_neighbors,15.0,min_dist,0.5,0.8156026666666668,0.588068888888889,0.8258235555555555,0.8020666666666666,0.8632866666666668,0.35892245004722745,0.1948846821446334,0.39089498727045074,0.537546743190377,0.5635493555027784
fashion,UMAP,2,n_neighbors,20.0,min_dist,0.0,0.4666493333333333,0.605527111111111,0.8614233333333333,0.8555422222222223,0.9122644444444444,0.1397877052639297,0.23979528552737223,0.5126149639582641,0.5918288937411482,0.6488637631164177
fashion,UMAP,2,n_neighbors,20.0,min_dist,0.1,0.5521457777777778,0.6295284444444444,0.8604302222222222,0.846624,0.9019275555555555,0.16715285322895343,0.2754712372493291,0.5418267056708995,0.5868693801974572,0.6161673050857058
fashion,UMAP,2,n_neighbors,20.0,min_dist,0.5,0.818516888888889,0.5874808888888889,0.8284884444444445,0.8009320000000001,0.8593262222222222,0.3549208721121652,0.18586368636727435,0.4320816466939744,0.527632898497323,0.557474091463395
fashion,UMAP,2,n_neighbors,30.0,min_dist,0.0,0.46223555555555557,0.6264171111111111,0.8758817777777778,0.8529493333333334,0.9076791111111112,0.13701452087364957,0.24520937122675884,0.5099256512618494,0.6017333041672903,0.6229004248268849
fashion,UMAP,2,n_neighbors,30.0,min_dist,0.1,0.5604457777777778,0.6438135555555555,0.8961804444444444,0.8408977777777777,0.8797764444444445,0.1785237770783713,0.26800375009817606,0.5004804488113562,0.5756330082897291,0.5813107648625244
fashion,UMAP,2,n_neighbors,30.0,min_dist,0.5,0.8060595555555555,0.6070693333333333,0.8356342222222222,0.7874786666666667,0.849476,0.33181849555308585,0.204331969065492,0.39983597504329227,0.5054704198810706,0.5423169684587072
fashion,UMAP,2,n_neighbors,40.0,min_dist,0.0,0.47553555555555554,0.6559231111111111,0.9018206666666667,0.8593737777777777,0.8918519999999999,0.1469073680419939,0.29152513285016485,0.4391297090777482,0.5853891129258559,0.5966031472212345
fashion,UMAP,2,n_neighbors,40.0,min_dist,0.1,0.5572284444444445,0.6757297777777778,0.892868,0.8356897777777776,0.8710662222222222,0.192006573491869,0.30926169222857136,0.5214172973115625,0.5592938073037421,0.5656319927684751
fashion,UMAP,2,n_neighbors,40.0,min_dist,0.5,0.7810231111111111,0.6291406666666667,0.8375497777777776,0.7801497777777777,0.8364231111111111,0.3217682255833054,0.22557366588654318,0.3825795404932977,0.48427024131430196,0.5096048601043115
fashion,UMAP,2,n_neighbors,60.0,min_dist,0.0,0.4978311111111111,0.6736622222222222,0.9000288888888888,0.8480839999999998,0.8810977777777778,0.16102185732662808,0.3294323929330733,0.46127271698486555,0.548223425326558,0.5819298328199758
fashion,UMAP,2,n_neighbors,60.0,min_dist,0.1,0.5665044444444444,0.6847742222222223,0.8889106666666665,0.8254546666666667,0.8711653333333333,0.2054047830493736,0.32081772267397474,0.4310183666118681,0.5316383905561113,0.5631912137743771
fashion,UMAP,2,n_neighbors,60.0,min_dist,0.5,0.7857377777777776,0.6438871111111112,0.8237448888888889,0.7608537777777777,0.8268328888888888,0.3274452384537554,0.24140320625176714,0.33567838244437403,0.41713609525745937,0.5063235419584063
fashion,UMAP,2,n_neighbors,80.0,min_dist,0.0,0.5094977777777778,0.664757111111111,0.8741840000000001,0.8233582222222221,0.8789782222222221,0.1549014995918683,0.30794516465935445,0.43140506769988024,0.5373667085867865,0.5779130952342235
fashion,UMAP,2,n_neighbors,80.0,min_dist,0.1,0.5765835555555556,0.6804642222222222,0.8928017777777777,0.8086177777777779,0.8592964444444444,0.2070045926762596,0.2980141563093891,0.5019205320847028,0.5185012607031357,0.5529100885974658
fashion,UMAP,2,n_neighbors,80.0,min_dist,0.5,0.799283111111111,0.6241784444444444,0.8233555555555556,0.7498617777777778,0.825580888888889,0.32903808733353856,0.21877113729011066,0.3455567612489824,0.3704109213954022,0.5121988131119053
fashion,UMAP,2,n_neighbors,120.0,min_dist,0.0,0.5252564444444444,0.6861473333333334,0.9023582222222223,0.8212615555555555,0.8658720000000001,0.1693441344234763,0.302436396678968,0.4136682508081814,0.5217131064276986,0.5619492517454204
fashion,UMAP,2,n_neighbors,120.0,min_dist,0.1,0.61912,0.6904615555555556,0.8803195555555555,0.7700391111111111,0.8459462222222222,0.21181337452393467,0.29855926969530067,0.40230461173493076,0.4591860886908849,0.5432491553116814
fashion,UMAP,2,n_neighbors,120.0,min_dist,0.5,0.8080706666666667,0.6360495555555554,0.8199482222222222,0.7256604444444446,0.8081457777777779,0.3356109243155277,0.21871143167949028,0.36285826866101445,0.2765882437034109,0.488732793108241
fashion,UMAP,3,n_neighbors,5.0,min_dist,0.0,0.4755071111111111,0.5858597777777778,0.8568348888888888,0.8488475555555557,0.9153119999999999,0.12327837910287685,0.18720505390577907,0.5367951728913424,0.6070110034415559,0.6515707709856007
fashion,UMAP,3,n_neighbors,5.0,min_dist,0.1,0.5661048888888889,0.5728588888888889,0.8562226666666667,0.8349088888888889,0.9025346666666667,0.15022797068189545,0.17368646060406637,0.5095720825402305,0.5280013815822977,0.6390760924928017
fashion,UMAP,3,n_neighbors,5.0,min_dist,0.5,0.8380257777777779,0.5796728888888889,0.8374813333333332,0.8183342222222222,0.8818875555555556,0.30500653572263725,0.16432162884967766,0.445162437423669,0.5754931740291324,0.5939687490724125
fashion,UMAP,3,n_neighbors,8.0,min_dist,0.0,0.45576799999999995,0.5703124444444444,0.8596911111111112,0.8412368888888888,0.9275226666666665,0.11580757517620019,0.16523901583885842,0.6276838741497066,0.6000632224721163,0.7044969221849703
fashion,UMAP,3,n_neighbors,8.0,min_dist,0.1,0.5463897777777778,0.5844762222222222,0.858244888888889,0.8387075555555558,0.8986502222222222,0.16005902048181286,0.19288541356688457,0.573652651769959,0.6030701576092942,0.6018563176160059
fashion,UMAP,3,n_neighbors,8.0,min_dist,0.5,0.847120888888889,0.6184968888888889,0.8472311111111112,0.8170131111111112,0.869715111111111,0.377804351300865,0.21379392962996246,0.4468182911707006,0.5454003711389718,0.5761723924245452
fashion,UMAP,3,n_neighbors,10.0,min_dist,0.0,0.46296044444444445,0.5854626666666667,0.8558582222222222,0.8476346666666666,0.9198315555555555,0.13774795242192947,0.20646126994039407,0.5878133044658608,0.5899622304869793,0.6816009326683315
fashion,UMAP,3,n_neighbors,10.0,min_dist,0.1,0.5543768888888889,0.5811895555555556,0.8552971111111112,0.8426133333333333,0.9055133333333333,0.15271999038241896,0.18758518872744995,0.542281597998629,0.5906420578855845,0.6348369871409131
fashion,UMAP,3,n_neighbors,10.0,min_dist,0.5,0.8244057777777777,0.6017162222222222,0.8312788888888889,0.8058457777777779,0.8689924444444445,0.36171349219209353,0.23112311578266767,0.40813638089762755,0.5467077433236643,0.5665924895717442
fashion,UMAP,3,n_neighbors,15.0,min_dist,0.0,0.45723644444444445,0.6086988888888889,0.8644475555555555,0.8570857777777778,0.9162497777777778,0.13654996193017327,0.22155244382522282,0.5523546933544576,0.6076429382086524,0.664640980454607
fashion,UMAP,3,n_neighbors,15.0,min_dist,0.1,0.539504,0.5924119999999999,0.859826222222222,0.84074,0.8990311111111111,0.15086459702723198,0.21302630359674463,0.5957843128812041,0.5880555632058267,0.6160849883150575
fashion,UMAP,3,n_neighbors,15.0,min_dist,0.5,0.8144728888888889,0.5850677777777777,0.832852,0.8095168888888888,0.8650279999999999,0.3570458700282284,0.18568111226339182,0.42892225393534333,0.5526502897683266,0.5671181026408874
fashion,UMAP,3,n_neighbors,20.0,min_dist,0.0,0.46876355555555554,0.6113866666666667,0.8643960000000002,0.8509471111111111,0.9210813333333334,0.11829250845306613,0.2303934723973958,0.4995115877921041,0.586041816281986,0.6614764858013911
fashion,UMAP,3,n_neighbors,20.0,min_dist,0.1,0.5521231111111111,0.6137333333333334,0.8600011111111111,0.83372,0.8948444444444444,0.1641684022758479,0.2351795864754353,0.5772072948994705,0.5856333607994051,0.605054780198665
fashion,UMAP,3,n_neighbors,20.0,min_dist,0.5,0.8132662222222221,0.5828862222222222,0.8376431111111111,0.8034804444444444,0.862764,0.36286913454327235,0.20090285655866935,0.43009281565709623,0.5391174083213537,0.5606578697017884
fashion,UMAP,3,n_neighbors,30.0,min_dist,0.0,0.47285822222222224,0.6275175555555556,0.87982,0.8509,0.9078422222222222,0.134302364573815,0.24574603350355176,0.5672262164501255,0.5862447249893886,0.6249356123687916
fashion,UMAP,3,n_neighbors,30.0,min_dist,0.1,0.5519235555555555,0.6257482222222223,0.8624344444444445,0.8305922222222222,0.892708,0.16366750584866793,0.25510597514154243,0.5696611918744391,0.5755073950907571,0.5983431109213532
fashion,UMAP,3,n_neighbors,30.0,min_dist,0.5,0.8047551111111111,0.5908286666666667,0.8349502222222224,0.7942968888888888,0.8579137777777777,0.3453506940294782,0.19026249060004652,0.39775954794087376,0.51125105667388,0.5585596188461317
fashion,UMAP,3,n_neighbors,40.0,min_dist,0.0,0.46649644444444444,0.6305815555555556,0.8710122222222222,0.8399893333333334,0.9016857777777778,0.13511837776568017,0.25948281303313736,0.4932954466489983,0.5732777631489305,0.6117057055832208
fashion,UMAP,3,n_neighbors,40.0,min_dist,0.1,0.5498617777777778,0.6637060000000001,0.893772,0.8354480000000001,0.8775182222222222,0.1993353627432296,0.29592785448180015,0.5004983432217011,0.555875607873191,0.5774108098322585
fashion,UMAP,3,n_neighbors,40.0,min_dist,0.5,0.7938088888888888,0.6120942222222222,0.8271613333333333,0.7765888888888889,0.847343111111111,0.32771719513140685,0.20350851679388635,0.3533244661719664,0.4789123110350829,0.5414296576445902
fashion,UMAP,3,n_neighbors,60.0,min_dist,0.0,0.48916800000000005,0.6742502222222223,0.9132128888888889,0.8502755555555557,0.8810573333333334,0.15910045590123528,0.29622566610704665,0.5168395942511487,0.5563377263539451,0.5848478473260688
fashion,UMAP,3,n_neighbors,60.0,min_dist,0.1,0.5593017777777778,0.6808375555555555,0.8959124444444445,0.8142453333333333,0.8627733333333333,0.19641290119120297,0.2972681123917331,0.48015883408342336,0.5340570938117203,0.556539627682116
fashion,UMAP,3,n_neighbors,60.0,min_dist,0.5,0.7985026666666667,0.6244771111111111,0.8310444444444444,0.7582546666666666,0.8249306666666667,0.32313118907489424,0.21888093016431043,0.36160428300923947,0.4224737774671841,0.4961873224196626
fashion,UMAP,3,n_neighbors,80.0,min_dist,0.0,0.48897911111111103,0.6701193333333334,0.9052168888888887,0.8465053333333333,0.878224,0.15797587998378276,0.31965155064861017,0.4844628828515547,0.5497702215102467,0.5771071040987168
fashion,UMAP,3,n_neighbors,80.0,min_dist,0.1,0.569144,0.6577184444444444,0.8609622222222222,0.7986475555555556,0.8631057777777777,0.17775724545789123,0.27382063834556447,0.5131382915352842,0.5126354374873949,0.5576231767966613
fashion,UMAP,3,n_neighbors,80.0,min_dist,0.5,0.810540888888889,0.6218515555555555,0.8327013333333334,0.7512755555555556,0.8264008888888889,0.32186126177864627,0.21312901064594475,0.32912006357157936,0.385571265973836,0.5120235104557719
fashion,UMAP,3,n_neighbors,120.0,min_dist,0.0,0.5374813333333335,0.686588,0.906032,0.8191622222222222,0.8577555555555556,0.17170731402047662,0.2846054374571256,0.4445526473211128,0.5255190869935078,0.5515166291077315
fashion,UMAP,3,n_neighbors,120.0,min_dist,0.1,0.6152991111111111,0.6820975555555556,0.8917335555555556,0.7831404444444445,0.8454248888888889,0.19945650913392737,0.2750229161364794,0.4610538239962174,0.47314316106772897,0.5433100941322977
fashion,UMAP,3,n_neighbors,120.0,min_dist,0.5,0.8148506666666667,0.6232517777777778,0.8419431111111112,0.728952888888889,0.8081337777777778,0.35305864889667976,0.20904888272384914,0.3419958001112186,0.30386377235040696,0.49501359906187475
fashion,UMAP,4,n_neighbors,5.0,min_dist,0.0,0.4832511111111111,0.567628888888889,0.8344762222222223,0.8362568888888887,0.9051302222222224,0.147999266798996,0.14255384130475401,0.444576044537523,0.5607595056038943,0.6161072758397611
fashion,UMAP,4,n_neighbors,5.0,min_dist,0.1,0.5642497777777777,0.5560482222222223,0.862912,0.8490973333333334,0.8784008888888889,0.16498299472520989,0.14104250009106306,0.47801259673097474,0.6036516059273538,0.5809101999845286
fashion,UMAP,4,n_neighbors,5.0,min_dist,0.5,0.822968,0.5687986666666667,0.8416771111111111,0.8211879999999998,0.8656857777777777,0.27635246388214374,0.1491660648050505,0.46665875221946723,0.5528605961265016,0.5619023260135688
fashion,UMAP,4,n_neighbors,8.0,min_dist,0.0,0.4821066666666667,0.5891915555555556,0.8560508888888889,0.8516306666666665,0.9258253333333334,0.13261942845692076,0.1934068691359283,0.5581178419869627,0.5933130269879093,0.6990609047872008
fashion,UMAP,4,n_neighbors,8.0,min_dist,0.1,0.5484511111111111,0.6000935555555555,0.8505746666666667,0.8248882222222222,0.9039551111111112,0.16786273973033689,0.19851762476815382,0.5767103732862341,0.580383735778176,0.6241320691717109
fashion,UMAP,4,n_neighbors,8.0,min_dist,0.5,0.824192,0.5776071111111111,0.84055,0.8154115555555554,0.8751382222222223,0.3505675112127133,0.19955948907316085,0.48052808066122943,0.5591440194679521,0.5800308448358988
fashion,UMAP,4,n_neighbors,10.0,min_dist,0.0,0.4576724444444445,0.6045651111111111,0.8573415555555554,0.8548893333333332,0.9278444444444444,0.13775198383151235,0.214659085651615,0.5664253112927823,0.5900013901039514,0.7025644345706494
fashion,UMAP,4,n_neighbors,10.0,min_dist,0.1,0.5397635555555556,0.5981526666666666,0.8571515555555556,0.8523511111111111,0.9098706666666666,0.155694523635118,0.21019303146516832,0.5567811973885513,0.5967205669601248,0.6488688181364877
fashion,UMAP,4,n_neighbors,10.0,min_dist,0.5,0.8247573333333333,0.5868515555555556,0.8372608888888888,0.8274102222222222,0.8675751111111112,0.35608459891749555,0.20794770416765615,0.4429704134164763,0.5627273056054067,0.5742659075934963
fashion,UMAP,4,n_neighbors,15.0,min_dist,0.0,0.460032,0.6062457777777777,0.8639064444444443,0.8549133333333333,0.9227195555555556,0.13163102382233913,0.20399897601392175,0.5627513014366633,0.5974039385165881,0.6846737546072705
fashion,UMAP,4,n_neighbors,15.0,min_dist,0.1,0.5497795555555556,0.5977411111111111,0.8585222222222222,0.8453608888888889,0.9051462222222223,0.16204921682835793,0.2061543889026597,0.561462761835213,0.5969326858850734,0.6260141333977488
fashion,UMAP,4,n_neighbors,15.0,min_dist,0.5,0.8291537777777778,0.5827815555555556,0.8298244444444445,0.8073466666666667,0.8633653333333333,0.3608261913604498,0.1920405308101483,0.4104026752251929,0.5435070020987036,0.5685234760253184
fashion,UMAP,4,n_neighbors,20.0,min_dist,0.0,0.48522666666666664,0.5815244444444444,0.8636177777777778,0.8353480000000001,0.9174453333333332,0.12412902608103774,0.1950514297218461,0.5802592792689129,0.5574885133879801,0.6563980150224809
fashion,UMAP,4,n_neighbors,20.0,min_dist,0.1,0.5578675555555556,0.5963924444444445,0.8605713333333331,0.8291342222222222,0.8946782222222223,0.16271052015657544,0.22800303334577415,0.5347750545483815,0.5792607508472132,0.6055626074323491
fashion,UMAP,4,n_neighbors,20.0,min_dist,0.5,0.8119315555555554,0.5741211111111111,0.8395513333333333,0.8046333333333333,0.8642328888888889,0.36728371346214445,0.19778117391909522,0.39132901557623084,0.53534561702204,0.565185778514258
fashion,UMAP,4,n_neighbors,30.0,min_dist,0.0,0.4618293333333333,0.637361111111111,0.8779448888888888,0.8459711111111112,0.9022702222222222,0.13353662042215148,0.2563907327920358,0.5570263547759988,0.5921005206476377,0.6168626896508036
fashion,UMAP,4,n_neighbors,30.0,min_dist,0.1,0.5501235555555556,0.6563057777777778,0.8960877777777778,0.8387319999999999,0.8806928888888889,0.18232488421915838,0.28863267092750644,0.46486608458726314,0.568767489947418,0.5833423520492277
fashion,UMAP,4,n_neighbors,30.0,min_dist,0.5,0.810868,0.6084415555555556,0.8448648888888888,0.7925497777777778,0.8459848888888888,0.33464940821659905,0.20658772442820433,0.42467678571605494,0.5139038225756627,0.5311992512120431
fashion,UMAP,4,n_neighbors,40.0,min_dist,0.0,0.4649297777777778,0.6458653333333335,0.8757355555555554,0.842314,0.8965133333333333,0.14053508330695635,0.2799115065660216,0.56148982564364,0.5760478300584736,0.6019636556174632
fashion,UMAP,4,n_neighbors,40.0,min_dist,0.1,0.5586666666666666,0.6834766666666666,0.8946173333333334,0.8327511111111111,0.8752053333333334,0.20314783452936702,0.3359334810213837,0.4987977704441056,0.555411262187973,0.5741408869864593
fashion,UMAP,4,n_neighbors,40.0,min_dist,0.5,0.7992746666666666,0.639602,0.8390655555555555,0.7770026666666667,0.8344555555555555,0.3276528924973482,0.22745110617936934,0.3735112533661587,0.4800236449085439,0.5112641670410728
fashion,UMAP,4,n_neighbors,60.0,min_dist,0.0,0.488476,0.680185111111111,0.9058013333333332,0.8529697777777778,0.8783235555555554,0.1565063491912445,0.3077917350545466,0.426869114549907,0.5501927507967498,0.5796328521596722
fashion,UMAP,4,n_neighbors,60.0,min_dist,0.1,0.5579551111111112,0.6881708888888889,0.8946355555555556,0.8221631111111112,0.8645146666666667,0.19855397877695935,0.3122908009744482,0.40555405042574016,0.5327733341495137,0.5574909692560093
fashion,UMAP,4,n_neighbors,60.0,min_dist,0.5,0.7799626666666667,0.6434213333333334,0.8359511111111112,0.7618813333333334,0.8299142222222222,0.3166481132430964,0.22539476951509635,0.36896643655071093,0.4179217126639641,0.5146991615716828
fashion,UMAP,4,n_neighbors,80.0,min_dist,0.0,0.51378,0.6655386666666666,0.8770960000000001,0.8317728888888889,0.8811831111111113,0.15193984313383052,0.3001384284715836,0.473054956205365,0.5410946778412389,0.5797995724810906
fashion,UMAP,4,n_neighbors,80.0,min_dist,0.1,0.5903284444444444,0.673398,0.866419111111111,0.7967648888888889,0.8628408888888888,0.18640844400551182,0.28279082663608057,0.4072426880651166,0.5059248771362903,0.5582245417223586
fashion,UMAP,4,n_neighbors,80.0,min_dist,0.5,0.8053177777777777,0.6173024444444444,0.8250702222222223,0.7478506666666667,0.8212906666666665,0.3219305738103079,0.2097955816099307,0.29444942530300544,0.37036283316497054,0.49818297342897133
fashion,UMAP,4,n_neighbors,120.0,min_dist,0.0,0.5270786666666667,0.669723111111111,0.9069533333333334,0.8268306666666668,0.8660551111111112,0.16164733975862422,0.3022413914827477,0.4258810972356783,0.5215509404605492,0.5598888923814537
fashion,UMAP,4,n_neighbors,120.0,min_dist,0.1,0.6138751111111111,0.6754297777777778,0.8907266666666667,0.7817424444444445,0.8500542222222224,0.2012084472534751,0.2837290452759237,0.40602179447876136,0.47940047326347773,0.535831188649138
fashion,UMAP,4,n_neighbors,120.0,min_dist,0.5,0.8100884444444445,0.6212788888888888,0.829832888888889,0.7298831111111111,0.813919111111111,0.3377681593375088,0.20168116094034688,0.3220355761313583,0.32424116630125355,0.5001529052186433
fashion,DensMAP,0,dens_lambda,0.01,dens_frac,0.1,0.5788217777777778,0.5996931111111111,0.8680306666666667,0.7873673333333333,0.8904271111111111,0.1643224135606054,0.20079997754085827,0.47948049472189797,0.5455077384869509,0.5834628028743761
fashion,DensMAP,0,dens_lambda,0.01,dens_frac,0.3,0.575252,0.5959022222222222,0.8718235555555556,0.7884995555555555,0.8913911111111111,0.16029176081060892,0.20321117068718228,0.4561418261887412,0.5609545155515098,0.5789962819245135
fashion,DensMAP,0,dens_lambda,0.01,dens_frac,0.5,0.5761253333333334,0.5965002222222222,0.8673768888888889,0.7883817777777777,0.8908551111111112,0.1619265528795093,0.1985541425377333,0.49241613590881195,0.5521223937193651,0.5790009601701714
fashion,DensMAP,0,dens_lambda,0.05,dens_frac,0.1,0.8386506666666668,0.5702206666666667,0.8816522222222223,0.8028635555555556,0.895492,0.35380964274691823,0.16737697523179343,0.48429137373654274,0.5513674017385012,0.5897601222488821
fashion,DensMAP,0,dens_lambda,0.05,dens_frac,0.3,0.8374400000000001,0.5737042222222223,0.8907324444444444,0.8228444444444444,0.9027848888888889,0.3593409197461361,0.17309385962075247,0.5166853861797427,0.574848446484794,0.5710544237856311
fashion,DensMAP,0,dens_lambda,0.05,dens_frac,0.5,0.8341604444444445,0.57877,0.8990428888888888,0.8283693333333332,0.9035924444444444,0.34120793594324283,0.1741367599234458,0.5110628926720573,0.5788518899050903,0.5661664882310066
fashion,DensMAP,0,dens_lambda,0.1,dens_frac,0.1,0.8853248888888888,0.5796228888888888,0.8792564444444443,0.8127624444444446,0.8980697777777777,0.45475532515974915,0.1927984552284506,0.5039223323106066,0.5527061731456837,0.5896665978280711
fashion,DensMAP,0,dens_lambda,0.1,dens_frac,0.3,0.8819395555555555,0.5883715555555555,0.8912764444444445,0.8626044444444445,0.9160324444444444,0.47481638115667973,0.183800201201628,0.5496403185717345,0.617856369542665,0.5847910212207239
fashion,DensMAP,0,dens_lambda,0.1,dens_frac,0.5,0.8819440000000001,0.5897384444444445,0.8930137777777777,0.8656682222222222,0.9226697777777778,0.4577180691034748,0.18835959501553123,0.5224020265914168,0.608414234585682,0.6187086036302964
fashion,DensMAP,0,dens_lambda,0.2,dens_frac,0.1,0.9003791111111111,0.5901286666666667,0.8824662222222223,0.8277177777777778,0.9022737777777778,0.5127112573602415,0.18081369377552292,0.5025704756670452,0.5624152584848113,0.5693726846210048
fashion,DensMAP,0,dens_lambda,0.2,dens_frac,0.3,0.9053004444444444,0.5832293333333334,0.8875239999999998,0.8705484444444445,0.9253608888888889,0.5477513094932932,0.17494219932261323,0.5602637026638472,0.6183804727529687,0.6176760793730058
fashion,DensMAP,0,dens_lambda,0.2,dens_frac,0.5,0.9006462222222223,0.5731428888888889,0.8874837777777778,0.8628888888888889,0.9256546666666666,0.5047803304700329,0.16882926535350884,0.5089547048624047,0.6002207836019873,0.6294261366701873
fashion,DensMAP,0,dens_lambda,0.5,dens_frac,0.1,0.9060417777777777,0.5918566666666667,0.8920880000000001,0.8343253333333334,0.9048102222222221,0.49892291704227426,0.16724624075291133,0.4963631958816982,0.5693013104417431,0.5779848375506962
fashion,DensMAP,0,dens_lambda,0.5,dens_frac,0.3,0.9109951111111111,0.5817106666666667,0.8794164444444446,0.8564702222222224,0.9263848888888889,0.5229662819524704,0.16096910117830965,0.5431434218545591,0.6047981798932734,0.6454353994638603
fashion,DensMAP,0,dens_lambda,0.5,dens_frac,0.5,0.9087204444444446,0.5538515555555555,0.8860437777777778,0.8589431111111111,0.9308462222222222,0.5325872819934978,0.14634653054857327,0.5509318845238419,0.6044396196775879,0.667863672978457
fashion,DensMAP,0,dens_lambda,1.0,dens_frac,0.1,0.9089115555555556,0.587704,0.8819093333333332,0.8327591111111111,0.9008693333333332,0.4926268605878829,0.16210822259443225,0.48275541689642404,0.5482433712630586,0.5707275863000162
fashion,DensMAP,0,dens_lambda,1.0,dens_frac,0.3,0.913768,0.5613546666666667,0.8874386666666666,0.8522924444444445,0.9269146666666668,0.5396078125459345,0.1557234551674508,0.5416268954257577,0.5964969767660738,0.6600445353788503
fashion,DensMAP,0,dens_lambda,1.0,dens_frac,0.5,0.9088022222222221,0.5600082222222222,0.8849991111111112,0.8573511111111112,0.9349968888888889,0.5160348119198027,0.1442577849662643,0.5468730592175904,0.5869129418613563,0.6802818669320972
fashion,DensMAP,0,dens_lambda,2.0,dens_frac,0.1,0.9007497777777778,0.5825922222222222,0.8830348888888888,0.837099111111111,0.894876,0.47182542046269793,0.17288027811340337,0.4870344457168493,0.49710410322557846,0.5425290585723791
fashion,DensMAP,0,dens_lambda,2.0,dens_frac,0.3,0.9112573333333334,0.574388888888889,0.897598,0.8633213333333333,0.9157257777777779,0.5160686631486444,0.16401596584234557,0.5397284338586757,0.5546315565097055,0.6237645397651835
fashion,DensMAP,0,dens_lambda,2.0,dens_frac,0.5,0.9060097777777777,0.5975435555555556,0.902270888888889,0.859244888888889,0.9325222222222223,0.47036442823476105,0.1609224512281186,0.5163191444548516,0.5410530681526045,0.6912518365891206
fashion,DensMAP,0,dens_lambda,3.0,dens_frac,0.1,0.901772,0.6066877777777777,0.8940377777777778,0.8419853333333334,0.8821426666666665,0.4709486116524087,0.18033128342447144,0.4752351621171422,0.47108401950255163,0.5128620090177739
fashion,DensMAP,0,dens_lambda,3.0,dens_frac,0.3,0.9108026666666666,0.580454888888889,0.8975902222222222,0.8640715555555555,0.9109346666666666,0.48383748071274435,0.16686837764707213,0.494227683975213,0.524197424832483,0.6136571171545206
fashion,DensMAP,0,dens_lambda,3.0,dens_frac,0.5,0.9082337777777776,0.5780257777777777,0.8991395555555556,0.8650773333333333,0.9206124444444446,0.4862021886356732,0.15778853524229505,0.5189446276045606,0.5246354040163004,0.6684675138399766
fashion,DensMAP,0,dens_lambda,5.0,dens_frac,0.1,0.8954151111111112,0.6263868888888888,0.8814253333333333,0.835087111111111,0.8552333333333334,0.4396072261197358,0.19029159113130825,0.43248140935935975,0.4278274383251329,0.4772814969095696
fashion,DensMAP,0,dens_lambda,5.0,dens_frac,0.3,0.9067044444444445,0.6357944444444444,0.9025853333333334,0.8760075555555555,0.8896355555555555,0.4675042561233014,0.1937215194810774,0.48306039259095984,0.4921075718748064,0.5744954031248211
fashion,DensMAP,0,dens_lambda,5.0,dens_frac,0.5,0.9073191111111113,0.5961644444444445,0.899295111111111,0.8731075555555554,0.9008968888888889,0.46032880829435185,0.1680880193027735,0.4694785076931931,0.49164403638590476,0.6288924123173142
fashion,DensMAP,0,dens_lambda,10.0,dens_frac,0.1,0.8861013333333332,0.6722862222222221,0.8811433333333334,0.8425040000000001,0.823592,0.405708884906956,0.19445388313438178,0.40231988240092875,0.40092927353651564,0.433443974592273
fashion,DensMAP,0,dens_lambda,10.0,dens_frac,0.3,0.8981599999999998,0.6817,0.8936935555555556,0.869215111111111,0.8374293333333334,0.4208120033460829,0.21317383472095186,0.4254330338334819,0.4236022491611895,0.4393647372025502
fashion,DensMAP,0,dens_lambda,10.0,dens_frac,0.5,0.8985044444444444,0.6664433333333334,0.9038751111111112,0.8896542222222221,0.8319177777777778,0.4364582224429411,0.2127983903907642,0.4546300890827376,0.4590858900188945,0.5174265621937744
fashion,DensMAP,1,dens_lambda,0.01,dens_frac,0.1,0.6655435555555556,0.6515975555555555,0.8744855555555556,0.8417391111111112,0.9266040000000001,0.2089033888359513,0.2584120929746745,0.5904920072756812,0.568398981078502,0.5488352092875209
fashion,DensMAP,1,dens_lambda,0.01,dens_frac,0.3,0.6658986666666667,0.648576,0.8736684444444445,0.8410991111111112,0.9264466666666665,0.21199789644302255,0.2605941759578695,0.5917455700400412,0.5674415279094729,0.5518126260215707
fashion,DensMAP,1,dens_lambda,0.01,dens_frac,0.5,0.6753924444444444,0.6510722222222222,0.8863466666666666,0.84738,0.9294777777777777,0.21238440470405984,0.25863355348971007,0.6205099033892033,0.5952634260194246,0.5977181376948546
fashion,DensMAP,1,dens_lambda,0.05,dens_frac,0.1,0.8754235555555556,0.6062986666666667,0.8833557777777779,0.8432422222222222,0.9269080000000001,0.3844829462501866,0.18878643351517566,0.5978748361509292,0.5711657195897968,0.5677516388771882
fashion,DensMAP,1,dens_lambda,0.05,dens_frac,0.3,0.8782124444444446,0.6039522222222222,0.8924382222222222,0.8486395555555555,0.9291177777777778,0.3938779066169029,0.18846820287354069,0.6352639302306613,0.5954750865742444,0.5943343981554075
fashion,DensMAP,1,dens_lambda,0.05,dens_frac,0.5,0.875407111111111,0.6031895555555555,0.8888933333333333,0.8468391111111111,0.9294475555555554,0.39434386764875595,0.1905803220101979,0.6310884809322408,0.5942248943539201,0.5958279621892891
fashion,DensMAP,1,dens_lambda,0.1,dens_frac,0.1,0.8972400000000003,0.6015342222222222,0.8790373333333334,0.8446764444444445,0.927312,0.4616937239739206,0.17123393443954557,0.598545365582101,0.5803241558301162,0.585314444667714
fashion,DensMAP,1,dens_lambda,0.1,dens_frac,0.3,0.8997959999999999,0.6067811111111112,0.8888346666666666,0.8445595555555555,0.9287813333333333,0.47618662966109376,0.17985638593846054,0.618054499900598,0.5863036930248446,0.5952631998776284
fashion,DensMAP,1,dens_lambda,0.1,dens_frac,0.5,0.8995880000000002,0.6047457777777778,0.8838488888888889,0.8424795555555555,0.9282524444444444,0.4728098424994195,0.17253173139423583,0.6006764413455081,0.578642060451717,0.587809422087751
fashion,DensMAP,1,dens_lambda,0.2,dens_frac,0.1,0.9055657777777778,0.6007399999999999,0.8858484444444444,0.8470431111111111,0.9269440000000001,0.4796335117848129,0.18361222580412903,0.592687399020365,0.5802682440164826,0.5732531811890906
fashion,DensMAP,1,dens_lambda,0.2,dens_frac,0.3,0.908228888888889,0.611912888888889,0.8721871111111112,0.8353648888888889,0.9235804444444445,0.505240152798224,0.16773412235227975,0.5718212449686595,0.5541823693247195,0.574597871109565
fashion,DensMAP,1,dens_lambda,0.2,dens_frac,0.5,0.911695111111111,0.624842,0.8711062222222222,0.8154640000000001,0.9233066666666666,0.4924467290100192,0.1742835509912536,0.5350642793257473,0.5286112751943659,0.5747803537064325
fashion,DensMAP,1,dens_lambda,0.5,dens_frac,0.1,0.9068400000000001,0.5719382222222222,0.8809364444444445,0.8420337777777778,0.9253813333333332,0.4582756542371541,0.14221943223832195,0.5351425274255248,0.5501544828070486,0.5709617837289032
fashion,DensMAP,1,dens_lambda,0.5,dens_frac,0.3,0.9130248888888889,0.621572,0.8632417777777778,0.8070435555555556,0.9182906666666667,0.49832257780525385,0.16623477578697265,0.5246367857619002,0.5137047717971358,0.5694587729367172
fashion,DensMAP,1,dens_lambda,0.5,dens_frac,0.5,0.9118893333333332,0.6052946666666668,0.8856619999999998,0.8147137777777778,0.9242413333333332,0.4993776656396169,0.15546245871489678,0.5689085338873275,0.533723202283266,0.5804180167867564
fashion,DensMAP,1,dens_lambda,1.0,dens_frac,0.1,0.9053497777777777,0.6014622222222222,0.8840933333333333,0.8459066666666667,0.9246631111111112,0.4384554363422356,0.14807065115410445,0.5032677972880142,0.5293588777539772,0.5689636533227189
fashion,DensMAP,1,dens_lambda,1.0,dens_frac,0.3,0.9072720000000001,0.6260515555555556,0.8640497777777778,0.8060466666666666,0.924643111111111,0.4586573924233606,0.15794660111814054,0.49329511355283384,0.5116275895415996,0.5851102009290549
fashion,DensMAP,1,dens_lambda,1.0,dens_frac,0.5,0.9074102222222221,0.5895293333333332,0.8815626666666667,0.8121684444444444,0.9274911111111112,0.47102359392878196,0.14754638786257887,0.5158963477430983,0.5183193630550887,0.5999667449258389
fashion,DensMAP,1,dens_lambda,2.0,dens_frac,0.1,0.8978884444444445,0.61182,0.880328,0.844231111111111,0.9185417777777778,0.4198203141934921,0.1588797598227203,0.4452562341830558,0.48703383340127465,0.5496017601581654
fashion,DensMAP,1,dens_lambda,2.0,dens_frac,0.3,0.9050866666666668,0.593286,0.887347111111111,0.8281524444444445,0.9195684444444445,0.4363122403967403,0.14520798961847797,0.4723221284598091,0.49493758247182673,0.581045324867211
fashion,DensMAP,1,dens_lambda,2.0,dens_frac,0.5,0.9048622222222223,0.5737804444444445,0.892094,0.8247573333333333,0.9245426666666666,0.4565899985619012,0.14417147547796283,0.5047014101343399,0.5070084823017895,0.6008419622156589
fashion,DensMAP,1,dens_lambda,3.0,dens_frac,0.1,0.8932275555555557,0.6382435555555556,0.8792457777777778,0.8426764444444445,0.9097271111111112,0.40865697424138203,0.18085209885330203,0.42101311227919624,0.45405839006908505,0.5373992861522112
fashion,DensMAP,1,dens_lambda,3.0,dens_frac,0.3,0.8998955555555556,0.6321873333333333,0.8860413333333335,0.8307924444444444,0.9144022222222221,0.4266290465297857,0.1702641174516467,0.4492641026877648,0.4573184722323664,0.5442042428946868
fashion,DensMAP,1,dens_lambda,3.0,dens_frac,0.5,0.9017493333333333,0.5915031111111111,0.8938151111111112,0.8352506666666667,0.9111951111111111,0.4331479574107504,0.14197776832000603,0.4579114680542835,0.4674286250957604,0.5616820844572048
fashion,DensMAP,1,dens_lambda,5.0,dens_frac,0.1,0.8849035555555557,0.6205808888888888,0.8825146666666667,0.8552048888888888,0.8884408888888887,0.39516544490820005,0.18173089448716098,0.41155834498104127,0.4317298960496118,0.5122439743816227
fashion,DensMAP,1,dens_lambda,5.0,dens_frac,0.3,0.8940613333333333,0.6250928888888889,0.8889497777777777,0.8428222222222221,0.8845137777777778,0.4135880020354347,0.19070292704815522,0.4326689787934306,0.43576781374133217,0.5140812148027439
fashion,DensMAP,1,dens_lambda,5.0,dens_frac,0.5,0.8940897777777779,0.6035655555555556,0.8955797777777778,0.843544888888889,0.8990853333333334,0.4319108805354036,0.16987782612110253,0.46044738045829753,0.45587585104660383,0.5369885521042366
fashion,DensMAP,1,dens_lambda,10.0,dens_frac,0.1,0.8789426666666666,0.6508813333333333,0.8762871111111111,0.8516813333333333,0.8547684444444443,0.3832110954277282,0.18752131096827596,0.389067201492327,0.3938405749978769,0.46592715150348507
fashion,DensMAP,1,dens_lambda,10.0,dens_frac,0.3,0.8881075555555556,0.6469466666666668,0.8909331111111112,0.8640942222222221,0.8502106666666668,0.4012680282599768,0.20178545205420514,0.41554524751081096,0.41823836776800477,0.45504092266364604
fashion,DensMAP,1,dens_lambda,10.0,dens_frac,0.5,0.8919675555555555,0.6157244444444445,0.8914573333333334,0.8605875555555554,0.8591782222222222,0.4093630940351111,0.17954161668506163,0.4223053014563499,0.42614419652015395,0.488346401759977
fashion,DensMAP,2,dens_lambda,0.01,dens_frac,0.1,0.6285582222222221,0.6012097777777778,0.8884831111111111,0.8106459999999999,0.883584888888889,0.1732898419677859,0.2115946051861406,0.5692584833101639,0.5395081411194473,0.5128311220329121
fashion,DensMAP,2,dens_lambda,0.01,dens_frac,0.3,0.625612888888889,0.5992155555555556,0.8907311111111111,0.8116453333333333,0.8832573333333332,0.17244030478714595,0.21123291408667935,0.5733004020325373,0.5379506476541299,0.5115430001233806
fashion,DensMAP,2,dens_lambda,0.01,dens_frac,0.5,0.6251426666666667,0.6002137777777777,0.8870137777777778,0.8104097777777779,0.8843711111111111,0.17224877258716306,0.21321238901415132,0.5787410253225056,0.5420309718545515,0.5154851878994745
fashion,DensMAP,2,dens_lambda,0.05,dens_frac,0.1,0.8661631111111111,0.5965097777777778,0.9010653333333333,0.82672,0.8870333333333333,0.3897822058640171,0.18641702870890303,0.6069072489036303,0.5487760475925272,0.5088184655137523
fashion,DensMAP,2,dens_lambda,0.05,dens_frac,0.3,0.8641568888888889,0.5901622222222223,0.8896835555555554,0.8215600000000001,0.892571111111111,0.3847302619330464,0.18539588910059634,0.564375666908103,0.5562646472821469,0.5057652051520132
fashion,DensMAP,2,dens_lambda,0.05,dens_frac,0.5,0.8632088888888889,0.5889644444444445,0.8882524444444444,0.81846,0.892391111111111,0.38311171874825023,0.184971125236087,0.552369211946211,0.5567517203300141,0.5100143903135416
fashion,DensMAP,2,dens_lambda,0.1,dens_frac,0.1,0.8930906666666664,0.6037495555555555,0.8997235555555555,0.8345675555555555,0.8866777777777779,0.47893805744370943,0.179963581983426,0.5889513756611232,0.5549722018298558,0.5091401920384273
fashion,DensMAP,2,dens_lambda,0.1,dens_frac,0.3,0.8932751111111111,0.5941273333333333,0.8972955555555556,0.8361360000000001,0.8996248888888889,0.45791952571911,0.17323560414097178,0.5674767619654564,0.5781732650304652,0.5092826918747686
fashion,DensMAP,2,dens_lambda,0.1,dens_frac,0.5,0.8890804444444443,0.5742886666666667,0.9013031111111112,0.8427031111111112,0.9126008888888889,0.45810686225338754,0.16649437305153048,0.5514671918651415,0.5866804423561837,0.5609765434653761
fashion,DensMAP,2,dens_lambda,0.2,dens_frac,0.1,0.9038635555555554,0.5948113333333332,0.9015311111111112,0.8413704444444445,0.8887368888888888,0.5145733100723389,0.17230748863200696,0.5715583830181792,0.566145594486635,0.5117027634460236
fashion,DensMAP,2,dens_lambda,0.2,dens_frac,0.3,0.9001253333333333,0.6097135555555556,0.8980777777777778,0.8448793333333333,0.9107662222222223,0.47562953818431963,0.17317168516295575,0.5619467792208815,0.5969058203411621,0.5564232301660093
fashion,DensMAP,2,dens_lambda,0.2,dens_frac,0.5,0.9030702222222223,0.5882193333333333,0.8935155555555556,0.8477146666666666,0.9214346666666666,0.48505397098683234,0.17264503157030753,0.5331299874824011,0.5906454416663602,0.5968014015105755
fashion,DensMAP,2,dens_lambda,0.5,dens_frac,0.1,0.9121875555555555,0.5781684444444444,0.8907753333333334,0.8432839999999999,0.8932426666666667,0.49225975528081595,0.15347361840966442,0.5025343482537166,0.574596119303816,0.5266334676684036
fashion,DensMAP,2,dens_lambda,0.5,dens_frac,0.3,0.9085724444444446,0.5962606666666667,0.8971013333333334,0.8524804444444445,0.9219573333333335,0.5016928329060135,0.15772946297709683,0.5584389833584709,0.6111371111213635,0.6038240841339473
fashion,DensMAP,2,dens_lambda,0.5,dens_frac,0.5,0.9081764444444445,0.6021275555555556,0.8913622222222222,0.8466102222222223,0.9295924444444443,0.47144030775525203,0.16525806700291545,0.5072423845864423,0.5713614111645764,0.6604729941700066
fashion,DensMAP,2,dens_lambda,1.0,dens_frac,0.1,0.9049377777777777,0.5912671111111111,0.8941186666666666,0.8522817777777777,0.8929755555555554,0.4429272243047651,0.15709523947059317,0.4771655086459031,0.5483241791545999,0.5305497108677154
fashion,DensMAP,2,dens_lambda,1.0,dens_frac,0.3,0.9080093333333333,0.5637904444444445,0.8963008888888888,0.8536231111111112,0.9248,0.475997029091172,0.15099159866989398,0.5374697820252523,0.5968045441920766,0.6512027408616298
fashion,DensMAP,2,dens_lambda,1.0,dens_frac,0.5,0.9065035555555555,0.5820664444444444,0.8943024444444445,0.8511697777777778,0.9331226666666667,0.45655913167125434,0.15287014780013147,0.51215110770461,0.5749050006838726,0.6893312750959518
fashion,DensMAP,2,dens_lambda,2.0,dens_frac,0.1,0.9035337777777778,0.5761462222222222,0.9037888888888886,0.8621719999999999,0.8898253333333334,0.43963694266814607,0.16823287191440595,0.48197623967770004,0.5104943620540596,0.5077387435427936
fashion,DensMAP,2,dens_lambda,2.0,dens_frac,0.3,0.9046604444444444,0.6112277777777777,0.8985328888888889,0.8652022222222222,0.9169222222222222,0.47416720819917973,0.17371946875573394,0.5026037894440756,0.5747771219572242,0.6365011117432984
fashion,DensMAP,2,dens_lambda,2.0,dens_frac,0.5,0.903131111111111,0.5818151111111111,0.8954022222222222,0.8546122222222222,0.9257466666666666,0.4510644556976597,0.15537393880169068,0.5139024394320261,0.5363589343445457,0.6435394239877745
fashion,DensMAP,2,dens_lambda,3.0,dens_frac,0.1,0.895828888888889,0.5994422222222222,0.9003262222222221,0.8650297777777777,0.8799026666666665,0.43050475331716265,0.17626892879696954,0.4615123322266864,0.49435634845102694,0.5199252707108724
fashion,DensMAP,2,dens_lambda,3.0,dens_frac,0.3,0.9011844444444445,0.5918351111111111,0.9054133333333334,0.8720311111111112,0.8993124444444445,0.45770118783498887,0.17585517450327864,0.4900922556405493,0.5388090038183282,0.5951031185774583
fashion,DensMAP,2,dens_lambda,3.0,dens_frac,0.5,0.8986680000000001,0.5969211111111111,0.8977224444444445,0.8688497777777777,0.9080537777777777,0.4438869443752249,0.16867635726904862,0.4867719579490451,0.5221997315374467,0.6187701501331794
fashion,DensMAP,2,dens_lambda,5.0,dens_frac,0.1,0.8944933333333334,0.6512019999999998,0.8950226666666667,0.8515766666666668,0.8541599999999999,0.4192488496996527,0.19366585559436855,0.4269698138843686,0.43153753130128647,0.46413648068011387
fashion,DensMAP,2,dens_lambda,5.0,dens_frac,0.3,0.8986755555555557,0.6225364444444443,0.8997724444444445,0.8670413333333334,0.8721622222222222,0.44221625199774145,0.19840960454800882,0.4523999287331121,0.47491111971053696,0.5501211512527437
fashion,DensMAP,2,dens_lambda,5.0,dens_frac,0.5,0.9007626666666666,0.6329655555555556,0.8969991111111111,0.8679226666666665,0.8903182222222221,0.43889525631503057,0.18734993889838805,0.46900388872075,0.4909885071919457,0.5781098018135524
fashion,DensMAP,2,dens_lambda,10.0,dens_frac,0.1,0.8898088888888889,0.6954377777777778,0.8853102222222222,0.8533195555555555,0.8113239999999999,0.39862267904774584,0.2003156003089444,0.3986206261798081,0.3971272689658523,0.41474407363396154
fashion,DensMAP,2,dens_lambda,10.0,dens_frac,0.3,0.8882333333333332,0.6903306666666668,0.8926451111111111,0.8611595555555555,0.8249511111111112,0.3989409804404823,0.22259157706004268,0.4136974516556701,0.411742452626572,0.47186312752055554
fashion,DensMAP,2,dens_lambda,10.0,dens_frac,0.5,0.8946315555555555,0.6609713333333334,0.9021093333333332,0.880708,0.8415595555555556,0.4156497447500463,0.2183625470829428,0.43456421492562664,0.4401029848528742,0.4888050263006744
fashion,DensMAP,3,dens_lambda,0.01,dens_frac,0.1,0.6232084444444445,0.6068522222222221,0.8816166666666665,0.8056577777777778,0.8879915555555555,0.1774057815612446,0.21038344262878556,0.5792804243463758,0.5510133306783233,0.5378573884690229
fashion,DensMAP,3,dens_lambda,0.01,dens_frac,0.3,0.6230120000000001,0.6076082222222221,0.8822377777777778,0.8055799999999999,0.8889053333333333,0.17754875958314464,0.20770972903461873,0.5799439789449139,0.5529798783308234,0.5345148059983
fashion,DensMAP,3,dens_lambda,0.01,dens_frac,0.5,0.6238391111111111,0.6092548888888889,0.8813186666666666,0.8068826666666667,0.8867079999999999,0.17717912567288518,0.20795257149903684,0.5797877885643309,0.5465439133247179,0.5349659197872619
fashion,DensMAP,3,dens_lambda,0.05,dens_frac,0.1,0.8624502222222221,0.5781382222222222,0.8895924444444444,0.8134237777777777,0.8901608888888889,0.38266018292856946,0.17199477310616954,0.5824363780872345,0.5562980011380957,0.5412082482236074
fashion,DensMAP,3,dens_lambda,0.05,dens_frac,0.3,0.8604853333333333,0.5892993333333333,0.8878753333333332,0.8200480000000001,0.8959408888888889,0.3816324850024764,0.17726483750871444,0.5788819076963717,0.5661712540605414,0.530572221941056
fashion,DensMAP,3,dens_lambda,0.05,dens_frac,0.5,0.8655942222222223,0.5920313333333334,0.8913795555555554,0.8249653333333333,0.8968995555555557,0.38709887463656173,0.18576720024453391,0.5535190623098177,0.5745904058765131,0.5357837675888113
fashion,DensMAP,3,dens_lambda,0.1,dens_frac,0.1,0.8942906666666667,0.5816968888888889,0.8837782222222222,0.8218586666666666,0.891403111111111,0.4628869745674441,0.16767005475546698,0.5483536425147199,0.5546221002356365,0.5340196481662326
fashion,DensMAP,3,dens_lambda,0.1,dens_frac,0.3,0.8967706666666667,0.5902702222222223,0.8818360000000001,0.8454742222222222,0.9056359999999999,0.4912994580115531,0.181293138149203,0.5534533801743904,0.589489188660368,0.5215636568761143
fashion,DensMAP,3,dens_lambda,0.1,dens_frac,0.5,0.8906693333333333,0.5874593333333333,0.886768,0.837852,0.911959111111111,0.45980897477823873,0.17852466694731656,0.5198707736524407,0.582454309567517,0.5577325208121442
fashion,DensMAP,3,dens_lambda,0.2,dens_frac,0.1,0.9069777777777778,0.5768611111111112,0.8782399999999999,0.8289528888888889,0.8917555555555554,0.4962974135051146,0.17846665423002797,0.5455117361287997,0.5553592779151937,0.5335480320577891
fashion,DensMAP,3,dens_lambda,0.2,dens_frac,0.3,0.9086119999999999,0.6002024444444445,0.8757877777777778,0.8441315555555556,0.9184217777777778,0.4859658293361946,0.17813729088107777,0.5562815613565537,0.6053262109509895,0.5774203397892419
fashion,DensMAP,3,dens_lambda,0.2,dens_frac,0.5,0.9030124444444445,0.5944593333333335,0.8836644444444445,0.8444222222222222,0.9210640000000001,0.4850636807928012,0.1720226718390355,0.5439007068960539,0.590974283266332,0.6063619377011705
fashion,DensMAP,3,dens_lambda,0.5,dens_frac,0.1,0.9104275555555554,0.5829722222222222,0.8801848888888889,0.8368066666666667,0.893648,0.4799571139046334,0.16250992139240683,0.5244972549159165,0.5719458483310748,0.5332042068163075
fashion,DensMAP,3,dens_lambda,0.5,dens_frac,0.3,0.9106200000000001,0.581368,0.8834191111111112,0.8470915555555556,0.9241546666666666,0.48281118585652427,0.15857811219834722,0.555414593359231,0.6050977242771824,0.6271196572480939
fashion,DensMAP,3,dens_lambda,0.5,dens_frac,0.5,0.9092177777777777,0.5888048888888888,0.8765577777777778,0.8400497777777777,0.92678,0.48430831944082064,0.15941148488818008,0.5141119306579135,0.5861153002382159,0.6565716689307263
fashion,DensMAP,3,dens_lambda,1.0,dens_frac,0.1,0.9093346666666665,0.5884804444444445,0.8874831111111111,0.8448742222222222,0.8924404444444445,0.458670034407671,0.14907288302432065,0.5111450573496651,0.5463853488372926,0.5288593286572915
fashion,DensMAP,3,dens_lambda,1.0,dens_frac,0.3,0.9058639999999999,0.5734406666666667,0.8890437777777778,0.8536333333333331,0.9280306666666666,0.4588928458240143,0.17198886771609845,0.5352168735110059,0.5920634870876129,0.6630569246418575
fashion,DensMAP,3,dens_lambda,1.0,dens_frac,0.5,0.905996888888889,0.5734502222222222,0.8894495555555555,0.8499680000000001,0.9337764444444445,0.4618299430457671,0.1525407170918811,0.5173016439982256,0.5902758854051535,0.6998772980528953
fashion,DensMAP,3,dens_lambda,2.0,dens_frac,0.1,0.9006368888888889,0.5799893333333334,0.8873840000000001,0.851065111111111,0.8926617777777778,0.43918218223257877,0.1566389398554754,0.4589434090964647,0.5100078308812395,0.5272951162245442
fashion,DensMAP,3,dens_lambda,2.0,dens_frac,0.3,0.903516,0.5964697777777778,0.8899275555555556,0.8566582222222223,0.9204431111111111,0.463927301440161,0.17247900203094657,0.5148053003722562,0.5509934762595179,0.6407018923227128
fashion,DensMAP,3,dens_lambda,2.0,dens_frac,0.5,0.9039013333333334,0.5880817777777778,0.883748,0.8513786666666666,0.9277933333333334,0.46529785793041106,0.15508743447842074,0.48168683555608266,0.5319600612572993,0.6886498445957614
fashion,DensMAP,3,dens_lambda,3.0,dens_frac,0.1,0.9003471111111111,0.5973724444444445,0.8827364444444444,0.8434528888888888,0.8780306666666666,0.439033455710881,0.17117315209867007,0.44057993509815774,0.46368648436695914,0.5041718300694162
fashion,DensMAP,3,dens_lambda,3.0,dens_frac,0.3,0.9024782222222223,0.5749257777777778,0.8882835555555555,0.8634911111111112,0.9031666666666667,0.44749804673420157,0.16308369075452653,0.4644283230391619,0.5002959726198039,0.573304825557742
fashion,DensMAP,3,dens_lambda,3.0,dens_frac,0.5,0.9038115555555556,0.5958842222222223,0.8967604444444444,0.8613493333333332,0.9176297777777779,0.45656063593506585,0.1550223810313526,0.5137173886194095,0.5305290866117828,0.6777676307839382
fashion,DensMAP,3,dens_lambda,5.0,dens_frac,0.1,0.8944902222222222,0.619664,0.8891213333333333,0.8510524444444445,0.8564075555555555,0.4146775608783663,0.1743207518096954,0.420028232753442,0.42399461804868244,0.47967159186881697
fashion,DensMAP,3,dens_lambda,5.0,dens_frac,0.3,0.896128,0.61,0.8974977777777778,0.872812888888889,0.8867728888888888,0.43380902833924695,0.18899153840637012,0.4641868018069537,0.4784742305895422,0.5705213004455718
fashion,DensMAP,3,dens_lambda,5.0,dens_frac,0.5,0.9057653333333333,0.603124,0.9040231111111111,0.8715919999999999,0.904638222222222,0.4605563680327279,0.1709471842875371,0.47821945321096254,0.4963816991047927,0.6324710831062408
fashion,DensMAP,3,dens_lambda,10.0,dens_frac,0.1,0.8854035555555556,0.680312888888889,0.888660888888889,0.8496928888888889,0.8123253333333332,0.3942434788948021,0.20044189655515696,0.4039941255901889,0.39302818462154365,0.4453275216494624
fashion,DensMAP,3,dens_lambda,10.0,dens_frac,0.3,0.8916484444444444,0.6983999999999999,0.8930220000000001,0.8709675555555554,0.8488306666666667,0.4109904047442334,0.2403519665468225,0.4196162539566374,0.43224694188311386,0.5243189404714852
fashion,DensMAP,3,dens_lambda,10.0,dens_frac,0.5,0.8943982222222221,0.6746637777777778,0.8982922222222223,0.8746919999999999,0.849716888888889,0.42647425804014444,0.21166795494638355,0.4418144131666466,0.44562195902017704,0.5081782615722494
fashion,DensMAP,4,dens_lambda,0.01,dens_frac,0.1,0.6510017777777777,0.6288291111111112,0.8733248888888889,0.8499048888888888,0.9101808888888889,0.2168774419501811,0.2314594960713964,0.5264850951598781,0.548383189866169,0.4707325742530655
fashion,DensMAP,4,dens_lambda,0.01,dens_frac,0.3,0.6484382222222221,0.630873111111111,0.8634417777777778,0.8488613333333334,0.9100377777777777,0.21365358723330913,0.2312062679272587,0.497577062488919,0.529125170226158,0.4693000536749173
fashion,DensMAP,4,dens_lambda,0.01,dens_frac,0.5,0.6568537777777779,0.629457111111111,0.861824,0.8521804444444444,0.9114777777777778,0.2246041839662355,0.2448501693719437,0.5311239734076821,0.5592141931776625,0.46928179539399134
fashion,DensMAP,4,dens_lambda,0.05,dens_frac,0.1,0.869655111111111,0.5934502222222222,0.8817004444444444,0.8518004444444444,0.9092475555555556,0.39226010522486265,0.1874640668661079,0.5621364856702521,0.5430707128893558,0.5374789584089174
fashion,DensMAP,4,dens_lambda,0.05,dens_frac,0.3,0.8734035555555555,0.5901731111111111,0.8862635555555555,0.854767111111111,0.9105435555555557,0.40115530174690905,0.19513482666184928,0.5477906643775009,0.5590338180158974,0.5413696091460725
fashion,DensMAP,4,dens_lambda,0.05,dens_frac,0.5,0.8773751111111111,0.6140384444444444,0.8997671111111112,0.8637268888888888,0.9172795555555555,0.41747585798751685,0.2204671553231763,0.5998668149440279,0.6274131296275153,0.600776688148959
fashion,DensMAP,4,dens_lambda,0.1,dens_frac,0.1,0.8985960000000002,0.56816,0.8792971111111111,0.8526857777777778,0.90776,0.4707445268209955,0.16281556285258797,0.564272827175471,0.5421925609776808,0.5486154744501073
fashion,DensMAP,4,dens_lambda,0.1,dens_frac,0.3,0.8997853333333334,0.5773055555555555,0.888784888888889,0.8568966666666666,0.91022,0.49250801489906715,0.17019466093752778,0.583218697070434,0.5689506085028156,0.5646806931987285
fashion,DensMAP,4,dens_lambda,0.1,dens_frac,0.5,0.9007573333333334,0.6176497777777779,0.9028408888888888,0.8597662222222223,0.9181426666666666,0.5001763561332506,0.19564463454382575,0.6158875116403755,0.6198655387685766,0.6010236982790372
fashion,DensMAP,4,dens_lambda,0.2,dens_frac,0.1,0.9074395555555556,0.5508313333333333,0.8824826666666666,0.8462200000000001,0.905717777777778,0.47595229088964675,0.15129437785116723,0.5275278228186203,0.537485542098992,0.559573098247563
fashion,DensMAP,4,dens_lambda,0.2,dens_frac,0.3,0.9084328888888888,0.5720913333333333,0.8893935555555554,0.8539551111111111,0.9080915555555557,0.5130253839369626,0.16499506639536243,0.5632359569124221,0.5627515484949982,0.5772358811874765
fashion,DensMAP,4,dens_lambda,0.2,dens_frac,0.5,0.9103426666666667,0.6056573333333334,0.9005155555555556,0.8544426666666667,0.914839111111111,0.5161233087138217,0.1827393728435338,0.5725791375769114,0.5845453531745761,0.5771555678374848
fashion,DensMAP,4,dens_lambda,0.5,dens_frac,0.1,0.9057293333333333,0.6005786666666666,0.8799926666666666,0.8499484444444445,0.908715111111111,0.4508601970107083,0.16047950021872978,0.49326818980127607,0.5430390525463735,0.5612267005479998
fashion,DensMAP,4,dens_lambda,0.5,dens_frac,0.3,0.9122333333333335,0.6090031111111112,0.899075111111111,0.853720888888889,0.9138831111111112,0.5039149249698419,0.1680150865115307,0.5801647887758361,0.5808695546754126,0.5814015773832475
fashion,DensMAP,4,dens_lambda,0.5,dens_frac,0.5,0.9025920000000001,0.5831831111111111,0.8878142222222223,0.8550293333333334,0.9437417777777777,0.4988039883685929,0.15467554076906914,0.5348677656746906,0.5917968845125912,0.6390549382464261
fashion,DensMAP,4,dens_lambda,1.0,dens_frac,0.1,0.899507111111111,0.6057462222222222,0.8838275555555556,0.8501593333333333,0.9065057777777777,0.4100562425045436,0.15967384425758757,0.4488335668989323,0.5059197910735439,0.531301747255171
fashion,DensMAP,4,dens_lambda,1.0,dens_frac,0.3,0.9092217777777777,0.5737691111111111,0.8988077777777777,0.8550084444444445,0.9167008888888888,0.4931542521286215,0.15561101488450074,0.5421423603932567,0.5907862518242489,0.6087594433296954
fashion,DensMAP,4,dens_lambda,1.0,dens_frac,0.5,0.9072568888888889,0.5818444444444445,0.8962933333333335,0.8465622222222222,0.9316875555555556,0.4895792675151379,0.1528533656648637,0.5314419333661726,0.5667765769794351,0.6246660505800868
fashion,DensMAP,4,dens_lambda,2.0,dens_frac,0.1,0.8933080000000001,0.6076802222222222,0.8861775555555556,0.8539528888888889,0.9058955555555557,0.4000577640758306,0.15931688762229876,0.4362185796357495,0.48504115816829235,0.5250661519857601
fashion,DensMAP,4,dens_lambda,2.0,dens_frac,0.3,0.9045364444444445,0.5851637777777777,0.8999893333333332,0.8648082222222222,0.9101404444444445,0.453645367573064,0.1571728809750336,0.4996841821335243,0.5424616442111269,0.5851844930824781
fashion,DensMAP,4,dens_lambda,2.0,dens_frac,0.5,0.9041733333333333,0.6104528888888889,0.9017377777777777,0.8541804444444443,0.9254355555555557,0.4603825095572085,0.15902457267077771,0.48757338720257865,0.5497324742139005,0.6143546231357278
fashion,DensMAP,4,dens_lambda,3.0,dens_frac,0.1,0.8953764444444445,0.6045577777777777,0.8878155555555555,0.8591328888888888,0.8984813333333334,0.4166695694113561,0.16257792734254048,0.434468780533309,0.4632091988844805,0.5038684577648778
fashion,DensMAP,4,dens_lambda,3.0,dens_frac,0.3,0.9024813333333332,0.5829495555555556,0.905979111111111,0.8677151111111111,0.9139364444444444,0.442908466524389,0.16264677867263458,0.4841838645612825,0.515151769267873,0.5674009894879752
fashion,DensMAP,4,dens_lambda,3.0,dens_frac,0.5,0.9031626666666667,0.5991811111111112,0.9000971111111111,0.8533595555555556,0.9109573333333333,0.4560524924976251,0.17289982764305437,0.4779624091099419,0.5156854013859081,0.5797691563863743
fashion,DensMAP,4,dens_lambda,5.0,dens_frac,0.1,0.891828,0.6267215555555556,0.8835431111111111,0.8378333333333333,0.8749924444444444,0.4075551923824694,0.17678826179896365,0.41025103215975217,0.41373606412496455,0.46811724559935297
fashion,DensMAP,4,dens_lambda,5.0,dens_frac,0.3,0.8980315555555557,0.6034366666666667,0.9031831111111112,0.8669333333333334,0.880260888888889,0.43102418355089034,0.1727939050072837,0.4616043559646724,0.47200675064745595,0.5041323413612415
fashion,DensMAP,4,dens_lambda,5.0,dens_frac,0.5,0.8947608888888889,0.6061271111111112,0.89916,0.8541542222222223,0.8944075555555554,0.4205153555350251,0.16704454319076037,0.437927101358034,0.4658399020097513,0.5586381868249614
fashion,DensMAP,4,dens_lambda,10.0,dens_frac,0.1,0.8823408888888888,0.6747626666666667,0.8800977777777779,0.8467306666666666,0.8378511111111111,0.38954669746750564,0.203617137232611,0.3896819027890734,0.38754651869199885,0.42098441567691935
fashion,DensMAP,4,dens_lambda,10.0,dens_frac,0.3,0.8892413333333334,0.6575071111111112,0.8943486666666666,0.858285111111111,0.8146546666666665,0.4031684622265783,0.20442341693324947,0.4140168361994901,0.40958659748033965,0.4240417641119752
fashion,DensMAP,4,dens_lambda,10.0,dens_frac,0.5,0.8944164444444445,0.6566026666666667,0.9001306666666667,0.8678177777777778,0.8662133333333333,0.41143944735032584,0.20227015713543517,0.42598551661093015,0.43499288933041647,0.4791293435800075
fashion,PaCMAP,0,n_neighbors,5.0,FP_ratio,1.0,0.5891986666666666,0.533366888888889,0.8807166666666666,0.8633226666666668,0.9130284444444444,0.15832468330793675,0.15553229954984946,0.6035023954680567,0.537210734949867,0.636820616375704
fashion,PaCMAP,0,n_neighbors,5.0,FP_ratio,2.0,0.5925328888888889,0.5508737777777778,0.8518982222222222,0.8781826666666667,0.916395111111111,0.1616647204706516,0.14216127363539333,0.5472830329654318,0.505945941114791,0.6458780639694325
fashion,PaCMAP,0,n_neighbors,5.0,FP_ratio,5.0,0.6088968888888888,0.4992526666666667,0.8199584444444445,0.8605626666666666,0.8953493333333333,0.17597433859530887,0.10049589391168973,0.4069923982108803,0.3518432560293482,0.5558518692378561
fashion,PaCMAP,0,n_neighbors,8.0,FP_ratio,1.0,0.5236435555555555,0.5479757777777777,0.8447739999999999,0.8373733333333334,0.9042484444444444,0.1471423623615411,0.1454989033157022,0.5418863769631972,0.4842686066026215,0.6197096827105988
fashion,PaCMAP,0,n_neighbors,8.0,FP_ratio,2.0,0.5509177777777778,0.5831462222222222,0.8654817777777778,0.8617537777777777,0.9369520000000001,0.13969252056021983,0.16299456138048035,0.5898549425138018,0.47739269384902794,0.6804976817134379
fashion,PaCMAP,0,n_neighbors,8.0,FP_ratio,5.0,0.5755595555555556,0.550756,0.8306208888888889,0.8487146666666666,0.9103035555555554,0.1440294174176114,0.14081130073383308,0.4079796266124347,0.33891062420738916,0.5818980743040946
fashion,PaCMAP,0,n_neighbors,10.0,FP_ratio,1.0,0.5644035555555555,0.5639024444444445,0.8913875555555556,0.8484275555555556,0.9079675555555555,0.14458598315194648,0.15155628183313263,0.6013052754954742,0.46527070824163413,0.631416646448598
fashion,PaCMAP,0,n_neighbors,10.0,FP_ratio,2.0,0.5232137777777778,0.5677471111111111,0.8611208888888889,0.8608542222222224,0.9372119999999999,0.11733941956643101,0.16663735244788885,0.5688972328018117,0.46880318405885835,0.6750616969008791
fashion,PaCMAP,0,n_neighbors,10.0,FP_ratio,5.0,0.5357048888888889,0.5450846666666667,0.8378855555555556,0.8592137777777779,0.929451111111111,0.11778101803445942,0.13595857161419075,0.38276248348430003,0.3156766650655418,0.6261614102498971
fashion,PaCMAP,0,n_neighbors,15.0,FP_ratio,1.0,0.551351111111111,0.5789755555555556,0.8624422222222222,0.8397982222222222,0.909664,0.14987181985269998,0.1793938344858645,0.5418048495787434,0.415890295864879,0.6350811653149359
fashion,PaCMAP,0,n_neighbors,15.0,FP_ratio,2.0,0.4816804444444445,0.5438373333333333,0.8565213333333332,0.85668,0.9275177777777778,0.10795336749236842,0.14066581110026866,0.5171971616538072,0.44996500354713215,0.6510620920613848
fashion,PaCMAP,0,n_neighbors,15.0,FP_ratio,5.0,0.4669284444444445,0.5435373333333333,0.8531817777777777,0.8855555555555554,0.9417302222222221,0.09614662353929357,0.1564385199938425,0.3941042867841222,0.4604413004321177,0.6976532496606475
fashion,PaCMAP,0,n_neighbors,20.0,FP_ratio,1.0,0.5444768888888889,0.5855931111111111,0.8870311111111111,0.835248888888889,0.9081782222222222,0.13896864980137136,0.2064527455295957,0.5599788099260518,0.2840625880244268,0.6344496616215025
fashion,PaCMAP,0,n_neighbors,20.0,FP_ratio,2.0,0.4486880000000001,0.5128733333333333,0.862398,0.8559346666666667,0.9260097777777778,0.09270219346745924,0.1321474537838983,0.4967800820334222,0.39356574011288686,0.6548076355250232
fashion,PaCMAP,0,n_neighbors,20.0,FP_ratio,5.0,0.43421288888888887,0.5282731111111111,0.8380744444444446,0.8888342222222222,0.9400386666666668,0.08814646712800644,0.14707057113238398,0.45170150843403584,0.5748864884863506,0.6877458683388153
fashion,PaCMAP,0,n_neighbors,30.0,FP_ratio,1.0,0.5371826666666666,0.5862451111111111,0.8809199999999999,0.8375262222222224,0.8904017777777778,0.14056061658259206,0.2101889157612264,0.44798426398694907,0.2832983732816171,0.6172245913717452
fashion,PaCMAP,0,n_neighbors,30.0,FP_ratio,2.0,0.4731497777777778,0.5611595555555556,0.8875853333333333,0.8470631111111111,0.936864888888889,0.10149594971926051,0.18229701696571818,0.3524340469198888,0.262461830211844,0.7251201753254766
fashion,PaCMAP,0,n_neighbors,30.0,FP_ratio,5.0,0.38844,0.5331408888888889,0.857381111111111,0.8913915555555554,0.9403448888888888,0.08232535533167157,0.13472139268637207,0.47791101258571883,0.552791412227844,0.6786193953094782
fashion,PaCMAP,0,n_neighbors,40.0,FP_ratio,1.0,0.51558,0.5864117777777778,0.8787515555555556,0.8298991111111113,0.8857662222222221,0.13748787002196255,0.20996235795274282,0.41540041198949984,0.2723935484299235,0.613949014503751
fashion,PaCMAP,0,n_neighbors,40.0,FP_ratio,2.0,0.48419377777777783,0.5729211111111111,0.8248822222222222,0.7963271111111112,0.9244911111111113,0.115063130109171,0.20141888785158302,0.23924417015376168,0.214235780061827,0.665995358771338
fashion,PaCMAP,0,n_neighbors,40.0,FP_ratio,5.0,0.34136488888888883,0.5473264444444444,0.86707,0.8742904444444444,0.9433724444444445,0.07397223706995534,0.14924960848786611,0.4108170052493684,0.33727392447650606,0.7037456479124617
fashion,PaCMAP,0,n_neighbors,60.0,FP_ratio,1.0,0.5026204444444444,0.6255926666666666,0.8885106666666666,0.8139693333333333,0.8706213333333334,0.13618857360518677,0.2143919262366677,0.44515496704397245,0.259564879420456,0.6029181811976775
fashion,PaCMAP,0,n_neighbors,60.0,FP_ratio,2.0,0.4488066666666667,0.6060893333333333,0.8257528888888888,0.7914108888888889,0.910992,0.11145997841940988,0.21115998306846195,0.24461920819662836,0.21659685802583797,0.639674605361339
fashion,PaCMAP,0,n_neighbors,60.0,FP_ratio,5.0,0.3089035555555556,0.5920013333333333,0.855270222222222,0.8590146666666667,0.9403133333333333,0.07254314229159743,0.15911818000895206,0.2905810489930009,0.29245644944590365,0.6809725338466969
fashion,PaCMAP,0,n_neighbors,80.0,FP_ratio,1.0,0.48494800000000005,0.6263488888888888,0.8963697777777777,0.8033835555555555,0.8612133333333334,0.1294983924598388,0.19883889254110657,0.4758321776535005,0.25406285174125676,0.602445268300428
fashion,PaCMAP,0,n_neighbors,80.0,FP_ratio,2.0,0.42155155555555557,0.6105813333333333,0.8342006666666668,0.7920484444444443,0.9049666666666668,0.10567562879022753,0.20418075335380945,0.25639815346562383,0.21943976075323451,0.6286574902472863
fashion,PaCMAP,0,n_neighbors,80.0,FP_ratio,5.0,0.29672088888888887,0.612198888888889,0.8388142222222222,0.8446106666666666,0.9373342222222223,0.07333804833191375,0.16237036857214004,0.28090152116302425,0.2692043867083496,0.671537664682419
fashion,PaCMAP,0,n_neighbors,120.0,FP_ratio,1.0,0.47382399999999997,0.6199844444444444,0.8759844444444443,0.7746817777777778,0.8425466666666667,0.11992765062494638,0.19174102149322128,0.3917092611855444,0.23505049678347625,0.5914693568382889
fashion,PaCMAP,0,n_neighbors,120.0,FP_ratio,2.0,0.4050835555555556,0.6021502222222223,0.8230171111111111,0.7819355555555555,0.8912675555555556,0.09787362817876491,0.17363031423441844,0.237795293923297,0.2069377342924361,0.608239568455673
fashion,PaCMAP,0,n_neighbors,120.0,FP_ratio,5.0,0.30266444444444446,0.6237311111111111,0.8583084444444444,0.8354115555555556,0.9290146666666667,0.07353093137663744,0.17118962928223772,0.3108392803287261,0.2521599352118402,0.6246326782729045
fashion,PaCMAP,1,n_neighbors,5.0,FP_ratio,1.0,0.5938795555555555,0.5520944444444444,0.8803666666666666,0.8601133333333333,0.9226528888888889,0.17875734902846085,0.14772395389875803,0.5757223564922908,0.5194029015123433,0.6641286884371624
fashion,PaCMAP,1,n_neighbors,5.0,FP_ratio,2.0,0.6308031111111112,0.5499991111111111,0.8626355555555556,0.8591973333333334,0.9053195555555557,0.1679250226633871,0.16135201749287775,0.5423326382008907,0.3579722051346965,0.5936562118423898
fashion,PaCMAP,1,n_neighbors,5.0,FP_ratio,5.0,0.6248937777777779,0.5380086666666666,0.8325342222222223,0.8641504444444444,0.9149177777777778,0.17820864993953356,0.1370870216602475,0.40661594301196435,0.3120324312060655,0.6397737798596812
fashion,PaCMAP,1,n_neighbors,8.0,FP_ratio,1.0,0.5441217777777778,0.5542993333333333,0.8701613333333333,0.8501080000000001,0.9174755555555556,0.15684130497778084,0.18499068378060357,0.5649583500000338,0.5056107383264521,0.6527651265384188
fashion,PaCMAP,1,n_neighbors,8.0,FP_ratio,2.0,0.5376951111111111,0.600862888888889,0.8701846666666666,0.8671164444444445,0.931169777777778,0.1363012630779863,0.20369338134694825,0.586257233854416,0.4834270583261167,0.6464091069719072
fashion,PaCMAP,1,n_neighbors,8.0,FP_ratio,5.0,0.5857937777777779,0.5290548888888889,0.8145297777777778,0.8399604444444444,0.9042155555555556,0.1346997015206704,0.1345723881694918,0.3159149983120203,0.26728482571161316,0.5976717295442477
fashion,PaCMAP,1,n_neighbors,10.0,FP_ratio,1.0,0.5334351111111111,0.5821835555555555,0.8688995555555556,0.8427395555555555,0.9117164444444444,0.17101638753497383,0.20993126080282518,0.5581143016440991,0.4707116577778038,0.6397160084658882
fashion,PaCMAP,1,n_neighbors,10.0,FP_ratio,2.0,0.5165026666666667,0.5667677777777778,0.8750644444444443,0.8686524444444443,0.9332582222222222,0.12036596118187681,0.1827171881002415,0.5841399589400754,0.4857628820266403,0.6559158290393324
fashion,PaCMAP,1,n_neighbors,10.0,FP_ratio,5.0,0.5489946666666666,0.5624133333333333,0.8426184444444444,0.8591157777777777,0.92888,0.12074132754928901,0.14107547492728212,0.38221969635652053,0.27738431444400113,0.6419446429587623
fashion,PaCMAP,1,n_neighbors,15.0,FP_ratio,1.0,0.5300133333333333,0.6049804444444444,0.8949395555555556,0.8558248888888889,0.9141635555555555,0.15909931751378606,0.19447403037650496,0.5853601282840423,0.34967017766158587,0.6543997022222433
fashion,PaCMAP,1,n_neighbors,15.0,FP_ratio,2.0,0.5128035555555556,0.5778802222222221,0.8910415555555554,0.8563631111111111,0.9360257777777777,0.12159134321149705,0.1708896885231755,0.4038590705267475,0.28822092768884383,0.7121986399552599
fashion,PaCMAP,1,n_neighbors,15.0,FP_ratio,5.0,0.4976235555555555,0.5408264444444444,0.8267426666666666,0.8606235555555556,0.937135111111111,0.10095411166100687,0.1298588451863211,0.4243132701185477,0.3053767022778574,0.6882434846067104
fashion,PaCMAP,1,n_neighbors,20.0,FP_ratio,1.0,0.5343853333333333,0.5945184444444445,0.8914546666666667,0.8428955555555555,0.9105524444444444,0.15056807414790505,0.2131088047805212,0.5323462657784169,0.2894321439477331,0.6452318235165905
fashion,PaCMAP,1,n_neighbors,20.0,FP_ratio,2.0,0.46292577777777777,0.5520275555555555,0.861988,0.8411044444444445,0.9288746666666667,0.1015322998073698,0.17796651890793913,0.4013059553188436,0.2871466569305836,0.6687033362654957
fashion,PaCMAP,1,n_neighbors,20.0,FP_ratio,5.0,0.4372568888888889,0.538768,0.8352915555555557,0.8631768888888889,0.9336786666666668,0.09082143777375974,0.14051155394200696,0.42654108564120297,0.3000461431910757,0.6789508059617364
fashion,PaCMAP,1,n_neighbors,30.0,FP_ratio,1.0,0.5322337777777777,0.588192,0.895448888888889,0.8413982222222222,0.8986302222222222,0.1495424675270589,0.22556807355825204,0.4927723305381386,0.2862627959416412,0.6307061995911186
fashion,PaCMAP,1,n_neighbors,30.0,FP_ratio,2.0,0.48536755555555555,0.571256,0.8414346666666667,0.8058706666666666,0.9255328888888888,0.11182782510281947,0.18991674271488224,0.2859910837760374,0.22563142818584633,0.6679244981736584
fashion,PaCMAP,1,n_neighbors,30.0,FP_ratio,5.0,0.3902586666666667,0.5483237777777779,0.9119173333333334,0.8872848888888888,0.9428031111111111,0.08366596133999289,0.12976688229920488,0.5117097747721403,0.3526498929834779,0.7035034349854487
fashion,PaCMAP,1,n_neighbors,40.0,FP_ratio,1.0,0.516864,0.5978348888888889,0.8817195555555556,0.8309353333333334,0.8916586666666666,0.146134558711012,0.20943971917911144,0.44240724532871956,0.27249245282112367,0.6218301124400298
fashion,PaCMAP,1,n_neighbors,40.0,FP_ratio,2.0,0.4743266666666666,0.5868617777777778,0.8356895555555556,0.8003511111111111,0.9265195555555555,0.11887196791081353,0.2146085280308172,0.25586164117437044,0.21849429338706639,0.6732144629867386
fashion,PaCMAP,1,n_neighbors,40.0,FP_ratio,5.0,0.3500035555555555,0.5531860000000001,0.8659533333333332,0.8783282222222221,0.9422933333333333,0.0821379325927927,0.16186531763896198,0.39411921076009787,0.3591042171134766,0.6864285353416151
fashion,PaCMAP,1,n_neighbors,60.0,FP_ratio,1.0,0.4950177777777778,0.6205051111111111,0.8913013333333333,0.8196342222222223,0.8731844444444445,0.13956744735116883,0.2116763116414616,0.4636884999183753,0.2701142766574916,0.6064142361994058
fashion,PaCMAP,1,n_neighbors,60.0,FP_ratio,2.0,0.44214577777777775,0.608756,0.8211315555555555,0.791939111111111,0.9131106666666667,0.11356394034938931,0.2226325089140269,0.24112758637147502,0.21671977034226775,0.6434414155844989
fashion,PaCMAP,1,n_neighbors,60.0,FP_ratio,5.0,0.31712799999999997,0.6104044444444445,0.8359462222222223,0.8510902222222221,0.9327968888888889,0.07784087675239375,0.18321565430326434,0.27933996978384845,0.2861341937953661,0.6567847106213323
fashion,PaCMAP,1,n_neighbors,80.0,FP_ratio,1.0,0.480228,0.6188675555555555,0.8897982222222223,0.8084724444444444,0.8592577777777778,0.1312065685076559,0.19196056546957121,0.47251269192950646,0.2667801599148227,0.5991281218894235
fashion,PaCMAP,1,n_neighbors,80.0,FP_ratio,2.0,0.41863955555555554,0.5891208888888888,0.8254813333333334,0.7919528888888888,0.9052560000000002,0.10951067854764707,0.18873804218351534,0.24964691408420842,0.21852559253074066,0.6291344805089857
fashion,PaCMAP,1,n_neighbors,80.0,FP_ratio,5.0,0.29884266666666665,0.6245877777777777,0.8821297777777778,0.8462622222222224,0.9377408888888887,0.07447322891333139,0.179015393990137,0.35646103409013924,0.2632993693528902,0.6650082916417941
fashion,PaCMAP,1,n_neighbors,120.0,FP_ratio,1.0,0.46939733333333333,0.6063522222222222,0.8733677777777779,0.7779115555555555,0.8412133333333334,0.12072303967707976,0.18208108885450489,0.3758301406371207,0.24499663056527507,0.5915554958132173
fashion,PaCMAP,1,n_neighbors,120.0,FP_ratio,2.0,0.39663511111111116,0.6064906666666667,0.8294375555555554,0.7858733333333333,0.895871111111111,0.09836420471815827,0.1710380809897544,0.23772028778760418,0.20979757877373814,0.6186533288535855
fashion,PaCMAP,1,n_neighbors,120.0,FP_ratio,5.0,0.30207688888888895,0.6200397777777777,0.8592035555555555,0.830448222222222,0.9294715555555556,0.07368139167850954,0.17077618896469227,0.30507696455044686,0.24372585493916868,0.614723904118825
fashion,PaCMAP,2,n_neighbors,5.0,FP_ratio,1.0,0.6478564444444443,0.5329026666666667,0.8756613333333333,0.8669022222222222,0.9192084444444445,0.21234370773254052,0.14945143293354948,0.5919561769102831,0.5356253419199113,0.6581859663944714
fashion,PaCMAP,2,n_neighbors,5.0,FP_ratio,2.0,0.6268275555555556,0.5395928888888889,0.8637528888888888,0.874588888888889,0.9292533333333334,0.1740543161213245,0.13237118718620444,0.5681570147250458,0.5264461923413731,0.6441812153461168
fashion,PaCMAP,2,n_neighbors,5.0,FP_ratio,5.0,0.6230933333333334,0.4730622222222223,0.8211357777777778,0.8444786666666667,0.8841617777777778,0.17176771583915998,0.09427003470316714,0.41874897914790854,0.39079078033565867,0.5948797100541554
fashion,PaCMAP,2,n_neighbors,8.0,FP_ratio,1.0,0.5647191111111112,0.5370288888888889,0.8640435555555556,0.8478168888888888,0.9250853333333332,0.15862458844062977,0.14058151937008959,0.5720616684821528,0.49675846642413957,0.6631698220944254
fashion,PaCMAP,2,n_neighbors,8.0,FP_ratio,2.0,0.5527648888888889,0.5414186666666667,0.8595324444444443,0.8447333333333332,0.9335195555555554,0.14678941910715215,0.1658313129739356,0.5775698175089897,0.48562394445312107,0.6672968823700329
fashion,PaCMAP,2,n_neighbors,8.0,FP_ratio,5.0,0.5667213333333333,0.5167986666666666,0.8155973333333333,0.8599844444444444,0.9288271111111109,0.16472908166876127,0.12842020256290393,0.3615470541500741,0.4365564317415915,0.6426856987533041
fashion,PaCMAP,2,n_neighbors,10.0,FP_ratio,1.0,0.5565862222222222,0.5439388888888889,0.8738466666666667,0.8470315555555555,0.9227177777777779,0.15743559603363713,0.15765233981411686,0.5594048211289753,0.46670742522072484,0.6596103491401833
fashion,PaCMAP,2,n_neighbors,10.0,FP_ratio,2.0,0.5080377777777778,0.5546846666666667,0.8600293333333333,0.8651937777777778,0.9330048888888888,0.11985261443882314,0.16122009197993017,0.5917557786568522,0.5033558772535821,0.6659224598086767
fashion,PaCMAP,2,n_neighbors,10.0,FP_ratio,5.0,0.5179537777777777,0.5300217777777778,0.8332155555555556,0.8588453333333333,0.9330324444444444,0.11448888659197154,0.14020898839633555,0.38710280448134443,0.3168912328782946,0.643589471590488
fashion,PaCMAP,2,n_neighbors,15.0,FP_ratio,1.0,0.5681857777777778,0.5501884444444445,0.876479111111111,0.8428466666666666,0.9147391111111112,0.1707666663902308,0.16492964229501547,0.5616851068349408,0.35198076191587563,0.64991226182985
fashion,PaCMAP,2,n_neighbors,15.0,FP_ratio,2.0,0.49005822222222223,0.5516397777777777,0.8550088888888889,0.8569808888888889,0.9270048888888889,0.11564625716262485,0.17167025332595462,0.5379773894977793,0.48113419887709463,0.6682667931974626
fashion,PaCMAP,2,n_neighbors,15.0,FP_ratio,5.0,0.46973733333333334,0.5354515555555556,0.850124888888889,0.8902364444444444,0.9382751111111112,0.09666119182473949,0.1403940668885787,0.5218145723685648,0.5661310631464104,0.6948227288774937
fashion,PaCMAP,2,n_neighbors,20.0,FP_ratio,1.0,0.5483164444444444,0.5469033333333333,0.8774395555555556,0.8351959999999999,0.9080271111111111,0.1486686981126381,0.17740255781454686,0.5276886926109197,0.2866073770184847,0.6379525717200133
fashion,PaCMAP,2,n_neighbors,20.0,FP_ratio,2.0,0.47193511111111114,0.5533966666666666,0.8626568888888889,0.8384853333333334,0.9251235555555556,0.10646768808654726,0.1857005078814259,0.4796833576593885,0.32453135627971863,0.6635596115936826
fashion,PaCMAP,2,n_neighbors,20.0,FP_ratio,5.0,0.4051595555555555,0.5303537777777778,0.8475484444444443,0.8881302222222223,0.9379075555555555,0.0830562358035146,0.1305549035327201,0.5321261424946563,0.4771503589998293,0.6919695523241254
fashion,PaCMAP,2,n_neighbors,30.0,FP_ratio,1.0,0.5225537777777778,0.5547728888888889,0.8832333333333332,0.833019111111111,0.8936653333333333,0.13732305650231696,0.1895932351078836,0.48034075269585785,0.2792120675301839,0.6217517064734731
fashion,PaCMAP,2,n_neighbors,30.0,FP_ratio,2.0,0.4744164444444444,0.5661855555555555,0.8461724444444445,0.8091471111111112,0.9233364444444445,0.11505724041029741,0.18958924552093132,0.30283943346055264,0.23393853686587457,0.6671511465842699
fashion,PaCMAP,2,n_neighbors,30.0,FP_ratio,5.0,0.38546044444444444,0.5762682222222222,0.9150111111111111,0.8929813333333333,0.9453155555555556,0.08363107915939019,0.1602065628339533,0.4888948365225671,0.3680709425512604,0.7136635736065511
fashion,PaCMAP,2,n_neighbors,40.0,FP_ratio,1.0,0.5094835555555555,0.5878577777777778,0.8885115555555555,0.8262599999999999,0.8884697777777777,0.14017528350711217,0.20669861987927443,0.48855905845609704,0.2682723032981642,0.6183675623516821
fashion,PaCMAP,2,n_neighbors,40.0,FP_ratio,2.0,0.47200844444444445,0.5920164444444445,0.8321439999999999,0.8013728888888889,0.9230342222222222,0.12149876272861376,0.23438064132446923,0.26754199269750417,0.22139642925308317,0.6687341981972077
fashion,PaCMAP,2,n_neighbors,40.0,FP_ratio,5.0,0.3482142222222222,0.5754653333333333,0.8637228888888889,0.875756888888889,0.9429093333333333,0.0823753687332998,0.18213507390444902,0.3302799229496437,0.33232982019928586,0.6999998576318244
fashion,PaCMAP,2,n_neighbors,60.0,FP_ratio,1.0,0.49298177777777774,0.6152211111111111,0.885356,0.8127164444444445,0.8703204444444443,0.14178798839241805,0.21053382044067642,0.4601111251878446,0.2607567791053242,0.6033986545555702
fashion,PaCMAP,2,n_neighbors,60.0,FP_ratio,2.0,0.4437471111111111,0.611276,0.8274666666666666,0.7923226666666667,0.9117826666666666,0.11664559334094628,0.21463905141089917,0.26374467986657246,0.22219459303835587,0.6419564368802185
fashion,PaCMAP,2,n_neighbors,60.0,FP_ratio,5.0,0.3159968888888889,0.5869577777777778,0.8387604444444444,0.8547724444444444,0.9342377777777778,0.0759777340637082,0.16925384477054922,0.2849474832282813,0.2917822048621004,0.6621507862040776
fashion,PaCMAP,2,n_neighbors,80.0,FP_ratio,1.0,0.4823168888888889,0.621580888888889,0.8908799999999999,0.8060977777777778,0.857671111111111,0.13356016094633594,0.19957568545468832,0.5014988723168339,0.26427292620758075,0.5982847356909232
fashion,PaCMAP,2,n_neighbors,80.0,FP_ratio,2.0,0.41752222222222224,0.5881624444444444,0.8340422222222221,0.7924239999999999,0.9038608888888889,0.10865258697436422,0.19959784759061344,0.2618098513889286,0.2218252584152865,0.6268856889917936
fashion,PaCMAP,2,n_neighbors,80.0,FP_ratio,5.0,0.2978613333333333,0.6009848888888889,0.833726,0.836612,0.9290022222222223,0.07575470308370852,0.17288318061136052,0.28032399625765697,0.2544947166445613,0.6372402619385974
fashion,PaCMAP,2,n_neighbors,120.0,FP_ratio,1.0,0.47057688888888893,0.6077997777777778,0.8737017777777777,0.7778697777777778,0.8435951111111112,0.12160832409392816,0.18057883315195297,0.4092972496466924,0.2411554473017545,0.5907442688274465
fashion,PaCMAP,2,n_neighbors,120.0,FP_ratio,2.0,0.41056222222222216,0.5922044444444444,0.8186928888888889,0.7798715555555557,0.8898186666666668,0.10046144411880699,0.17284593187737898,0.23158122504668074,0.21153402089589765,0.6058473596170295
fashion,PaCMAP,2,n_neighbors,120.0,FP_ratio,5.0,0.3131426666666667,0.628836888888889,0.8475777777777778,0.8324259999999999,0.9296897777777778,0.07448743591158052,0.1852716875448198,0.28757997715694944,0.2475042808942642,0.6251976755254083
fashion,PaCMAP,3,n_neighbors,5.0,FP_ratio,1.0,0.6432382222222222,0.5195991111111111,0.8666835555555555,0.8666995555555556,0.9345893333333333,0.19316983926068393,0.13929301659793822,0.5510061641733489,0.589856078969431,0.7341383716618535
fashion,PaCMAP,3,n_neighbors,5.0,FP_ratio,2.0,0.5780724444444445,0.5128286666666667,0.8507088888888888,0.863559111111111,0.9311915555555557,0.15374524932504025,0.14815515006721236,0.5437737833214125,0.5882011743672574,0.654980303334319
fashion,PaCMAP,3,n_neighbors,5.0,FP_ratio,5.0,0.5494555555555556,0.4867715555555556,0.8165426666666666,0.8776115555555555,0.9018306666666668,0.18736557012794983,0.10753462083630803,0.43558046805613143,0.549558504788018,0.626111730026649
fashion,PaCMAP,3,n_neighbors,8.0,FP_ratio,1.0,0.5424848888888889,0.5419644444444445,0.8600044444444446,0.8392599999999999,0.9252026666666665,0.1357732907138019,0.17579623100744046,0.5423308406954779,0.4742337295543289,0.6685369246705823
fashion,PaCMAP,3,n_neighbors,8.0,FP_ratio,2.0,0.5215444444444445,0.5511982222222221,0.8677471111111111,0.8671162222222223,0.9338253333333334,0.11547682412673911,0.16866949716876387,0.5735877346357633,0.49144173230848753,0.6813836027160335
fashion,PaCMAP,3,n_neighbors,8.0,FP_ratio,5.0,0.5383977777777778,0.5380797777777777,0.8329973333333333,0.8431582222222223,0.919088,0.12399001058285113,0.1291610915897671,0.3109974586160786,0.3032493681422701,0.5575864993015444
fashion,PaCMAP,3,n_neighbors,10.0,FP_ratio,1.0,0.5245822222222223,0.56872,0.8416897777777778,0.8544284444444444,0.9348044444444444,0.13770224326181527,0.1779661068812473,0.5431760828330148,0.502761464927495,0.7220607575315152
fashion,PaCMAP,3,n_neighbors,10.0,FP_ratio,2.0,0.5181244444444445,0.534092888888889,0.8663113333333332,0.8688417777777777,0.9306168888888888,0.1183306481602378,0.16032647781687653,0.5715698412087825,0.49356886304912184,0.6673470624779877
fashion,PaCMAP,3,n_neighbors,10.0,FP_ratio,5.0,0.5123902222222223,0.5270271111111111,0.8363155555555554,0.8642955555555555,0.9338946666666665,0.10408749759538062,0.12006784752932627,0.35116998658298426,0.33141471649824394,0.6760396094355093
fashion,PaCMAP,3,n_neighbors,15.0,FP_ratio,1.0,0.5347742222222222,0.5610471111111112,0.8696284444444444,0.8384320000000001,0.9150786666666666,0.14456766634615706,0.19528650432626227,0.5546593124997475,0.30905763243247286,0.6468117234553256
fashion,PaCMAP,3,n_neighbors,15.0,FP_ratio,2.0,0.49900933333333336,0.5586011111111111,0.8625399999999999,0.8557213333333332,0.9263693333333333,0.11350924474653973,0.1810261067346458,0.5224408750791941,0.435490111314241,0.6611642809166086
fashion,PaCMAP,3,n_neighbors,15.0,FP_ratio,5.0,0.526536,0.5608428888888889,0.8300475555555555,0.8679955555555555,0.9333377777777777,0.11233171097374992,0.14270667367158735,0.3997244601689633,0.3688396291151405,0.6848060517412525
fashion,PaCMAP,3,n_neighbors,20.0,FP_ratio,1.0,0.5362995555555556,0.562304,0.8776959999999999,0.8346173333333333,0.9090804444444444,0.14440458094637515,0.20813550544091552,0.5243970735416986,0.27971090853854236,0.6403926663452836
fashion,PaCMAP,3,n_neighbors,20.0,FP_ratio,2.0,0.4603431111111111,0.5590097777777778,0.8470335555555556,0.844739111111111,0.9262315555555556,0.1000531587809765,0.19695947939699804,0.4154564580073782,0.3177494990712578,0.6580568478857244
fashion,PaCMAP,3,n_neighbors,20.0,FP_ratio,5.0,0.4477715555555556,0.5606804444444444,0.8470177777777779,0.8876853333333332,0.9390546666666667,0.09154022511463467,0.16032842763884272,0.41152236117029467,0.5689297210509553,0.686728606350092
fashion,PaCMAP,3,n_neighbors,30.0,FP_ratio,1.0,0.5275973333333333,0.5744062222222222,0.8798664444444445,0.8302328888888889,0.8940324444444443,0.144961703805699,0.21098480244046933,0.4434742188022544,0.27471710244611824,0.6214190638474638
fashion,PaCMAP,3,n_neighbors,30.0,FP_ratio,2.0,0.4817506666666667,0.5642735555555556,0.8321484444444445,0.8026333333333333,0.921404,0.10971704953529492,0.20212699798429373,0.25961423657549687,0.22530045417306274,0.6575087840051832
fashion,PaCMAP,3,n_neighbors,30.0,FP_ratio,5.0,0.3822848888888889,0.5498162222222222,0.9022799999999999,0.8965724444444445,0.9400155555555556,0.0828369411393218,0.13924076249176964,0.43705990473574047,0.3920770482003706,0.7020465641135627
fashion,PaCMAP,3,n_neighbors,40.0,FP_ratio,1.0,0.50606,0.5904755555555555,0.8917431111111112,0.827644,0.8872928888888888,0.1432714233571993,0.21932714882903281,0.4810591791343557,0.26811916737309566,0.6139881546619205
fashion,PaCMAP,3,n_neighbors,40.0,FP_ratio,2.0,0.470784,0.5731511111111111,0.8323502222222222,0.7977582222222223,0.926444888888889,0.11912125966637176,0.21969779191927252,0.24839343692313431,0.21342196470916514,0.6725527932015052
fashion,PaCMAP,3,n_neighbors,40.0,FP_ratio,5.0,0.3398537777777778,0.5465868888888888,0.8942557777777778,0.866255111111111,0.9450533333333334,0.07717661469583204,0.13664136811104635,0.3566023947087128,0.31360808319383415,0.7323534010859563
fashion,PaCMAP,3,n_neighbors,60.0,FP_ratio,1.0,0.49537422222222216,0.6216913333333333,0.8789493333333334,0.8129044444444443,0.8708884444444445,0.13967373692676216,0.22098612185741387,0.41330973672632004,0.26046450459638076,0.6038128212188892
fashion,PaCMAP,3,n_neighbors,60.0,FP_ratio,2.0,0.4415862222222222,0.5972282222222222,0.8147142222222223,0.7890848888888888,0.9127586666666666,0.11271093358137621,0.21502737250338544,0.23197471363336342,0.21743224643637826,0.6426454732558436
fashion,PaCMAP,3,n_neighbors,60.0,FP_ratio,5.0,0.3027351111111111,0.5819188888888889,0.8609891111111112,0.8579244444444444,0.9397484444444444,0.07548779080223533,0.1600948336906348,0.31807186151970995,0.2855577974463602,0.6763198243312831
fashion,PaCMAP,3,n_neighbors,80.0,FP_ratio,1.0,0.4806271111111111,0.6280222222222223,0.8980622222222222,0.806328888888889,0.8584946666666666,0.1319387401591578,0.21053752911419615,0.48673941147899386,0.26493958577955634,0.6001117827562027
fashion,PaCMAP,3,n_neighbors,80.0,FP_ratio,2.0,0.4166346666666667,0.6043620000000001,0.8163017777777777,0.7896631111111111,0.9040328888888888,0.10950487403156939,0.21215474750788055,0.23292624301610415,0.21820959151340394,0.6276461536497323
fashion,PaCMAP,3,n_neighbors,80.0,FP_ratio,5.0,0.3017457777777778,0.6068137777777778,0.8379457777777779,0.8435671111111112,0.9366635555555555,0.07764416553917307,0.1730217195510905,0.271188082197302,0.26689982643382015,0.6702179665060414
fashion,PaCMAP,3,n_neighbors,120.0,FP_ratio,1.0,0.4674902222222222,0.6270433333333333,0.8735706666666667,0.7740880000000001,0.8449208888888888,0.12047767226140108,0.19192683278669287,0.3953387198155429,0.23544061036962793,0.5919640537546764
fashion,PaCMAP,3,n_neighbors,120.0,FP_ratio,2.0,0.4047764444444445,0.5951597777777777,0.8271584444444444,0.7791013333333334,0.8912955555555556,0.10034213975970954,0.17054542353345314,0.23940023856282594,0.21018590677522483,0.6074235793348515
fashion,PaCMAP,3,n_neighbors,120.0,FP_ratio,5.0,0.3027062222222222,0.606821111111111,0.8565468888888887,0.8334102222222222,0.9300382222222222,0.07385113603392689,0.16106519551892018,0.30843168714020747,0.2501125744080908,0.6286216297893723
fashion,PaCMAP,4,n_neighbors,5.0,FP_ratio,1.0,0.5563053333333334,0.542808,0.8614128888888888,0.8421028888888888,0.9196266666666666,0.16558047258028624,0.1586845431048347,0.5523796421217331,0.48076255150763464,0.6543984693151709
fashion,PaCMAP,4,n_neighbors,5.0,FP_ratio,2.0,0.5815644444444444,0.5226451111111111,0.8382982222222222,0.8475893333333333,0.9337217777777778,0.15246634815993396,0.14286574825666898,0.5093368068709129,0.44766672007030595,0.6822395665824298
fashion,PaCMAP,4,n_neighbors,5.0,FP_ratio,5.0,0.6277617777777778,0.4901024444444444,0.8286231111111112,0.8603573333333333,0.8895497777777778,0.14315599191230663,0.10074797569021943,0.3739921654068182,0.3373409197178353,0.6048437444442402
fashion,PaCMAP,4,n_neighbors,8.0,FP_ratio,1.0,0.4899466666666667,0.5916671111111111,0.8492095555555557,0.8363817777777778,0.9246751111111111,0.14763210474576993,0.2125650682231527,0.5385760862084112,0.47146139129184433,0.660204756759981
fashion,PaCMAP,4,n_neighbors,8.0,FP_ratio,2.0,0.470692,0.5247033333333334,0.863920888888889,0.8657784444444444,0.9372044444444444,0.11822488768002173,0.13204904792246172,0.5643122781150524,0.4494449643283486,0.6795908472811513
fashion,PaCMAP,4,n_neighbors,8.0,FP_ratio,5.0,0.5524093333333333,0.5353568888888889,0.8261153333333333,0.8383026666666666,0.897972,0.12420012430569141,0.11977128298973841,0.43377426708756345,0.31634954164822715,0.5786665061418942
fashion,PaCMAP,4,n_neighbors,10.0,FP_ratio,1.0,0.5137035555555556,0.6079782222222222,0.8489142222222221,0.8315244444444444,0.9323551111111111,0.15693707541750088,0.22459244118437777,0.5632735786475999,0.47053015022982775,0.6872284644342732
fashion,PaCMAP,4,n_neighbors,10.0,FP_ratio,2.0,0.479476,0.5669273333333333,0.8533451111111112,0.8555088888888889,0.9326257777777777,0.11150492477265656,0.15946330551171112,0.5417410889815982,0.46529478827349335,0.6495671854440683
fashion,PaCMAP,4,n_neighbors,10.0,FP_ratio,5.0,0.507204,0.5577193333333333,0.7880991111111112,0.8323977777777777,0.9264013333333334,0.10429423321144496,0.1422136052673233,0.2733481077550569,0.26494912958735395,0.5718810786830072
fashion,PaCMAP,4,n_neighbors,15.0,FP_ratio,1.0,0.5254262222222222,0.5835715555555556,0.8637271111111111,0.8368124444444444,0.9179995555555557,0.1562192887265021,0.209343688520705,0.5418607584822689,0.33925040867225315,0.6537336502863973
fashion,PaCMAP,4,n_neighbors,15.0,FP_ratio,2.0,0.4803391111111111,0.558532888888889,0.8463342222222222,0.8552355555555555,0.9300568888888887,0.10744513325024127,0.16873576757913594,0.5036556578850776,0.43540624735929456,0.6629120265589892
fashion,PaCMAP,4,n_neighbors,15.0,FP_ratio,5.0,0.500932,0.552686,0.843401111111111,0.872936,0.9380533333333333,0.1054771787371434,0.1568040430807538,0.43552234133992607,0.3687157600236343,0.6900572377937176
fashion,PaCMAP,4,n_neighbors,20.0,FP_ratio,1.0,0.5388351111111112,0.5764035555555556,0.8680426666666667,0.8335239999999999,0.9107177777777777,0.14323335390347425,0.21898550330858335,0.5002075552058189,0.28539610110596964,0.6402063672662411
fashion,PaCMAP,4,n_neighbors,20.0,FP_ratio,2.0,0.46006844444444445,0.5585977777777777,0.8488786666666666,0.8386893333333333,0.9274862222222222,0.09924356480803001,0.16902084116750474,0.3767038760452023,0.27970477194027293,0.6570013714082013
fashion,PaCMAP,4,n_neighbors,20.0,FP_ratio,5.0,0.41111466666666663,0.5234591111111111,0.8422446666666668,0.8819702222222221,0.938823111111111,0.08700786459406153,0.13546317855919787,0.3872610621056347,0.40397123605162627,0.682286466350602
fashion,PaCMAP,4,n_neighbors,30.0,FP_ratio,1.0,0.5493684444444444,0.5528993333333333,0.877804888888889,0.8344084444444445,0.8935111111111111,0.14017325915060624,0.20877089175510438,0.47969953204353794,0.27996612294001966,0.620785979498738
fashion,PaCMAP,4,n_neighbors,30.0,FP_ratio,2.0,0.49475066666666667,0.5691415555555556,0.8326808888888889,0.805564,0.924283111111111,0.11266604092407366,0.19194795980370133,0.2698763573163535,0.22776413693511072,0.6624504605800701
fashion,PaCMAP,4,n_neighbors,30.0,FP_ratio,5.0,0.38988622222222225,0.5368175555555555,0.8577706666666667,0.889228,0.9409044444444444,0.08264026014461048,0.13898231068370426,0.4401334757800312,0.5195838167100156,0.6736791416585913
fashion,PaCMAP,4,n_neighbors,40.0,FP_ratio,1.0,0.5210933333333333,0.5845677777777777,0.8619184444444445,0.8261715555555557,0.8864133333333334,0.13930293611335573,0.2092383496994665,0.39492310822345605,0.26980524927332805,0.6144704980257998
fashion,PaCMAP,4,n_neighbors,40.0,FP_ratio,2.0,0.4755208888888889,0.5718997777777778,0.8259057777777777,0.7988017777777777,0.9264502222222221,0.1167110125131969,0.1984524285880534,0.2475358477472799,0.21809608842236147,0.6731393272990698
fashion,PaCMAP,4,n_neighbors,40.0,FP_ratio,5.0,0.352752,0.5443262222222223,0.8433535555555555,0.8770062222222222,0.9401493333333334,0.08263768649437819,0.14276709979202762,0.2997230516765473,0.427227221151758,0.6831181740637126
fashion,PaCMAP,4,n_neighbors,60.0,FP_ratio,1.0,0.49552977777777774,0.6054133333333334,0.8763095555555556,0.8126291111111111,0.873124888888889,0.1409164389404793,0.2111811942547634,0.4158248878349044,0.25949391131495037,0.6048261889604204
fashion,PaCMAP,4,n_neighbors,60.0,FP_ratio,2.0,0.45243422222222224,0.6082473333333334,0.802006,0.7910626666666667,0.9118826666666666,0.11360580262467895,0.20978225278498783,0.22404590421451503,0.2160582163557685,0.6421476728225716
fashion,PaCMAP,4,n_neighbors,60.0,FP_ratio,5.0,0.3220342222222222,0.5628582222222223,0.8418242222222222,0.8623515555555556,0.9323782222222221,0.07520629347204175,0.14575684338931194,0.288856690643112,0.32678317302361776,0.6576695447257394
fashion,PaCMAP,4,n_neighbors,80.0,FP_ratio,1.0,0.47623600000000005,0.6257295555555555,0.8845231111111111,0.8087137777777778,0.8601928888888889,0.13079651161010353,0.2053431502391244,0.4472869204601544,0.2638660614564601,0.6009093045331515
fashion,PaCMAP,4,n_neighbors,80.0,FP_ratio,2.0,0.42947911111111114,0.6015757777777778,0.8255124444444445,0.78952,0.9040497777777776,0.10736617131306049,0.19369054796806265,0.2454264480980141,0.21715683829987845,0.6271025522144109
fashion,PaCMAP,4,n_neighbors,80.0,FP_ratio,5.0,0.3052017777777778,0.5843135555555555,0.8332751111111111,0.8367573333333332,0.9312666666666667,0.08080626015978563,0.15482544820851823,0.28086861208940955,0.2560462398691792,0.6518017970298355
fashion,PaCMAP,4,n_neighbors,120.0,FP_ratio,1.0,0.47403822222222214,0.6108664444444445,0.8701920000000002,0.7727099999999999,0.8458902222222222,0.12255844961539594,0.1777749211803366,0.38622828423485367,0.22535539172342897,0.5928400490890156
fashion,PaCMAP,4,n_neighbors,120.0,FP_ratio,2.0,0.40998488888888884,0.5711115555555555,0.8074144444444443,0.7759813333333334,0.8906071111111112,0.09959632356625209,0.15697207043616573,0.21911000345513817,0.2052034569674714,0.6066619037735722
fashion,PaCMAP,4,n_neighbors,120.0,FP_ratio,5.0,0.3034728888888889,0.6098873333333333,0.8574146666666667,0.8315284444444444,0.9303564444444443,0.0749715719140438,0.16409527455837916,0.3102123329354369,0.24616753784386497,0.632760291012837
fashion,TriMap,0,n_inliers,5.0,n_outliers,2.0,0.8177111111111112,0.5765457777777778,0.811336888888889,0.7349657777777778,0.7735893333333334,0.40984661170591585,0.13945018456854535,0.38700633281980606,0.3426859287642142,0.40071773828993185
fashion,TriMap,0,n_inliers,5.0,n_outliers,5.0,0.8323902222222223,0.5478253333333333,0.8185342222222222,0.7308237777777777,0.7812217777777778,0.4339023980170575,0.13056023729817545,0.3977975748731217,0.3374527976066273,0.3957239762531128
fashion,TriMap,0,n_inliers,5.0,n_outliers,10.0,0.8477702222222222,0.5331697777777777,0.8367111111111111,0.7244471111111112,0.7812124444444445,0.4803377756768194,0.12869306875232372,0.425300606492517,0.33217591188317275,0.37582881241580524
fashion,TriMap,0,n_inliers,8.0,n_outliers,2.0,0.8357635555555555,0.5761786666666666,0.820520888888889,0.7320826666666667,0.7771982222222221,0.4630958967695038,0.15455396528427137,0.4139420210647231,0.34310159832529746,0.3879383039245985
fashion,TriMap,0,n_inliers,8.0,n_outliers,5.0,0.8449573333333333,0.5576686666666667,0.8354615555555555,0.7306084444444444,0.7832288888888889,0.48895681857520235,0.13367651838888717,0.44944244462391514,0.3436248701849289,0.4194162107002414
fashion,TriMap,0,n_inliers,8.0,n_outliers,10.0,0.852612,0.5273613333333333,0.8376653333333334,0.7244915555555556,0.7802133333333332,0.4611112738361358,0.12338149811882453,0.4172846332698224,0.3243968061861771,0.36823061028331705
fashion,TriMap,0,n_inliers,10.0,n_outliers,2.0,0.8415155555555556,0.5564684444444444,0.8292946666666667,0.7287097777777778,0.8423653333333334,0.4554680114280611,0.131071184547904,0.4144631271221499,0.3414049007260271,0.5445065619655088
fashion,TriMap,0,n_inliers,10.0,n_outliers,5.0,0.8527506666666665,0.5406182222222222,0.8440284444444444,0.7259822222222223,0.7792804444444443,0.4680822463476126,0.14099441272068614,0.4281196087888948,0.3296283743877782,0.3768336496510933
fashion,TriMap,0,n_inliers,10.0,n_outliers,10.0,0.8568395555555556,0.5328524444444445,0.8455733333333333,0.7234400000000001,0.7787346666666666,0.4887948964703287,0.12056071357532609,0.4337217081458663,0.3272536275520389,0.3803789577940676
fashion,TriMap,0,n_inliers,15.0,n_outliers,2.0,0.8390906666666667,0.5611224444444445,0.8271,0.7322262222222223,0.7780635555555555,0.4552350380297538,0.1393006171384096,0.4082849011598555,0.3312827335449756,0.38188115396820477
fashion,TriMap,0,n_inliers,15.0,n_outliers,5.0,0.8576755555555555,0.5525075555555555,0.8450357777777778,0.7252782222222222,0.7813942222222222,0.4987331362536107,0.13308145308505487,0.44808852919963355,0.326409894029319,0.38279037975344204
fashion,TriMap,0,n_inliers,15.0,n_outliers,10.0,0.8522853333333333,0.5294506666666666,0.8476204444444444,0.7223308888888889,0.7800373333333334,0.45634541980485127,0.12470342081533636,0.4370794057018062,0.31686956719874265,0.3745414607219559
fashion,TriMap,0,n_inliers,20.0,n_outliers,2.0,0.8518857777777777,0.5529186666666667,0.8389824444444444,0.7323422222222222,0.7836719999999999,0.49650357056608996,0.12274167472641716,0.4487347056462919,0.3471718489800494,0.3974715981887511
fashion,TriMap,0,n_inliers,20.0,n_outliers,5.0,0.849203111111111,0.5268626666666666,0.8393904444444444,0.7266013333333334,0.777372,0.45631316752993967,0.12011033134299887,0.41731506649034217,0.32713913612787826,0.36144371651638535
fashion,TriMap,0,n_inliers,20.0,n_outliers,10.0,0.8557737777777779,0.49289644444444447,0.8473735555555555,0.7232657777777779,0.7788168888888889,0.45512507787083367,0.11138736579522765,0.44070669606542917,0.3230171656779358,0.384753709510413
fashion,TriMap,0,n_inliers,30.0,n_outliers,2.0,0.8458439999999999,0.5357080000000001,0.83779,0.7298177777777779,0.7812786666666667,0.4694991530631805,0.11554872537585048,0.43038113802502287,0.33571658284810335,0.3887150428029567
fashion,TriMap,0,n_inliers,30.0,n_outliers,5.0,0.8536786666666666,0.5188586666666667,0.8462706666666667,0.7227404444444445,0.7798097777777777,0.44480946294390494,0.11478643702949588,0.4336431215518419,0.31843173427845534,0.3805488480758452
fashion,TriMap,0,n_inliers,30.0,n_outliers,10.0,0.8593835555555557,0.5199277777777778,0.849866,0.7228075555555555,0.7797186666666667,0.4510268123268769,0.11893981551840645,0.4492529357405547,0.3201024013636933,0.38334739407911583
fashion,TriMap,0,n_inliers,40.0,n_outliers,2.0,0.848948,0.5299224444444444,0.8393382222222222,0.7285893333333333,0.7792355555555555,0.4709288894012895,0.12791630701843149,0.43530417989808085,0.3399811282286081,0.38871310522826247
fashion,TriMap,0,n_inliers,40.0,n_outliers,5.0,0.8543431111111112,0.5084324444444445,0.8491057777777778,0.7211404444444445,0.7801955555555556,0.4639580140734007,0.11073558253155655,0.4404480480382859,0.3211998062404784,0.3702058750539344
fashion,TriMap,0,n_inliers,40.0,n_outliers,10.0,0.8609297777777777,0.49877933333333335,0.854332888888889,0.7234786666666667,0.7803493333333333,0.45095313375919877,0.10989334041318839,0.44768057863664423,0.3175620986243443,0.3867901604874419
fashion,TriMap,0,n_inliers,60.0,n_outliers,2.0,0.8459915555555555,0.5024142222222221,0.8444206666666667,0.7233480000000001,0.7811084444444445,0.43719992350285686,0.10943227691637646,0.4377407784880128,0.31957648023656593,0.38368203526406824
fashion,TriMap,0,n_inliers,60.0,n_outliers,5.0,0.8615213333333334,0.5325048888888888,0.8529824444444445,0.7211026666666668,0.7770822222222222,0.4519551264614388,0.13389880527525572,0.4485314496209627,0.31675849427880964,0.38500991680110247
fashion,TriMap,0,n_inliers,60.0,n_outliers,10.0,0.8574737777777779,0.511088,0.854662,0.7207395555555556,0.7787591111111112,0.4312525368497592,0.11813056581474428,0.4356316649366379,0.31586612352282895,0.37519191166967014
fashion,TriMap,0,n_inliers,80.0,n_outliers,2.0,0.8597955555555554,0.5102031111111112,0.8475053333333334,0.7252582222222222,0.7780737777777778,0.46842637207841187,0.11317095404877686,0.4216121925058517,0.3197385999552395,0.3776742282525134
fashion,TriMap,0,n_inliers,80.0,n_outliers,5.0,0.8587613333333334,0.5199362222222222,0.8542266666666667,0.720791111111111,0.7793791111111111,0.4327253350226093,0.12236067943148168,0.4319585813527501,0.31296472131780273,0.3769765212630076
fashion,TriMap,0,n_inliers,80.0,n_outliers,10.0,0.8623946666666665,0.5097006666666666,0.8541431111111111,0.7228395555555556,0.7790484444444445,0.43524638801803167,0.11204670010744984,0.43721858699211325,0.3168421691398008,0.38025859716134186
fashion,TriMap,0,n_inliers,120.0,n_outliers,2.0,0.8581822222222223,0.5124448888888888,0.8519488888888889,0.7244773333333334,0.7802906666666667,0.4511517028656577,0.11855146027199728,0.45256083121363455,0.3245568939867958,0.39419151573042505
fashion,TriMap,0,n_inliers,120.0,n_outliers,5.0,0.859192888888889,0.5187575555555556,0.8533013333333335,0.7239075555555555,0.7784684444444444,0.42979977029876676,0.11883231354120431,0.4373548888047558,0.31771717584120984,0.37702961990868095
fashion,TriMap,0,n_inliers,120.0,n_outliers,10.0,0.8605088888888889,0.523562,0.8536222222222223,0.7204684444444445,0.7803675555555556,0.42768804630427004,0.12135510912194428,0.4354078900411675,0.3099941026239136,0.3842427975874096
fashion,TriMap,1,n_inliers,5.0,n_outliers,2.0,0.8184137777777778,0.5703808888888888,0.8053599999999999,0.7313302222222222,0.778404,0.4088697568525264,0.13541625082226233,0.37844146451788013,0.3355070651600851,0.39782719687543067
fashion,TriMap,1,n_inliers,5.0,n_outliers,5.0,0.8319906666666667,0.546691111111111,0.821096,0.7233613333333333,0.7744017777777779,0.43700140110923347,0.13237534486218205,0.3966281056005974,0.3275797479088005,0.370473207673453
fashion,TriMap,1,n_inliers,5.0,n_outliers,10.0,0.8489662222222222,0.5251466666666667,0.8326273333333333,0.7324355555555556,0.7822768888888889,0.47231838230808093,0.12353506245297938,0.41918775509661854,0.33851535807411387,0.38732111168733185
fashion,TriMap,1,n_inliers,8.0,n_outliers,2.0,0.8371324444444446,0.5981640000000001,0.8191237777777779,0.7227137777777778,0.7776995555555555,0.4347867943434819,0.15037103690887793,0.3899115485643945,0.3301182908150172,0.3951071457878484
fashion,TriMap,1,n_inliers,8.0,n_outliers,5.0,0.8420862222222222,0.5365584444444444,0.8291364444444445,0.7261848888888889,0.7745551111111111,0.4783023354324175,0.11819386556442728,0.4212942544921399,0.3315029839047379,0.37758845609787983
fashion,TriMap,1,n_inliers,8.0,n_outliers,10.0,0.8481324444444445,0.5045893333333333,0.8391928888888888,0.7274946666666666,0.845764,0.47742363954070405,0.11101927935862732,0.4262106298607835,0.3220295469742532,0.584487846897632
fashion,TriMap,1,n_inliers,10.0,n_outliers,2.0,0.8308355555555554,0.5530086666666667,0.8204702222222221,0.7258435555555556,0.839223111111111,0.42736456817545965,0.13361301656180852,0.3865713947983445,0.33700284292225935,0.5656813647714384
fashion,TriMap,1,n_inliers,10.0,n_outliers,5.0,0.8413973333333333,0.5249806666666667,0.8297751111111111,0.7217626666666667,0.777148,0.4727590422649901,0.12318275436294686,0.4197445160402771,0.31712494910107614,0.3777403543987057
fashion,TriMap,1,n_inliers,10.0,n_outliers,10.0,0.84784,0.5298413333333334,0.8428088888888887,0.7238746666666667,0.7792577777777777,0.4643030622341151,0.12082477957853774,0.4271708585109093,0.32071800991772387,0.3731388871297819
fashion,TriMap,1,n_inliers,15.0,n_outliers,2.0,0.8404071111111111,0.5439591111111111,0.8276640000000001,0.7293666666666667,0.780607111111111,0.4439955044923577,0.1321496631942453,0.41397258800413755,0.3357534980681728,0.3657551626728835
fashion,TriMap,1,n_inliers,15.0,n_outliers,5.0,0.86356,0.5565800000000001,0.8488233333333333,0.7247520000000001,0.7798573333333334,0.48634588106631926,0.13339327328672634,0.4488188608955615,0.3246434523415334,0.37909643916798075
fashion,TriMap,1,n_inliers,15.0,n_outliers,10.0,0.8563093333333331,0.49083733333333335,0.849195777777778,0.7207351111111111,0.7795626666666666,0.4738398218034829,0.11591790586800908,0.4376878999068415,0.32329589262464914,0.3731599261827907
fashion,TriMap,1,n_inliers,20.0,n_outliers,2.0,0.8507742222222222,0.5537597777777779,0.8355544444444445,0.7263146666666666,0.7739693333333334,0.46192768411650204,0.1289899518243125,0.40168585332189566,0.3318767396432514,0.3762621468173353
fashion,TriMap,1,n_inliers,20.0,n_outliers,5.0,0.8512506666666668,0.5421815555555556,0.8409702222222223,0.7226928888888888,0.7786795555555556,0.45920213638322777,0.1266058075268237,0.42737865452396645,0.3152720838274775,0.3765680017083043
fashion,TriMap,1,n_inliers,20.0,n_outliers,10.0,0.8621942222222222,0.5327633333333334,0.8511748888888888,0.725208888888889,0.7783328888888889,0.4904313727126739,0.12430834319833392,0.43564774735568934,0.31650760154722307,0.37570407490862634
fashion,TriMap,1,n_inliers,30.0,n_outliers,2.0,0.8543702222222221,0.5256411111111111,0.8436706666666667,0.7284155555555556,0.7783519999999999,0.4749478238516667,0.12949118149769398,0.4399347890156129,0.3351836495686418,0.3918358743216833
fashion,TriMap,1,n_inliers,30.0,n_outliers,5.0,0.8550706666666666,0.5250006666666667,0.8472344444444445,0.7211146666666668,0.7781404444444444,0.47579626992328217,0.12422383320594002,0.42937850533067606,0.3210797855003322,0.37235168421965537
fashion,TriMap,1,n_inliers,30.0,n_outliers,10.0,0.8591066666666667,0.5173244444444445,0.8524102222222222,0.7231333333333333,0.7806226666666668,0.4559419359349887,0.11843647699659923,0.4334710114051431,0.32015213993693525,0.37967580149064517
fashion,TriMap,1,n_inliers,40.0,n_outliers,2.0,0.8554368888888889,0.5349502222222222,0.8462328888888887,0.7236768888888889,0.78004,0.47253285635029335,0.12258538521067314,0.44019781134370584,0.32621145491759307,0.3727781926331931
fashion,TriMap,1,n_inliers,40.0,n_outliers,5.0,0.8601995555555557,0.49261244444444446,0.8486533333333335,0.722281111111111,0.7811137777777777,0.4598567810117695,0.11470420640495689,0.43809514423523577,0.3163006872523183,0.3851926699613618
fashion,TriMap,1,n_inliers,40.0,n_outliers,10.0,0.8663577777777778,0.5083366666666667,0.8579857777777777,0.7224853333333334,0.779132,0.4903206002266461,0.11783246720806767,0.46500920654056693,0.3242596014199595,0.3847013424206855
fashion,TriMap,1,n_inliers,60.0,n_outliers,2.0,0.8581622222222223,0.5400731111111111,0.8433657777777778,0.7256982222222221,0.7773351111111111,0.4965544351550274,0.1253377752774945,0.44037840842827713,0.32265610900403774,0.372753021758258
fashion,TriMap,1,n_inliers,60.0,n_outliers,5.0,0.8545586666666667,0.4893706666666666,0.8531695555555555,0.7224551111111113,0.7794008888888889,0.46690838221561737,0.10981383363711991,0.46238334123096425,0.32513023057190416,0.3867322004817768
fashion,TriMap,1,n_inliers,60.0,n_outliers,10.0,0.856508,0.5067877777777777,0.8543137777777778,0.7229224444444444,0.7789484444444443,0.43500995646669127,0.11314996088668451,0.4429658742513908,0.3152669263973306,0.38492310638899707
fashion,TriMap,1,n_inliers,80.0,n_outliers,2.0,0.8555542222222222,0.502804,0.8501359999999999,0.7213866666666667,0.7821542222222222,0.45505710277999945,0.11999712429395042,0.4306548891301475,0.32012266997117683,0.3717391394991093
fashion,TriMap,1,n_inliers,80.0,n_outliers,5.0,0.855356,0.520361111111111,0.8497784444444445,0.7221382222222222,0.7801186666666668,0.4558202451421267,0.117177553449782,0.42905363571878835,0.31542978285933215,0.3849502838042339
fashion,TriMap,1,n_inliers,80.0,n_outliers,10.0,0.8579222222222221,0.5097444444444444,0.8554951111111111,0.723028,0.7789048888888889,0.4252694823909821,0.11769315195265953,0.4608379684040067,0.3198876692190476,0.38138564682669224
fashion,TriMap,1,n_inliers,120.0,n_outliers,2.0,0.8537502222222223,0.513428,0.8490373333333334,0.7227555555555556,0.7790542222222223,0.44626585053933976,0.11369808951809722,0.4465378160829088,0.3184622480106478,0.37857736164430233
fashion,TriMap,1,n_inliers,120.0,n_outliers,5.0,0.855312,0.5076626666666667,0.8516577777777777,0.7226573333333334,0.7781995555555556,0.43986891485036017,0.11588914024945615,0.4477706807614298,0.316694760117015,0.3841394762548791
fashion,TriMap,1,n_inliers,120.0,n_outliers,10.0,0.8579271111111112,0.5087517777777777,0.8551951111111111,0.7209888888888888,0.780436888888889,0.4211750240226714,0.12236188779389352,0.45148425818185367,0.31339119519138,0.39253962667073716
fashion,TriMap,2,n_inliers,5.0,n_outliers,2.0,0.8249102222222223,0.6117144444444444,0.8042088888888891,0.735896,0.8373644444444444,0.42312272319852623,0.14240476238391794,0.38297000112236557,0.3386704983081987,0.5248136415774056
fashion,TriMap,2,n_inliers,5.0,n_outliers,5.0,0.8442088888888888,0.5794528888888889,0.8259924444444445,0.7337151111111111,0.8454617777777779,0.45575570336125293,0.13667592158743544,0.41435363387251506,0.33796635970637323,0.5660873258940335
fashion,TriMap,2,n_inliers,5.0,n_outliers,10.0,0.8299773333333333,0.48071755555555556,0.8281208888888888,0.7316942222222221,0.7785631111111111,0.44797602223857574,0.10297062119232529,0.43131521284137186,0.33368696225573613,0.3798954418503101
fashion,TriMap,2,n_inliers,8.0,n_outliers,2.0,0.8350466666666666,0.5572735555555555,0.8231431111111112,0.7368608888888889,0.7787279999999999,0.44885143089547486,0.13834491482139594,0.41112984656060025,0.35161392864610963,0.39175583810730946
fashion,TriMap,2,n_inliers,8.0,n_outliers,5.0,0.842556,0.5419464444444444,0.827496888888889,0.7280102222222222,0.7787302222222223,0.4778979371045917,0.1212288446109906,0.4091946482013296,0.32964675701681656,0.3771646617683526
fashion,TriMap,2,n_inliers,8.0,n_outliers,10.0,0.8513786666666667,0.514194,0.8464226666666668,0.7228604444444445,0.7815222222222222,0.4614574105624597,0.11275404830603032,0.42753250830144873,0.32500741540490935,0.3856342809675993
fashion,TriMap,2,n_inliers,10.0,n_outliers,2.0,0.8385488888888889,0.5825915555555556,0.8267304444444444,0.7311613333333333,0.7791622222222222,0.4336760074662396,0.13849427668459494,0.3995329193593826,0.33081196718399275,0.4029685154169365
fashion,TriMap,2,n_inliers,10.0,n_outliers,5.0,0.8466226666666666,0.5366182222222222,0.8382995555555557,0.7281751111111112,0.7793684444444445,0.45905369059636264,0.11594313793046332,0.4228523759464691,0.32176087078386845,0.38075103151953876
fashion,TriMap,2,n_inliers,10.0,n_outliers,10.0,0.8496142222222222,0.5379542222222222,0.8401951111111111,0.7237848888888889,0.8490315555555554,0.5036891757397123,0.1294173950794102,0.44662234635054177,0.3311692832422694,0.5899766081054976
fashion,TriMap,2,n_inliers,15.0,n_outliers,2.0,0.8335448888888889,0.550138888888889,0.8279755555555556,0.7218097777777778,0.7764826666666668,0.4384955100743195,0.1295263413412984,0.3987699591412125,0.3202505536193722,0.37002968091716304
fashion,TriMap,2,n_inliers,15.0,n_outliers,5.0,0.8441546666666666,0.5157295555555556,0.838280888888889,0.7277586666666667,0.7799097777777778,0.4622225546815998,0.12078821177639462,0.4406913479165461,0.3268517659473357,0.3934079241273202
fashion,TriMap,2,n_inliers,15.0,n_outliers,10.0,0.8586071111111111,0.5070244444444444,0.8481479999999999,0.7262871111111111,0.7794271111111111,0.47030871824712794,0.11569838325582424,0.4435360614857327,0.3218058032356054,0.3900242258857567
fashion,TriMap,2,n_inliers,20.0,n_outliers,2.0,0.8446924444444445,0.5242482222222222,0.8336822222222222,0.7252799999999999,0.7813937777777776,0.4765858736387676,0.13106556370264055,0.4312946746358709,0.34016648425251655,0.3838222161035454
fashion,TriMap,2,n_inliers,20.0,n_outliers,5.0,0.8554808888888888,0.5125231111111112,0.8438608888888889,0.722932,0.8459462222222224,0.489138132442064,0.11718226243970843,0.43539189830372715,0.32696441676906923,0.5937550368674978
fashion,TriMap,2,n_inliers,20.0,n_outliers,10.0,0.8580506666666665,0.5067795555555556,0.8488915555555556,0.7227226666666667,0.7786582222222223,0.46464298345075494,0.11283224988786439,0.4367197204725519,0.32264589266511245,0.3798052920781942
fashion,TriMap,2,n_inliers,30.0,n_outliers,2.0,0.8469324444444443,0.5009855555555556,0.8362115555555554,0.7265351111111111,0.7785177777777778,0.475007004465004,0.12336426130685094,0.4297345475253864,0.3218543141695551,0.381324278045334
fashion,TriMap,2,n_inliers,30.0,n_outliers,5.0,0.8606115555555556,0.5253548888888889,0.8518075555555555,0.7228066666666666,0.7775742222222222,0.45726977685945963,0.11700404620692062,0.42422268541162617,0.31627004480095,0.3674901917041512
fashion,TriMap,2,n_inliers,30.0,n_outliers,10.0,0.8594368888888889,0.5042608888888889,0.8527764444444444,0.7247575555555555,0.7783102222222222,0.4794875643422859,0.1133788956250795,0.46271085639624254,0.32283357297878795,0.3882434085199036
fashion,TriMap,2,n_inliers,40.0,n_outliers,2.0,0.8498111111111111,0.5158024444444445,0.8417077777777778,0.7271884444444445,0.7774711111111111,0.44537165852885136,0.12158762404888114,0.4097817647619049,0.3238381222540209,0.38164142448259264
fashion,TriMap,2,n_inliers,40.0,n_outliers,5.0,0.8522542222222221,0.48978822222222224,0.8470737777777777,0.7217555555555555,0.848544,0.4497473383313206,0.11138198727112879,0.42599791629660216,0.3134826370559388,0.5889242586131416
fashion,TriMap,2,n_inliers,40.0,n_outliers,10.0,0.8611373333333334,0.5127862222222223,0.8556364444444444,0.7228902222222222,0.7783382222222222,0.4443679011239378,0.11757532482087757,0.44264018247145687,0.31491436484666113,0.3803620670622469
fashion,TriMap,2,n_inliers,60.0,n_outliers,2.0,0.8573542222222222,0.5336195555555555,0.8449151111111112,0.7229137777777778,0.780772,0.4830523072417093,0.1269885931353829,0.42409996845592435,0.3148393429219091,0.37310647090344623
fashion,TriMap,2,n_inliers,60.0,n_outliers,5.0,0.8573635555555555,0.4872953333333333,0.8513146666666667,0.7228444444444445,0.7802413333333333,0.4602275521770475,0.10598271102150576,0.4298636593747008,0.31568103856593843,0.3816425025486853
fashion,TriMap,2,n_inliers,60.0,n_outliers,10.0,0.8595275555555556,0.498172,0.8554702222222221,0.7223715555555555,0.7795257777777777,0.43080221161911897,0.1163573277123703,0.43866184604280894,0.31699007101435916,0.38512602454980466
fashion,TriMap,2,n_inliers,80.0,n_outliers,2.0,0.8564422222222221,0.5224684444444445,0.8476471111111111,0.7225786666666667,0.7805795555555555,0.4397645695424974,0.11798194277730771,0.4333264868678954,0.31655916576113985,0.3717413898838104
fashion,TriMap,2,n_inliers,80.0,n_outliers,5.0,0.858332,0.5068962222222222,0.8547140000000001,0.7230586666666666,0.7782648888888889,0.44003347380419516,0.11767921077800482,0.4457245663939676,0.3172115401867642,0.38178962967707764
fashion,TriMap,2,n_inliers,80.0,n_outliers,10.0,0.8585497777777777,0.5010615555555555,0.8556413333333333,0.722808,0.7778693333333333,0.42856143998512264,0.11199406916872051,0.43689379024004965,0.3172384121457345,0.3826790502688205
fashion,TriMap,2,n_inliers,120.0,n_outliers,2.0,0.8521462222222222,0.5035408888888889,0.8463991111111111,0.7232871111111112,0.7768093333333334,0.4571613011801273,0.11526646974009983,0.4487938487811636,0.32202211215870563,0.3797641884798501
fashion,TriMap,2,n_inliers,120.0,n_outliers,5.0,0.8562564444444445,0.5177126666666667,0.8532286666666667,0.7222591111111111,0.7785102222222222,0.44117912616368016,0.11855255220160221,0.4464479177979661,0.3169585913915705,0.3758156981573611
fashion,TriMap,2,n_inliers,120.0,n_outliers,10.0,0.8569133333333333,0.4998993333333333,0.8553155555555556,0.7209964444444443,0.7809546666666667,0.424494599846867,0.11700519859968073,0.44699154810746106,0.31287205410754143,0.39094194095030044
fashion,TriMap,3,n_inliers,5.0,n_outliers,2.0,0.8149933333333333,0.5776946666666667,0.8046426666666667,0.7355053333333333,0.8377097777777778,0.4342859345720311,0.13412324833865616,0.3923228571136317,0.35506978022532765,0.5445578482201406
fashion,TriMap,3,n_inliers,5.0,n_outliers,5.0,0.8373075555555556,0.5513086666666667,0.826980888888889,0.7298124444444444,0.8444155555555556,0.4674669652069162,0.1281098565886257,0.4273415469899262,0.3468706012538169,0.5633815602727423
fashion,TriMap,3,n_inliers,5.0,n_outliers,10.0,0.8493177777777778,0.5305682222222221,0.8383497777777776,0.7256433333333334,0.7805364444444444,0.44707279897882507,0.12077491874667612,0.395848785838121,0.31934690206567445,0.36992293549532423
fashion,TriMap,3,n_inliers,8.0,n_outliers,2.0,0.8430253333333334,0.5642997777777777,0.8284237777777778,0.735895111111111,0.8427382222222222,0.45142297008893073,0.14621714476031472,0.4173841420450237,0.34944288924827954,0.5646093578044038
fashion,TriMap,3,n_inliers,8.0,n_outliers,5.0,0.8417973333333333,0.547668,0.8279168888888889,0.7272724444444445,0.7858613333333333,0.45183972468082884,0.13009364958616754,0.4127070143902545,0.32941993153292165,0.377540033095234
fashion,TriMap,3,n_inliers,8.0,n_outliers,10.0,0.8548484444444445,0.5271066666666666,0.8439737777777777,0.7232102222222222,0.7770333333333332,0.4644505030001093,0.12574133619771768,0.41533752991302286,0.3215527808602085,0.38119678455443784
fashion,TriMap,3,n_inliers,10.0,n_outliers,2.0,0.8332155555555555,0.5555886666666667,0.8242240000000001,0.7262173333333334,0.7773102222222221,0.44526106024742396,0.1358236265578114,0.40351583140354336,0.34646432881146505,0.36531887766706717
fashion,TriMap,3,n_inliers,10.0,n_outliers,5.0,0.8447088888888888,0.5087280000000001,0.8371573333333333,0.7279802222222223,0.7775106666666667,0.47540702077640346,0.11936166330817712,0.4260293360413571,0.3369219260664564,0.3716006446180794
fashion,TriMap,3,n_inliers,10.0,n_outliers,10.0,0.8587728888888889,0.5217402222222222,0.8463026666666666,0.7233368888888889,0.7842111111111111,0.4765167271721521,0.1273669360872654,0.43879120331625077,0.32317466833738934,0.3794312303909977
fashion,TriMap,3,n_inliers,15.0,n_outliers,2.0,0.8393782222222222,0.5376946666666667,0.8298464444444444,0.7248168888888887,0.7838786666666668,0.45467395005027017,0.13299953450818924,0.40829786619291586,0.33249697365922004,0.37778120319626335
fashion,TriMap,3,n_inliers,15.0,n_outliers,5.0,0.8503337777777776,0.506236,0.8428302222222224,0.728124,0.7788124444444444,0.46708067072746356,0.11445318666624821,0.4336290084587348,0.32520443573766006,0.4016174787031758
fashion,TriMap,3,n_inliers,15.0,n_outliers,10.0,0.8570533333333332,0.5026162222222222,0.8526857777777778,0.7240666666666667,0.7784733333333334,0.45260148712020715,0.11487006405771508,0.4286965264047127,0.31448306833302775,0.38445264665844314
fashion,TriMap,3,n_inliers,20.0,n_outliers,2.0,0.8448479999999999,0.5366835555555556,0.8341968888888889,0.7260973333333334,0.7726737777777779,0.49055958011040557,0.12482563552654594,0.4209469662279514,0.3365916505062522,0.3721711577066075
fashion,TriMap,3,n_inliers,20.0,n_outliers,5.0,0.8491679999999999,0.5176773333333333,0.8451582222222223,0.7240404444444444,0.7795733333333333,0.4729585331434374,0.1151715892483933,0.4348355964753033,0.3253497018051897,0.38595037272443466
fashion,TriMap,3,n_inliers,20.0,n_outliers,10.0,0.8603115555555555,0.5108142222222223,0.8510368888888888,0.7237546666666667,0.7791853333333334,0.46231306179743,0.1157796629750364,0.4382081195919587,0.32113939968460037,0.37236028056935133
fashion,TriMap,3,n_inliers,30.0,n_outliers,2.0,0.8514182222222223,0.544108888888889,0.8405751111111112,0.724211111111111,0.7790253333333333,0.4536276534911543,0.12842713224871413,0.413833437879045,0.3142103347308537,0.3775402446265903
fashion,TriMap,3,n_inliers,30.0,n_outliers,5.0,0.85666,0.49590022222222224,0.8481946666666668,0.7251271111111112,0.7797497777777778,0.4676859932258511,0.10740205773646654,0.4425884967522659,0.3276240000800825,0.3847385468426961
fashion,TriMap,3,n_inliers,30.0,n_outliers,10.0,0.8651271111111111,0.5209622222222222,0.85811,0.7215382222222222,0.7797506666666667,0.47101227115516286,0.11588202373881709,0.4595560320744454,0.3184396394255131,0.38364687755399923
fashion,TriMap,3,n_inliers,40.0,n_outliers,2.0,0.8456262222222222,0.5009206666666667,0.8414173333333334,0.7201013333333333,0.7807679999999999,0.43221690812065044,0.11184383232969913,0.427045369776402,0.3146445466988301,0.36977063992602116
fashion,TriMap,3,n_inliers,40.0,n_outliers,5.0,0.8620644444444443,0.5306504444444444,0.8522017777777777,0.7212604444444445,0.7811480000000001,0.4828316117069504,0.12384474015250832,0.4457535900315043,0.32349751887114037,0.3816066766583958
fashion,TriMap,3,n_inliers,40.0,n_outliers,10.0,0.855283111111111,0.5171079999999999,0.85228,0.7222115555555555,0.7786911111111112,0.4374093205794789,0.12039653783011667,0.44711018273670206,0.3167143784147256,0.37547582340583174
fashion,TriMap,3,n_inliers,60.0,n_outliers,2.0,0.8438964444444444,0.5097491111111111,0.838512,0.723468,0.7806453333333334,0.4600512045546872,0.11484988933550223,0.4308476393481624,0.31856867973657316,0.3810631664512746
fashion,TriMap,3,n_inliers,60.0,n_outliers,5.0,0.8598342222222223,0.5231182222222223,0.8523151111111111,0.7235048888888889,0.7790102222222222,0.4702055800030499,0.11704859658109207,0.4478523664118387,0.31830627143818546,0.3829074219631797
fashion,TriMap,3,n_inliers,60.0,n_outliers,10.0,0.8542968888888888,0.48385088888888894,0.849788,0.7217262222222223,0.779100888888889,0.4318620160647174,0.10527490160652714,0.431223260910546,0.31351711957061285,0.37897172468781726
fashion,TriMap,3,n_inliers,80.0,n_outliers,2.0,0.8530453333333333,0.49588622222222223,0.8465586666666667,0.722335111111111,0.7774964444444444,0.4570766518836011,0.11153015528458533,0.4258915293925478,0.320122240704813,0.37441735336033993
fashion,TriMap,3,n_inliers,80.0,n_outliers,5.0,0.8612124444444446,0.49128644444444447,0.8525566666666666,0.7207008888888888,0.7792915555555556,0.44497487122715074,0.11325719991883032,0.44383967203439095,0.31684183558390405,0.37024243347589
fashion,TriMap,3,n_inliers,80.0,n_outliers,10.0,0.8558417777777778,0.510326,0.8539159999999999,0.7215942222222222,0.7799035555555556,0.42670433571563726,0.11503185765519533,0.44090685735799173,0.3139220371192286,0.37347707274136954
fashion,TriMap,3,n_inliers,120.0,n_outliers,2.0,0.8655835555555554,0.5348664444444444,0.8531833333333334,0.7236164444444445,0.78134,0.457520912405609,0.13241503760191423,0.4411344206957153,0.3264934734533403,0.38369557458355935
fashion,TriMap,3,n_inliers,120.0,n_outliers,5.0,0.857083111111111,0.49314666666666673,0.854824888888889,0.7215475555555556,0.7789257777777777,0.44071427123255275,0.10638118441629121,0.4493088707145739,0.3172306220726215,0.37350452817480395
fashion,TriMap,3,n_inliers,120.0,n_outliers,10.0,0.8602653333333334,0.49295,0.8585591111111112,0.7198344444444444,0.7814026666666667,0.4368087905384957,0.1122490371540012,0.4521163619503686,0.31392860141557394,0.38844699326286203
fashion,TriMap,4,n_inliers,5.0,n_outliers,2.0,0.8265080000000001,0.5682966666666667,0.8123115555555555,0.7401408888888888,0.7760448888888888,0.4379556260377988,0.1451439683114788,0.39919925055115024,0.35149334419371936,0.4149082819710857
fashion,TriMap,4,n_inliers,5.0,n_outliers,5.0,0.8409328888888888,0.5258611111111111,0.835348222222222,0.7317075555555556,0.7801266666666667,0.48461048481868735,0.12743933432128632,0.4360464990348647,0.3490393403276619,0.39881811961823277
fashion,TriMap,4,n_inliers,5.0,n_outliers,10.0,0.84558,0.5230855555555556,0.8383479999999999,0.7218813333333334,0.7763457777777778,0.45980282386674026,0.12637049718541826,0.41488659849561155,0.32585680252338906,0.3665472835327041
fashion,TriMap,4,n_inliers,8.0,n_outliers,2.0,0.82594,0.5750317777777778,0.8158257777777778,0.7316955555555555,0.7804293333333332,0.4298239413656644,0.14052306964092776,0.3897966655528161,0.32448081330416856,0.37742557267505694
fashion,TriMap,4,n_inliers,8.0,n_outliers,5.0,0.8491320000000001,0.5648517777777777,0.8355857777777779,0.7235151111111111,0.8436875555555555,0.4395010397985713,0.13227001040530986,0.4043677250242649,0.32143224281549043,0.5536999452682108
fashion,TriMap,4,n_inliers,8.0,n_outliers,10.0,0.8502333333333334,0.5229211111111111,0.8370920000000001,0.7275613333333333,0.7789537777777777,0.4834887492302746,0.12308979178295273,0.43875012371673017,0.33680665585506786,0.3772099185419807
fashion,TriMap,4,n_inliers,10.0,n_outliers,2.0,0.8402999999999999,0.5699128888888889,0.8231244444444445,0.7294586666666667,0.8450888888888888,0.4480319833906852,0.13973997728629622,0.4035041893730711,0.3291641208790813,0.5564295259296652
fashion,TriMap,4,n_inliers,10.0,n_outliers,5.0,0.8422111111111112,0.5091277777777778,0.8363391111111111,0.7252528888888888,0.7802368888888889,0.45192396607150814,0.11664435458536888,0.42567155261360207,0.32249985507036055,0.3722154350580497
fashion,TriMap,4,n_inliers,10.0,n_outliers,10.0,0.8520862222222222,0.5097606666666666,0.8475931111111111,0.7256573333333334,0.7796586666666666,0.4857539487700573,0.11572076737782785,0.4373137965715586,0.3296992896180608,0.37955963459020425
fashion,TriMap,4,n_inliers,15.0,n_outliers,2.0,0.8314088888888889,0.5321615555555556,0.8216048888888888,0.7292133333333333,0.7775804444444445,0.4561250059456343,0.12397623589421325,0.4164184526107508,0.33684036162493347,0.3802851800586862
fashion,TriMap,4,n_inliers,15.0,n_outliers,5.0,0.8546222222222223,0.5219113333333333,0.8429926666666667,0.7260848888888889,0.7808106666666668,0.48448224390148503,0.11336696968597358,0.42643248838311115,0.3248026499953445,0.37876945367639525
fashion,TriMap,4,n_inliers,15.0,n_outliers,10.0,0.8624413333333334,0.5228044444444444,0.8535535555555556,0.7215315555555555,0.7779608888888889,0.4635396415562519,0.12042589363675515,0.4548620186887109,0.3231424917090595,0.37540164150477434
fashion,TriMap,4,n_inliers,20.0,n_outliers,2.0,0.8503968888888889,0.5578166666666666,0.8352146666666665,0.7248724444444445,0.7817608888888888,0.4659039308628839,0.14081426603064084,0.4157520680235266,0.32694163905571966,0.36972906923083976
fashion,TriMap,4,n_inliers,20.0,n_outliers,5.0,0.8553533333333332,0.5152455555555555,0.8451911111111111,0.7249057777777778,0.7788506666666666,0.4877114892067146,0.11602319599802675,0.43316809268381906,0.3265904589838083,0.3873787530586615
fashion,TriMap,4,n_inliers,20.0,n_outliers,10.0,0.8518751111111111,0.5031197777777778,0.8448833333333335,0.7240017777777779,0.7795631111111112,0.45554804875513083,0.11051931956548748,0.4343724655344132,0.31696709345059965,0.3822164379311961
fashion,TriMap,4,n_inliers,30.0,n_outliers,2.0,0.8506333333333334,0.5543106666666667,0.8401915555555556,0.720028,0.7785266666666667,0.48345760093417606,0.12791562756744324,0.44490636606738176,0.3256493246707393,0.3858252578471238
fashion,TriMap,4,n_inliers,30.0,n_outliers,5.0,0.8569715555555556,0.4909297777777778,0.8501495555555556,0.7239260000000001,0.7806844444444444,0.47198815031799596,0.10991251724399062,0.44214181490353954,0.3222307963649257,0.38918464385152207
fashion,TriMap,4,n_inliers,30.0,n_outliers,10.0,0.8608271111111111,0.5029106666666666,0.8543453333333333,0.7227666666666666,0.7780995555555555,0.44960927608803236,0.11610217244219784,0.44763381796608864,0.317237353287207,0.3706798445556142
fashion,TriMap,4,n_inliers,40.0,n_outliers,2.0,0.8562946666666668,0.5183468888888889,0.8447702222222222,0.7285151111111111,0.7794084444444443,0.4894805635175589,0.12213014157373316,0.4422033175977437,0.33736996535016794,0.39038588297905863
fashion,TriMap,4,n_inliers,40.0,n_outliers,5.0,0.8603386666666667,0.4879662222222222,0.8526266666666668,0.7239613333333333,0.779268,0.48369622898726783,0.10569026243320201,0.4590271529937613,0.3195877868145812,0.3837619750447341
fashion,TriMap,4,n_inliers,40.0,n_outliers,10.0,0.8599497777777777,0.5035455555555555,0.8529257777777778,0.7230204444444444,0.7802417777777777,0.45429930163523047,0.11759847584715832,0.45044144078323595,0.3206315104754643,0.3881739365458433
fashion,TriMap,4,n_inliers,60.0,n_outliers,2.0,0.8571937777777777,0.5305868888888889,0.8493631111111112,0.7252431111111111,0.7795879999999998,0.46742851019713766,0.1295497797957275,0.44215628435371246,0.331782446246366,0.3813906741220966
fashion,TriMap,4,n_inliers,60.0,n_outliers,5.0,0.8592777777777778,0.52622,0.8525864444444444,0.7218124444444445,0.7794644444444445,0.4583939503404047,0.12923567073312875,0.44238099751136595,0.31860330394682207,0.37575606328337025
fashion,TriMap,4,n_inliers,60.0,n_outliers,10.0,0.8624653333333332,0.5203213333333333,0.8565662222222222,0.7205,0.7796213333333333,0.4301301311695613,0.11730750285254724,0.4411126354792738,0.3155499814031022,0.37685703282446137
fashion,TriMap,4,n_inliers,80.0,n_outliers,2.0,0.8560768888888888,0.49454,0.8454204444444444,0.7238911111111112,0.7809084444444444,0.47517493363521934,0.11606199422363898,0.44381085872911563,0.3218883731000313,0.37880366244471514
fashion,TriMap,4,n_inliers,80.0,n_outliers,5.0,0.8624791111111111,0.5146502222222222,0.8558233333333334,0.7228377777777778,0.779143111111111,0.46574607770124726,0.11512040089668135,0.4584424977305575,0.32108603573781125,0.3873332427906782
fashion,TriMap,4,n_inliers,80.0,n_outliers,10.0,0.8595662222222222,0.5039373333333333,0.8566146666666669,0.7226866666666667,0.7777742222222223,0.4478304419253581,0.11141652020342874,0.44065458258544415,0.31590506329952445,0.38602910494562204
fashion,TriMap,4,n_inliers,120.0,n_outliers,2.0,0.8572155555555555,0.5130773333333334,0.8512448888888887,0.7218124444444445,0.7793813333333333,0.4646218424826864,0.11675235126050533,0.445936976102894,0.31817546306763494,0.37784264670986867
fashion,TriMap,4,n_inliers,120.0,n_outliers,5.0,0.8624213333333333,0.5079908888888889,0.8555426666666667,0.7223911111111112,0.7794608888888889,0.4336680778767896,0.11752909948146095,0.43635267501627767,0.3155522852207698,0.37506673370268945
fashion,TriMap,4,n_inliers,120.0,n_outliers,10.0,0.8594542222222222,0.5056817777777778,0.8538271111111111,0.7212195555555556,0.7815835555555555,0.42041777707812866,0.11265704947166202,0.4385670124818177,0.31371586563417475,0.3860538722813972
