dataset,method,seed,param1_name,param1_value,param2_name,param2_value,AUROC_kNN,AUROC_LOF,AUROC_IF,AUROC_centroid,AUROC_linear,AUPRC_kNN,AUPRC_LOF,AUPRC_IF,AUPRC_centroid,AUPRC_linear
synthetic,HIGH-D,0,,,,,0.9425075021036092,0.7482611143130153,0.7495350247777053,0.5769140745923445,0.5366137052128399,0.6890510749140265,0.12402376381750381,0.21204529685634263,0.08141470773743925,0.07976493514859086
synthetic,HIGH-D,1,,,,,0.9425075021036092,0.7482611143130153,0.7495350247777053,0.5769140745923445,0.5366137052128399,0.6890510749140265,0.12402376381750381,0.21204529685634263,0.08141470773743925,0.07976493514859086
synthetic,HIGH-D,2,,,,,0.9425075021036092,0.7482611143130153,0.7495350247777053,0.5769140745923445,0.5366137052128399,0.6890510749140265,0.12402376381750381,0.21204529685634263,0.08141470773743925,0.07976493514859086
synthetic,HIGH-D,3,,,,,0.9425075021036092,0.7482611143130153,0.7495350247777053,0.5769140745923445,0.5366137052128399,0.6890510749140265,0.12402376381750381,0.21204529685634263,0.08141470773743925,0.07976493514859086
synthetic,HIGH-D,4,,,,,0.9425075021036092,0.7482611143130153,0.7495350247777053,0.5769140745923445,0.5366137052128399,0.6890510749140265,0.12402376381750381,0.21204529685634263,0.08141470773743925,0.07976493514859086
synthetic,DR-SNE,0,lambda,0.0,k_density,40.0,0.42106578948472273,0.4459961795269963,0.43890808633228723,0.4228040459765486,0.6257530417391289,0.04743350923524976,0.05184617299114788,0.04071871586227116,0.03968869454810123,0.06594330676242392
synthetic,DR-SNE,0,lambda,0.0,k_density,80.0,0.5421204212419641,0.5728310174756858,0.647466986130022,0.6246766985542773,0.673086135139375,0.05684943876600092,0.06779269184759194,0.07908245666620556,0.06926404817359759,0.08645233305094661
synthetic,DR-SNE,0,lambda,0.0,k_density,300.0,0.5025650189303851,0.5087101583138912,0.6212060580587735,0.6398671475395533,0.6788185224987605,0.05267258682456577,0.049814397162657786,0.10346366910132149,0.0999506385098162,0.25281002834854194
synthetic,DR-SNE,0,lambda,5e-05,k_density,40.0,0.43710858817834575,0.45278561475303253,0.43024281060638475,0.4087201415437429,0.627374687394872,0.04197684978487255,0.05245503457467049,0.040462292544288826,0.03869319488556736,0.06589554245228912
synthetic,DR-SNE,0,lambda,5e-05,k_density,80.0,0.47634771505680795,0.45760566913227274,0.5899207969134203,0.5945760021610758,0.6829250695680114,0.045155212418736906,0.044466453712287954,0.06204167397593294,0.06199341546365658,0.087576486861666
synthetic,DR-SNE,0,lambda,5e-05,k_density,300.0,0.5218569814236421,0.505859484781447,0.6362522116209829,0.6454787294284643,0.6784863074549558,0.055329208668177705,0.04977606441609819,0.11024961323069078,0.1010920180636533,0.24810369816121997
synthetic,DR-SNE,0,lambda,0.0001,k_density,40.0,0.5204752688550913,0.5509354454156421,0.4482344364382856,0.4078031944657672,0.6361364397117784,0.06544459221752355,0.0684298785503994,0.041944723586709504,0.038603047439139865,0.07304882293701132
synthetic,DR-SNE,0,lambda,0.0001,k_density,80.0,0.46999200502684985,0.4733145749283347,0.4120943054482428,0.3729264873544357,0.6419694982965589,0.050774996867606406,0.04801473857386867,0.0461719211542234,0.03840282327618226,0.06656605463260726
synthetic,DR-SNE,0,lambda,0.0001,k_density,300.0,0.516857816155886,0.507287338328304,0.636397765434367,0.6433226873512478,0.6781004010909405,0.05302262865644288,0.049888879278419104,0.1107019173981404,0.09786300715873236,0.24122686397974713
synthetic,DR-SNE,0,lambda,0.0002,k_density,40.0,0.465577571793265,0.4848716316037178,0.45518662347871097,0.44213208232557244,0.6394241941478138,0.06049313815796747,0.04773277083726059,0.04229147684914657,0.04082679520871493,0.06858070812131481
synthetic,DR-SNE,0,lambda,0.0002,k_density,80.0,0.4937629981233206,0.4520586846129905,0.44652722024095653,0.40594832713785833,0.6388193278685637,0.0484347495839847,0.042047018012501394,0.04494060559857204,0.0399378619647808,0.06428315041621743
synthetic,DR-SNE,0,lambda,0.0002,k_density,300.0,0.5186355022109918,0.48550795764090404,0.6376238570669941,0.6441666477908119,0.6779493942528476,0.05563585716296751,0.04654660425291428,0.1094339123478196,0.10050194953713895,0.24524273827330123
synthetic,DR-SNE,0,lambda,0.0005,k_density,40.0,0.477393856874041,0.5323863526731147,0.441957166071448,0.4050674539156492,0.6812749003984063,0.04959754661996875,0.05973378730813127,0.04129138454896041,0.038634423832373296,0.07388624727151474
synthetic,DR-SNE,0,lambda,0.0005,k_density,80.0,0.5090121719900771,0.4516119560502987,0.44345423108576437,0.4068317171407023,0.6136464879584631,0.05179498566027883,0.0433984685087583,0.04439158566053464,0.039765443458541376,0.05878204567944255
synthetic,DR-SNE,0,lambda,0.0005,k_density,300.0,0.5085583125489199,0.5035394324995239,0.6329460007936248,0.6433923182821462,0.6783017435417313,0.05270776370068633,0.049134852955036924,0.11136706498547923,0.09831034937324035,0.23784243888637568
synthetic,DR-SNE,0,lambda,0.001,k_density,40.0,0.46206917958823795,0.4991380026325526,0.38074528586013917,0.358668925057823,0.6561649800041778,0.04970638944967799,0.053329826446050554,0.036819322353333156,0.03551944000038926,0.06748398670310754
synthetic,DR-SNE,0,lambda,0.001,k_density,80.0,0.4445045675373889,0.45560524799097984,0.4095187999318792,0.39509932474775566,0.6387790593784054,0.04315560806168687,0.04405554738251723,0.044194680337985875,0.04146269633715666,0.0750717097787763
synthetic,DR-SNE,0,lambda,0.001,k_density,300.0,0.5402252854238971,0.4981854011622493,0.6421469313313182,0.6535529811686085,0.6788151667912474,0.05689471254919756,0.05691065257408613,0.11721717549512765,0.10631238112642301,0.24151046734855164
synthetic,DR-SNE,0,lambda,0.002,k_density,40.0,0.48624789114755973,0.49820301862669353,0.44765767420945823,0.4217646155743419,0.664986296129443,0.04865228013551273,0.04677030792565515,0.042936004419232246,0.04031383750338187,0.1910591350984023
synthetic,DR-SNE,0,lambda,0.002,k_density,80.0,0.4514114525263863,0.4345116900265855,0.4842269162977486,0.4973108198916274,0.661965320440705,0.04276309180426142,0.04216279834938158,0.05144161993471787,0.049226956248354777,0.2257108964001447
synthetic,DR-SNE,0,lambda,0.002,k_density,300.0,0.5315725936011692,0.5010171988399319,0.6488671550898952,0.6533394742780825,0.6773898300250253,0.055388464467943876,0.0479425747528723,0.12175930029889956,0.10704086803066812,0.24671412865208997
synthetic,DR-SNE,0,lambda,0.005,k_density,40.0,0.5522152283684802,0.5006019300351762,0.3925800273322377,0.32732410010411084,0.6382337569075142,0.057309561492721706,0.05725936915455232,0.03754557145102052,0.03408188875287899,0.06464409214924818
synthetic,DR-SNE,0,lambda,0.005,k_density,80.0,0.4383644617151524,0.4732420077533622,0.3900431124522755,0.3415002864935289,0.6195911238180569,0.04115439904092097,0.04694759010681852,0.03738619616396233,0.03471323071936781,0.07160045604884543
synthetic,DR-SNE,0,lambda,0.005,k_density,300.0,0.5390239421341796,0.5016522664868007,0.6612333567393932,0.6714535834342142,0.6812572829339621,0.0552097585885228,0.04892311908524499,0.14777073974568727,0.12182975500253168,0.25367980927034817
synthetic,DR-SNE,0,lambda,0.01,k_density,40.0,0.5144500960151812,0.4440242818995654,0.3653593669122206,0.30775529174101657,0.6229451534774778,0.09382941738386551,0.04310613123043015,0.03600736162537793,0.03335370340204878,0.060460165022810736
synthetic,DR-SNE,0,lambda,0.01,k_density,80.0,0.4988729017390115,0.42903475590164086,0.4336480148053815,0.3858619008908565,0.6948932004137587,0.047139088440903004,0.040400323265558896,0.040570221755136165,0.03754267649929953,0.09379992936225898
synthetic,DR-SNE,0,lambda,0.01,k_density,300.0,0.5596875500734481,0.537776877329595,0.674522377955015,0.688242188122641,0.6813294306454953,0.057468403938637475,0.05253042906005051,0.1507515110193077,0.1420206869440685,0.2590829346488185
synthetic,DR-SNE,0,lambda,0.1,k_density,40.0,0.7949738212867627,0.6643344499450083,0.686055944677806,0.6428562440069161,0.6904527604469467,0.43443129453762713,0.23886115875212555,0.2525662273123372,0.17305443748668556,0.13680833781475885
synthetic,DR-SNE,0,lambda,0.1,k_density,80.0,0.6159971610714439,0.5842139968238229,0.6198344126127623,0.6368713396571641,0.5839702885656783,0.3013267130981255,0.18620882561035496,0.17635215227630657,0.17009487212815533,0.17464570685090297
synthetic,DR-SNE,0,lambda,0.1,k_density,300.0,0.5628528211852527,0.4996229023682067,0.7690493028937104,0.7575442596847816,0.7250668834453721,0.05183792679393068,0.049492046917231594,0.11716825097792576,0.11151716043884823,0.27108394291108734
synthetic,DR-SNE,0,lambda,1.0,k_density,40.0,0.8421978541928306,0.6720496409812424,0.7949620763104666,0.76310298918036,0.5954191236737615,0.46680691819568026,0.20255803018883548,0.35534764568923327,0.30960204808854036,0.2909160894005289
synthetic,DR-SNE,0,lambda,1.0,k_density,80.0,0.8534537361189061,0.7443148022775187,0.8167045442152217,0.7985233209088263,0.5105356632010597,0.521482235010913,0.2493549502491726,0.49487171295186877,0.48788508986517376,0.23946423857425397
synthetic,DR-SNE,0,lambda,1.0,k_density,300.0,0.7942909348078311,0.5357135366724302,0.849839639127214,0.8606626347840896,0.48828144990054523,0.29194574360187964,0.054492056032283485,0.39560150220106366,0.3678463700986304,0.25102988350138755
synthetic,DR-SNE,1,lambda,0.0,k_density,40.0,0.6128948094755113,0.5845801884061983,0.43592989591434217,0.4205758561877988,0.6392337577464411,0.06702966660643911,0.06720808242914876,0.07452665722026344,0.05945622147615714,0.10672478288716548
synthetic,DR-SNE,1,lambda,0.0,k_density,80.0,0.496859477231105,0.43166814737260684,0.5314022914448754,0.5260004412755379,0.6675760634027379,0.049727639809972066,0.04192220237628222,0.06802948979997982,0.05410439878390548,0.20812529075913047
synthetic,DR-SNE,1,lambda,0.0,k_density,300.0,0.4954903485657287,0.5477416507899755,0.45145507672405766,0.43100707299251095,0.7897976424476867,0.046465301733306014,0.05582541096440895,0.04439423450055556,0.0425568250551399,0.15368015622491346
synthetic,DR-SNE,1,lambda,5e-05,k_density,40.0,0.5468544856161792,0.5122076444695004,0.4253392830027541,0.40891645043326375,0.6008117456474376,0.06379553545390637,0.05064547858858033,0.1291125434227313,0.07783140425544323,0.0965072321567868
synthetic,DR-SNE,1,lambda,5e-05,k_density,80.0,0.47783177670451066,0.42636990467273883,0.5567496281456612,0.5523238693992193,0.6876557782347134,0.05283165480089615,0.041135510720150606,0.179205749603828,0.08120492585491945,0.18123203223424975
synthetic,DR-SNE,1,lambda,5e-05,k_density,300.0,0.5058980754178486,0.5454425716800098,0.44620675017344813,0.433090547894755,0.788311064019349,0.04817245554046255,0.05496584886118111,0.043956217985676234,0.04277497013918981,0.15079998465938685
synthetic,DR-SNE,1,lambda,0.0001,k_density,40.0,0.4782017434578385,0.5161606679200235,0.4251916318721744,0.4559718590367945,0.6379124479131275,0.05360451009275871,0.05098139191936851,0.04894227669883382,0.046569912980582495,0.06870494468353397
synthetic,DR-SNE,1,lambda,0.0001,k_density,80.0,0.41800286745207,0.39234764458695015,0.5229492642191813,0.5463368677322715,0.6882228928044403,0.04768359755138711,0.03782822149634168,0.1509991805498693,0.0731082700506006,0.18850368659088196
synthetic,DR-SNE,1,lambda,0.0001,k_density,300.0,0.525367890409304,0.5678826072840665,0.46184518611173336,0.4358216743470422,0.7887196214090784,0.05044876844814459,0.058906680829186764,0.04506746364541113,0.04319299019932741,0.1540800712120708
synthetic,DR-SNE,1,lambda,0.0002,k_density,40.0,0.43086529435007914,0.46952514221907904,0.3468861970521787,0.3818644143157839,0.6199401173994274,0.04017715947765718,0.046970220900234824,0.03550591896993948,0.03792299434763018,0.062001897888828816
synthetic,DR-SNE,1,lambda,0.0002,k_density,80.0,0.4795339593405699,0.41149698951089725,0.5184505188343278,0.516515533989542,0.68919688691014,0.05117627040544418,0.03972422246985949,0.06089563803174847,0.05353759660959853,0.20432571819063483
synthetic,DR-SNE,1,lambda,0.0002,k_density,300.0,0.501940857332934,0.5527500442533928,0.4525318393723485,0.4295548905661834,0.7870442844331245,0.047572284476185694,0.061209783684379994,0.04436338134290508,0.042562404600878415,0.15346486031515053
synthetic,DR-SNE,1,lambda,0.0005,k_density,40.0,0.5744535020583071,0.43501294883636643,0.443843493157293,0.4230641133088199,0.6136649443497855,0.0582841757552599,0.04415278498680573,0.044664227034606215,0.04145963813441956,0.06049853632023364
synthetic,DR-SNE,1,lambda,0.0005,k_density,80.0,0.48572691755613884,0.4226488445040642,0.528351533851958,0.5154928821249011,0.6888495711825262,0.05242470688644804,0.04100723101863313,0.06246889210121365,0.052232733916290276,0.20670090359418475
synthetic,DR-SNE,1,lambda,0.0005,k_density,300.0,0.533960179496795,0.550114136001792,0.4540641393155531,0.4391203348324956,0.7875006606549168,0.053753790077395336,0.05926083355699225,0.04555582223892972,0.04380150210030097,0.15124077116807702
synthetic,DR-SNE,1,lambda,0.001,k_density,40.0,0.5088603262251059,0.4754450297357632,0.39473774726321076,0.3829994823821161,0.6127756818587935,0.056938949159946885,0.04814438833301163,0.03948526858969049,0.03837819928548889,0.06044590252490732
synthetic,DR-SNE,1,lambda,0.001,k_density,80.0,0.5036161943088878,0.4045922018390955,0.5328095912832141,0.5173779508204286,0.6925442051545345,0.05445909064011732,0.03960565859039761,0.05658741356803928,0.05181930400821398,0.20802449236490123
synthetic,DR-SNE,1,lambda,0.001,k_density,300.0,0.4967621617132229,0.5358007850677727,0.4390934891723902,0.4391614422495321,0.788288412993635,0.04680776506796976,0.05442125025551996,0.044320283140540345,0.04377498202777125,0.15555032103554112
synthetic,DR-SNE,1,lambda,0.002,k_density,40.0,0.5018250854237294,0.5190784556027312,0.356286372723467,0.3545472773047629,0.6264267000223993,0.0687675846550003,0.06287759649727216,0.040288812610061855,0.037314239685748186,0.06076946494713012
synthetic,DR-SNE,1,lambda,0.002,k_density,80.0,0.49886702925086346,0.4380389580863743,0.5190591602845305,0.5128141886025073,0.6794015766791751,0.0514317593549268,0.04236051602302486,0.0733781947080806,0.0596457712732117,0.21299026233631219
synthetic,DR-SNE,1,lambda,0.002,k_density,300.0,0.5527370408867793,0.5682076914494056,0.45097437162279497,0.4470205092453937,0.7869754924291045,0.05675719095557591,0.060792484604581754,0.04487418530416843,0.044787840514023194,0.15565049983761517
synthetic,DR-SNE,1,lambda,0.005,k_density,40.0,0.5424358577482028,0.49461031427039787,0.4082402753693585,0.39914882478928254,0.5683050069672878,0.05892861923306049,0.05010109601469737,0.042332768460554275,0.039544386612556104,0.05453662569699792
synthetic,DR-SNE,1,lambda,0.005,k_density,80.0,0.4521908155963218,0.44509055796187746,0.5254782092937997,0.5320205805541783,0.683305942370757,0.0612773890642791,0.0418810510490398,0.07743276601718045,0.0617440204115243,0.18517672711032981
synthetic,DR-SNE,1,lambda,0.005,k_density,300.0,0.5004593124658662,0.5026266800559397,0.4481081779431023,0.46057672867175226,0.7831004891782628,0.04619028374140085,0.053407656239668484,0.04419725912417547,0.047032458407829436,0.14846120135829993
synthetic,DR-SNE,1,lambda,0.01,k_density,40.0,0.4989635058418673,0.4870792676839494,0.38602633055900215,0.39946174451488636,0.6394124491715177,0.08310726988824563,0.04690346835300948,0.05302941355906264,0.05315578016621046,0.07201546805148977
synthetic,DR-SNE,1,lambda,0.01,k_density,80.0,0.5089534471085966,0.38400032214792124,0.6574888066181265,0.6552975296120215,0.6640827718815201,0.04944412419707885,0.03766982316409713,0.08853481372270001,0.10562946395830583,0.16054540729147207
synthetic,DR-SNE,1,lambda,0.01,k_density,300.0,0.47695006455542327,0.47452640480403085,0.4777059376727665,0.484800742282502,0.7872758282515337,0.04354742273940355,0.04470331869182353,0.04911536864637453,0.05118119500951803,0.15657917243969335
synthetic,DR-SNE,1,lambda,0.1,k_density,40.0,0.768708698581123,0.6885509132138533,0.7076465668175896,0.6644770675143183,0.5563343593409055,0.2514169772087139,0.28389273680664046,0.13040589508349046,0.11172706286017414,0.2908305986084564
synthetic,DR-SNE,1,lambda,0.1,k_density,80.0,0.8126458159780336,0.6506054115817211,0.7884461312467543,0.8100501762165908,0.6939032666973713,0.2500770900370355,0.1310917590403001,0.20498535802049633,0.2073292257706905,0.35211298552087134
synthetic,DR-SNE,1,lambda,0.1,k_density,300.0,0.5908469721870572,0.5009819639110435,0.7832389121131813,0.7834318652951889,0.7051381754514895,0.056665871913183966,0.05142049295381972,0.15102374250173983,0.17129579010904716,0.11274687530886053
synthetic,DR-SNE,1,lambda,1.0,k_density,40.0,0.8409193296303101,0.8153681336980987,0.8391424825020827,0.8430153884357284,0.6656591154858351,0.5417667525699655,0.2386374260342718,0.5370102295141743,0.5111696546844193,0.2139469144100821
synthetic,DR-SNE,1,lambda,1.0,k_density,80.0,0.8933279306442371,0.7335526288193194,0.8587616264778746,0.8491173230850024,0.5405742790052677,0.5592556391666444,0.16322999694111479,0.5070616652740415,0.4859473110123881,0.22039534666236152
synthetic,DR-SNE,1,lambda,1.0,k_density,300.0,0.8360585872974725,0.5958062884280944,0.875033452209272,0.8805980541929983,0.7445895508301601,0.3614620108420944,0.08467101860903875,0.28639131491940073,0.29343236613560647,0.3730156620100811
synthetic,DR-SNE,2,lambda,0.0,k_density,40.0,0.37826206230038784,0.4691547560023121,0.20439069160292922,0.23358408857725552,0.6033620833574525,0.03837978017762806,0.043396034136275435,0.029649383575601634,0.030384038489298607,0.056848965952260105
synthetic,DR-SNE,2,lambda,0.0,k_density,80.0,0.36246423025522667,0.42603978694613,0.3421638776542598,0.3490883801077014,0.6182438072515162,0.03588257781930938,0.04546580156300266,0.03511302725459543,0.03578026847970896,0.0590404443493222
synthetic,DR-SNE,2,lambda,0.0,k_density,300.0,0.4521438356911373,0.5043527721080303,0.47020257567330176,0.44686027421163943,0.6058536961859866,0.04686820111253223,0.051788874595520916,0.044417987263746225,0.041846134073879965,0.0892928019518236
synthetic,DR-SNE,2,lambda,5e-05,k_density,40.0,0.45853897528437526,0.5346699116358319,0.27384418946660194,0.28548094419542297,0.51842493156454,0.04550662699191833,0.05286161799132548,0.032686468541735826,0.032592035990434094,0.047439505822421395
synthetic,DR-SNE,2,lambda,5e-05,k_density,80.0,0.3476143855825382,0.4227855895852261,0.33987696298402936,0.3497251256083269,0.6178704847906752,0.03553738070598268,0.04647953158967226,0.034941972893645624,0.035969204547911755,0.05882768035493743
synthetic,DR-SNE,2,lambda,5e-05,k_density,300.0,0.47169670444354395,0.5088792020798675,0.4813795984728175,0.44268829084588157,0.604404030540294,0.04715289348614621,0.053350997313622875,0.04530375980294635,0.04146030559582105,0.08700870550368421
synthetic,DR-SNE,2,lambda,0.0001,k_density,40.0,0.39960939564546616,0.49726006481549057,0.2671050898532633,0.28251030411938266,0.5818587096130114,0.043268514016656844,0.06174520983045255,0.0317958295563298,0.03238045686926492,0.0543466830311336
synthetic,DR-SNE,2,lambda,0.0001,k_density,80.0,0.42032250027055384,0.4592520631309254,0.37236021171158706,0.3598350334186522,0.6135575617093638,0.039493124784053237,0.04831827631517843,0.03674967441526191,0.03642971485751323,0.05820264581394838
synthetic,DR-SNE,2,lambda,0.0001,k_density,300.0,0.4683728761517417,0.5310197407883732,0.47735442731076116,0.44392319121073087,0.6055692999742449,0.04780469926208982,0.057651030579249835,0.045209791647210465,0.041571679349648276,0.08897791146275019
synthetic,DR-SNE,2,lambda,0.0002,k_density,40.0,0.491233633585263,0.5243779566929168,0.2688609638095334,0.25228712440195,0.5427630392307375,0.04497666661910232,0.05125873932432092,0.031930194183484334,0.031385685810128905,0.049347785416024574
synthetic,DR-SNE,2,lambda,0.0002,k_density,80.0,0.40778389914756646,0.47775123972419437,0.3321575773134038,0.34891220546325963,0.6199258556424964,0.03875232238892496,0.049323465411597905,0.03428960127507192,0.03569558576710304,0.059117358556110756
synthetic,DR-SNE,2,lambda,0.0002,k_density,300.0,0.4723099599915772,0.5066958948791064,0.48858598035736606,0.4496740349614387,0.6068486634636439,0.05068854861712795,0.05388317355272369,0.04659402388174018,0.04201550381161938,0.09119388999919832
synthetic,DR-SNE,2,lambda,0.0005,k_density,40.0,0.46580240419664776,0.49127599939261696,0.26473596034896,0.2759612214439777,0.5614442629565964,0.04605803366659151,0.04952991393626043,0.03189640956545202,0.031966640232921166,0.05235526505415215
synthetic,DR-SNE,2,lambda,0.0005,k_density,80.0,0.31061351561536543,0.4140452299037164,0.31605395642110434,0.34389374487730273,0.6369208363429835,0.03308775451238158,0.04002529434714419,0.033442599689563576,0.03509879410628148,0.06250115084775305
synthetic,DR-SNE,2,lambda,0.0005,k_density,300.0,0.4724055976557028,0.5346195760231343,0.47686449401383724,0.449846014971489,0.6065634283250237,0.04864116241131831,0.060894360519858706,0.04522338263580354,0.04208346877731176,0.09026384977104804
synthetic,DR-SNE,2,lambda,0.001,k_density,40.0,0.407434905566196,0.4849622357065736,0.27643060103238337,0.22676780769111382,0.5847194502679951,0.04373842252766801,0.046253433139375466,0.03267547705358668,0.030535582516541666,0.05571014092024685
synthetic,DR-SNE,2,lambda,0.001,k_density,80.0,0.3248828228882742,0.46308553950129155,0.3153815565281515,0.3406437421507904,0.6361423121999263,0.03386194387645341,0.04399126210340022,0.033459446063686435,0.03499421411587101,0.062009333713288005
synthetic,DR-SNE,2,lambda,0.001,k_density,300.0,0.4141840723020741,0.5408171483365338,0.46122773592930866,0.4456807430207576,0.6042572183365926,0.03999919299391093,0.058008538039557564,0.043948199233873955,0.04177332194794426,0.08942412476439288
synthetic,DR-SNE,2,lambda,0.002,k_density,40.0,0.4466153075631776,0.5026698847901718,0.27227623513106974,0.26512522242048864,0.6001045302890355,0.04405811908031463,0.0474016693223374,0.03216782964168479,0.03161820692604357,0.056432203419970586
synthetic,DR-SNE,2,lambda,0.002,k_density,80.0,0.34876203755204493,0.4851824540121259,0.32701873072041165,0.34207746818579543,0.6395131203969131,0.034918433521173076,0.04702843606055432,0.03397368100585369,0.0351304996672451,0.06272635376717131
synthetic,DR-SNE,2,lambda,0.002,k_density,300.0,0.4510549086031112,0.5243829902541866,0.48397439930738195,0.4609567625476196,0.6051548700963675,0.04824095894033624,0.06213335730017053,0.04673538765730148,0.042865806614657775,0.0948799282971972
synthetic,DR-SNE,2,lambda,0.005,k_density,40.0,0.5881464665658276,0.6207710744723779,0.31480898893371556,0.2075085633461102,0.6098788673480431,0.058797408906614716,0.07432181444289283,0.03393883587616178,0.02995922977941388,0.05803064005078117
synthetic,DR-SNE,2,lambda,0.005,k_density,80.0,0.3079608288261987,0.4492835144995927,0.32102711495563335,0.35168234201538756,0.6332303970053667,0.03303120373642227,0.043825952041199205,0.03368839613163295,0.0355477087186751,0.06200970883618369
synthetic,DR-SNE,2,lambda,0.005,k_density,300.0,0.4322193223316463,0.4519647248026215,0.48319923087183797,0.47227262774549306,0.6046758428488613,0.046064982306225494,0.04874212148136555,0.04610100089534709,0.043662526643940366,0.10706745768006647
synthetic,DR-SNE,2,lambda,0.01,k_density,40.0,0.4206614267293849,0.5581166594938418,0.25528586852841323,0.2737300954111539,0.6020223171328164,0.05037070992310684,0.06818499177734057,0.031197577097557782,0.03222612924095175,0.05640174879487099
synthetic,DR-SNE,2,lambda,0.01,k_density,80.0,0.3179272801403357,0.4649139806325341,0.3399944127469905,0.3667150727475442,0.6184946463881261,0.03346706756700765,0.04592072299824539,0.03477845527436,0.036488442477044,0.05941758670765462
synthetic,DR-SNE,2,lambda,0.01,k_density,300.0,0.499509647239637,0.5007751684355439,0.5083108291198231,0.5028712272409623,0.5986120793725498,0.054258923783960175,0.0546101623353042,0.04863989556965044,0.046757331863725445,0.12094517677261625
synthetic,DR-SNE,2,lambda,0.1,k_density,40.0,0.5828536768906687,0.6916482312485163,0.415640029899354,0.38859512466033946,0.649100376762061,0.18073585517742988,0.18682173249952566,0.09554999241770257,0.03971993614145501,0.16916862023733342
synthetic,DR-SNE,2,lambda,0.1,k_density,80.0,0.6634258921358156,0.6155248452389641,0.6482278928086349,0.6435718486341012,0.6241305571565077,0.25624538287898846,0.07865674631062172,0.21268126290353453,0.19751232861411014,0.29119313916356354
synthetic,DR-SNE,2,lambda,0.1,k_density,300.0,0.4949945427806566,0.5126837354729324,0.6240365973461388,0.6320558993757545,0.5681707786667606,0.15201029946361833,0.05153106753950671,0.27488576779655877,0.27456907147890613,0.20365216984375825
synthetic,DR-SNE,2,lambda,1.0,k_density,40.0,0.8476148050459774,0.7923286848395007,0.7745602135572262,0.749907508311668,0.693737159175469,0.5716136585574599,0.3524680354978849,0.38372472565147925,0.2979356680852115,0.27089962907327886
synthetic,DR-SNE,2,lambda,1.0,k_density,80.0,0.8629503883811983,0.7743563543258006,0.8575284039667819,0.8425099349915562,0.6917648420845991,0.6381502941685767,0.26029724894588113,0.5835921075494352,0.5700814021447543,0.40343013554787543
synthetic,DR-SNE,2,lambda,1.0,k_density,300.0,0.8470317508655628,0.5717613857058604,0.8645862957938724,0.8782977166927154,0.6820072835631573,0.42485196453067686,0.08365938905421558,0.32465382750450333,0.3257071807222437,0.3011925714322422
synthetic,DR-SNE,3,lambda,0.0,k_density,40.0,0.6152924624936765,0.5637471172375145,0.6577413236084929,0.5754878988992441,0.6870626569317593,0.07321937004259273,0.06642287890590746,0.08065727406978249,0.06725179696607159,0.20157457366339623
synthetic,DR-SNE,3,lambda,0.0,k_density,80.0,0.49319336677295866,0.4364097620887266,0.49579823473006274,0.4624290792190262,0.650075209794639,0.046215477344114624,0.041939018562491645,0.04917542540973659,0.052889367205890325,0.09177331162096286
synthetic,DR-SNE,3,lambda,0.0,k_density,300.0,0.4800331208331551,0.4748397439930738,0.40151375965919434,0.3609365444098527,0.5604056714812681,0.04463702185941454,0.04889147269787885,0.03839043630255168,0.036169682379642264,0.05601749454485138
synthetic,DR-SNE,3,lambda,5e-05,k_density,40.0,0.6798671810966285,0.4575054173703166,0.6208864269181433,0.5483796546809183,0.6891348063211463,0.08726171150948975,0.053307863295694424,0.08024086832254015,0.05777588713772184,0.12259581413449529
synthetic,DR-SNE,3,lambda,5e-05,k_density,80.0,0.5085818025015122,0.44118031978214745,0.4620213607561751,0.4131731654137294,0.6322924767554335,0.052410855291051564,0.04193052687686659,0.04773755691579329,0.04651108085210589,0.08041323376265179
synthetic,DR-SNE,3,lambda,5e-05,k_density,300.0,0.4880440335939879,0.5031472341839214,0.39361694095380945,0.35564794936908506,0.5663133945582168,0.04520914026518298,0.050747677850604245,0.03779505718452235,0.03587256362377791,0.05591436128476224
synthetic,DR-SNE,3,lambda,0.0001,k_density,40.0,0.7899578774814409,0.5157651138969076,0.6594376337564042,0.553639726207824,0.7004468963480674,0.16440564670942012,0.05359566720660234,0.09073370579938037,0.061640113830059726,0.12679618509129087
synthetic,DR-SNE,3,lambda,0.0001,k_density,80.0,0.5272747712036672,0.4131463197536239,0.47591063415321655,0.4225943142569751,0.6289099235821507,0.056886785313404506,0.04037134800827855,0.05489262607274475,0.0560717522610156,0.08200574645979669
synthetic,DR-SNE,3,lambda,0.0001,k_density,300.0,0.4861824548510527,0.49564680842853054,0.3871861469682441,0.3579541593575162,0.5614266454921523,0.04495687818967986,0.048046629885996214,0.037499488324089336,0.035953151634909156,0.0554847620881992
synthetic,DR-SNE,3,lambda,0.0002,k_density,40.0,0.5738654143166227,0.503448408933229,0.5839694496388,0.5406791448650544,0.6945442068323883,0.05713510500333402,0.05180827526239208,0.05691727975707231,0.05511090107967398,0.11153108812250957
synthetic,DR-SNE,3,lambda,0.0002,k_density,80.0,0.5122672082778594,0.4625133913702948,0.4933133333165548,0.45185440591812576,0.6497631289959136,0.04829519891062638,0.0435271290998916,0.04877650625914313,0.05259684994702898,0.09195338929781421
synthetic,DR-SNE,3,lambda,0.0002,k_density,300.0,0.4805037588118781,0.49600670805931885,0.4062167837389125,0.358748623111261,0.563469432440799,0.04474315946316598,0.051995911909900605,0.038628132556405625,0.03600022991948218,0.05587257799112849
synthetic,DR-SNE,3,lambda,0.0005,k_density,40.0,0.6931918567045778,0.4435846842153391,0.5663385623645658,0.4942579649815142,0.6859502398911408,0.10705692141558404,0.04421062638470283,0.053511414670740075,0.046011260159660325,0.09747524304079028
synthetic,DR-SNE,3,lambda,0.0005,k_density,80.0,0.4862604750507341,0.45316019560419096,0.4321287182287905,0.43049029403548156,0.6421599346979319,0.05168794441280721,0.04251413897082688,0.04770011398903639,0.053845056033224786,0.10453732416983666
synthetic,DR-SNE,3,lambda,0.0005,k_density,300.0,0.4790322810673499,0.4868800225503545,0.3971022626696834,0.36279476744527467,0.5644878896710485,0.04472320443496228,0.05037833173589774,0.03817837385933216,0.03631233192372278,0.05617687604427657
synthetic,DR-SNE,3,lambda,0.001,k_density,40.0,0.6278813992293618,0.46210273666336965,0.5137051289472558,0.443282251075714,0.6660945185356699,0.06875308803930863,0.04616347624697696,0.047628615411071724,0.04206337043098359,0.07041911429362392
synthetic,DR-SNE,3,lambda,0.001,k_density,80.0,0.4939173606689267,0.48164679668355426,0.49948028479889667,0.44843661781595456,0.6537304142033677,0.046729065591911145,0.046364888962091406,0.04894779062983112,0.05331515241151034,0.09156744797988405
synthetic,DR-SNE,3,lambda,0.001,k_density,300.0,0.49875461304917207,0.46840391644623863,0.40078221542132164,0.3688862155085701,0.5645331917224762,0.0465891562565045,0.046921725420520234,0.03837077846807868,0.036625388734710274,0.05655059938352934
synthetic,DR-SNE,3,lambda,0.002,k_density,40.0,0.6378033874189492,0.5368427322506143,0.626870492341017,0.5164568091080614,0.698969546115391,0.07003317798887161,0.060812697816367355,0.06269174397803276,0.05576973358604581,0.12218659946543586
synthetic,DR-SNE,3,lambda,0.002,k_density,80.0,0.5351774623972,0.42965933696253106,0.46097857464645514,0.4134005145977472,0.6254527059166994,0.057446841775245776,0.04105518647839091,0.0491988863657686,0.05043161322842599,0.08409939414367915
synthetic,DR-SNE,3,lambda,0.002,k_density,300.0,0.4919492382124482,0.49761451142157,0.40578473639659096,0.3676865500726091,0.5688335309006132,0.04599050812109015,0.05374339834035587,0.03882640728552872,0.03670709299411578,0.05670829570139673
synthetic,DR-SNE,3,lambda,0.005,k_density,40.0,0.6511490361988559,0.5457542330152961,0.625294148736702,0.5440365302319885,0.707442707586164,0.07640623462615545,0.06588988840185345,0.06867296779466056,0.05834726950784844,0.129505337125909
synthetic,DR-SNE,3,lambda,0.005,k_density,80.0,0.4606874670196871,0.44843326210844137,0.39408002859062796,0.3624852034271841,0.6394762076142682,0.04274478315486243,0.04411812970778527,0.03804997585031254,0.039817081256541126,0.07687227999326085
synthetic,DR-SNE,3,lambda,0.005,k_density,300.0,0.5499199244294668,0.5146690559304161,0.42963291076586474,0.395966775139912,0.5654820180218272,0.05182287631949581,0.054885194999489156,0.040934503422954516,0.0388000503705587,0.05839662996868079
synthetic,DR-SNE,3,lambda,0.01,k_density,40.0,0.592909893380783,0.5305952437879562,0.6126011850681083,0.48568832691973735,0.6731163365069938,0.06385302113949512,0.054766525389386575,0.06167326520883447,0.05641302613219643,0.10284387703431089
synthetic,DR-SNE,3,lambda,0.01,k_density,80.0,0.45005826347169753,0.4613321823256563,0.34826874854760786,0.32452627896499914,0.6152647779066929,0.041839954970541327,0.04619312992636487,0.03549106070887726,0.033844191635134246,0.06313610473873463
synthetic,DR-SNE,3,lambda,0.01,k_density,300.0,0.5607445979400989,0.5092089003430371,0.44614215280381947,0.42510186669619693,0.5641422517971911,0.054462316136567115,0.04776679315745372,0.04312374235555035,0.04103900958287762,0.05960598949070599
synthetic,DR-SNE,3,lambda,0.1,k_density,40.0,0.6675039156912044,0.7450509606132221,0.6017635081908626,0.6039644328560678,0.5973755011539439,0.27317667552633246,0.26845587995825015,0.20002568352397831,0.16527905207976396,0.1609585544061019
synthetic,DR-SNE,3,lambda,0.1,k_density,80.0,0.611035747513211,0.6095999241610103,0.6289174739240553,0.6366716750601301,0.5614081891008298,0.1851828146699845,0.11525690023474384,0.15797424873740948,0.19175522666356545,0.1918250128451037
synthetic,DR-SNE,3,lambda,0.1,k_density,300.0,0.5776925987354017,0.5363897117363353,0.7988379184881865,0.8111416200852517,0.6878931945412705,0.14826025987174504,0.06080981078375407,0.1641864462397207,0.15351772074401773,0.1398230484055607
synthetic,DR-SNE,3,lambda,1.0,k_density,40.0,0.8655636456070852,0.7926390877844698,0.8415753704491363,0.8362246948193749,0.6210684740507333,0.46708657334869325,0.285296252678397,0.42671728975999684,0.4331031771682631,0.25666958975211873
synthetic,DR-SNE,3,lambda,1.0,k_density,80.0,0.8597582716092882,0.7418185753511538,0.8473924894232294,0.8360527148093244,0.6883034297847566,0.5197368713045586,0.15151341984493333,0.465984275951769,0.5101046456172135,0.3478480783376581
synthetic,DR-SNE,3,lambda,1.0,k_density,300.0,0.8366265407940779,0.5959157683857117,0.8726894905113176,0.872667678412482,0.6081733290044707,0.3573217019443712,0.06505654814348902,0.32369116502937706,0.3264983151511005,0.17880104677492015
synthetic,DR-SNE,4,lambda,0.0,k_density,40.0,0.7339133673769861,0.48934437025534416,0.6488109469890495,0.5543469415662261,0.5341405487756281,0.25769818424513286,0.04753945939039714,0.10015982537612289,0.08424595317089062,0.048197210726468584
synthetic,DR-SNE,4,lambda,0.0,k_density,80.0,0.3988342272099222,0.3904801933558669,0.5248326550609522,0.49336450785613073,0.6387480190839087,0.03781448241822535,0.03810251285842217,0.04792458325171162,0.04451228677336027,0.06836403188365282
synthetic,DR-SNE,4,lambda,0.0,k_density,300.0,0.47407673999726513,0.5256850047692992,0.5898469713481302,0.5468435795667614,0.6919804462923207,0.0460486195784643,0.05657007282756574,0.0625127844138337,0.0605291014474913,0.1585921080182146
synthetic,DR-SNE,4,lambda,5e-05,k_density,40.0,0.5534023099012667,0.46725920072080596,0.4376404678191845,0.4372923131646922,0.5338024612436755,0.09595248885265666,0.042969019946998976,0.07167872435898288,0.18726361245269096,0.0882727706755788
synthetic,DR-SNE,4,lambda,5e-05,k_density,80.0,0.4695532462695019,0.5270558112884323,0.4436081741679313,0.424797336239376,0.5633209423833409,0.043551593773522655,0.05170381777830711,0.04112592711457759,0.040220145145612875,0.056842705949864555
synthetic,DR-SNE,4,lambda,5e-05,k_density,300.0,0.4719894899240687,0.533384675658285,0.5814300179782029,0.544260523708493,0.6911155126807992,0.046782934260855724,0.055744197060152864,0.06166237718810398,0.06004205606362935,0.20371859040989876
synthetic,DR-SNE,4,lambda,0.0001,k_density,40.0,0.612090278599227,0.4757319427281399,0.5722127283663829,0.5117063856597195,0.5264769517424093,0.1355028928705037,0.04403717920177823,0.08038341530060318,0.14779574427974662,0.058540241447465086
synthetic,DR-SNE,4,lambda,0.0001,k_density,80.0,0.4773678501408138,0.4791354690733801,0.528346080827249,0.5173729172591588,0.6279996879192012,0.04408976077888063,0.04965235376589475,0.048254867114041575,0.0471799229949916,0.0695891347956745
synthetic,DR-SNE,4,lambda,0.0001,k_density,300.0,0.48568077657783265,0.5353074960633357,0.5902060320520404,0.5480776410047324,0.6898126592388081,0.047777377026378604,0.055855564316145384,0.0643165901192759,0.060988539261673476,0.21641629097533083
synthetic,DR-SNE,4,lambda,0.0002,k_density,40.0,0.5688830275864325,0.43126630139790384,0.5633473685800072,0.5119047918664361,0.5063318006139267,0.09159321352282924,0.041533734513404946,0.07541089105761416,0.1876240033205535,0.07099082875876586
synthetic,DR-SNE,4,lambda,0.0002,k_density,80.0,0.39748187708211163,0.43839382415589273,0.471796536742061,0.47999956375802333,0.5980718104629283,0.03842147020069109,0.042221763338258805,0.043182268397434304,0.04355952745538477,0.06735977579161467
synthetic,DR-SNE,4,lambda,0.0002,k_density,300.0,0.4718712012342292,0.5094215683066847,0.5836766641582752,0.5462445857756593,0.6901507467707607,0.045863186842269706,0.05196866273833628,0.06201261409939584,0.0602026435009201,0.20701201710102704
synthetic,DR-SNE,4,lambda,0.0005,k_density,40.0,0.5482563324298091,0.40108339017062933,0.6064694685146548,0.6008318798925166,0.5571305009484069,0.0983103297736556,0.038245559204878425,0.08754842274306451,0.1864333884699696,0.05863210511520292
synthetic,DR-SNE,4,lambda,0.0005,k_density,80.0,0.39969832189456533,0.42988668614654874,0.36559342751126467,0.36879812818634916,0.549076802916781,0.037945436118704656,0.04147848881726089,0.036297743230449535,0.037280788412228635,0.05146725573253473
synthetic,DR-SNE,4,lambda,0.0005,k_density,300.0,0.47518244562285705,0.5536640550872945,0.5861716326943227,0.5446808260745185,0.6919024260926393,0.047123514018900414,0.06254478200801397,0.06240069670597399,0.060397081500462635,0.20111057257579987
synthetic,DR-SNE,4,lambda,0.001,k_density,40.0,0.764177654511455,0.47228143647771514,0.7142975791087073,0.6277886978093102,0.5982505018880049,0.17761165852992514,0.045561307950927096,0.11155589819659961,0.16635092092259754,0.06307001680040457
synthetic,DR-SNE,4,lambda,0.001,k_density,80.0,0.4854576220282064,0.44249911283482624,0.5353318249428062,0.5022579716929293,0.6140248439805739,0.04392671967482377,0.05285619811712117,0.04866307205483962,0.04604898431052978,0.06463666542051641
synthetic,DR-SNE,4,lambda,0.001,k_density,300.0,0.4756061036963957,0.513266789653347,0.5869652575211892,0.5478758790905025,0.6920140033674526,0.045677753117729356,0.05187318219942724,0.06291970847497964,0.06077950047849807,0.2031009513597883
synthetic,DR-SNE,4,lambda,0.002,k_density,40.0,0.7051616654040817,0.4402579196794628,0.6218025350692408,0.5721615538268069,0.5561061712300095,0.14117946181517602,0.04139586577814561,0.11161136923213258,0.18669230474772494,0.05615098072972528
synthetic,DR-SNE,4,lambda,0.002,k_density,80.0,0.4340406325844233,0.40332751957006674,0.5279811476351909,0.4775616422496999,0.5328100107466532,0.04158627881403329,0.03911831234962543,0.047736044382597986,0.043707127359634515,0.04947069838131374
synthetic,DR-SNE,4,lambda,0.002,k_density,300.0,0.478471038985771,0.5221040453892998,0.5752072778584546,0.5518024763443594,0.6916985668612139,0.0464500727704667,0.05651525158775943,0.0628738558829075,0.0620595904639896,0.20090794415647428
synthetic,DR-SNE,4,lambda,0.005,k_density,40.0,0.5718494730280814,0.41697014846488967,0.5493863669348715,0.5238410434908083,0.5814073669524891,0.07556928777019675,0.03926412810884147,0.06543052906453307,0.1292378187266111,0.05941137961398143
synthetic,DR-SNE,4,lambda,0.005,k_density,80.0,0.5521355303150421,0.4539194244290473,0.5154274458283942,0.48512624591128006,0.6446976885047723,0.05180054371870381,0.04294373499592655,0.048560405197388024,0.04949182494376114,0.15902177763552722
synthetic,DR-SNE,4,lambda,0.005,k_density,300.0,0.49639471174053,0.49837457917330463,0.6001796142446428,0.5646019837264965,0.7190517777280014,0.046443553094144545,0.05165577100711222,0.06837239540339182,0.06591029535950552,0.1831846710031244
synthetic,DR-SNE,4,lambda,0.01,k_density,40.0,0.6651163297955787,0.5278918019226526,0.6035709761501478,0.565760541745421,0.5816766624804216,0.1764174145714128,0.050606050882722575,0.08585006278502771,0.14842162105835577,0.06095931940462504
synthetic,DR-SNE,4,lambda,0.01,k_density,80.0,0.3944793577846961,0.46819460419010417,0.5371262895354778,0.5062831428549857,0.6348226802203694,0.03865530906696318,0.056016347706921835,0.04892957562404913,0.04636385553548178,0.07447228818835726
synthetic,DR-SNE,4,lambda,0.01,k_density,300.0,0.48879487315006137,0.5849417658907432,0.6125760172617595,0.5812538433337612,0.7300157131004303,0.04487069894033899,0.07456307428162187,0.07579871039063124,0.07405181500203403,0.12936725845149838
synthetic,DR-SNE,4,lambda,0.1,k_density,40.0,0.789428514621237,0.7489599404026346,0.61590068448044,0.5622571831016636,0.6260273708283312,0.4116291030082804,0.23352081945647427,0.09598620598741256,0.060848104927190685,0.20420713200237428
synthetic,DR-SNE,4,lambda,0.1,k_density,80.0,0.666217001859901,0.6739829479722718,0.7388827507405628,0.7513957645937622,0.8333748602138089,0.11851026593575512,0.17929196704144915,0.11451392980044262,0.10259587663685582,0.2667743411342735
synthetic,DR-SNE,4,lambda,0.1,k_density,300.0,0.5316774594609559,0.5423305724249768,0.7336793067779418,0.771134036186272,0.6161162886881616,0.050762169101149335,0.06414272880072701,0.15342436228995424,0.15498655022945135,0.11338312718194457
synthetic,DR-SNE,4,lambda,1.0,k_density,40.0,0.8085627588613747,0.7774738066055424,0.7395576674141505,0.6836230567307523,0.7517439192482545,0.4369743112940429,0.28083037907897385,0.16062057601983434,0.103329292094308,0.401903841787338
synthetic,DR-SNE,4,lambda,1.0,k_density,80.0,0.8543849449538129,0.7192619289110143,0.8277272044691313,0.82488492020547,0.7820291795546808,0.5071193869568377,0.16261472046494552,0.3566700981074989,0.3003811133978633,0.49457078490668754
synthetic,DR-SNE,4,lambda,1.0,k_density,300.0,0.8082792015765113,0.5844480574228669,0.8568832691973736,0.8508044050372525,0.6918596408218463,0.3112934546370545,0.07429590948423942,0.21798702995223967,0.22240862747630302,0.3074407369237857
synthetic,DenSNE,0,perplexity,5.0,dens_lambda,0.0,0.694096219879379,0.6346876129929638,0.638723270740999,0.6339174781186896,0.5589182541260522,0.12467329508012724,0.09330541666518478,0.08021083487015332,0.07559286124573532,0.10116086838837843
synthetic,DenSNE,0,perplexity,5.0,dens_lambda,0.01,0.7123168727490543,0.6282295538838539,0.6376452497023907,0.635226204048829,0.5618209411249506,0.12151738591926314,0.08398271245375928,0.08450997870395693,0.08265741624303403,0.10940648699826777
synthetic,DenSNE,0,perplexity,5.0,dens_lambda,0.05,0.7368831685261479,0.6510571737056826,0.6524246245173024,0.6511188348312373,0.5702127266885291,0.14154858697957365,0.09611137161298387,0.09852029104967835,0.09798502048109994,0.15554916054535975
synthetic,DenSNE,0,perplexity,5.0,dens_lambda,0.1,0.7293026252538803,0.6183469952575463,0.6442203391110227,0.6447287287992692,0.5604090271887813,0.1243940359079666,0.07984422693229556,0.08362862337556151,0.08262460049390066,0.11926298284067624
synthetic,DenSNE,0,perplexity,5.0,dens_lambda,0.2,0.7426541465219351,0.6434195834056908,0.6491381284715843,0.6430911435328386,0.5669140662030757,0.12913540839335103,0.07345261324125558,0.08017769145700251,0.0786462252300934,0.14034731435449999
synthetic,DenSNE,0,perplexity,5.0,dens_lambda,0.5,0.7419846828730561,0.674938485686649,0.6623394818284244,0.6597782380689916,0.5742873945364048,0.16193012160935058,0.11149376286528315,0.09124032668610758,0.08971852365854568,0.1419437523383957
synthetic,DenSNE,0,perplexity,5.0,dens_lambda,1.0,0.7108479117851608,0.6627623009750847,0.641518994562915,0.6410366116078956,0.5674862143340724,0.221954317623978,0.1887781572580367,0.18106373918931734,0.17780219873467357,0.12646413953653585
synthetic,DenSNE,0,perplexity,10.0,dens_lambda,0.0,0.8252632762275807,0.6356884527587691,0.7388449990310395,0.7234695666690995,0.5409912256637799,0.17008321798606796,0.178637692801824,0.11852149832355856,0.1148396769313641,0.10452662127154311
synthetic,DenSNE,0,perplexity,10.0,dens_lambda,0.01,0.8430694992193786,0.6518042380908038,0.741944833846337,0.7322757821105554,0.5427261264480927,0.23260191127195415,0.1736086737489394,0.1289206015980983,0.12148011472048106,0.1010844571579774
synthetic,DenSNE,0,perplexity,10.0,dens_lambda,0.05,0.8457263806429367,0.6575114576438403,0.7348428983581362,0.7212254372696622,0.5348150459857768,0.22627123672896235,0.14454716728546585,0.11837058834054741,0.10852908087772178,0.1670480919182849
synthetic,DenSNE,0,perplexity,10.0,dens_lambda,0.1,0.8505678276575734,0.7143269415494476,0.7228152037040299,0.7068286131112527,0.5343158844931917,0.22866313704941105,0.17670268784539475,0.10917220224875575,0.10107725715576149,0.12603483534551674
synthetic,DenSNE,0,perplexity,10.0,dens_lambda,0.2,0.8532255480080101,0.7185375155516069,0.713966202991781,0.7044057922867385,0.5347277975904342,0.3144519905565445,0.16637698657648456,0.11271513738298915,0.1038276441862454,0.11739657814400203
synthetic,DenSNE,0,perplexity,10.0,dens_lambda,0.5,0.8406944972269272,0.7088831450361956,0.7187732540044076,0.7137984176161222,0.5488343530489539,0.35415288266205663,0.22536841492446216,0.2187627980202748,0.1882174591536611,0.18512259811710682
synthetic,DenSNE,0,perplexity,10.0,dens_lambda,1.0,0.8339646258092498,0.7286721717048421,0.6934137528638866,0.6881582954348116,0.5509710998079697,0.35675356555588306,0.2538806247571074,0.3053763522252051,0.2903590971414965,0.1717458553940644
synthetic,DenSNE,0,perplexity,15.0,dens_lambda,0.0,0.7497632128886015,0.6053797024997505,0.640886443696681,0.6314736841222182,0.5645877219695654,0.11502580279994869,0.08600102423331073,0.16505936433849588,0.11981591397875867,0.12557812270570518
synthetic,DenSNE,0,perplexity,15.0,dens_lambda,0.01,0.818170149471602,0.6164988393446639,0.6662291662996361,0.6577379679009798,0.5676422547334352,0.1711871528376959,0.09578901900061981,0.17617889855634677,0.14953804585373642,0.1655087931965991
synthetic,DenSNE,0,perplexity,15.0,dens_lambda,0.05,0.8821743977973135,0.6238084092352427,0.6584724483829265,0.6433369491081787,0.5660138976626657,0.2769821411574694,0.09176267556681608,0.11311763186022522,0.10081919117556651,0.10351641519403093
synthetic,DenSNE,0,perplexity,15.0,dens_lambda,0.1,0.8880670201904531,0.6138146927975611,0.6641154900297734,0.6474191672979591,0.5674946036028553,0.30491702059176184,0.08675751988930794,0.10246462219604878,0.08884867086829534,0.08971798179929188
synthetic,DenSNE,0,perplexity,15.0,dens_lambda,0.2,0.8891727258160452,0.660272366000307,0.6794275834124022,0.65848545174954,0.5657571860379077,0.37453105856574265,0.10407130519476024,0.17152556927712084,0.10440119218418795,0.08081180226019424
synthetic,DenSNE,0,perplexity,15.0,dens_lambda,0.5,0.8747700291694875,0.7099854949542743,0.6747665056765988,0.6553428316634493,0.5598922482317519,0.354878152889562,0.1417906673542606,0.1689933976189483,0.09130250569612909,0.0865304863517794
synthetic,DenSNE,0,perplexity,15.0,dens_lambda,1.0,0.8690896552765566,0.7986978176995115,0.6899787667607103,0.6726675106271063,0.5425113611672493,0.3138822328065741,0.1912613413232579,0.22686787517860363,0.1461725033584458,0.06455444319432305
synthetic,DenSNE,0,perplexity,30.0,dens_lambda,0.0,0.6980542768911718,0.5328762859700386,0.4249516987849822,0.40865638310099256,0.5530709337843405,0.10274225288204059,0.05269968526094442,0.06337205654637601,0.04235841580946901,0.06815811033168767
synthetic,DenSNE,0,perplexity,30.0,dens_lambda,0.01,0.786948646768999,0.5371015411925681,0.41852384104349083,0.4056756759024127,0.5509467709284991,0.1329877827325783,0.05420167616260337,0.08049162627236042,0.04187499457130288,0.06656062833377967
synthetic,DenSNE,0,perplexity,30.0,dens_lambda,0.05,0.8933111521066712,0.549307927271751,0.4554206840777551,0.42671847879067004,0.5571162391914759,0.26588905919192407,0.05698448890855716,0.04669357729737869,0.041679479385508506,0.06894970846066485
synthetic,DenSNE,0,perplexity,30.0,dens_lambda,0.1,0.9101752602141444,0.5617915786842103,0.4511874590498818,0.42076713151605,0.5498125417890452,0.34342637933593884,0.05880346924662443,0.04306551957503401,0.04031721536303197,0.06937585263769011
synthetic,DenSNE,0,perplexity,30.0,dens_lambda,0.2,0.919530133834005,0.5687450241149532,0.4590960227315627,0.41315974258367666,0.5482353592578517,0.4045174138638354,0.063130904305659,0.04684281086927966,0.04046953952108047,0.06981487715085077
synthetic,DenSNE,0,perplexity,30.0,dens_lambda,0.5,0.919593053349877,0.630560931678634,0.48408849336283,0.42673190162072283,0.5601598659059278,0.4384277074712064,0.11939846864855898,0.047949645025307054,0.04131918279547121,0.07508019044329245
synthetic,DenSNE,0,perplexity,30.0,dens_lambda,1.0,0.9159630167474974,0.73074390163079,0.5414652193500162,0.4868108110828952,0.5678654092830615,0.34378850136489025,0.20393360666828242,0.07918660963717591,0.048752086810246384,0.08141336277829234
synthetic,DenSNE,0,perplexity,50.0,dens_lambda,0.0,0.7394267948211367,0.565792001503357,0.509009235746003,0.45291229271165495,0.6703168375141254,0.10040377789318819,0.06099321669735134,0.047842891616444186,0.04273779552473253,0.09892018458086804
synthetic,DenSNE,0,perplexity,50.0,dens_lambda,0.01,0.8371122794566104,0.5723066881767518,0.5234844995675332,0.4600532382996966,0.6673361303155455,0.174861286505397,0.0645502214596588,0.04972505771319952,0.04348685469661503,0.09568321012860309
synthetic,DenSNE,0,perplexity,50.0,dens_lambda,0.05,0.9330360176476659,0.585089417021323,0.5521292383634551,0.46907841365638736,0.6708294218367632,0.37832181658148123,0.0685823239958664,0.06381608514791254,0.04454825357578357,0.10128456402466643
synthetic,DenSNE,0,perplexity,50.0,dens_lambda,0.1,0.9396568285711648,0.5829287608462759,0.5763377318269562,0.47309267876902583,0.6695970382525489,0.48960762715529843,0.06428503285947237,0.05856765655692034,0.0447250926360141,0.09934896012597041
synthetic,DenSNE,0,perplexity,50.0,dens_lambda,0.2,0.9420066627572675,0.5828419319143724,0.5921959666073545,0.48030157743420926,0.672005597320132,0.6069567108768363,0.061590822366996936,0.06238445940388879,0.045217189828180154,0.10278909744743184
synthetic,DenSNE,0,perplexity,50.0,dens_lambda,0.5,0.9400913926941215,0.5892454607763933,0.6180298808975511,0.5172781185219115,0.6762144934685348,0.6479113431908293,0.07873055284746623,0.06458099571117869,0.05022162727995899,0.11015188458797803
synthetic,DenSNE,0,perplexity,50.0,dens_lambda,1.0,0.9347524620406561,0.6844124869232273,0.668976232362611,0.5882001578860385,0.6879091341519581,0.527878965891701,0.13940385521236354,0.08432890460923001,0.0642639753703777,0.13257163038071298
synthetic,DenSNE,0,perplexity,75.0,dens_lambda,0.0,0.788829520830135,0.6088419537264712,0.4430251199875168,0.4293569038229059,0.6403839264965826,0.1771523553633144,0.10987988413922137,0.041986258575417115,0.0406358944762647,0.07643865547558171
synthetic,DenSNE,0,perplexity,75.0,dens_lambda,0.01,0.8646005575508033,0.6273809793464592,0.4602403189935562,0.43384012906051095,0.6447715140700622,0.3615385932285423,0.12493135618407239,0.04386468809579933,0.04098950070986941,0.07877655026489448
synthetic,DenSNE,0,perplexity,75.0,dens_lambda,0.05,0.9346803143291228,0.6272354255330751,0.4974953838048522,0.4134760180167937,0.6411490278095872,0.7098461705591587,0.11497727845853274,0.04560769602347817,0.03932707119381246,0.07660272777766378
synthetic,DenSNE,0,perplexity,75.0,dens_lambda,0.1,0.9382323307318212,0.6211938936190383,0.48456248704906635,0.40412533903132475,0.640780738910016,0.7198319262558995,0.09533685827135342,0.0443347114415124,0.038721174478753034,0.07575981945730945
synthetic,DenSNE,0,perplexity,75.0,dens_lambda,0.2,0.9331752795094627,0.6118469898045217,0.5113284491010479,0.40896007463093514,0.6475257110115025,0.6884470814825427,0.07804746939895918,0.04643045864631992,0.03904845600711357,0.07839392409047471
synthetic,DenSNE,0,perplexity,75.0,dens_lambda,0.5,0.9285209131886856,0.6180751829489791,0.5705399081710639,0.437491138834848,0.6661482098558807,0.6294854792219248,0.10889393106112047,0.053578012729666766,0.04141007592206869,0.08472496652249885
synthetic,DenSNE,0,perplexity,75.0,dens_lambda,1.0,0.9247130240881075,0.6319837516642212,0.5878016676188487,0.4490406451683264,0.6865593008047826,0.6142064405261847,0.06843478830062497,0.05963511455122056,0.04263144615565429,0.10413070593284408
synthetic,DenSNE,0,perplexity,100.0,dens_lambda,0.0,0.839702046729905,0.6459174881858123,0.6152056335617732,0.5542026461431595,0.6554703485489501,0.23192132918609304,0.14422982242526083,0.37339089728625374,0.17461714619551089,0.21499043969041
synthetic,DenSNE,0,perplexity,100.0,dens_lambda,0.01,0.8864126563864567,0.6564527319234328,0.6173075648553397,0.5377227665459451,0.6529124604970307,0.37106179431527514,0.15587822509293917,0.36840367706699784,0.15564170948519354,0.2138687224435597
synthetic,DenSNE,0,perplexity,100.0,dens_lambda,0.05,0.9350955831338784,0.6618067632607074,0.6257538806660072,0.5157361709196066,0.6634904895054443,0.6815320705429807,0.13661636668338728,0.3151717540745667,0.14607369367109904,0.2156704948246533
synthetic,DenSNE,0,perplexity,100.0,dens_lambda,0.1,0.9270343347603479,0.6639791644120507,0.6471775563570104,0.5084475742009851,0.6658487129603297,0.6465262998985761,0.1195402247460432,0.29934688760097805,0.1303924964533282,0.2154190358258489
synthetic,DenSNE,0,perplexity,100.0,dens_lambda,0.2,0.9172792930195411,0.6478847717154125,0.6545731162526143,0.51763298459143,0.6704401597652346,0.5910891252104821,0.09255924944392438,0.29013248560489446,0.12064887613435868,0.21827605552573134
synthetic,DenSNE,0,perplexity,100.0,dens_lambda,0.5,0.9081064665322707,0.6416909745729652,0.6688227087438832,0.5118997583051663,0.6758713723753124,0.5413828783508109,0.07712865980279993,0.29715245442141847,0.14740489235003643,0.22327359471830174
synthetic,DenSNE,0,perplexity,100.0,dens_lambda,1.0,0.9069974051991655,0.6604133057158605,0.6446469334286354,0.4918183656194342,0.6735643234600028,0.5909972395908404,0.0801183239109603,0.21858435539804344,0.06837502804028758,0.2261522451828486
synthetic,DenSNE,1,perplexity,5.0,dens_lambda,0.0,0.6929888364000305,0.7148093245044668,0.644916228956568,0.6443696680953592,0.6276448218496828,0.14006701482786382,0.11507501798226719,0.12951740271304252,0.12187710362825667,0.1807110748616776
synthetic,DenSNE,1,perplexity,5.0,dens_lambda,0.01,0.6792648315980132,0.6724779131526117,0.6138209847491483,0.6154770264069014,0.6284803930204639,0.10016573377746604,0.11091432583393399,0.10515311981552486,0.09461547741713046,0.15228298388888276
synthetic,DenSNE,1,perplexity,5.0,dens_lambda,0.05,0.6744091228264453,0.6863571194271136,0.6031812946151801,0.5980449648028229,0.6274208283731781,0.08805404536389849,0.09414512129764624,0.0901203338824593,0.09412568733450657,0.12427999298645606
synthetic,DenSNE,1,perplexity,5.0,dens_lambda,0.1,0.6919905134148602,0.7007262589985395,0.6058453069172037,0.600516443386278,0.6254057260115151,0.11330935727031627,0.12937786155375902,0.13747701341963384,0.16289748752440908,0.15209908774224543
synthetic,DenSNE,1,perplexity,5.0,dens_lambda,0.2,0.6956868252406252,0.6828113949760024,0.6090860814480549,0.6043914466371196,0.6268746869754086,0.10498339906132276,0.12205532165857777,0.10140613781568425,0.11455694533637126,0.12013194900296975
synthetic,DenSNE,1,perplexity,5.0,dens_lambda,0.5,0.6962346444921513,0.7142766059367499,0.6234946505827605,0.6121917887515007,0.6244057251725882,0.11286925124679252,0.14366388880794198,0.10732890149214974,0.1285978519047467,0.13326883974278464
synthetic,DenSNE,1,perplexity,5.0,dens_lambda,1.0,0.6934821254044676,0.7093210648666651,0.6181456528067557,0.6122706478780603,0.6372765413393803,0.18795121063696538,0.18136798183873074,0.1703974573710953,0.17994897458332812,0.13299120444032153
synthetic,DenSNE,1,perplexity,10.0,dens_lambda,0.0,0.802902519213523,0.5983763409197491,0.6605043292821554,0.6597505534820081,0.6109233313115194,0.23351550411587713,0.1117954413578964,0.20213030292235498,0.18991640726420322,0.23303602612341767
synthetic,DenSNE,1,perplexity,10.0,dens_lambda,0.01,0.7835921003289432,0.591225328209168,0.6635446002890941,0.6665123041210604,0.6069057104913678,0.20468200316104052,0.08421772060975061,0.19198986612396796,0.1691420226628634,0.2288658335958363
synthetic,DenSNE,1,perplexity,10.0,dens_lambda,0.05,0.7974419441627049,0.6244434768821114,0.6411217626860425,0.64980423641295,0.6159963221445655,0.15337948772497764,0.07085314186657965,0.11092104173463543,0.11378452791462015,0.268009833598933
synthetic,DenSNE,1,perplexity,10.0,dens_lambda,0.1,0.8152087375912227,0.6684997218957398,0.6510001266779586,0.6465340994413585,0.6088637658253069,0.2281609058407576,0.08886867334297212,0.2498171580123295,0.23778915228820136,0.3028521678641638
synthetic,DenSNE,1,perplexity,10.0,dens_lambda,0.2,0.8083622553374625,0.6962870774220448,0.645203980875823,0.6450382928173597,0.6093335648771517,0.2376206946318848,0.09784541543520273,0.1593172166401926,0.1765113338188701,0.3113630347717415
synthetic,DenSNE,1,perplexity,10.0,dens_lambda,0.5,0.8073639323522923,0.7396558218589109,0.6447262120186343,0.6491012156889393,0.6127261851729742,0.345253035901491,0.14723982915901002,0.2389197138983659,0.2581906884733285,0.2827780392831513
synthetic,DenSNE,1,perplexity,10.0,dens_lambda,1.0,0.7765107185492605,0.7444855238972516,0.6383277167178831,0.6340114379290587,0.6239115972412728,0.32040485511488337,0.18816333396399276,0.274191745819458,0.2880077314468509,0.26786657153446125
synthetic,DenSNE,1,perplexity,15.0,dens_lambda,0.0,0.6923437016306221,0.552807510744556,0.6637597850333767,0.6668453580917433,0.5950181166259367,0.1390768237790022,0.06307841602256542,0.18432959231421997,0.12271153540775187,0.11930086647883448
synthetic,DenSNE,1,perplexity,15.0,dens_lambda,0.01,0.7412615279039663,0.5519908154285365,0.6742753139893575,0.6682161646108764,0.59200636913286,0.14900277311954852,0.06584650678476821,0.13435230242127533,0.11398160662782011,0.12741060720019964
synthetic,DenSNE,1,perplexity,15.0,dens_lambda,0.05,0.8256651222022837,0.5842874029256736,0.6804057721524934,0.6764653326051449,0.5965625810088767,0.3335196392814632,0.08449280627884091,0.10867146758948683,0.10206817248991847,0.11901246165272958
synthetic,DenSNE,1,perplexity,15.0,dens_lambda,0.1,0.8542935019240789,0.6058348203312252,0.6765232185597471,0.6704242201545471,0.5947194586572639,0.3764869215986554,0.09843942146320617,0.16009601226806647,0.10643370787657583,0.12052788050303652
synthetic,DenSNE,1,perplexity,15.0,dens_lambda,0.2,0.8545200121812184,0.6422740287533799,0.6778789243950708,0.6772941923608996,0.6026204719970403,0.4246660404149169,0.08789874322301021,0.17530904993309077,0.12845723037048895,0.12300518984270956
synthetic,DenSNE,1,perplexity,15.0,dens_lambda,0.5,0.8604596144795423,0.7542309179789581,0.6892631621335253,0.6840089630947678,0.6111926268394521,0.40078917349036836,0.1449103200710352,0.16774789263503834,0.16736175268682046,0.14417499670717365
synthetic,DenSNE,1,perplexity,15.0,dens_lambda,1.0,0.8719956979829682,0.8372532191721638,0.7091415345147101,0.7045920340537197,0.6202597485400576,0.4171863577652618,0.19824902874519632,0.2707012642877783,0.2545098836523009,0.17463133043109325
synthetic,DenSNE,1,perplexity,30.0,dens_lambda,0.0,0.7921206309736837,0.5984103174583201,0.6686620542466899,0.6442689968699639,0.6887279267851736,0.25385687838685256,0.11941109231512584,0.10070970390322266,0.08954810097322985,0.16293543813634645
synthetic,DenSNE,1,perplexity,30.0,dens_lambda,0.01,0.8460434950029321,0.6099057130081484,0.6781276662144851,0.6434862780925151,0.6896817866457943,0.30477640647607296,0.14937782833445196,0.09941673250409258,0.0861760771239452,0.1658102975379188
synthetic,DenSNE,1,perplexity,30.0,dens_lambda,0.05,0.9079034462277233,0.6285449903900926,0.678512314188183,0.632649859605587,0.6878831274187309,0.46893311902076296,0.1613743445867821,0.09157337481725393,0.0776149162484399,0.10585199145412533
synthetic,DenSNE,1,perplexity,30.0,dens_lambda,0.1,0.9271777912565362,0.6372597628018144,0.6826834586270626,0.6243587452674038,0.6902044380909717,0.5286753923016286,0.15365402116980648,0.08295014343360566,0.0700886276972433,0.10302064414651921
synthetic,DenSNE,1,perplexity,30.0,dens_lambda,0.2,0.9275712479624564,0.6378658874713821,0.6705055960617416,0.6284308963346446,0.6921096410315781,0.5131903269450047,0.1462436303186613,0.08267273910117165,0.07153071423102957,0.104088077406074
synthetic,DenSNE,1,perplexity,30.0,dens_lambda,0.5,0.9335435684090339,0.6537618739613036,0.7144385188242608,0.6681020705554285,0.6822782569448465,0.5659083984045721,0.12374340944465795,0.19344645084025494,0.09802497511562233,0.1106663694592805
synthetic,DenSNE,1,perplexity,30.0,dens_lambda,1.0,0.9182398642951881,0.7581935890885815,0.7175349979320452,0.6774544273946539,0.6757287548060024,0.488591792496683,0.18420870672730694,0.262033268854266,0.21691567609739543,0.13391040807610383
synthetic,DenSNE,1,perplexity,50.0,dens_lambda,0.0,0.7720476275567345,0.5661267333277964,0.6173717427615292,0.6115785332034674,0.6352757007346483,0.19183905058263234,0.07347070541177353,0.07583783225018312,0.14784048724821724,0.16189675925463698
synthetic,DenSNE,1,perplexity,50.0,dens_lambda,0.01,0.862433609424169,0.574872126570576,0.6236876037647683,0.605717790031703,0.6336792228852541,0.35052418329326135,0.07622286636543352,0.0824943854277202,0.14563102510991865,0.08855994235670789
synthetic,DenSNE,1,perplexity,50.0,dens_lambda,0.05,0.946385861061964,0.593323064868343,0.6324426446666482,0.5876926071246704,0.6258713304289685,0.6738601806596082,0.09419518177236905,0.07986785084083696,0.0634571199935481,0.08468207764091285
synthetic,DenSNE,1,perplexity,50.0,dens_lambda,0.1,0.9472617007229034,0.5935701288340007,0.6612073500061662,0.598313421403877,0.6206213260246024,0.6840185864541098,0.08888717863692198,0.1058436206018523,0.0646085563314897,0.08188282147770998
synthetic,DenSNE,1,perplexity,50.0,dens_lambda,0.2,0.9465133779474647,0.5958977314578284,0.6645634769827826,0.5988285225071498,0.6109426266297202,0.6963183851385695,0.0781434243080365,0.12437178625567342,0.0685281928013834,0.07616756169065304
synthetic,DenSNE,1,perplexity,50.0,dens_lambda,0.5,0.9442809935243235,0.5833939458002901,0.6529216886926918,0.6145768578664916,0.6138461525554972,0.6600299914663477,0.06458150066936026,0.3087058991430127,0.14439117588810982,0.07784290067306598
synthetic,DenSNE,1,perplexity,50.0,dens_lambda,1.0,0.9393497813337093,0.6186125156145266,0.6848973866588814,0.62185706531633,0.6324569064235792,0.6234888736792112,0.07275506456509527,0.3512104616314466,0.2228663524579203,0.0767230584324068
synthetic,DenSNE,1,perplexity,75.0,dens_lambda,0.0,0.7929880813658402,0.6005634232914625,0.7032115798754865,0.6043948023446328,0.6131112526101112,0.22613823922607532,0.12835418010818728,0.09747044284766448,0.06328084585480478,0.15619553904772523
synthetic,DenSNE,1,perplexity,75.0,dens_lambda,0.01,0.8790401669800059,0.6180630185092437,0.6991838919327953,0.6009233229222508,0.6169736719577785,0.42530521351929784,0.13312948936820665,0.09474455819453742,0.061088930876497666,0.15644208749040736
synthetic,DenSNE,1,perplexity,75.0,dens_lambda,0.05,0.9476232782074481,0.637341138709009,0.6735370583364583,0.5754056840651712,0.6246062286965006,0.7934154589504507,0.15103377507300703,0.08394079850066882,0.05559282256289942,0.13591778695419904
synthetic,DenSNE,1,perplexity,75.0,dens_lambda,0.1,0.9484445876212985,0.6257714981304514,0.659913305296397,0.5674291673063483,0.6242522015538603,0.7891622319687298,0.12137882144942483,0.17422444765021014,0.054057489865762455,0.1170613009567205
synthetic,DenSNE,1,perplexity,75.0,dens_lambda,0.2,0.943373274642009,0.6192018617465282,0.6766331179808036,0.5798729696920886,0.61905840525034,0.751070987187718,0.09025803393085963,0.17806434595101292,0.06063968747093472,0.1240992310856569
synthetic,DenSNE,1,perplexity,75.0,dens_lambda,0.5,0.9333296420550687,0.6104778611391453,0.7082191344120254,0.6075105767706181,0.6112270228414621,0.6723591733112722,0.07224422900204433,0.16489677995501031,0.06484087245163442,0.12118125156413727
synthetic,DenSNE,1,perplexity,75.0,dens_lambda,1.0,0.9240737618068472,0.6767530845243998,0.7677531608667456,0.6484854433602713,0.6435995332210849,0.5572548151293066,0.10309864168331198,0.14972571521369277,0.08537231853478555,0.15985678931782155
synthetic,DenSNE,1,perplexity,100.0,dens_lambda,0.0,0.8273706605458563,0.643642318491878,0.6536117060500889,0.5491070042843995,0.5843293492695882,0.23352295956941216,0.16536915755208242,0.10133156546989766,0.11451901974223579,0.14567548455169
synthetic,DenSNE,1,perplexity,100.0,dens_lambda,0.01,0.8994915264190657,0.649627642305069,0.6464929920243222,0.5448653899877433,0.5896909309487676,0.46227973619333645,0.1774005762154388,0.09847943777255376,0.05860823969616345,0.14574930613076262
synthetic,DenSNE,1,perplexity,100.0,dens_lambda,0.05,0.9380913910162677,0.6410424840960437,0.6749456165651145,0.5409962592250497,0.5887311985999988,0.792430976609036,0.1731136527857063,0.10539390676029659,0.11276581746610104,0.14173223294410606
synthetic,DenSNE,1,perplexity,100.0,dens_lambda,0.1,0.9339219244311446,0.6424485255440651,0.6847933597259729,0.5485197554695935,0.5937496591859557,0.7451253232392879,0.1312280607195518,0.19105509521372527,0.07173846715048016,0.14290724155285736
synthetic,DenSNE,1,perplexity,100.0,dens_lambda,0.2,0.9212902024246664,0.6306087505106968,0.6873080430436602,0.535576791591268,0.588985393444122,0.6719708575360529,0.09349691662735483,0.13116036195268604,0.05749154825745291,0.14261937987952575
synthetic,DenSNE,1,perplexity,100.0,dens_lambda,0.5,0.9106836499023909,0.6273394524659837,0.720666292505279,0.5574450985277672,0.5965516749594588,0.5984043410386751,0.07106339064685228,0.18158393979334203,0.061506026558063254,0.14170704743412318
synthetic,DenSNE,1,perplexity,100.0,dens_lambda,1.0,0.9045049534437529,0.650679237147011,0.7637133084843191,0.5959493254608434,0.6198646139803808,0.4531583599192551,0.09577250569542445,0.15616770127433355,0.08446586004664627,0.15102497318237035
synthetic,DenSNE,2,perplexity,5.0,dens_lambda,0.0,0.6271783785053512,0.5846040978222297,0.5924140875957111,0.5952135865885793,0.5416489443363627,0.14912599764125678,0.11682577022621446,0.11994561089331397,0.11237243481279569,0.05216188016890028
synthetic,DenSNE,2,perplexity,5.0,dens_lambda,0.01,0.6426976868269185,0.673807192791269,0.5821816964611548,0.5816615617966122,0.5469568346953312,0.1401566190485275,0.1055208847567195,0.09223717332695344,0.09575330428452364,0.05391765433254723
synthetic,DenSNE,2,perplexity,5.0,dens_lambda,0.05,0.676024057067162,0.6495198402012083,0.5928574604508896,0.589575159039563,0.5448880410134571,0.14533732329710491,0.09188222588258055,0.10579603982279456,0.11312351251978339,0.058047210124289976
synthetic,DenSNE,2,perplexity,5.0,dens_lambda,0.1,0.6767061046192153,0.6991155193922143,0.5925483158962381,0.5889132457325887,0.5406497824243142,0.17138927954602606,0.0945849905350805,0.15375291892242382,0.18696434207301757,0.060449253592019796
synthetic,DenSNE,2,perplexity,5.0,dens_lambda,0.2,0.6683797553521438,0.7018688774067763,0.5815415952530161,0.5824811933567058,0.538018907733983,0.14556287509909424,0.10720837571865036,0.11457803565707625,0.10429823526360758,0.05383242589154307
synthetic,DenSNE,2,perplexity,5.0,dens_lambda,0.5,0.6944703812670984,0.6895274241001881,0.614330213364273,0.6030491636318487,0.540336023771832,0.16561489293398513,0.11265907254205522,0.14436937487683488,0.11804246007551027,0.054325911064949065
synthetic,DenSNE,2,perplexity,5.0,dens_lambda,1.0,0.6739066056263471,0.7237237615132227,0.5848419335922261,0.5801926008327188,0.5331631989624153,0.18367169761861588,0.1476644735013892,0.13348592610406856,0.14362669208709014,0.05671135461522898
synthetic,DenSNE,2,perplexity,10.0,dens_lambda,0.0,0.7914167713227949,0.5895474744525793,0.6938176961557854,0.6701658306760324,0.546127136012698,0.19717933649173897,0.09080300026102801,0.16176015847343758,0.13633199785403893,0.05517290229731518
synthetic,DenSNE,2,perplexity,10.0,dens_lambda,0.01,0.8046617488773061,0.5831233918820402,0.6842946176968269,0.6647732087023562,0.5424006228193143,0.18579918369347767,0.0887146104893826,0.13276187505514153,0.11676595089220838,0.057277713460959265
synthetic,DenSNE,2,perplexity,10.0,dens_lambda,0.05,0.8482028927876617,0.6311574086891012,0.6936897598068454,0.6701322736009007,0.5412924004130876,0.21566392112863358,0.09668475105134763,0.1299227228126008,0.11862452482244755,0.057740771195443776
synthetic,DenSNE,2,perplexity,10.0,dens_lambda,0.1,0.854197025333075,0.6594225330725949,0.6876784292604272,0.6631817644142319,0.5453007930375781,0.29650553711719946,0.10074458400334792,0.16017388897012952,0.1206013812556741,0.05767922164379331
synthetic,DenSNE,2,perplexity,10.0,dens_lambda,0.2,0.8541894749911704,0.7022195488419034,0.6863487301583306,0.6637623018140115,0.5446271347543077,0.25742246881122516,0.17628470197240664,0.1124491049632824,0.10235065960826241,0.05842521492794244
synthetic,DenSNE,2,perplexity,10.0,dens_lambda,0.5,0.8496533973602327,0.747578647297523,0.6851582929180311,0.6604837755736372,0.5415843469667341,0.35537175631645057,0.16110129054076894,0.1852485750634565,0.13020095301312945,0.05895356779589231
synthetic,DenSNE,2,perplexity,10.0,dens_lambda,1.0,0.84181949817072,0.7589159051307929,0.6873965498293204,0.674385632873853,0.5562865405088427,0.3649838485040434,0.18294056735294414,0.22104408787543095,0.22503623238562148,0.0692129137513833
synthetic,DenSNE,2,perplexity,15.0,dens_lambda,0.0,0.6820752366402991,0.5644232923014197,0.6571175814744812,0.6618503874583788,0.5486581784045121,0.10920971911499387,0.07247175487877716,0.10228032454857025,0.09393126411418982,0.08349444668366623
synthetic,DenSNE,2,perplexity,15.0,dens_lambda,0.01,0.7551533180816428,0.5738368908027607,0.6680081107450593,0.6562522283995204,0.5522001276846709,0.13951041988465226,0.0786459694482464,0.09348466763598151,0.0871931933301903,0.1475267131496095
synthetic,DenSNE,2,perplexity,15.0,dens_lambda,0.05,0.84242436444997,0.6514762176813907,0.6695555113720733,0.6623503878778422,0.5538461022198844,0.2169429055066644,0.09598881986992576,0.10149504220091354,0.09732194485267869,0.14966690438494615
synthetic,DenSNE,2,perplexity,15.0,dens_lambda,0.1,0.8685795877345533,0.6936528470242005,0.6877270870193684,0.6673864659282432,0.5630315126103295,0.26615822182927407,0.13267225437226224,0.10566220413695547,0.10028961876950993,0.2167808706006128
synthetic,DenSNE,2,perplexity,15.0,dens_lambda,0.2,0.8924369902994884,0.7218940619916627,0.6934309508648915,0.6640869665159115,0.563757184360054,0.3772978638334212,0.2259157580196961,0.12179399773260481,0.09921387928881134,0.06814281764197573
synthetic,DenSNE,2,perplexity,15.0,dens_lambda,0.5,0.8882264162973291,0.738014041958089,0.692511487006281,0.6670827743983008,0.5604602017283571,0.38124247744423584,0.29033500285255515,0.17960031564390183,0.11329036303626479,0.08337369352608932
synthetic,DenSNE,2,perplexity,15.0,dens_lambda,1.0,0.883603090271049,0.8306374418099344,0.7080140167902825,0.6874082948056164,0.5675038317985166,0.47368669318901735,0.37323630286340115,0.3018594607491889,0.32410417489798304,0.13385341337504608
synthetic,DenSNE,2,perplexity,30.0,dens_lambda,0.0,0.7223697335316557,0.5564757185198981,0.5934354810700344,0.5861045185440592,0.5569669102071394,0.14708811155337737,0.06312974692534153,0.0953751215956996,0.09891943565940936,0.15670845013688853
synthetic,DenSNE,2,perplexity,30.0,dens_lambda,0.01,0.8131315546405661,0.5688347892909307,0.5771791754858855,0.5771070277743522,0.5606758059360788,0.1913987681145358,0.07489704652170107,0.08683992640668584,0.07374129920380995,0.1590290342395546
synthetic,DenSNE,2,perplexity,30.0,dens_lambda,0.05,0.8978673639826878,0.5927991550328482,0.5960411879540168,0.5678805099668709,0.5638108756802648,0.39751433323441343,0.0878691200882207,0.0747402622969951,0.06753115695816467,0.12858118704970026
synthetic,DenSNE,2,perplexity,30.0,dens_lambda,0.1,0.9219714110498415,0.6107551264724216,0.6030953046101549,0.5772035043653561,0.5805843796848823,0.45881457253098173,0.11329088748658747,0.07243074502994419,0.06305905692527614,0.06979738109589903
synthetic,DenSNE,2,perplexity,30.0,dens_lambda,0.2,0.9234244324030474,0.6249074034458082,0.5947328814873166,0.5683620539950117,0.576128839034261,0.5469072799342266,0.12547492816250896,0.07710410361914807,0.06290931990355775,0.13971865705342518
synthetic,DenSNE,2,perplexity,30.0,dens_lambda,0.5,0.9090183800489766,0.662004750003985,0.6092966520945069,0.5688226248511954,0.5839652550044085,0.4708937216223338,0.12685310052025156,0.10717986782820123,0.06862828277488131,0.1259206348467403
synthetic,DenSNE,2,perplexity,30.0,dens_lambda,1.0,0.9065578075149392,0.716602111243382,0.6200164597453521,0.5804023325522923,0.589005527689201,0.4566105033577261,0.15493624027407749,0.18729139265965297,0.1484977303178957,0.11538605223403724
synthetic,DenSNE,2,perplexity,50.0,dens_lambda,0.0,0.7725459501224414,0.574567176650316,0.2956718084495037,0.2503106126766885,0.5629123849936115,0.1871358310355431,0.08568510595264012,0.12273318471578892,0.12456937065089428,0.14385079119651767
synthetic,DenSNE,2,perplexity,50.0,dens_lambda,0.01,0.8595628016466457,0.5915009156886877,0.3274625230390294,0.2559784026664452,0.5775634039961444,0.3235687958173415,0.09243332318451478,0.09977171799170043,0.1247512801148128,0.14532009252446365
synthetic,DenSNE,2,perplexity,50.0,dens_lambda,0.05,0.9481803256546356,0.6056154409525512,0.32898685317689025,0.2689180108372574,0.580446795676842,0.7087840899151878,0.10745145020016454,0.03937378881005693,0.03545308087096831,0.05467827925431387
synthetic,DenSNE,2,perplexity,50.0,dens_lambda,0.1,0.955779325318226,0.6097911994892613,0.3434172344104316,0.2741411695815181,0.5818176021959749,0.756016789467458,0.1099739309816048,0.04361500585812629,0.0593617256874017,0.07602930367225859
synthetic,DenSNE,2,perplexity,50.0,dens_lambda,0.2,0.9522080135973268,0.6097148571433365,0.3749923447922356,0.2790354689894874,0.5890046887623227,0.7119818693971789,0.08927334386915703,0.08222479425699404,0.12078340091227546,0.057131654643785876
synthetic,DenSNE,2,perplexity,50.0,dens_lambda,0.5,0.9461543172435548,0.6145827303546396,0.38481827585425826,0.2982687066012639,0.5823905892538499,0.6677148637622828,0.08099983769977726,0.08948450445819713,0.12096479690755477,0.058745050121487556
synthetic,DenSNE,2,perplexity,50.0,dens_lambda,1.0,0.9393665598712752,0.6329611014774341,0.4163711546737875,0.3454138803807721,0.5791305194047981,0.628052682357654,0.09506489200948613,0.11374889989694031,0.12000477030877531,0.054225671446799954
synthetic,DenSNE,2,perplexity,75.0,dens_lambda,0.0,0.8022087266851733,0.5917890870713818,0.3054759274126908,0.29162272787141597,0.6175953167745947,0.19393897122848885,0.1088617856266268,0.035611557879510126,0.03297436370464695,0.0605133298457912
synthetic,DenSNE,2,perplexity,75.0,dens_lambda,0.01,0.8797322816545986,0.6092530278968356,0.3395711741368911,0.2892896722228794,0.6152001805370642,0.41433661982765124,0.1256843694517829,0.037637083980873315,0.03286304208061149,0.06014791163634566
synthetic,DenSNE,2,perplexity,75.0,dens_lambda,0.05,0.9473078417012095,0.6144724114701439,0.3649222860086292,0.2765044265976733,0.609975343939047,0.8071093353069775,0.12454906688013986,0.03724446779647123,0.0320491027200205,0.059573885603091396
synthetic,DenSNE,2,perplexity,75.0,dens_lambda,0.1,0.9436971004170305,0.613409910578784,0.37000534396421475,0.2712409993632545,0.6088151080663659,0.7545360284905119,0.10345401543074154,0.04047581489423664,0.03194577916204147,0.0596948736900468
synthetic,DenSNE,2,perplexity,75.0,dens_lambda,0.2,0.9358690737156659,0.5992546973613233,0.3706039182918778,0.25741967904335494,0.604720305973411,0.6969873135013486,0.08197657986690719,0.04239963969154151,0.03126980543402873,0.05903928342050332
synthetic,DenSNE,2,perplexity,75.0,dens_lambda,0.5,0.9270511132979139,0.5906858982264247,0.3932759171777829,0.25733243064801226,0.6136406154703149,0.6447284501134706,0.06718215309740404,0.07472421084770497,0.031147576513885045,0.062355689997018376
synthetic,DenSNE,2,perplexity,75.0,dens_lambda,1.0,0.924457990317106,0.6679795872311973,0.445154735868067,0.2875950399287248,0.6238570669941838,0.5938612713882115,0.07868888672340364,0.10290744677546768,0.03315409096135628,0.07523872134024338
synthetic,DenSNE,2,perplexity,100.0,dens_lambda,0.0,0.8183077334796421,0.6404648829403381,0.4561765571950983,0.33495497898907634,0.6240022013441286,0.21225833964869767,0.1396587170138685,0.1309522330107366,0.12066517143552058,0.2126310120787621
synthetic,DenSNE,2,perplexity,100.0,dens_lambda,0.01,0.8854663468677407,0.6515915701271562,0.4418720149933012,0.3321512853618166,0.619317633655733,0.3847713670736674,0.1547030747937545,0.06299510019016807,0.037810547437307974,0.07767066117935004
synthetic,DenSNE,2,perplexity,100.0,dens_lambda,0.05,0.9363489398900503,0.6386901331293062,0.4600058389310729,0.32540799111408647,0.6188293782125657,0.7381420644351775,0.13745379202745034,0.07557845238930784,0.03626617979913346,0.10233419315621786
synthetic,DenSNE,2,perplexity,100.0,dens_lambda,0.1,0.9281710806804369,0.638635183418778,0.45578477834293485,0.3325120239194831,0.6176129342390388,0.733039949083921,0.11522526059032823,0.07462469176146297,0.04018717541972928,0.10724974817077537
synthetic,DenSNE,2,perplexity,100.0,dens_lambda,0.2,0.9221148675460298,0.6322253626051699,0.47496222731730486,0.328424772168433,0.6204359231844994,0.6533541817511936,0.0832673279233396,0.07505712522929177,0.04219606856789831,0.08731298615574747
synthetic,DenSNE,2,perplexity,100.0,dens_lambda,0.5,0.9088724067721533,0.6376540584346129,0.472611554204324,0.335256153738384,0.6366649636451037,0.5735750609910562,0.07733672512623296,0.16129044651139177,0.11651612196084267,0.09786360250446216
synthetic,DenSNE,2,perplexity,100.0,dens_lambda,1.0,0.903521731142392,0.6634695163334869,0.46537203470808286,0.33116890198733384,0.6413260413809072,0.5357999088690306,0.0785033213803161,0.2171566710643688,0.11003343497855254,0.08906320867879253
synthetic,DenSNE,3,perplexity,5.0,dens_lambda,0.0,0.647281583289919,0.5325029635091976,0.6469367843429399,0.6532304137839041,0.5582747972104003,0.17876113759990747,0.09608807338664728,0.2547553201792754,0.22139194441470897,0.07120423051749962
synthetic,DenSNE,3,perplexity,5.0,dens_lambda,0.01,0.6770215411254539,0.568280258624378,0.6680173389407206,0.661449380410554,0.5593997981541932,0.1695906471969165,0.10208223156518806,0.20926495788285382,0.18524870176464156,0.07079304957769145
synthetic,DenSNE,3,perplexity,5.0,dens_lambda,0.05,0.6913193719122247,0.5766070273548888,0.6627211935580484,0.6490710143213206,0.5539232834926875,0.18334025705004053,0.08239551501485845,0.18225109657173102,0.14840288022261608,0.07618909962465009
synthetic,DenSNE,3,perplexity,5.0,dens_lambda,0.1,0.7204494299072398,0.6191091603264767,0.657926726448596,0.6593017276021205,0.5551153985867439,0.19037728154452735,0.09926164801760981,0.16703052398007362,0.16764345255327984,0.07408325680804295
synthetic,DenSNE,3,perplexity,5.0,dens_lambda,0.2,0.722872250731754,0.6393214256052229,0.6688466181599145,0.6616356221775355,0.556008016785249,0.19727466382101297,0.09167983650406986,0.15922539059536328,0.15202546166830186,0.0741808762139018
synthetic,DenSNE,3,perplexity,5.0,dens_lambda,0.5,0.7350660529077625,0.6202580706863009,0.6677681776578672,0.6620357902984818,0.5519534831824523,0.19472881992884827,0.10104929692286903,0.15142864654566995,0.16792238416545943,0.07514423244029514
synthetic,DenSNE,3,perplexity,5.0,dens_lambda,1.0,0.710249756920937,0.7061281091678768,0.6562111209824841,0.6573688400745302,0.554543250455747,0.1897889985037489,0.14104664050022991,0.19752167804843865,0.18355485613590589,0.07768051679645313
synthetic,DenSNE,3,perplexity,10.0,dens_lambda,0.0,0.8207649503061664,0.5994593955196271,0.736469577575149,0.732194406203361,0.5858218001860739,0.3351131237229148,0.10343172832216398,0.23862331490781516,0.19516641558397968,0.1914717933692366
synthetic,DenSNE,3,perplexity,10.0,dens_lambda,0.01,0.8492834306069048,0.5963704667537473,0.737008588094453,0.7311809825343814,0.5917739863875725,0.38075840173254855,0.08340509442404467,0.22590941672697953,0.1655274323408534,0.2022171714753627
synthetic,DenSNE,3,perplexity,10.0,dens_lambda,0.05,0.8884059466492841,0.5940667735459509,0.7545664887302759,0.7468068345694922,0.5892614003870809,0.4205565247443169,0.08041780249873784,0.25921534620164516,0.2416552942697544,0.189664994199195
synthetic,DenSNE,3,perplexity,10.0,dens_lambda,0.1,0.8836777547632171,0.6425059920352282,0.7539653976219778,0.7371784707873077,0.5919870738146592,0.4025271211427604,0.10872250627585395,0.24045659453375437,0.23471912017907637,0.11447284260839298
synthetic,DenSNE,3,perplexity,10.0,dens_lambda,0.2,0.8798623153207343,0.6556314225095827,0.7584372973467259,0.7376205852521689,0.5879258287968362,0.43740272959271925,0.11559350690849315,0.2098507030433331,0.1641234090424129,0.10556273613159452
synthetic,DenSNE,3,perplexity,10.0,dens_lambda,0.5,0.8633690128934672,0.691596217782062,0.7437959260032936,0.7324695742194416,0.5875936137530317,0.4069798059388046,0.13492082288553361,0.20045889263741673,0.19154972521825325,0.1042354371341134
synthetic,DenSNE,3,perplexity,10.0,dens_lambda,1.0,0.8456945014215617,0.7027967305341699,0.7588693446890475,0.7409410578364579,0.5784107201432216,0.4167530214421661,0.19966053469849127,0.39129473613405785,0.345037862168452,0.11197737417182525
synthetic,DenSNE,3,perplexity,15.0,dens_lambda,0.0,0.6473109457306593,0.5097978270115998,0.7314154625968646,0.7253915481472719,0.6096154443082586,0.0670433819369968,0.05014771304739747,0.10425914974136785,0.10026300147585761,0.2684089688900718
synthetic,DenSNE,3,perplexity,15.0,dens_lambda,0.01,0.7690685982119112,0.5238678891509138,0.7578152330664708,0.7475182445622858,0.6059518506307472,0.10709160794535498,0.053185522170714844,0.1534134647449727,0.11783129530687338,0.29709612206922553
synthetic,DenSNE,3,perplexity,15.0,dens_lambda,0.05,0.8748572775648302,0.5520860336292228,0.7793571974473134,0.7620081896041858,0.590749656669175,0.20115684275550985,0.05801278435866822,0.14830164407242458,0.13023558638700458,0.1603801739628651
synthetic,DenSNE,3,perplexity,15.0,dens_lambda,0.1,0.9004739097935485,0.5665382269615998,0.7835870667676735,0.7751264892000749,0.5962479834295162,0.2620543645977611,0.07285964587137235,0.15581675557543942,0.14686587932462872,0.1693927250940049
synthetic,DenSNE,3,perplexity,15.0,dens_lambda,0.2,0.9062818005719803,0.625177537900619,0.8048479906442874,0.7895728100443037,0.5879610637257247,0.38339495714440536,0.09078639842656377,0.22351514663594543,0.19943074993251414,0.26912178218022087
synthetic,DenSNE,3,perplexity,15.0,dens_lambda,0.5,0.8995653519843556,0.6632711101267702,0.7841734766556012,0.7784511564187554,0.5715826942807838,0.500853183891753,0.13585920742820562,0.3119570837085893,0.32280925984862957,0.27082880603558146
synthetic,DenSNE,3,perplexity,15.0,dens_lambda,1.0,0.8955586372136218,0.8191860899212163,0.7852120681309296,0.7705904115691372,0.5674912478953422,0.4881845595598298,0.37400622175986353,0.31473229457191126,0.292411992976497,0.21918547886648113
synthetic,DenSNE,3,perplexity,30.0,dens_lambda,0.0,0.7291230949019252,0.5669425897169377,0.7563412385413074,0.752269926400945,0.657633102041193,0.11390902887204198,0.06022211292068552,0.2769864614635995,0.30165537425305194,0.26340364790754156
synthetic,DenSNE,3,perplexity,30.0,dens_lambda,0.01,0.8120031979892601,0.5795197814763268,0.761087886818697,0.7511600261409616,0.6531381318272919,0.1500588669712048,0.06496021409812441,0.2622255281945154,0.22786366345199477,0.243437325065446
synthetic,DenSNE,3,perplexity,30.0,dens_lambda,0.05,0.9182742602971983,0.5978197129360008,0.7668311802275002,0.7562263055589811,0.6501154782847973,0.3644222106828707,0.07536943205123892,0.28359405542918203,0.28577251736674436,0.28146875015595696
synthetic,DenSNE,3,perplexity,30.0,dens_lambda,0.1,0.9269152071436301,0.6048788631534087,0.7909402608559235,0.7678949395091774,0.6533159843254903,0.41237457508239866,0.07616290952478894,0.3888654712549613,0.35945917395292504,0.28737566424367694
synthetic,DenSNE,3,perplexity,30.0,dens_lambda,0.2,0.9371954171102493,0.601248826551029,0.8019016794477176,0.7762825304383645,0.655030750864724,0.524555093916674,0.06780519764662406,0.39337578723986266,0.3304441275139582,0.26617793878762486
synthetic,DenSNE,3,perplexity,30.0,dens_lambda,0.5,0.9423355220935588,0.6116989192105027,0.8027884251580748,0.7866902572904844,0.6541507165693929,0.5593091477908152,0.07346060141458469,0.3751939199990219,0.38455311742999043,0.2861281141220761
synthetic,DenSNE,3,perplexity,30.0,dens_lambda,1.0,0.9368254503569216,0.7071843181076494,0.8175745113880128,0.8157859192834893,0.6368671450227728,0.5479283187789802,0.16659816140145411,0.44166396566470795,0.4378906668200133,0.33065266797634557
synthetic,DenSNE,3,perplexity,50.0,dens_lambda,0.0,0.8163387720962854,0.5758620602869633,0.706251011955547,0.645039131744238,0.7234343317402111,0.22421301946164882,0.07666922711860563,0.1009981750868997,0.08345084418108947,0.14145153365770663
synthetic,DenSNE,3,perplexity,50.0,dens_lambda,0.01,0.8880770873129926,0.5866267505257974,0.6810173498467701,0.6380819111425429,0.7223177200652013,0.3432779054965704,0.08688861819439257,0.08977230413600971,0.08198582588637217,0.14351030583154492
synthetic,DenSNE,3,perplexity,50.0,dens_lambda,0.05,0.9499479445872018,0.6005260910453784,0.6719070234119324,0.6091448063295355,0.7157858353908015,0.5918454412253022,0.09544184818761732,0.08601556845804754,0.0668561855855582,0.12145648862524569
synthetic,DenSNE,3,perplexity,50.0,dens_lambda,0.1,0.9499227767808529,0.6084078090669539,0.6868223043811279,0.6250382760388221,0.7196012748332844,0.6276948601819651,0.09257221197244962,0.10252563248306484,0.1510027100661413,0.129429488572581
synthetic,DenSNE,3,perplexity,50.0,dens_lambda,0.2,0.9475469358615233,0.6032303718375602,0.6755123116714024,0.6274040498356123,0.7205450675713654,0.6534772377938585,0.08042507827560719,0.10253964357925137,0.09239941312112979,0.13370232238058685
synthetic,DenSNE,3,perplexity,50.0,dens_lambda,0.5,0.9427499519714363,0.6291989338917231,0.7178403673157444,0.6433277209125174,0.7177162061377568,0.6711762747906543,0.0874885634508989,0.19313943239781145,0.16943476869263485,0.17156524523836536
synthetic,DenSNE,3,perplexity,50.0,dens_lambda,1.0,0.937984008375846,0.6339745251464137,0.743674281605941,0.7047145173779509,0.7242078223219985,0.588730963194988,0.15465102554611732,0.2539743808607863,0.26911338530086965,0.14407660792218402
synthetic,DenSNE,3,perplexity,75.0,dens_lambda,0.0,0.8296449913129122,0.6190177172967427,0.6484820876527582,0.5969702994717279,0.6887958798623155,0.20986183837522562,0.10604383128642314,0.10498055894468514,0.08157148232721076,0.15542364416698484
synthetic,DenSNE,3,perplexity,75.0,dens_lambda,0.01,0.9001165269433952,0.6329724269902911,0.636722849599706,0.5969786887405106,0.6912153449793162,0.3596541458714918,0.1139575792524748,0.08086653450747179,0.11587646902278899,0.15504072146096748
synthetic,DenSNE,3,perplexity,75.0,dens_lambda,0.05,0.9620402366109367,0.6239556409023832,0.6394137075618351,0.5790877341340052,0.6956163553828485,0.7207249227219553,0.10380281867788993,0.07833152484394494,0.0680913448226839,0.1560276829711819
synthetic,DenSNE,3,perplexity,75.0,dens_lambda,0.1,0.9596316775433537,0.6283440674027412,0.6288461651394003,0.5672387309049756,0.6891549405662253,0.7406274645248704,0.09749277221713559,0.09015804250885787,0.0638563727141146,0.15590796403563015
synthetic,DenSNE,3,perplexity,75.0,dens_lambda,0.2,0.9479177415417294,0.6103994214760247,0.6509267205761079,0.5714593720296746,0.6865056094845718,0.6853308369257309,0.07577291110522988,0.105024910226373,0.072331189134682,0.1521395878300365
synthetic,DenSNE,3,perplexity,75.0,dens_lambda,0.5,0.9357918924428629,0.6029384252839138,0.6788835393318283,0.5855558603656548,0.6969653498031458,0.6304011527187959,0.06527188493636962,0.2733054260400173,0.12913530612952362,0.16179869996674023
synthetic,DenSNE,3,perplexity,75.0,dens_lambda,1.0,0.9290720881477249,0.6054124206480038,0.7000995806204535,0.6004921145068074,0.6787446969334706,0.5052400307024327,0.06275524046508181,0.19835855904651484,0.14730416246932987,0.16438425570758117
synthetic,DenSNE,3,perplexity,100.0,dens_lambda,0.0,0.8425124517721911,0.6581561729498095,0.7056293671387308,0.6540987031029388,0.6321775437731072,0.2789902335009305,0.14195238095383686,0.11285720550486676,0.07913902904899596,0.13763953168596035
synthetic,DenSNE,3,perplexity,100.0,dens_lambda,0.01,0.9079806275005264,0.6566314233485095,0.7126054635951876,0.6651498868707106,0.6433092645211951,0.45785383365425103,0.14470080790462816,0.11552197566433037,0.0845781420175672,0.13553116398854187
synthetic,DenSNE,3,perplexity,100.0,dens_lambda,0.05,0.9586199317281306,0.6602602015605719,0.7123269398715939,0.6033025195490936,0.6397337581659045,0.8396316979658898,0.1408236062494189,0.10246533837201037,0.06784916611067268,0.1755287895141379
synthetic,DenSNE,3,perplexity,100.0,dens_lambda,0.1,0.9507793211235915,0.639133925447924,0.7185094115011841,0.6050147693076924,0.6399913087175408,0.7937937733925663,0.11246691757850245,0.11295010315027296,0.07151585301169192,0.17382082344649177
synthetic,DenSNE,3,perplexity,100.0,dens_lambda,0.2,0.9392600161577316,0.6193679692684306,0.7144838208756887,0.5911758315233486,0.6316523755472949,0.7013299282255648,0.08155538987324984,0.10563339373475185,0.07079000839831892,0.15479717705727417
synthetic,DenSNE,3,perplexity,100.0,dens_lambda,0.5,0.9208573161554667,0.6280366007018463,0.7507426600190101,0.6000063758442751,0.639039965637555,0.6053713845010392,0.07073003897412505,0.11953706571444404,0.06806676956174601,0.16396703279700653
synthetic,DenSNE,3,perplexity,100.0,dens_lambda,1.0,0.9131517727783329,0.6350475126237523,0.6842681915001607,0.5419710922576277,0.6691800915940366,0.524769806295347,0.0816149150130901,0.10881708814445604,0.06787085238629237,0.15399110758273518
synthetic,DenSNE,4,perplexity,5.0,dens_lambda,0.0,0.7619888942859853,0.648703983812067,0.7339435687446046,0.7307623580221125,0.6749091232459088,0.1477744199131518,0.12854345973601458,0.11543458106687537,0.11198973261832032,0.16201842384257792
synthetic,DenSNE,4,perplexity,5.0,dens_lambda,0.01,0.7565643930909339,0.6263033777712901,0.7120077281944028,0.7121683826915961,0.6743118073085632,0.12781204142953895,0.12330528340233234,0.10478773339305139,0.10081128242242945,0.14905152836628732
synthetic,DenSNE,4,perplexity,5.0,dens_lambda,0.05,0.7704494718535838,0.6603822654213636,0.7228680560973626,0.7158202313928115,0.6766993932041889,0.15986892805920172,0.1267938059871872,0.10558831455979088,0.10390816060000885,0.19004076404681125
synthetic,DenSNE,4,perplexity,5.0,dens_lambda,0.1,0.7771206183897805,0.7170022793643284,0.7129477457615317,0.7123638526542388,0.6765727152455666,0.14658196175633573,0.1387527127929071,0.10540572065834698,0.11137716614893528,0.20037761107064864
synthetic,DenSNE,4,perplexity,5.0,dens_lambda,0.2,0.7769570276485133,0.7036037781910891,0.7089234135263536,0.7023588107037002,0.6769284202419632,0.15312331170907661,0.10384531167845545,0.1053613752523013,0.09517929424605177,0.19251577475776616
synthetic,DenSNE,4,perplexity,5.0,dens_lambda,0.5,0.7744587034049525,0.7087371717593723,0.7076893520883826,0.7043202217451525,0.679207784570289,0.17696702747355708,0.10916984201686535,0.10989423123518714,0.1275279189507279,0.21379731074872002
synthetic,DenSNE,4,perplexity,5.0,dens_lambda,1.0,0.7768630678381441,0.6873923551949288,0.7260534614542462,0.7285601749665898,0.6854812797661743,0.21734157538875723,0.14006489834804914,0.16653124396361846,0.21096162337124091,0.22070547479149485
synthetic,DenSNE,4,perplexity,10.0,dens_lambda,0.0,0.8191105865021698,0.6271313986001666,0.7785983880858961,0.7679788321970069,0.6809133229138615,0.2616460427577003,0.09919147602287595,0.21725962063594265,0.19249588792060077,0.21846157692314272
synthetic,DenSNE,4,perplexity,10.0,dens_lambda,0.01,0.844638292481789,0.6302119380972636,0.7676432614456892,0.7612665782437736,0.6718386508713514,0.19368965677924455,0.08182188054963199,0.12506785391882239,0.11478241215923517,0.20798986659766475
synthetic,DenSNE,4,perplexity,10.0,dens_lambda,0.05,0.8728094570549138,0.6822040119161175,0.7702602938425283,0.7586742941898441,0.6783487234469157,0.24290311703997242,0.11994971682582371,0.12373857884555478,0.11883606178979145,0.2153200950995873
synthetic,DenSNE,4,perplexity,10.0,dens_lambda,0.1,0.8809336249443163,0.7119192214087429,0.7549880494866187,0.7481071712308482,0.6772539238707415,0.3189912100904103,0.14687203909889832,0.1308213366035167,0.11044590303104407,0.1947379063985104
synthetic,DenSNE,4,perplexity,10.0,dens_lambda,0.2,0.875406774670113,0.7189351668919186,0.7678878086307119,0.7573202662082771,0.6803386580022299,0.2568972172939994,0.12464449061737441,0.13443409504703524,0.11439617266675067,0.19514621725416598
synthetic,DenSNE,4,perplexity,10.0,dens_lambda,0.5,0.8472507107807976,0.7000366611045815,0.7448806584569283,0.7497606961079666,0.677594528183329,0.2548932346708735,0.16521056793470754,0.17565386721952667,0.16620859970685556,0.18607251570753805
synthetic,DenSNE,4,perplexity,10.0,dens_lambda,1.0,0.8429939958003321,0.7330777962062048,0.7622921663524885,0.761122282820707,0.6974343099281124,0.3877101119431531,0.21152032568076198,0.29202805703576235,0.3098399312289262,0.28864445585079096
synthetic,DenSNE,4,perplexity,15.0,dens_lambda,0.0,0.7814461253742663,0.6150621770655849,0.7505799082046212,0.7622674180095788,0.6736373100984144,0.21512276976903907,0.07717460225444528,0.2247837880983374,0.23776924434716185,0.29180558633595977
synthetic,DenSNE,4,perplexity,15.0,dens_lambda,0.01,0.8264889483967688,0.6219690620545822,0.7608408228530392,0.749750628985427,0.6701289178933876,0.2022173936015355,0.08469121075284522,0.23842014154766092,0.21562186264589117,0.24598689313967004
synthetic,DenSNE,4,perplexity,15.0,dens_lambda,0.05,0.8802557720266543,0.6238436441641311,0.7691222895321221,0.7577984545289049,0.6712975430348515,0.2707692322280748,0.08559728346449502,0.25508676901305166,0.23100887883771812,0.2862516225326158
synthetic,DenSNE,4,perplexity,15.0,dens_lambda,0.1,0.8887893362326645,0.6589674152411202,0.7475669023212268,0.7427464284785475,0.6703629784924314,0.32215401656169046,0.11194254979464115,0.24293588975867147,0.2535500356629599,0.28824736745872703
synthetic,DenSNE,4,perplexity,15.0,dens_lambda,0.2,0.8901299413841791,0.7087858295183134,0.7622900690352927,0.7493798233052208,0.6682715337848438,0.37910803320946596,0.15653122068605646,0.2624217798291121,0.24633431169697123,0.3246059911052108
synthetic,DenSNE,4,perplexity,15.0,dens_lambda,0.5,0.8788816098000083,0.6981306192370966,0.7819939446257924,0.7673144021093978,0.6657740484681615,0.3648543773395809,0.13190727655642276,0.26198239577606663,0.2156585324145,0.3068140173696376
synthetic,DenSNE,4,perplexity,15.0,dens_lambda,1.0,0.8774210381048977,0.7722439364462554,0.7843748191063917,0.7823068643513963,0.6666943512536504,0.41469765656667046,0.22801378842534586,0.3739858303632513,0.4199691815104074,0.32021901892262217
synthetic,DenSNE,4,perplexity,30.0,dens_lambda,0.0,0.7500199245133596,0.5645277386977674,0.8091370043095674,0.8212414607730377,0.659195183888577,0.13798968289247568,0.06285265879571306,0.11836549518777376,0.13283464306163809,0.16254504758666463
synthetic,DenSNE,4,perplexity,30.0,dens_lambda,0.01,0.8534394743619752,0.5794652512292375,0.7790245629400696,0.7912523416546491,0.6602715270734287,0.19480101104241004,0.06913477589293811,0.10406962488576668,0.11398639660286394,0.1493069145402118
synthetic,DenSNE,4,perplexity,30.0,dens_lambda,0.05,0.9199529529806653,0.5992991604858728,0.7647850375713402,0.7580652332762026,0.6664065993343954,0.5025532709520085,0.09154715770149915,0.09736043231319139,0.09629001812637039,0.2651668594214095
synthetic,DenSNE,4,perplexity,30.0,dens_lambda,0.1,0.9374059877567011,0.6093285313158819,0.7630492978601493,0.7482170706519048,0.6693965347286365,0.6325862397973593,0.0928562622315485,0.09778400603082804,0.09103002913621763,0.22143595153280576
synthetic,DenSNE,4,perplexity,30.0,dens_lambda,0.2,0.9395670633951875,0.6163159532851957,0.7646130575612899,0.7441625370491083,0.6739108002607385,0.6569360206139944,0.09149039698996499,0.0946197438113952,0.08800674162692529,0.26291635085614484
synthetic,DenSNE,4,perplexity,30.0,dens_lambda,0.5,0.9402465941666058,0.6747778311894557,0.7444679064328074,0.704293376085047,0.6793462075052077,0.6012898068940696,0.20126636133608783,0.09028005169744785,0.07737538988989766,0.2530165966781959
synthetic,DenSNE,4,perplexity,30.0,dens_lambda,1.0,0.9191064757604663,0.7611990446300709,0.7485769702826932,0.7239544664047538,0.6986734049273531,0.44905916519441846,0.21334580887744792,0.16170485600848242,0.11255254471994755,0.3856494707229339
synthetic,DenSNE,4,perplexity,50.0,dens_lambda,0.0,0.7969067088143532,0.5806355542244582,0.6658575216925517,0.5970994942109851,0.5732697762330338,0.20085090262041466,0.06994587628374536,0.13012360966985836,0.06842825234158809,0.13025126541635187
synthetic,DenSNE,4,perplexity,50.0,dens_lambda,0.01,0.8857582934213871,0.5869983951328819,0.6471142173776991,0.590487072556269,0.5704123912855632,0.4064189484121781,0.07915678986862063,0.10568561228095441,0.06638512609715123,0.07091187461771772
synthetic,DenSNE,4,perplexity,50.0,dens_lambda,0.05,0.9409999505033142,0.6017786088746719,0.6788566936717229,0.610707727103798,0.5795306875257444,0.6818833294098541,0.09937373809254627,0.16608750171219386,0.07033985040657612,0.13642973390521254
synthetic,DenSNE,4,perplexity,50.0,dens_lambda,0.1,0.9530846921851444,0.6032052040312115,0.7036952212208232,0.6028343983510054,0.5789174319777114,0.7295990768977388,0.08545860590598184,0.20532591400989636,0.06712386038029748,0.13746338997693858
synthetic,DenSNE,4,perplexity,50.0,dens_lambda,0.2,0.9506450928230644,0.5971431184086563,0.6932556151473281,0.6070030260092499,0.5813796823655054,0.710807654308841,0.07784067800960551,0.20723268305872578,0.12066506000505625,0.13712094634686803
synthetic,DenSNE,4,perplexity,50.0,dens_lambda,0.5,0.9462138810519137,0.5913092208969973,0.6854342998609899,0.6071330596753857,0.590082709800931,0.6798818429123709,0.06626178685605873,0.21911380057136415,0.13659623147960803,0.15826349928408606
synthetic,DenSNE,4,perplexity,50.0,dens_lambda,1.0,0.9409856887463832,0.6190089085645206,0.7013319642046679,0.6485106111666201,0.5849585444283091,0.6462286567607347,0.10270102077001933,0.22548703524309077,0.21892699339948699,0.16287129986191298
synthetic,DenSNE,4,perplexity,75.0,dens_lambda,0.0,0.8117372581688408,0.6089174571455177,0.6567740409178195,0.5805793461236126,0.5144727470408952,0.32803677859739255,0.0981686789399134,0.11812245299381258,0.07396153237472555,0.08561364510638375
synthetic,DenSNE,4,perplexity,75.0,dens_lambda,0.01,0.8889931954640902,0.6267400392114423,0.6612253869340494,0.5788729688531618,0.5127277791340429,0.498438444934632,0.1065779447916746,0.10596397124216761,0.07373943735141945,0.07609236060181968
synthetic,DenSNE,4,perplexity,75.0,dens_lambda,0.05,0.9505721061846528,0.6361246947354822,0.6844489802424331,0.5785197806373998,0.5145876800232215,0.7909690984653207,0.11834659328723099,0.10874631210453534,0.07106963163397108,0.07203581289666573
synthetic,DenSNE,4,perplexity,75.0,dens_lambda,0.1,0.9499848573698468,0.6363243593325163,0.6957241574867092,0.5819241459095184,0.5173829843816984,0.7945180378614631,0.10011372761721544,0.16561931039225322,0.12686054189002155,0.08418780055653852
synthetic,DenSNE,4,perplexity,75.0,dens_lambda,0.2,0.9435603553358686,0.614609576014745,0.7130517726944402,0.5874887478932449,0.5197630199354194,0.769128434718303,0.07988835721514023,0.17213942135210836,0.12059097833890044,0.08496842942846804
synthetic,DenSNE,4,perplexity,75.0,dens_lambda,0.5,0.935011690446049,0.5953092242527049,0.7172673802578693,0.6066020189614253,0.5172638567649805,0.6901584354836172,0.06716102741370478,0.2000953006252183,0.15014896681251433,0.0982959561278165
synthetic,DenSNE,4,perplexity,75.0,dens_lambda,1.0,0.9302105119215704,0.5898209646149033,0.7277103420388775,0.6194224995155196,0.5125767722959499,0.6546838903253474,0.06182700277010411,0.22062979696871107,0.16032051911494674,0.09932595307518516
synthetic,DenSNE,4,perplexity,100.0,dens_lambda,0.0,0.8295837496507967,0.6544426631230396,0.7932733165044601,0.7083143526127119,0.5581548306668043,0.23829354940043507,0.14909185162654065,0.3184724182000157,0.19736708045852097,0.09893013719509784
synthetic,DenSNE,4,perplexity,100.0,dens_lambda,0.01,0.8964051144338209,0.6666293344205826,0.7838756576138067,0.7022757569427491,0.5384249483430774,0.41557127058998555,0.15208852102060955,0.33219510726754453,0.1963148502333676,0.17192753367284125
synthetic,DenSNE,4,perplexity,100.0,dens_lambda,0.05,0.9383699147398614,0.6479728590376335,0.8207141952300295,0.734725448595175,0.5492580111224925,0.7865628764266873,0.12601492909861883,0.38804641566211767,0.19350498398931554,0.0971140561305906
synthetic,DenSNE,4,perplexity,100.0,dens_lambda,0.1,0.9268220862601395,0.639393153853317,0.8204939769244772,0.740340386191599,0.5471372039741644,0.696368688631278,0.09876130744615269,0.38037925483672286,0.2596085200162292,0.10304535147492225
synthetic,DenSNE,4,perplexity,100.0,dens_lambda,0.2,0.9162130169572289,0.6232748517406473,0.8182943106495895,0.7403487754603821,0.5299601761410874,0.6349134274839054,0.07696608642004374,0.3919385233939595,0.23119385938967335,0.10350057163176939
synthetic,DenSNE,4,perplexity,100.0,dens_lambda,0.5,0.9013103198912079,0.6037177883538493,0.8225803880707954,0.7389830025025189,0.526653126386851,0.5835027570507496,0.06691338752370865,0.38776424959451017,0.20623080419244724,0.11432169817843235
synthetic,DenSNE,4,perplexity,100.0,dens_lambda,1.0,0.8962591411569976,0.6282446545676633,0.8375237730904137,0.7396482715170063,0.5186539586023143,0.5442910256009466,0.07439614229860425,0.4644160094040113,0.36096993585355974,0.11769660525215933
synthetic,t-SNE,0,perplexity,1.0,learning_rate,50.0,0.4864173543769752,0.5082844029231568,0.4738397431541469,0.4803737251457425,0.5316657144846598,0.050949101364192464,0.05148540624092425,0.0511836780113318,0.051516884261095075,0.05541714306411324
synthetic,t-SNE,0,perplexity,1.0,learning_rate,200.0,0.5028225694820214,0.444171513566706,0.4956547782338744,0.4958041072182108,0.5207110073078921,0.05214027092633196,0.046099525005462855,0.050545095728206826,0.05132931408978074,0.057375791651005995
synthetic,t-SNE,0,perplexity,1.0,learning_rate,500.0,0.44240892819540956,0.4845993998317113,0.43685858796861404,0.44006664435121173,0.5291111821402535,0.044377136313737964,0.04875985040755318,0.04610951426758976,0.044434042495254455,0.05233788489858378
synthetic,t-SNE,0,perplexity,2.0,learning_rate,50.0,0.6849653397360232,0.5722123089029437,0.6703764013224844,0.6685039165301314,0.5420189110896905,0.13762643111386816,0.09733841664591028,0.1349791839918426,0.1268998366022315,0.07918841968385658
synthetic,t-SNE,0,perplexity,2.0,learning_rate,200.0,0.6537069242507754,0.645344081664498,0.6463277234292982,0.6493008802859733,0.5171136888537657,0.11811329637420949,0.08949661690347135,0.09731967946817942,0.10886262269597582,0.06889019433520965
synthetic,t-SNE,0,perplexity,2.0,learning_rate,500.0,0.5930650948532674,0.6106641029061266,0.5626330223431395,0.5692437661440991,0.5427118646911616,0.10352287863421337,0.09418196422113959,0.0879886965559394,0.09432096679428059,0.060381488141965624
synthetic,t-SNE,0,perplexity,3.0,learning_rate,50.0,0.7347531331821587,0.614663686798395,0.7066113310497744,0.7090299572398969,0.5675768184369282,0.15332306820601724,0.09932067038847718,0.10927611109744746,0.12702365330868468,0.12246457487780504
synthetic,t-SNE,0,perplexity,3.0,learning_rate,200.0,0.7143890221384415,0.6320378624478712,0.6953772612225346,0.6910525931649271,0.5752999792785061,0.12891369479468306,0.09623541980545167,0.13332458925560944,0.13726531140554202,0.13154390810727645
synthetic,t-SNE,0,perplexity,3.0,learning_rate,500.0,0.6951692073567175,0.7179771123969064,0.6460684950239052,0.6489099403606882,0.6747933513367042,0.13868751644875332,0.13108991284295549,0.08824696352316455,0.09670511533847767,0.1345856151861259
synthetic,t-SNE,0,perplexity,5.0,learning_rate,50.0,0.8330141216561424,0.6333906320391208,0.7296549745427638,0.7285098393538921,0.5411447492825078,0.2270975814329167,0.10954706016710176,0.13809589528698532,0.1973938241118644,0.09253009485033475
synthetic,t-SNE,0,perplexity,5.0,learning_rate,200.0,0.7789654185951498,0.5992882544364551,0.6635991305361832,0.6675517345232673,0.604540775621456,0.16347490423691632,0.1068032643738932,0.0945984780241587,0.10610567742078307,0.07642197830644824
synthetic,t-SNE,0,perplexity,5.0,learning_rate,500.0,0.7782892435312446,0.6060084781950321,0.6480865336296423,0.649310947408513,0.591706872237309,0.1516404922796791,0.08686669571378268,0.21184700863394637,0.20231714700370793,0.06141159286426216
synthetic,t-SNE,0,perplexity,10.0,learning_rate,50.0,0.8287305610155714,0.5916976440416477,0.554722780807702,0.535226120156141,0.5594216102530287,0.14355022040712015,0.09430322738037115,0.06305450513654992,0.062051356017854796,0.12109754280585884
synthetic,t-SNE,0,perplexity,10.0,learning_rate,200.0,0.8146500122902789,0.5622060085620877,0.5865009114940533,0.5659291660479581,0.5849560276476742,0.17195173298010138,0.07129913021720688,0.07319016057873293,0.06657357190740953,0.11969889501287295
synthetic,t-SNE,0,perplexity,10.0,learning_rate,500.0,0.822616461926562,0.5835353049792826,0.5870298548908179,0.571908197909562,0.6077085635138955,0.12829047735725366,0.07632767447276956,0.06207154608015848,0.06120224985298636,0.13298695313409184
synthetic,t-SNE,0,perplexity,15.0,learning_rate,50.0,0.8049503397234394,0.5836435265465827,0.3098177934713032,0.30134756824460424,0.56230332407997,0.12415436169402189,0.0744671654748307,0.03759288573497066,0.03631780650540817,0.07173535736984515
synthetic,t-SNE,0,perplexity,15.0,learning_rate,200.0,0.8048060443003727,0.5755004828024185,0.26619527365375306,0.24113065531095249,0.5934501622904047,0.134125889007395,0.07431222066126365,0.032061152593738,0.031228168106850737,0.05812398196857164
synthetic,t-SNE,0,perplexity,15.0,learning_rate,500.0,0.788835393318283,0.5603960238221677,0.32126998428689957,0.29006651851218,0.5931540211023667,0.17946993548052492,0.06574189712426934,0.03406972401595279,0.03243501574655611,0.059049376160415404
synthetic,t-SNE,0,perplexity,30.0,learning_rate,50.0,0.7861785118947248,0.5633293316521238,0.5526300777097968,0.4967369939068741,0.6396054023535255,0.31050481471860397,0.06626418769538248,0.08172748146961843,0.05121809646740487,0.07223865874302282
synthetic,t-SNE,0,perplexity,30.0,learning_rate,200.0,0.7919629127205644,0.5557039057918673,0.6204791279187315,0.554628820997333,0.6640735436858588,0.3275628894744847,0.07276180820312278,0.06754160749754098,0.05441390241606943,0.09084368223244133
synthetic,t-SNE,0,perplexity,30.0,learning_rate,500.0,0.8181969951317074,0.5570122122585673,0.5445403058224042,0.5051027727372255,0.6312077443017989,0.2583885757420081,0.06228269143118739,0.05870587664654603,0.17581510026132371,0.07731857076284378
synthetic,t-SNE,0,perplexity,50.0,learning_rate,50.0,0.8084696379778842,0.596737077799562,0.550122944734014,0.45365054836455404,0.6053948031835596,0.19725982426802843,0.08151319076862712,0.058094615793403595,0.04427153591804104,0.06438654744723751
synthetic,t-SNE,0,perplexity,50.0,learning_rate,200.0,0.8261802233055564,0.5995537747934352,0.5527471080093188,0.486334300616024,0.5883813660917501,0.23430967215164836,0.08691581824980081,0.07758476343469292,0.060530143742617476,0.06372033843707364
synthetic,t-SNE,0,perplexity,50.0,learning_rate,500.0,0.8294503602771479,0.6020445486950912,0.6821398340099278,0.5925323762855506,0.598293287158798,0.24786820718226252,0.09145591401048009,0.12013288141941701,0.09031785149679503,0.07914264125147316
synthetic,t-SNE,0,perplexity,75.0,learning_rate,50.0,0.830416804040943,0.6562853660112131,0.6482476075902748,0.4892487325912186,0.5947177808035075,0.3181899491395562,0.19616395801236144,0.15124298050123824,0.06157288432740138,0.09124354487082627
synthetic,t-SNE,0,perplexity,75.0,learning_rate,200.0,0.8468379587566768,0.6512023080556275,0.6349476803252352,0.49399789764924296,0.5827521667383949,0.3343845565094332,0.17944585809307564,0.14388678530233664,0.06121639127719168,0.07966798857900373
synthetic,t-SNE,0,perplexity,75.0,learning_rate,500.0,0.8516810836250701,0.6505802437753723,0.7025966464736968,0.5417613605380541,0.5609794974660214,0.3597110408007734,0.18816338105161323,0.1833619809622617,0.08425425950704718,0.07809890253401763
synthetic,t-SNE,0,perplexity,100.0,learning_rate,50.0,0.8543186697304276,0.6801167618429209,0.7079506778109714,0.5204660406594301,0.5688234637780737,0.4016629525510082,0.267208172445771,0.27812920634411886,0.05476167718042761,0.08321882480254766
synthetic,t-SNE,0,perplexity,100.0,learning_rate,200.0,0.8629755561875472,0.6857648370510379,0.7053189641937618,0.4563988728178463,0.5675298385317438,0.41631605461221716,0.2917176302142745,0.25940944394953325,0.04392199725029199,0.0783760147001053
synthetic,t-SNE,0,perplexity,100.0,learning_rate,500.0,0.8644864634953553,0.6882786814418469,0.6803168459033943,0.46290307290526245,0.5610306720055972,0.4384644882286991,0.2990424630998245,0.11105801917615274,0.04595470581387483,0.07748284980999479
synthetic,t-SNE,1,perplexity,1.0,learning_rate,50.0,0.4997747481331779,0.49314428955057854,0.4899597231205731,0.49341148776131527,0.535291556452648,0.05201445050446804,0.05125758170687222,0.05385775703914658,0.05195505742724159,0.059922706645707015
synthetic,t-SNE,1,perplexity,1.0,learning_rate,200.0,0.45513880464664824,0.49292952426973513,0.44836111439690807,0.44504148073949723,0.5490700915017547,0.048407384916616975,0.05305661145270962,0.04961292790168839,0.047829430358154734,0.06125448914290025
synthetic,t-SNE,1,perplexity,1.0,learning_rate,500.0,0.45077302917200435,0.5179412902192032,0.4504190020293641,0.45019165284534635,0.5343402133726622,0.04651076881330457,0.05511582361378404,0.04547198362051766,0.04487350396372105,0.058854894955173306
synthetic,t-SNE,1,perplexity,2.0,learning_rate,50.0,0.6053662796696977,0.634453971857359,0.6012404372822461,0.5941825454551556,0.6206280374396288,0.13075616407430488,0.12921151496522948,0.15442303629324705,0.13457351647983948,0.13832294434701337
synthetic,t-SNE,1,perplexity,2.0,learning_rate,200.0,0.5828729722088692,0.6552425799014933,0.5654761455336792,0.5656036624191798,0.6063545355323284,0.10424985213040447,0.12169470960179254,0.10864187110232648,0.09515348834748932,0.16527998576977906
synthetic,t-SNE,1,perplexity,2.0,learning_rate,500.0,0.582778173471622,0.5790944455490314,0.5656548369587558,0.560146443075875,0.5616472832611437,0.11561622345309577,0.1182998677717828,0.09404412168098891,0.11028403582243668,0.0716716859095291
synthetic,t-SNE,1,perplexity,3.0,learning_rate,50.0,0.7770753163383526,0.6695790013246655,0.7711180965755844,0.7670484622889784,0.586066766834536,0.1685947309318306,0.16119292079484077,0.13892952106237397,0.14402260024575186,0.19603349015861232
synthetic,t-SNE,1,perplexity,3.0,learning_rate,200.0,0.7777942766730508,0.6805458729411686,0.7516273084121714,0.7563731177626827,0.60528154805499,0.2197476703384457,0.2124825882213912,0.13997289115889747,0.19396387128798964,0.19014326380113286
synthetic,t-SNE,1,perplexity,3.0,learning_rate,500.0,0.7851332090043701,0.6566477824226362,0.7669209454034777,0.7641608759738893,0.7912389188245962,0.19515670804739324,0.12333994641428823,0.19411398295165114,0.21672779783698237,0.2318590018742681
synthetic,t-SNE,1,perplexity,5.0,learning_rate,50.0,0.8319889530108666,0.5971863231428886,0.799978859042667,0.7929394236068991,0.6302152938047767,0.2375307108374604,0.09263205432722701,0.15853025448348812,0.1720767781016625,0.07687297520786097
synthetic,t-SNE,1,perplexity,5.0,learning_rate,200.0,0.8197498487834302,0.6041892652594507,0.7487279771207862,0.7619557566742926,0.6266951566234535,0.19538379352813756,0.08299553565518217,0.13179398770457532,0.14987871865980834,0.08205993170908626
synthetic,t-SNE,1,perplexity,5.0,learning_rate,500.0,0.868196198151173,0.6075567177489243,0.8274776237228386,0.8197104192201504,0.5857832095496724,0.24888203921433996,0.13138964667409564,0.2231335821382579,0.2006585574736141,0.11601422727226046
synthetic,t-SNE,1,perplexity,10.0,learning_rate,50.0,0.8616341121091546,0.6107261834951203,0.7505979451325043,0.7342522938358169,0.6434300699916695,0.21525052212605228,0.0871855608344384,0.09745623751268853,0.09077472044056364,0.12417624921275444
synthetic,t-SNE,1,perplexity,10.0,learning_rate,200.0,0.8659151559690905,0.6124271077408622,0.806285911313684,0.7883890842190304,0.6774049307088346,0.3144238107856907,0.09308453419045014,0.11229012111596481,0.10088403012341146,0.1397065231203329
synthetic,t-SNE,1,perplexity,10.0,learning_rate,500.0,0.8544134684676749,0.6005692957796105,0.6416595148150293,0.6136708168379336,0.6940744077805435,0.23336074236362547,0.08802077852166643,0.0915242251239082,0.0848522408756737,0.12194376913520932
synthetic,t-SNE,1,perplexity,15.0,learning_rate,50.0,0.8653832763282521,0.6016619980385889,0.7107149418749512,0.691476670701905,0.6649401551511369,0.24694077703912432,0.08510468632486351,0.16583964130493806,0.14064974969683822,0.1140508389534477
synthetic,t-SNE,1,perplexity,15.0,learning_rate,200.0,0.8158639394831707,0.5732026620827702,0.7032451369506183,0.6806402522149767,0.7048990812911755,0.17828998105454252,0.0731878851672167,0.11138933268148168,0.09191453974276105,0.12072417832961263
synthetic,t-SNE,1,perplexity,15.0,learning_rate,500.0,0.8357246943999114,0.5604417453370347,0.7568282355941574,0.7189913749927641,0.7457539813372327,0.1762672055515578,0.06793594869507293,0.14368502886531115,0.10442635891591337,0.13234695080097886
synthetic,t-SNE,1,perplexity,30.0,learning_rate,50.0,0.7885853931085514,0.5521988692943535,0.5747114720733827,0.569539907332137,0.6747740560185035,0.17567530799346576,0.0626880490550828,0.0795580653465941,0.0937306700054503,0.08703121997599067
synthetic,t-SNE,1,perplexity,30.0,learning_rate,200.0,0.7883496546557505,0.5553729491383802,0.5432517141373441,0.5057613303366865,0.6455861120688859,0.1616745710640222,0.06976777877249478,0.06363658859607187,0.0523107538023135,0.07463241913654073
synthetic,t-SNE,1,perplexity,30.0,learning_rate,500.0,0.802717955300298,0.5545457672363818,0.582675404929031,0.5805474669022372,0.6263310623582737,0.20505098462591337,0.06014322215876003,0.17385634281495804,0.285674831929425,0.20120302460948097
synthetic,t-SNE,1,perplexity,50.0,learning_rate,50.0,0.8089142692233803,0.583091512660665,0.5403536412362762,0.48739218740955315,0.5625642303391194,0.27146741764527627,0.09161853243002954,0.10396156477774124,0.05311538289976264,0.08031496316382403
synthetic,t-SNE,1,perplexity,50.0,learning_rate,200.0,0.797325333326622,0.5852563634701036,0.5342873609793297,0.3834919324596749,0.5197286239334092,0.20361325805758518,0.09044730024379931,0.1558234255711371,0.13595006756035516,0.05271932112371237
synthetic,t-SNE,1,perplexity,50.0,learning_rate,500.0,0.8064687973731521,0.5856846356414729,0.5851510781468776,0.46323277116843214,0.5722899096391858,0.2581824286572201,0.1032972138702424,0.16352036216947402,0.046883443297251616,0.08733831147437872
synthetic,t-SNE,1,perplexity,75.0,learning_rate,50.0,0.8379931526788192,0.6347337539712701,0.5952706336163034,0.4880629094487495,0.5417621994649324,0.30059888687621394,0.14884656076020686,0.16350946774165317,0.056555470509269776,0.055545228951141425
synthetic,t-SNE,1,perplexity,75.0,learning_rate,200.0,0.8164075641003053,0.6288096718201944,0.6541347769587056,0.4445523863694516,0.5293930615713605,0.26319685001712145,0.14246160717990908,0.22291579409486226,0.11725569507759015,0.05358134639498494
synthetic,t-SNE,1,perplexity,75.0,learning_rate,500.0,0.8298186491767193,0.6441771343767906,0.6137538705988846,0.4716438520502114,0.5325591716100433,0.34849288062291023,0.19311151403748456,0.15430411375460185,0.04815566325847252,0.05337981386181014
synthetic,t-SNE,1,perplexity,100.0,learning_rate,50.0,0.8649000544463544,0.6812803534231153,0.6051041150202308,0.5264710792542611,0.5383746127303798,0.3692289149508092,0.24017169512720055,0.20607360150982487,0.07891059437840216,0.05425423058374983
synthetic,t-SNE,1,perplexity,100.0,learning_rate,200.0,0.849913464692504,0.6643386445793998,0.6214845817823673,0.4454953401806545,0.5056925383326665,0.3863878337780243,0.24129705575165786,0.2775304047023899,0.07183588414707856,0.048570958013994144
synthetic,t-SNE,1,perplexity,100.0,learning_rate,500.0,0.8592507208479201,0.6706142370924808,0.6212819809412592,0.48355829157574803,0.5519551610362089,0.39223409244273827,0.2440584340507319,0.16433346174179503,0.06766267948980142,0.07725771018445209
synthetic,t-SNE,2,perplexity,1.0,learning_rate,50.0,0.540313372746118,0.5685868863983946,0.540031073851572,0.5373326655475382,0.5179299647063462,0.06321376705842652,0.06374345733435877,0.06148268682096995,0.0624757267974852,0.05089789771058677
synthetic,t-SNE,2,perplexity,1.0,learning_rate,200.0,0.5225683914164357,0.4868422708408312,0.5179530351954993,0.5183003509231132,0.5169198967448798,0.05717600145180515,0.053013768522784395,0.05721311302267689,0.05740317434746518,0.056022285432553866
synthetic,t-SNE,2,perplexity,1.0,learning_rate,500.0,0.4395347647103731,0.4630905730625613,0.4303170556351138,0.43488039838959597,0.5263469180762735,0.043362148093440786,0.046741982945394944,0.04154392880233879,0.04228353428478443,0.05167399804938955
synthetic,t-SNE,2,perplexity,2.0,learning_rate,50.0,0.6843445338460855,0.6439032247510275,0.6684619701862167,0.6689548397272146,0.5258871861469683,0.14823438253791232,0.14405257622274403,0.1214846282087799,0.1342153837658772,0.11861976009266995
synthetic,t-SNE,2,perplexity,2.0,learning_rate,200.0,0.657430920663524,0.6675618016458067,0.6358814059407768,0.6438554059189647,0.5222831562778156,0.12704443084160655,0.14881524104054675,0.10158706105637194,0.11637877624544819,0.09299314361580141
synthetic,t-SNE,2,perplexity,2.0,learning_rate,500.0,0.6123083995875835,0.5826032572174976,0.6293172225815625,0.6126934670247206,0.5490742861361461,0.12167514037999597,0.10598070437956014,0.12270863045981273,0.12427730221412775,0.06161749064061618
synthetic,t-SNE,2,perplexity,3.0,learning_rate,50.0,0.7059527734503133,0.7160962383357704,0.6744619752197778,0.6747102975757531,0.5923411009572995,0.20536833968686077,0.16754155235215032,0.15464212370624758,0.18652145802625972,0.1053025348295374
synthetic,t-SNE,2,perplexity,3.0,learning_rate,200.0,0.7493361991075496,0.6874464659785788,0.727204469131266,0.7329662189313918,0.5936305315692378,0.1976244218172895,0.18901954365862242,0.19536254336849446,0.18967196328893865,0.10760469220682155
synthetic,t-SNE,2,perplexity,3.0,learning_rate,500.0,0.6488201751847107,0.721119732482997,0.5943809516618722,0.5971741587031534,0.6102916193721639,0.16608027239013817,0.12568576296873052,0.1130396321252459,0.11273563723936225,0.11656190003896788
synthetic,t-SNE,2,perplexity,5.0,learning_rate,50.0,0.8275971708029956,0.6052253399541443,0.7863827905895895,0.7878739831157576,0.6524703460321695,0.2706190506614103,0.08770727403814091,0.20720852874902704,0.31502100631084856,0.2845209467228687
synthetic,t-SNE,2,perplexity,5.0,learning_rate,200.0,0.8701274078250065,0.5885449568330174,0.8118236676373051,0.8088471550731168,0.6452832594658218,0.29781818137981503,0.09109850050677305,0.3277535020412426,0.3678018411678076,0.29002269616153353
synthetic,t-SNE,2,perplexity,5.0,learning_rate,500.0,0.8071516838520838,0.5659925050272693,0.7044389298984312,0.701317702447737,0.5361799800167617,0.17009309692629299,0.06916712153570831,0.25137781285420635,0.18399925972284592,0.12227382301473119
synthetic,t-SNE,2,perplexity,10.0,learning_rate,50.0,0.8293471722711176,0.5682823559415737,0.5009903531798265,0.49214386924821246,0.5809476350231839,0.14971777422267885,0.06932059838099211,0.12399184625399051,0.13952820638123473,0.05606014731986726
synthetic,t-SNE,2,perplexity,10.0,learning_rate,200.0,0.81369027994151,0.5758742247266986,0.6019161928827121,0.6065911129120075,0.5272126906146734,0.1532058719982805,0.0692424279683399,0.2166365458157319,0.2653736319135476,0.04925740509211221
synthetic,t-SNE,2,perplexity,10.0,learning_rate,500.0,0.806391616100349,0.5572177493437495,0.7411830882408458,0.7219964110708148,0.561331846754905,0.11655982715604557,0.061673535228469745,0.19772650687249488,0.2954707411231702,0.21518103121287527
synthetic,t-SNE,2,perplexity,15.0,learning_rate,50.0,0.7726122253458265,0.5331296418872834,0.5221258574881354,0.5150952307845895,0.5416598503857806,0.10358870303558368,0.05655611158353605,0.07500876967161088,0.07928562102021847,0.05647493015835116
synthetic,t-SNE,2,perplexity,15.0,learning_rate,200.0,0.8200325671414155,0.5605386413914777,0.6202631042475707,0.6018536928302793,0.5508259654580248,0.1418212386375985,0.06401912732533678,0.13373061459908345,0.13327176878334035,0.10250748592067174
synthetic,t-SNE,2,perplexity,15.0,learning_rate,500.0,0.8030216468302407,0.5857169343262871,0.5244706581129682,0.5142319750268246,0.586429183245959,0.12292109913527527,0.07334000363827323,0.0863550074042929,0.09557853956230736,0.05828038667958116
synthetic,t-SNE,2,perplexity,30.0,learning_rate,50.0,0.7877221373507863,0.5551917409326685,0.40490679941845586,0.3862863978912734,0.558174125985005,0.17110802781813514,0.06814288619070887,0.14748589195947492,0.18468484477493458,0.05200569643390941
synthetic,t-SNE,2,perplexity,30.0,learning_rate,200.0,0.7746214552193417,0.5569006349837542,0.44959140066392667,0.4288292188164587,0.5716397413085078,0.1497330929626829,0.06336111605022333,0.15799039219656186,0.14197438356400685,0.06235015871465951
synthetic,t-SNE,2,perplexity,30.0,learning_rate,500.0,0.8200619295821558,0.5616833571169103,0.4604722822754046,0.41668659118002616,0.5334920582987066,0.2467095673632335,0.07435387547948044,0.15357240097270355,0.14084994836856427,0.08188995749601188
synthetic,t-SNE,2,perplexity,50.0,learning_rate,50.0,0.8210535411522997,0.6016208906215524,0.4195834056907766,0.28893480615336087,0.5394190766938562,0.22932787444452074,0.09022499934014559,0.03911784197259151,0.032285772704552025,0.054655821973679616
synthetic,t-SNE,2,perplexity,50.0,learning_rate,200.0,0.8115090700579448,0.5999212247661282,0.36573143098274413,0.2993484054936288,0.5206950676972044,0.23684685722839238,0.08506806058624056,0.11021606539983506,0.032833875966615536,0.12195773820738962
synthetic,t-SNE,2,perplexity,50.0,learning_rate,500.0,0.8280468356097614,0.6058868337976794,0.42136570584371297,0.33679558456005415,0.5646254736790887,0.2640189326784663,0.0963030999201826,0.10881174831270886,0.035000816074981664,0.054911152557924295
synthetic,t-SNE,2,perplexity,75.0,learning_rate,50.0,0.84232117644394,0.6451184103342369,0.5680910806133226,0.45854400884564506,0.5190918784327839,0.3066141100683574,0.14858215865968327,0.14748851238718394,0.056631482238700404,0.12511462128412718
synthetic,t-SNE,2,perplexity,75.0,learning_rate,200.0,0.8487297388672307,0.6559648959437047,0.588697641524867,0.49676845366481015,0.5469190829858079,0.32170016197475104,0.17293870742596296,0.18157761168557054,0.060348162386552134,0.05976693256208031
synthetic,t-SNE,2,perplexity,75.0,learning_rate,500.0,0.8444663124717386,0.6510403951681167,0.6193025329719237,0.506734904978947,0.5444257923035172,0.30274739959938546,0.16438007146530245,0.20352018385370685,0.07796247489015623,0.05587556604176479
synthetic,t-SNE,2,perplexity,100.0,learning_rate,50.0,0.8790837911776772,0.6915572076822212,0.6717438521341041,0.46487203428861934,0.5638192649490478,0.4056178917179474,0.27153869421296783,0.21501145010059036,0.11933548267543706,0.06628349607033501
synthetic,t-SNE,2,perplexity,100.0,learning_rate,200.0,0.8812658399881208,0.691360059865822,0.7198932213869307,0.49102474079256775,0.577123806311918,0.44731489853190276,0.29346456147693856,0.2390157344178932,0.05556228638682273,0.09196673395267037
synthetic,t-SNE,2,perplexity,100.0,learning_rate,500.0,0.8608941786024988,0.6833269155427144,0.6513600263087469,0.5296900416862765,0.5570298297230115,0.3782474460059483,0.2632565988161574,0.1831338609043035,0.10859873918867315,0.07916184888173534
synthetic,t-SNE,3,perplexity,1.0,learning_rate,50.0,0.4701446897186995,0.49895847228059753,0.45549618749680165,0.4586622975354845,0.5264920524262184,0.04819932931198023,0.05240679968522818,0.0463594065219698,0.04803450569304671,0.0546997468179583
synthetic,t-SNE,3,perplexity,1.0,learning_rate,200.0,0.4718208656215316,0.4649529907323747,0.4631354556505501,0.4616396490265512,0.5202781210386922,0.046985756693298415,0.04680413717792646,0.046909091761010754,0.04640242905981056,0.052798751023517165
synthetic,t-SNE,3,perplexity,1.0,learning_rate,500.0,0.4341740219580721,0.48276298889512487,0.4352856000718121,0.4306035491640513,0.5673930934505818,0.04631555460269003,0.05010298409225762,0.048036296822668384,0.046435623458446915,0.0691784469400068
synthetic,t-SNE,3,perplexity,2.0,learning_rate,50.0,0.6584510557475299,0.6416267966667758,0.6514351102643543,0.6565148125124266,0.5791464590154858,0.12386123209147007,0.11214864103556374,0.1062024291935918,0.12487023273357399,0.08643629759636276
synthetic,t-SNE,3,perplexity,2.0,learning_rate,200.0,0.660982098139344,0.6622753039222349,0.64409869471367,0.6428281399564932,0.5742370589237072,0.12435920395033856,0.11239958774043494,0.1300099919156809,0.11202390480594823,0.10167218791134543
synthetic,t-SNE,3,perplexity,2.0,learning_rate,500.0,0.5302991025999182,0.5769115578117097,0.5068569688397389,0.5078989160225806,0.5835072009288599,0.08711367442316885,0.08217474743783379,0.0645356890469161,0.07263288004921621,0.05982983653152561
synthetic,t-SNE,3,perplexity,3.0,learning_rate,50.0,0.7599511408986082,0.6772627326029637,0.7335031321335,0.7368722624767303,0.5994526841046007,0.18133694915033466,0.11487304286923095,0.14557717835006065,0.17471025667246698,0.1644581411353598
synthetic,t-SNE,3,perplexity,3.0,learning_rate,200.0,0.7840761611377192,0.6845127386851835,0.775366422287267,0.7664729584504685,0.6097840686107958,0.1975750629318361,0.1733495450956013,0.17696763689888173,0.16313019658948358,0.16192913670398573
synthetic,t-SNE,3,perplexity,3.0,learning_rate,500.0,0.7737858840485604,0.7374104340691561,0.7438835938620754,0.7394561572618769,0.5905592202678023,0.2383679833292498,0.15057507237366893,0.18899327277204142,0.18733074798906038,0.1805547660951038
synthetic,t-SNE,3,perplexity,5.0,learning_rate,50.0,0.8325317387011231,0.5871678583622972,0.7817032564624635,0.7789285058125048,0.6523738694411658,0.23448618339406305,0.10377269684203957,0.2689174717701566,0.2220277590829863,0.1907593281379617
synthetic,t-SNE,3,perplexity,5.0,learning_rate,200.0,0.8406097656122196,0.566521448424034,0.7712930128297087,0.7634230397844294,0.6469090997559562,0.2077280549237517,0.09229835924652427,0.1472097420786557,0.17952161006150408,0.21165302838117944
synthetic,t-SNE,3,perplexity,5.0,learning_rate,500.0,0.8043790305193209,0.5245721682652418,0.7317803957889226,0.7210119303791362,0.6481171544607001,0.14251634720107553,0.06127984624823082,0.09969473676429133,0.11304514945667059,0.10890260027606419
synthetic,t-SNE,3,perplexity,10.0,learning_rate,50.0,0.835051036116641,0.5939312868551064,0.7257745182672133,0.7148370090914505,0.7235526204300506,0.21788670501971033,0.08167523019961231,0.1568286951003865,0.1431528482474952,0.1589077674829985
synthetic,t-SNE,3,perplexity,10.0,learning_rate,200.0,0.8497708471231941,0.5774325314031303,0.7824700356292245,0.761777484712655,0.738368069100729,0.20555867567777797,0.07295338040378806,0.30092623609125,0.4034288623413095,0.3178619296895325
synthetic,t-SNE,3,perplexity,10.0,learning_rate,500.0,0.8368127825610592,0.5776334543904819,0.7479700066862471,0.73630179219949,0.6804720473758786,0.19770737341069733,0.07150285575673271,0.2599055308783624,0.23015396605660216,0.24838532134722738
synthetic,t-SNE,3,perplexity,15.0,learning_rate,50.0,0.8025375860214649,0.5490252089137659,0.6934355649627222,0.6891616519812516,0.7495820046828899,0.12567017769743954,0.05867178510654464,0.1179899068140125,0.14470863015048221,0.19864153811962407
synthetic,t-SNE,3,perplexity,15.0,learning_rate,200.0,0.8502372904675255,0.5772983031026033,0.7259783774986388,0.7159141912031806,0.7986080525235338,0.2487559839672504,0.06961986851250296,0.15427123197913195,0.1980266601956651,0.3986031301321404
synthetic,t-SNE,3,perplexity,15.0,learning_rate,500.0,0.836424359416409,0.5847672691000579,0.7314540532332661,0.6969234034592311,0.7429913951270094,0.1398457303487861,0.06965960049203511,0.222323062889509,0.30182569579261403,0.15960660572197308
synthetic,t-SNE,3,perplexity,30.0,learning_rate,50.0,0.797696139006828,0.5571057526054971,0.6751444422352703,0.6285835810264941,0.6301045554568419,0.19591645250264947,0.06643276058750316,0.08386132258639413,0.07095479722038757,0.09775616711946342
synthetic,t-SNE,3,perplexity,30.0,learning_rate,200.0,0.7848781752333686,0.5559266408780543,0.5546271431435764,0.5010448834269157,0.5704644047520174,0.16007953226294824,0.06143226464359559,0.12844056893529074,0.11567952737145587,0.21565801463493878
synthetic,t-SNE,3,perplexity,30.0,learning_rate,500.0,0.8193396135399442,0.5643658258102565,0.706501851092157,0.6577371289741015,0.575390583381362,0.2813880324783439,0.06661628704962294,0.16490004493524882,0.11248906150070219,0.21166832463347665
synthetic,t-SNE,3,perplexity,50.0,learning_rate,50.0,0.8166617589444287,0.5967152657007262,0.6104791195294628,0.5389299823238107,0.5730701116359996,0.24000463889065796,0.07916987102912429,0.09962246957492332,0.15939760217185708,0.08298677358810229
synthetic,t-SNE,3,perplexity,50.0,learning_rate,200.0,0.8193287074905263,0.6019262600052517,0.5785017437095166,0.5112000932886689,0.5345197437246172,0.2630690225131824,0.0902359580329018,0.2506207625063069,0.06307432209305272,0.05006302745488289
synthetic,t-SNE,3,perplexity,50.0,learning_rate,500.0,0.8166080676242178,0.6033314625263948,0.6008645980407702,0.5048796181875991,0.5694216186422976,0.23751207619910977,0.08915999220330618,0.1648739150250299,0.05927232578234032,0.1119846298457789
synthetic,t-SNE,3,perplexity,75.0,learning_rate,50.0,0.8432389624487939,0.654287461650555,0.5715482982787737,0.5253041319665537,0.5762345438209261,0.3296856379235954,0.16392289424826414,0.1999421463216216,0.14230014749321895,0.060143881685501145
synthetic,t-SNE,3,perplexity,75.0,learning_rate,200.0,0.8357934864039316,0.6368449134604979,0.7094620045822186,0.5689174235884426,0.5742152468248716,0.31580799236271173,0.1542873595200674,0.19131995125627366,0.0763085075928077,0.13180745926342866
synthetic,t-SNE,3,perplexity,75.0,learning_rate,500.0,0.8360510369555678,0.6373986052001721,0.7215777865585458,0.591957711373919,0.567214402025505,0.314716995206745,0.16060101198125706,0.2141804293159316,0.09198046254361408,0.13205640442017014
synthetic,t-SNE,3,perplexity,100.0,learning_rate,50.0,0.8874210464941664,0.699380200822316,0.6608399000334731,0.4953611538264713,0.5560013053702226,0.44629774570051545,0.3035255549854886,0.1152301489432415,0.07103170756818128,0.06702587198132495
synthetic,t-SNE,3,perplexity,100.0,learning_rate,200.0,0.8615955214727531,0.6848801886578764,0.7894117360836712,0.6089770209538765,0.5558117078957281,0.3710717085155651,0.25367820869924107,0.21356667483054517,0.10158352462692657,0.061872049133669144
synthetic,t-SNE,3,perplexity,100.0,learning_rate,500.0,0.8696173402830036,0.6793348819923506,0.7250383599315101,0.5225792974658535,0.554679995536909,0.4158717499450986,0.2530236503817389,0.23173104233955205,0.08853687670754186,0.13454322088336168
synthetic,t-SNE,4,perplexity,1.0,learning_rate,50.0,0.5455482764666749,0.5038754227142808,0.5376938235686439,0.543350707508983,0.5864761631511436,0.061008089393334936,0.0582825291206763,0.05707479500636903,0.06099048789407421,0.06993547096116251
synthetic,t-SNE,4,perplexity,1.0,learning_rate,200.0,0.4942890052760111,0.5358171441418995,0.4879563657352062,0.49188547976969776,0.5830768314402949,0.05136157753886533,0.056772379167494884,0.04962549665089132,0.0499552954454212,0.06207244874946337
synthetic,t-SNE,4,perplexity,1.0,learning_rate,500.0,0.445491145546263,0.49968204671312644,0.44328686517354454,0.44159013556219423,0.5478335132831488,0.04625869833322972,0.051791298999415064,0.04520839060812912,0.04469481224678536,0.05591113291947025
synthetic,t-SNE,4,perplexity,2.0,learning_rate,50.0,0.6701482132115881,0.7080056275214995,0.6501372903836329,0.6632102879280939,0.6567161549632172,0.1569078363864104,0.15938939044631661,0.12911970541969406,0.14036106530579237,0.16009670499731735
synthetic,t-SNE,4,perplexity,2.0,learning_rate,200.0,0.6633000531040713,0.6447417321658826,0.6335785516598588,0.6532086016850686,0.665576061724884,0.13719560500349118,0.1441970420039394,0.09050530856230363,0.11965014199286661,0.15515936880444747
synthetic,t-SNE,4,perplexity,2.0,learning_rate,500.0,0.5650793331202459,0.6289405444132085,0.5333376957531004,0.5499585150658683,0.584983712234658,0.10901607312348513,0.10713435021354198,0.10641057482421948,0.10427213698508836,0.07793411605123847
synthetic,t-SNE,4,perplexity,3.0,learning_rate,50.0,0.8052833936941222,0.6616410752022442,0.79119781140756,0.7981869112306302,0.7066574720280806,0.269106582675142,0.12744234653607778,0.22377234013155173,0.25180539176897637,0.3073901882177452
synthetic,t-SNE,4,perplexity,3.0,learning_rate,200.0,0.750050125880978,0.6655148200627685,0.7131335680650739,0.7207019468976065,0.6849116484158124,0.19662071398928868,0.1236080884622092,0.10763930265790495,0.12385581800346347,0.24039818157310314
synthetic,t-SNE,4,perplexity,3.0,learning_rate,500.0,0.8050283599231207,0.6990928683665002,0.7855308603446814,0.7873320363523794,0.6370928163530338,0.24777460345802893,0.17047371912097847,0.22596842529808273,0.24198844142034517,0.12807303811814955
synthetic,t-SNE,4,perplexity,5.0,learning_rate,50.0,0.8389923145908679,0.5845776716255635,0.7921348927306147,0.7945468075057109,0.7000526007152692,0.2835859068782322,0.093121089626734,0.15893499492326918,0.19873960968519258,0.2962859541691635
synthetic,t-SNE,4,perplexity,5.0,learning_rate,200.0,0.8514579290754438,0.593040765973797,0.7954448787289251,0.7949905998243287,0.6841398356877817,0.2070047615828731,0.10138224893569248,0.2172946760267588,0.18183563634473168,0.3047746416554655
synthetic,t-SNE,4,perplexity,5.0,learning_rate,500.0,0.8434587612909071,0.6101234145330658,0.7952569591081872,0.7963102318038858,0.7285257789645796,0.21919653517566026,0.07684346194658048,0.1867108348699521,0.20188449406524422,0.4438200294078892
synthetic,t-SNE,4,perplexity,10.0,learning_rate,50.0,0.8762297619377197,0.6177547128814705,0.767981768441081,0.7630258079075569,0.7083755942748274,0.2487682518293873,0.1040951700479648,0.12021554646078074,0.1038470197648358,0.2815358150627808
synthetic,t-SNE,4,perplexity,10.0,learning_rate,200.0,0.8642373022125018,0.6020399345972606,0.8310157978320452,0.8491575915751607,0.7122866713814356,0.2059377493270263,0.08611147619695611,0.14845697460480284,0.20987949938212633,0.39619198067664796
synthetic,t-SNE,4,perplexity,10.0,learning_rate,500.0,0.8807213764441078,0.6141229984253342,0.888057791994792,0.8754629827709587,0.684899064512638,0.2817442468440074,0.09959155700950095,0.26162243629941967,0.19133159972147945,0.4349222469297436
synthetic,t-SNE,4,perplexity,15.0,learning_rate,50.0,0.8295770382357703,0.5434241136108335,0.7577653169172123,0.7488227758580335,0.6121087349905494,0.1353919452153556,0.0575168265468273,0.10624144956807746,0.11595392204836258,0.10524388515118602
synthetic,t-SNE,4,perplexity,15.0,learning_rate,200.0,0.8412263768677657,0.540013875850567,0.7061197198990938,0.6760504832638282,0.5886733126453965,0.15585038630521167,0.05933000633314185,0.1493539313571868,0.10850987323316914,0.061977267901547686
synthetic,t-SNE,4,perplexity,15.0,learning_rate,500.0,0.8572851151720765,0.5574069273548049,0.7426226867639989,0.7508101936327128,0.6095810483062487,0.18000245960239505,0.0637897336348842,0.13263692590261725,0.16209500915084815,0.23504894417638406
synthetic,t-SNE,4,perplexity,30.0,learning_rate,50.0,0.8070862475555768,0.5687009804538427,0.6542111193046303,0.6419300687332791,0.5271187308043044,0.2026768908084157,0.06380971357055035,0.1200447722535064,0.09933227512746742,0.05381590632981556
synthetic,t-SNE,4,perplexity,30.0,learning_rate,200.0,0.8352481839330401,0.5602324330809003,0.7136235013619978,0.6918244058929579,0.5369106853277561,0.24615439527907598,0.07175589963360335,0.12029918318039992,0.14631978836840925,0.05093798676677402
synthetic,t-SNE,4,perplexity,30.0,learning_rate,500.0,0.8210854203736747,0.5576191758550133,0.721709498078438,0.6976104845725541,0.5554769760712887,0.19917022434713869,0.06275606148666865,0.08724803027012887,0.11276266314881887,0.053476913869313525
synthetic,t-SNE,4,perplexity,50.0,learning_rate,50.0,0.8231483415674007,0.6059401056544511,0.6016666121364196,0.5327227623513107,0.5286774569441753,0.21464755103592567,0.09340492769832566,0.07173887307951526,0.058354866413487874,0.05080682085384363
synthetic,t-SNE,4,perplexity,50.0,learning_rate,200.0,0.8291936486523899,0.6037182078172885,0.6746205323997756,0.6217270316501944,0.5331061519346912,0.23055392321575266,0.09178565648356296,0.1460323012976681,0.1474445291422333,0.06719830282164321
synthetic,t-SNE,4,perplexity,50.0,learning_rate,500.0,0.8542364548963548,0.6102257636122178,0.6911310328280476,0.6838592146469922,0.5297848404235239,0.2879265621851029,0.10158451703876409,0.12047864574589288,0.14297909528982553,0.06354428595848291
synthetic,t-SNE,4,perplexity,75.0,learning_rate,50.0,0.875306942371596,0.6649531585177504,0.6590450159773624,0.6134132662862973,0.5709266534619576,0.35131011103330984,0.18111649058063284,0.15598648703134183,0.1126033458011157,0.06598794516940112
synthetic,t-SNE,4,perplexity,75.0,learning_rate,200.0,0.8739160016073838,0.6661935119073086,0.6724913359826644,0.61256595013922,0.5686699401593458,0.3640494739678581,0.19228379100185392,0.1595378430856598,0.09333011523346274,0.07807113437563387
synthetic,t-SNE,4,perplexity,75.0,learning_rate,500.0,0.8617498840183591,0.6509263011126687,0.6940622433408081,0.592559221945656,0.6109602440941646,0.3501341493998059,0.17309931884086216,0.16258650977822978,0.07877660240132547,0.13151953611191786
synthetic,t-SNE,4,perplexity,100.0,learning_rate,50.0,0.9011098163672956,0.7103076428755393,0.6989615763100472,0.5769585377168941,0.5934560347785527,0.4858133913191451,0.3122329736632694,0.14743122180232227,0.0737844201683309,0.10837067736170455
synthetic,t-SNE,4,perplexity,100.0,learning_rate,200.0,0.8932239037113285,0.7062547871264993,0.6953722276612648,0.4684483795707883,0.5815936087194704,0.46671979725952023,0.3156368517981566,0.12525668770977852,0.04466992879143577,0.07307669228465208
synthetic,t-SNE,4,perplexity,100.0,learning_rate,500.0,0.8944025959753322,0.7060291157962382,0.7108059654412462,0.4742126461515488,0.5851867325392052,0.4867783029243375,0.31837709894776667,0.14099099233856904,0.045307482178844526,0.07877502679831261
synthetic,UMAP,0,n_neighbors,5.0,min_dist,0.0,0.8485862823710423,0.5891053599877181,0.5171564741245589,0.5074400230201535,0.6210860915151775,0.20559112975427238,0.11545867187628653,0.050371771361526194,0.05311121724262065,0.09542435167659602
synthetic,UMAP,0,n_neighbors,5.0,min_dist,0.1,0.8466307438177382,0.621315538016391,0.4488187490090177,0.4044323862687804,0.5745046765978831,0.19427280797461033,0.10682932168981338,0.04747319233204502,0.042654230598671,0.05880474232434163
synthetic,UMAP,0,n_neighbors,5.0,min_dist,0.5,0.8242246847522523,0.5984308711668382,0.4709353783014919,0.4100607466952573,0.5625281564833527,0.13362497062321108,0.0854476228305468,0.044265015649097045,0.04006252671054957,0.05541982982676932
synthetic,UMAP,0,n_neighbors,8.0,min_dist,0.0,0.8699529110343213,0.5468955930332157,0.6130047088965678,0.5489585142269413,0.5608763094599911,0.2854661383736272,0.05319066828622815,0.08725587716430233,0.05504967509335769,0.09349554718928696
synthetic,UMAP,0,n_neighbors,8.0,min_dist,0.1,0.8725846246515306,0.54534903133308,0.5556011372492762,0.5183351663885625,0.5770986385055692,0.20113162975173773,0.05357342951206839,0.17213645653569848,0.06857612369332067,0.0654229088840722
synthetic,UMAP,0,n_neighbors,8.0,min_dist,0.5,0.8478094360817416,0.5291669707776601,0.6013494977764243,0.557815065281095,0.5601539934177797,0.1720178575521603,0.05116775641708939,0.07017343389257813,0.05711111724411338,0.10026227056013147
synthetic,UMAP,0,n_neighbors,10.0,min_dist,0.0,0.8533740380654682,0.5501661494682463,0.6653520682483793,0.574629676702749,0.6312731805983058,0.26640860488176665,0.05444331525191596,0.0830441392299756,0.06681803530960985,0.07246265450653115
synthetic,UMAP,0,n_neighbors,10.0,min_dist,0.1,0.8761634867143344,0.5578737901625755,0.5764891581284884,0.503491194204022,0.6190508549084354,0.31003730841204635,0.0569922138878205,0.053047478797214956,0.046222962794097516,0.07355337984991207
synthetic,UMAP,0,n_neighbors,10.0,min_dist,0.5,0.8671810966284367,0.5689342021260084,0.5151455663972873,0.493903937838874,0.599761409195813,0.251364523876887,0.06659974486655032,0.04791086386696693,0.047023227664985276,0.06766356583311199
synthetic,UMAP,0,n_neighbors,15.0,min_dist,0.0,0.8058186290424741,0.5334090045377555,0.5509585159047952,0.49256333268735963,0.559650637290803,0.1601243556302883,0.05020188861406673,0.08136200022711781,0.07755122605768268,0.05995772813731169
synthetic,UMAP,0,n_neighbors,15.0,min_dist,0.1,0.8277515333486017,0.5350218414612764,0.6002349834186103,0.517792380698306,0.6777748974621624,0.18385341727887725,0.050606134110965796,0.13142615799338836,0.06256591120667916,0.139118897324851
synthetic,UMAP,0,n_neighbors,15.0,min_dist,0.5,0.8994881707115525,0.5420495319207482,0.714678871374892,0.6730693566018093,0.5233292980950488,0.26659111148610926,0.05724549371653725,0.10295241399616181,0.0912539633105444,0.11607483913582206
synthetic,UMAP,0,n_neighbors,20.0,min_dist,0.0,0.8044109097406962,0.4940536862866496,0.7568739571090244,0.5325860172701488,0.5808654201891108,0.16016814640987384,0.04563172297606057,0.1913734563804385,0.0589501773189452,0.18574788161713315
synthetic,UMAP,0,n_neighbors,20.0,min_dist,0.1,0.8582490421552368,0.5189228346668076,0.5836368151315563,0.47636449359437383,0.5494635482076746,0.25873494996995156,0.048633633816844005,0.11973583559862516,0.09388484438948971,0.056254600138407704
synthetic,UMAP,0,n_neighbors,20.0,min_dist,0.5,0.9218355048955579,0.5576313402947486,0.5992949658514815,0.5308720896577934,0.5185398645468662,0.36960654653468833,0.060201014707451976,0.055988221059753644,0.04787835564194931,0.07587862533539719
synthetic,UMAP,0,n_neighbors,30.0,min_dist,0.0,0.8472020530218566,0.5017575518100266,0.65515071740832,0.5200482550740395,0.5430684086144366,0.30753211433876143,0.048431297281188404,0.07095213831825987,0.048039326697994114,0.1111330094259143
synthetic,UMAP,0,n_neighbors,30.0,min_dist,0.1,0.8955166908697073,0.534367897959646,0.6114220733406655,0.43316898755787553,0.5721254799710402,0.36431985771045383,0.05236032472468167,0.07324475764340922,0.042197617773001794,0.08384639256934079
synthetic,UMAP,0,n_neighbors,30.0,min_dist,0.5,0.918860670185126,0.579563405673998,0.4352159691409137,0.404234399525503,0.5861162635203553,0.3700011931586874,0.0633635076565563,0.041561816912906585,0.03926595985952004,0.05843996057793326
synthetic,UMAP,0,n_neighbors,40.0,min_dist,0.0,0.8013429541467737,0.5293343366898798,0.6052198869294354,0.47698655787462907,0.5540675789157541,0.2678722713518481,0.05335341048092056,0.0947540663605676,0.07641742597873238,0.05633205079284695
synthetic,UMAP,0,n_neighbors,40.0,min_dist,0.1,0.8931676956104829,0.5418389612742964,0.5000088087322221,0.371887056952229,0.5577202665438478,0.487397685390942,0.05600282759098244,0.046398305442144724,0.04894492218160417,0.0517228848541541
synthetic,UMAP,0,n_neighbors,40.0,min_dist,0.5,0.8998229025359918,0.5753582846965475,0.44750876468856104,0.4437998689596216,0.5971406016280215,0.38993622078860546,0.06668221981311893,0.04393748479121773,0.042996328345030345,0.06232747732287324
synthetic,UMAP,0,n_neighbors,60.0,min_dist,0.0,0.8076986641767316,0.4725150776133201,0.5700604614601187,0.3865892504943377,0.5126799603019802,0.24539133934967772,0.044750937161973176,0.1463873344541235,0.03808758999128987,0.05032884329424583
synthetic,UMAP,0,n_neighbors,60.0,min_dist,0.1,0.9073002578022297,0.5013343131999272,0.5838469663145691,0.4561652316822414,0.5136673772377326,0.4977573392584371,0.04785075681508159,0.09440249874070583,0.04378900686767239,0.06185946605838814
synthetic,UMAP,0,n_neighbors,60.0,min_dist,0.5,0.9452759608019805,0.5758603824332067,0.5203271982610723,0.42437116138520253,0.558977817934411,0.6380943936615738,0.0761167849941636,0.04738214007086289,0.04002808172283416,0.05571074499650878
synthetic,UMAP,0,n_neighbors,80.0,min_dist,0.0,0.8412146318914698,0.500755034190465,0.7226151196435568,0.5542559179999312,0.5263066495861155,0.36004773039706184,0.04845261716659613,0.24958153946869283,0.11685395076933865,0.06034536662853094
synthetic,UMAP,0,n_neighbors,80.0,min_dist,0.1,0.9005301178943943,0.5309064856598034,0.6233218316458319,0.5275902077099057,0.5442949197105031,0.5665636206324087,0.051498604801578855,0.11640704691626531,0.08780637172611336,0.056381805396804714
synthetic,UMAP,0,n_neighbors,80.0,min_dist,0.5,0.9291484304936497,0.5731544237872683,0.7431776368939906,0.6021984917772583,0.5468679084462319,0.5559761956655388,0.07925240541282232,0.1461371444705135,0.06586962938492345,0.116310969188851
synthetic,UMAP,0,n_neighbors,120.0,min_dist,0.0,0.789616434241975,0.4791933550279824,0.741355068250896,0.567200140268574,0.5179610050008431,0.2067312853688387,0.04589580708655854,0.18439866499981944,0.05447894915807562,0.05956765562442227
synthetic,UMAP,0,n_neighbors,120.0,min_dist,0.1,0.8721014027696332,0.5270117676273218,0.6525047420341796,0.46554401471813317,0.5061094849911787,0.42258564955366795,0.05480922864769004,0.12958266270967378,0.04695663656141584,0.06207268671350576
synthetic,UMAP,0,n_neighbors,120.0,min_dist,0.5,0.9349303145388544,0.5774363065740826,0.516356137882666,0.4420842634935096,0.5699274915499091,0.596747009412117,0.07917875745122435,0.07848370397735141,0.05898167833391086,0.06625442123297856
synthetic,UMAP,1,n_neighbors,5.0,min_dist,0.0,0.813892461319179,0.5373259541325118,0.4632529054135112,0.4060632601201848,0.5683947721432653,0.16870142443323174,0.10018446370246407,0.044985818603614273,0.06991695219949319,0.1047657279257828
synthetic,UMAP,1,n_neighbors,5.0,min_dist,0.1,0.8304008644302554,0.5415797328689035,0.4564706010659405,0.4283829097172061,0.5500877098051258,0.18088220946553157,0.0839855750659111,0.04218129329321398,0.040189914671930164,0.05135468614584519
synthetic,UMAP,1,n_neighbors,5.0,min_dist,0.5,0.7207271147039553,0.5994757545937538,0.3860305251933936,0.3610649002222317,0.590367106012673,0.11748037335617158,0.09349655228993181,0.08014564058499835,0.03914883713886603,0.05854999825778882
synthetic,UMAP,1,n_neighbors,8.0,min_dist,0.0,0.8837155064727403,0.5463083442184096,0.5852311956637548,0.5036631742140724,0.5872177745115559,0.31147956254468184,0.05321761904553392,0.1469905249200144,0.05444465569814562,0.068333924217268
synthetic,UMAP,1,n_neighbors,8.0,min_dist,0.1,0.8800141610857056,0.5428372842594666,0.6131737526625441,0.5440021342299783,0.5914669391501168,0.285396013196347,0.05534728073400494,0.12851274482487834,0.058861261433269516,0.061530228179337884
synthetic,UMAP,1,n_neighbors,8.0,min_dist,0.5,0.9013212259406257,0.5265054752562711,0.6045126715710332,0.5527840207919636,0.5574467763815238,0.28722732952132757,0.05420620686626181,0.08700545469855835,0.06566446359976273,0.0638401751341807
synthetic,UMAP,1,n_neighbors,10.0,min_dist,0.0,0.8518220233406235,0.5164467419855219,0.5843071177073135,0.5102017703034987,0.6044401043960608,0.2717707080550598,0.0493381577806603,0.08548947801268761,0.04944051373537897,0.15338193907283276
synthetic,UMAP,1,n_neighbors,10.0,min_dist,0.1,0.8270728415040617,0.5361233524524769,0.5529664873879928,0.5061153574793267,0.6284644534097764,0.1975834854407459,0.05226711140696566,0.05631670449989699,0.07172811948897717,0.08094475780891677
synthetic,UMAP,1,n_neighbors,10.0,min_dist,0.5,0.9195502680790839,0.5420080050402727,0.566724049265142,0.5435491137156994,0.5568737893236488,0.3086780260354194,0.06683198232970186,0.05341095647645011,0.050609369464504506,0.05683725399306443
synthetic,UMAP,1,n_neighbors,15.0,min_dist,0.0,0.850084605775676,0.5343188207372657,0.5871238147011868,0.5037781071963986,0.6289183128509336,0.24083430886363316,0.05091527197343209,0.0849183219068533,0.0617257510985105,0.08500215542244313
synthetic,UMAP,1,n_neighbors,15.0,min_dist,0.1,0.8705661665823545,0.5371992761738894,0.5467492002929533,0.4932428634587781,0.5445818327028797,0.35132091961353573,0.05121908053240111,0.12907673153601085,0.05205069288570769,0.06821958177193879
synthetic,UMAP,1,n_neighbors,15.0,min_dist,0.5,0.8402934901791025,0.5976045281917183,0.5507722741378138,0.5278192347476802,0.5887085475742848,0.169466821529848,0.0698122855279888,0.05814176273451875,0.05627859723917594,0.07459586344498934
synthetic,UMAP,1,n_neighbors,20.0,min_dist,0.0,0.8297196558050804,0.5478532280647886,0.5503100254278737,0.4975381690756452,0.5488721047584771,0.23895677903409213,0.052423881875324305,0.0646162861166498,0.04997756780815374,0.05544637609153709
synthetic,UMAP,1,n_neighbors,20.0,min_dist,0.1,0.8322624431731905,0.550835613117125,0.5170197290433969,0.3772024976531021,0.5322345069081434,0.20825983808627357,0.052978097331235804,0.06473532375238715,0.038361088758305226,0.05132590922181483
synthetic,UMAP,1,n_neighbors,20.0,min_dist,0.5,0.8918732314372747,0.5506485324232654,0.4498934143401127,0.38147347439049867,0.5575633872176067,0.24399387358075486,0.05714186410651072,0.04218134021057725,0.0383738025840015,0.11635029468406674
synthetic,UMAP,1,n_neighbors,30.0,min_dist,0.0,0.8509528950947107,0.49746266565659875,0.5657483773056857,0.4544290725076112,0.5936171087391852,0.32909715609101203,0.04771640733433417,0.06156179709786355,0.04584085809391683,0.056087204526965334
synthetic,UMAP,1,n_neighbors,30.0,min_dist,0.1,0.8438639629731233,0.5186162068927911,0.5697429276366842,0.48368916416876184,0.5546548277305601,0.24834771654358145,0.04994430657095138,0.07754725590137443,0.06599652648927873,0.055886827343768763
synthetic,UMAP,1,n_neighbors,30.0,min_dist,0.5,0.8983161898625753,0.5453158937213873,0.40278431441637114,0.3167360039731577,0.5356707514016371,0.3108425589757259,0.0615125745013049,0.03846586088241068,0.03344354322404191,0.05184086094576216
synthetic,UMAP,1,n_neighbors,40.0,min_dist,0.0,0.8159360871947039,0.5117424595154862,0.6325575776489745,0.4644550876301071,0.5352949121601611,0.20368566952974984,0.04861543567236022,0.10418179193347901,0.055182840691387555,0.05188658027249771
synthetic,UMAP,1,n_neighbors,40.0,min_dist,0.1,0.8973229004386749,0.5255331590043281,0.6136620081057116,0.5486145542068408,0.5481204262755254,0.42879067759562595,0.05142492548841687,0.11981606402539965,0.06007214288203056,0.05715615463435155
synthetic,UMAP,1,n_neighbors,40.0,min_dist,0.5,0.9106417035584762,0.559331006150173,0.40253221688944374,0.39502885488997896,0.5389710897408471,0.45975418743145063,0.10646202812958643,0.03964493716609976,0.03953484977325574,0.052718564555978537
synthetic,UMAP,1,n_neighbors,60.0,min_dist,0.0,0.8185191430529724,0.5012822997334729,0.6021821327031315,0.4382541428306567,0.5433611940949615,0.3003581238450104,0.0477067998716648,0.0923490855193413,0.05483052812965081,0.05141012698154239
synthetic,UMAP,1,n_neighbors,60.0,min_dist,0.1,0.8784193610900679,0.5196694795884895,0.5926766717086172,0.49642071847375707,0.6035692982963913,0.4472154250373536,0.05029148233803007,0.09517167841239794,0.07534047352395759,0.06710603964698102
synthetic,UMAP,1,n_neighbors,60.0,min_dist,0.5,0.9119898590518951,0.5251866822035924,0.5436455903067032,0.43164717420064946,0.5551355328318228,0.35795482534592954,0.05623453376213223,0.05011597806848954,0.04046819487654821,0.07451701907175382
synthetic,UMAP,1,n_neighbors,80.0,min_dist,0.0,0.8286835811103866,0.49094336488537327,0.5717420903876598,0.4729794236404561,0.5092865010792795,0.28923413606514736,0.04803642436780354,0.14334332852480244,0.04653143455283562,0.05076912440307432
synthetic,UMAP,1,n_neighbors,80.0,min_dist,0.1,0.9098103270220864,0.5350482676579427,0.5954472277241843,0.4314659659949379,0.5123569734538368,0.5461694745718179,0.05546055331454535,0.124817980845354,0.041964468084577704,0.05018459074541275
synthetic,UMAP,1,n_neighbors,80.0,min_dist,0.5,0.9372977661894012,0.5712949423615288,0.4763460372030513,0.3749986367438228,0.5395239425536431,0.5854065387256898,0.08038328537706897,0.049717921218023035,0.03921698884272658,0.049055246897440785
synthetic,UMAP,1,n_neighbors,120.0,min_dist,0.0,0.7364360205000172,0.49168707356298114,0.6380609379705855,0.47894419374512903,0.543627972842259,0.19446013366328513,0.048346539923368397,0.13951923905304536,0.07250924917317797,0.05275269643762845
synthetic,UMAP,1,n_neighbors,120.0,min_dist,0.1,0.9047381751159188,0.5204899500754615,0.5625701028272675,0.44154735029140124,0.5492924071245027,0.5075126445868315,0.05176081218933317,0.061759857119995064,0.048400406161586126,0.05148533918388628
synthetic,UMAP,1,n_neighbors,120.0,min_dist,0.5,0.9196173822293475,0.5460747030828046,0.5092420379547299,0.4767445274702411,0.5400533054138468,0.6031913223203543,0.07114012691518007,0.04738328655095054,0.04598059631709736,0.06130024485972396
synthetic,UMAP,2,n_neighbors,5.0,min_dist,0.0,0.8350082508458481,0.5087835644157419,0.49428942473945026,0.4615863771697795,0.6635072680430101,0.24059217701883034,0.0907955565996782,0.056642066314193225,0.0491981975693124,0.07368804272900042
synthetic,UMAP,2,n_neighbors,5.0,min_dist,0.1,0.8648270678079428,0.5257642833592981,0.4420599346140391,0.38262280421376194,0.7081046208931383,0.19937990509380185,0.06568729062064697,0.05593301406055907,0.044185658204007855,0.10300784114638385
synthetic,UMAP,2,n_neighbors,5.0,min_dist,0.5,0.6942799448657255,0.5450721854632429,0.449997021809582,0.4075792009892626,0.6613604541614547,0.08784124494665685,0.06301437685743227,0.042414741507573385,0.04008060306597325,0.07317659303436813
synthetic,UMAP,2,n_neighbors,8.0,min_dist,0.0,0.8563421613608737,0.5261355085029433,0.5990403515439191,0.5297915518385502,0.5576657362967586,0.2400939040209772,0.05041401138389144,0.08428854200409734,0.053034165418805276,0.057390135770830686
synthetic,UMAP,2,n_neighbors,8.0,min_dist,0.1,0.8576802497317533,0.5558381340923944,0.5841661779917601,0.5355507848580411,0.5431598516441708,0.21383878727893443,0.05715211261219867,0.09657510185590798,0.05988061591068173,0.06720857470830385
synthetic,UMAP,2,n_neighbors,8.0,min_dist,0.5,0.8581634716136506,0.5252865145021095,0.6158537045752556,0.5769082021041965,0.5498502934985683,0.18250274738040162,0.06313634464724675,0.0792179308426213,0.06094498040763423,0.05614816908918204
synthetic,UMAP,2,n_neighbors,10.0,min_dist,0.0,0.8525871246536281,0.5454417327531315,0.5667295022898509,0.517955132512695,0.6118042045337285,0.2094876980312283,0.05364174522035028,0.05588036581584775,0.04864528953837666,0.0732891519881298
synthetic,UMAP,2,n_neighbors,10.0,min_dist,0.1,0.8656928403463425,0.5377353504491195,0.5697399913926102,0.5726024099013506,0.6081011812929373,0.23058873048587475,0.05314165523018796,0.0542422923201694,0.05755554094840394,0.08362473414234095
synthetic,UMAP,2,n_neighbors,10.0,min_dist,0.5,0.8644973695447731,0.5466846029233245,0.6234791304355121,0.6060583943442907,0.5997253353400464,0.1919596138973382,0.07199074618973626,0.06576341867816901,0.062063959779651436,0.07729719430386611
synthetic,UMAP,2,n_neighbors,15.0,min_dist,0.0,0.7862674381438239,0.5511401435739459,0.5222324012016788,0.4748980494111153,0.5405575004677018,0.2567131522084142,0.05317635290336208,0.05305657615534636,0.05965467333393534,0.056217620930212486
synthetic,UMAP,2,n_neighbors,15.0,min_dist,0.1,0.8280493523903962,0.5574060884279266,0.6364111882644197,0.5547328479302416,0.5484853594675834,0.22093039417234178,0.05399831027284214,0.13289308038135275,0.08830248871306332,0.23965870520273153
synthetic,UMAP,2,n_neighbors,15.0,min_dist,0.5,0.888504940020923,0.5870864824551028,0.5300314849257424,0.5169064739148271,0.5235801372316587,0.2789526540851806,0.07365830618808271,0.05709038798504959,0.057957544723036755,0.0623730406787051
synthetic,UMAP,2,n_neighbors,20.0,min_dist,0.0,0.7558806676851239,0.5192961571276486,0.5184895289341686,0.3094927093059642,0.6035500029781904,0.14485656186951756,0.048812158000737293,0.047362339361370874,0.03370720873600973,0.05727689748583732
synthetic,UMAP,2,n_neighbors,20.0,min_dist,0.1,0.8605233729222929,0.5264551396435736,0.5313410497827599,0.40550621267299725,0.5080792853014138,0.3170823614408905,0.05014996121268531,0.0695414672503647,0.0437069113246992,0.047783404711381254
synthetic,UMAP,2,n_neighbors,20.0,min_dist,0.5,0.9332658836123183,0.5315654627227037,0.6349111870060293,0.49426551532341884,0.5174861723877285,0.3750450977518656,0.061887628075999956,0.08278641032165952,0.05186067746065541,0.05142873237671476
synthetic,UMAP,2,n_neighbors,30.0,min_dist,0.0,0.823117301272904,0.4697059309613515,0.6569288229268648,0.5546682505606129,0.5198687247220846,0.2626345030543906,0.04419706997804756,0.1302888120483046,0.09305745401151505,0.05451605824293056
synthetic,UMAP,2,n_neighbors,30.0,min_dist,0.1,0.8665116329795578,0.4900574581018944,0.6775286724233829,0.5576816759074462,0.5571657358772951,0.42353644790630995,0.04725344714401743,0.18490713570134956,0.09040805818727535,0.05841401132672669
synthetic,UMAP,2,n_neighbors,30.0,min_dist,0.5,0.9225771162559699,0.57774251488466,0.5288502758811039,0.5189761065235793,0.5645189299655452,0.35924751511395736,0.09440703302609058,0.05050286073171179,0.06158030913938976,0.058068970298359446
synthetic,UMAP,2,n_neighbors,40.0,min_dist,0.0,0.7873353920598928,0.510257139477466,0.7356210030377544,0.5551455999543624,0.5293041353222612,0.15951046911706945,0.0484341952881588,0.12259331747953083,0.08160286849687398,0.06439379804354939
synthetic,UMAP,2,n_neighbors,40.0,min_dist,0.1,0.8545997102346563,0.52556168251819,0.6919787684385641,0.48710863012468975,0.5024014281891176,0.41748068483546275,0.05425715553012109,0.1998891438668671,0.0469372492084932,0.05470887272302048
synthetic,UMAP,2,n_neighbors,40.0,min_dist,0.5,0.9128564705171732,0.579235385264585,0.41415974342260353,0.35823687771550144,0.6180105855793503,0.5632470123412017,0.07162769483705995,0.051702561795724994,0.07232788088786762,0.05966443917412354
synthetic,UMAP,2,n_neighbors,60.0,min_dist,0.0,0.8627867976399308,0.47389888749906667,0.5791145797941105,0.4672109624253041,0.5480038154394424,0.4047994249023664,0.04424140205781658,0.07949096453829146,0.07157501822563808,0.06554172916370318
synthetic,UMAP,2,n_neighbors,60.0,min_dist,0.1,0.8844453728568564,0.5223829885763327,0.5842026713109658,0.4534198434730231,0.5136145248444001,0.44722909759237117,0.04942640766727697,0.10143900212293341,0.04643211256963745,0.16805497579472672
synthetic,UMAP,2,n_neighbors,60.0,min_dist,0.5,0.9143539549949287,0.5569845276715837,0.5608935074609962,0.4530951787711231,0.5967362388726836,0.3816764968006227,0.06540657093150354,0.055412005172075694,0.04540090391087265,0.07051453478058423
synthetic,UMAP,2,n_neighbors,80.0,min_dist,0.0,0.8531181653675884,0.495417361927317,0.7509779790083716,0.5664929249101719,0.5575424140456494,0.354429113642139,0.04929482813468325,0.2151149550465308,0.05756413559942937,0.08195027888105133
synthetic,UMAP,2,n_neighbors,80.0,min_dist,0.1,0.9129856652564305,0.5086661146527808,0.7278143689717861,0.5427605224501026,0.522161511880463,0.5504797595309663,0.05518697536185681,0.11751305745105786,0.07788935528309547,0.09038193481605113
synthetic,UMAP,2,n_neighbors,80.0,min_dist,0.5,0.922597250501049,0.5510411502023072,0.5943037703890691,0.49004193795464585,0.5041061276058119,0.3961547717358489,0.06390516947893266,0.10275910074934605,0.055259217892790216,0.052002754902219214
synthetic,UMAP,2,n_neighbors,120.0,min_dist,0.0,0.8410678196877681,0.49603565103662,0.6570538230317308,0.5075272714154961,0.5185272806436918,0.3268247598398772,0.05018575461269891,0.20433036336357102,0.15441782566545034,0.0522588159254704
synthetic,UMAP,2,n_neighbors,120.0,min_dist,0.1,0.8643211949003313,0.5356178990083046,0.6735811019975688,0.5064001731545077,0.515144727470409,0.35015754295907786,0.051890358034039005,0.10614643177561166,0.055053404750911125,0.04912205144971773
synthetic,UMAP,2,n_neighbors,120.0,min_dist,0.5,0.9192583215254376,0.5753280833289289,0.6606666616331054,0.6401188256030417,0.5031170328163027,0.6127606148597625,0.07708336215569493,0.10375993968178447,0.1347442422275375,0.19230383978358645
synthetic,UMAP,3,n_neighbors,5.0,min_dist,0.0,0.835640801712082,0.6764321949934522,0.7452237795501506,0.6855643335271254,0.6898990687072725,0.20704535714802336,0.15603199727890213,0.1223918054363386,0.13150213604250793,0.1352737026537337
synthetic,UMAP,3,n_neighbors,5.0,min_dist,0.1,0.804262419683238,0.5855936120751779,0.6615596992950498,0.6018134243401211,0.7340484346043915,0.2074378760135406,0.08746619353464818,0.0749260906859606,0.060020096700111325,0.127533818701214
synthetic,UMAP,3,n_neighbors,5.0,min_dist,0.5,0.8297959981510052,0.6601549162373458,0.6068687977087229,0.5475281438994496,0.6018478203421311,0.19477684899656802,0.1448959865722266,0.07957087665356236,0.06925682080779991,0.07650039386247413
synthetic,UMAP,3,n_neighbors,8.0,min_dist,0.0,0.8731139875117345,0.5340520419899681,0.6629556736205315,0.6122530304136161,0.5693142360018758,0.2759251797919545,0.050446508905547,0.23733589014593204,0.08386073031992058,0.07410107064489399
synthetic,UMAP,3,n_neighbors,8.0,min_dist,0.1,0.8934890046048697,0.5708633144826464,0.6251133599944295,0.5950256669678414,0.571857023369986,0.3917444943919642,0.06120235453643967,0.21808203515280908,0.14811825427449155,0.12977720533845533
synthetic,UMAP,3,n_neighbors,8.0,min_dist,0.5,0.8733480481107787,0.5351342576629678,0.5540700956963891,0.5114886841348021,0.5540541560857015,0.19225018954571985,0.072396110896226,0.09700871204226125,0.08642121976728148,0.06785872523586071
synthetic,UMAP,3,n_neighbors,10.0,min_dist,0.0,0.8488069201400337,0.5354098451424876,0.49290183968275136,0.40876292681453585,0.6024988275996875,0.19487956335228437,0.05239266909903898,0.045589268907970174,0.03871725439135233,0.0617628450783044
synthetic,UMAP,3,n_neighbors,10.0,min_dist,0.1,0.8513706806801012,0.5565986213075682,0.5478221877702918,0.49588674151572276,0.5778092095714845,0.17849522786018304,0.05496557961840395,0.0500761859815423,0.04514298072196881,0.0716058570334385
synthetic,UMAP,3,n_neighbors,10.0,min_dist,0.5,0.9403992788584554,0.5690193532041554,0.7257095014341455,0.6825211262761127,0.6129199772818601,0.5247351388698297,0.07600222748041548,0.09535418210893279,0.08161910955206504,0.08658959449323314
synthetic,UMAP,3,n_neighbors,15.0,min_dist,0.0,0.8188253513635498,0.5281887820375688,0.6371855177730854,0.48684520708490525,0.6536666557606172,0.19574933755219995,0.049350938733976044,0.08485402971301405,0.062109301518770775,0.07919808838230297
synthetic,UMAP,3,n_neighbors,15.0,min_dist,0.1,0.8517733655816825,0.531916973084709,0.5425038108253446,0.41907501600253017,0.5193267779587063,0.3337513262609697,0.050362834310756485,0.05148580949888361,0.039459954953773926,0.05490396495873337
synthetic,UMAP,3,n_neighbors,15.0,min_dist,0.5,0.9143933845582085,0.5424333409675679,0.4540339379479345,0.4285028762608022,0.6001783558543254,0.39522199694871274,0.05951992077359368,0.04540978851195038,0.04842868842729777,0.05962359412836305
synthetic,UMAP,3,n_neighbors,20.0,min_dist,0.0,0.8328907994050331,0.518715619727869,0.6089900243204902,0.4647726214535415,0.620081057114981,0.2731803699702732,0.04875840047255501,0.0884675676873225,0.04982484602316301,0.06429055816691365
synthetic,UMAP,3,n_neighbors,20.0,min_dist,0.1,0.8881651746352135,0.5307307304788007,0.4449714303451597,0.3933749105494216,0.5497580115419559,0.27432949623600433,0.05006257813461147,0.07072634975797293,0.04405092329698211,0.052483829273401394
synthetic,UMAP,3,n_neighbors,20.0,min_dist,0.5,0.886578763908359,0.6088012657728741,0.4247335777966257,0.36670710294220044,0.5701984649315981,0.4354884784602266,0.07487928656899386,0.03984525459232327,0.03659349028008087,0.0561647746994546
synthetic,UMAP,3,n_neighbors,30.0,min_dist,0.0,0.7813622326864369,0.49447063294516186,0.5989589756367246,0.48681500571728664,0.5317689024906901,0.2533508305367088,0.04759204660081101,0.11580344939691578,0.05255470080173468,0.06503185070968842
synthetic,UMAP,3,n_neighbors,30.0,min_dist,0.1,0.8938581324313192,0.5539539043237452,0.6098880955437043,0.5292571554170766,0.543442570002156,0.5115021669830682,0.05590890527807722,0.07924435904638721,0.0634048087936232,0.05329139138972619
synthetic,UMAP,3,n_neighbors,30.0,min_dist,0.5,0.9007230710764019,0.5759828657574377,0.28963866580424985,0.24923175271120193,0.6049677894025078,0.33200943939121924,0.07491487238701111,0.03678250896992357,0.043189745421416,0.06491806528308164
synthetic,UMAP,3,n_neighbors,40.0,min_dist,0.0,0.7933395917278454,0.5012722326109335,0.7481524732822763,0.5655952731503969,0.5230943985691264,0.17298062860720234,0.04733961694855855,0.20470809348006525,0.09303496616809596,0.20575528793020312
synthetic,UMAP,3,n_neighbors,40.0,min_dist,0.1,0.9191123482486143,0.5305247739301794,0.6635307579956023,0.5470633784088745,0.5057613303366865,0.4734697076129382,0.051842966351355727,0.11923859758046339,0.07493775895193301,0.09379472662828095
synthetic,UMAP,3,n_neighbors,40.0,min_dist,0.5,0.8928992390094288,0.5291174740918406,0.5166531179975822,0.443806580374648,0.5254635280734296,0.3336398314234069,0.05848505926168798,0.065937026822424,0.05111278792254426,0.04997510874874039
synthetic,UMAP,3,n_neighbors,60.0,min_dist,0.0,0.8372070781938574,0.5118305468377071,0.5765915072076402,0.49807172657024046,0.5191111737509847,0.392292082502157,0.05041601308913696,0.11509174397899183,0.07388557122861676,0.051019906689201894
synthetic,UMAP,3,n_neighbors,60.0,min_dist,0.1,0.8561114564693426,0.5287777087061314,0.5920957148453982,0.46408134570582693,0.5249039638456072,0.31709553265442264,0.051711784795592894,0.0806186619961755,0.05611806554470049,0.1451304128289027
synthetic,UMAP,3,n_neighbors,60.0,min_dist,0.5,0.9216282899566189,0.5624962772619775,0.3764017419477701,0.2826462102736664,0.6020407735241389,0.5534883362018008,0.08085792486822126,0.0386613437642893,0.03591003836707682,0.05800813022056937
synthetic,UMAP,3,n_neighbors,80.0,min_dist,0.0,0.8098983304516195,0.4931539372096788,0.5954359022113274,0.4527579301660488,0.569274806438596,0.28746078418599835,0.04846259693659173,0.20495347288964993,0.04578164951705389,0.05976155788544104
synthetic,UMAP,3,n_neighbors,80.0,min_dist,0.1,0.8784931866553579,0.5104639349529656,0.6011930379136223,0.4820348003647654,0.5492068365829166,0.40943473664409824,0.05143206308297763,0.1565883585839966,0.0480828428283997,0.05636673725690923
synthetic,UMAP,3,n_neighbors,80.0,min_dist,0.5,0.9006031045328058,0.5754501471897209,0.4104995054526053,0.3887746550122945,0.6107547070089824,0.5398503604872488,0.08137391838174689,0.04084381873814757,0.03801801481181668,0.05752549993831284
synthetic,UMAP,3,n_neighbors,120.0,min_dist,0.0,0.7948597272313148,0.5115729962860707,0.6646167488395545,0.5168867591331872,0.5488192523651447,0.29458427156265343,0.04812017268824605,0.15667564265813327,0.0754262459557329,0.05582494708945844
synthetic,UMAP,3,n_neighbors,120.0,min_dist,0.1,0.8694738837868152,0.5367953328819907,0.600630537441726,0.5397479360301477,0.5386690760646611,0.5067233634823165,0.05681830402575759,0.08386233915150415,0.07560567908378667,0.09344056402109643
synthetic,UMAP,3,n_neighbors,120.0,min_dist,0.5,0.9012541117903623,0.5779816090449741,0.4967864905926934,0.4164936379980184,0.6242052216486759,0.4627916886732665,0.08009219856679173,0.05467802153541251,0.04200843176107907,0.06346582858246808
synthetic,UMAP,4,n_neighbors,5.0,min_dist,0.0,0.844413460078406,0.5129861686125575,0.4693179272801403,0.40360772114741705,0.7110014354038888,0.22296996416305212,0.08380832850802153,0.056750989738628285,0.041575335246135214,0.13238816391957178
synthetic,UMAP,4,n_neighbors,5.0,min_dist,0.1,0.8535879644194332,0.5458037297011156,0.4764639064294517,0.452171520278121,0.7319385335054811,0.2002729370173775,0.07462109651697935,0.11085681555953161,0.11090066222927836,0.1829276712693387
synthetic,UMAP,4,n_neighbors,5.0,min_dist,0.5,0.735930986519284,0.610123833996505,0.40844161782014915,0.39429814957898457,0.6589661568508027,0.12173588790109506,0.10421265077290766,0.04391865752121428,0.03940524147569767,0.08247608797953407
synthetic,UMAP,4,n_neighbors,8.0,min_dist,0.0,0.8597691776587061,0.5391271301402099,0.6072777745618914,0.5330667223714114,0.5782404179869278,0.2799023171434888,0.056834265808766216,0.07285643830751669,0.05432227311505179,0.06784162728574818
synthetic,UMAP,4,n_neighbors,8.0,min_dist,0.1,0.8990183716597078,0.5480898054444676,0.6358797280870202,0.5873612310077441,0.5668788312741874,0.31834801789071626,0.058070127488950116,0.2355011514356171,0.1093525581472707,0.07496690525787708
synthetic,UMAP,4,n_neighbors,8.0,min_dist,0.5,0.8908749084521044,0.5615927530140545,0.597070970697123,0.5657336960853154,0.5792957879998222,0.23944891093191595,0.05946683110412337,0.07280297350323814,0.06610902573515005,0.10453036980706633
synthetic,UMAP,4,n_neighbors,10.0,min_dist,0.0,0.8378731861352232,0.5472731101284481,0.6277299729278296,0.5239509429118648,0.5959350637039125,0.19768904651087293,0.053386139644835226,0.06452541247074256,0.04918881928566624,0.09868927363069868
synthetic,UMAP,4,n_neighbors,10.0,min_dist,0.1,0.8902901764179332,0.5653314306471733,0.5539622935925281,0.4943368241080739,0.5873092175412898,0.3293629346273027,0.05705710294680744,0.05173186669614324,0.045867655671112645,0.11030324604268246
synthetic,UMAP,4,n_neighbors,10.0,min_dist,0.5,0.8835963788560225,0.5156157849125712,0.6185479182448979,0.6007362422283912,0.6017832229725025,0.20579961485831338,0.05131384665737077,0.06075436509569313,0.057661701326557825,0.07416633846206701
synthetic,UMAP,4,n_neighbors,15.0,min_dist,0.0,0.8087733295078267,0.5485285642018156,0.6367765409199169,0.47316818218807233,0.5725046749200293,0.15465367054966944,0.05396928174149977,0.08489780116083973,0.05120058202728542,0.08197186169092847
synthetic,UMAP,4,n_neighbors,15.0,min_dist,0.1,0.8502003776848808,0.5416388772138231,0.730866384955021,0.6480735302630287,0.5788041768491416,0.20575667003093484,0.05184589083173136,0.17568729291165658,0.10326612516446054,0.2684553132651651
synthetic,UMAP,4,n_neighbors,15.0,min_dist,0.5,0.8734462025555391,0.559436710936838,0.43765808528362854,0.4227797170970781,0.6465391330026282,0.27653316004319034,0.06423892164559127,0.04162156949764099,0.040473879590520206,0.07782785202909384
synthetic,UMAP,4,n_neighbors,20.0,min_dist,0.0,0.8234654559273958,0.5381501997904361,0.6058813807729705,0.4939895083804601,0.5446170676317681,0.3242895702088917,0.05159849406352751,0.08701114372067263,0.07602824118326461,0.07800586881512006
synthetic,UMAP,4,n_neighbors,20.0,min_dist,0.1,0.8832540966896785,0.5462806596314259,0.7365186547975292,0.6454300716695232,0.5765323628627206,0.4702374545361099,0.05399398320454794,0.21745840445287912,0.06780324682356824,0.28296419348444773
synthetic,UMAP,4,n_neighbors,20.0,min_dist,0.5,0.8989034386773813,0.5955940399278858,0.45835692815178536,0.4206740106325592,0.6153520263020354,0.3085984785095813,0.06757932521152317,0.047977756907124094,0.05290022169578794,0.058325977409309525
synthetic,UMAP,4,n_neighbors,30.0,min_dist,0.0,0.8296709980461394,0.49057591491268027,0.558433354390398,0.4770649975377496,0.5658570183364249,0.2629414875166917,0.04604094323479814,0.14708917059146825,0.05326208209233175,0.058793429437570724
synthetic,UMAP,4,n_neighbors,30.0,min_dist,0.1,0.883261647031583,0.5387244452386286,0.6079644362117754,0.4950314555633016,0.5780508205124333,0.5138137899884886,0.051665210952434426,0.06208413569770216,0.05208497667280637,0.05794589161610661
synthetic,UMAP,4,n_neighbors,30.0,min_dist,0.5,0.9157289561484532,0.5794245632756403,0.5582089414504543,0.5052638466978581,0.5419081727417556,0.43062001876500383,0.07888334173617648,0.05923109496166559,0.053259747460681586,0.053529775767459445
synthetic,UMAP,4,n_neighbors,40.0,min_dist,0.0,0.8336735181824816,0.5026086431280563,0.7564410708398245,0.6450206753529155,0.5403939097264343,0.21409929350951865,0.04742039091710944,0.25112959037080046,0.19859990473870445,0.09450600619206767
synthetic,UMAP,4,n_neighbors,40.0,min_dist,0.1,0.9029227373512898,0.5231426368646283,0.6160705671732946,0.47623278207448166,0.5300642030739958,0.48479800699321035,0.04960345118796518,0.0773509332315701,0.04589687393223903,0.05546704193896744
synthetic,UMAP,4,n_neighbors,40.0,min_dist,0.5,0.9205913763350472,0.5406908898413505,0.5328590879690336,0.3969718095401087,0.5625575189240931,0.39478221117067275,0.061482881951489085,0.08112702991346445,0.05265142225058775,0.05752608495597063
synthetic,UMAP,4,n_neighbors,60.0,min_dist,0.0,0.8192976671960296,0.5084945541061696,0.8143643576882196,0.6108025258410452,0.5565818427700023,0.2515880760604197,0.052981119483199224,0.26581771038621566,0.08872389495287701,0.1492280880289078
synthetic,UMAP,4,n_neighbors,60.0,min_dist,0.1,0.9034663619684244,0.5398175669610461,0.5577819276694024,0.4315418888774236,0.5656313470061636,0.5306656225569847,0.05451411652898911,0.16452572911692243,0.04833954221758909,0.05926290495743061
synthetic,UMAP,4,n_neighbors,60.0,min_dist,0.5,0.9225687269871872,0.5694866354753654,0.6111708147406164,0.49588380527164877,0.5779971291922226,0.5348153543025574,0.07012332924325998,0.06290000977121704,0.060814202536049695,0.05958885004256331
synthetic,UMAP,4,n_neighbors,80.0,min_dist,0.0,0.7937666055088971,0.48151508516366204,0.7557112044557084,0.5462210958230669,0.5204006043629231,0.2721636777218193,0.04825815153213009,0.17161985113100703,0.06785169080132132,0.07490168318605649
synthetic,UMAP,4,n_neighbors,80.0,min_dist,0.1,0.8678035803721311,0.5248867658446023,0.5911338851794339,0.3966194602512251,0.5361481007953866,0.4795602792811801,0.053113101796655404,0.060875833087991306,0.03805578978374891,0.05092891151775421
synthetic,UMAP,4,n_neighbors,80.0,min_dist,0.5,0.9069630091971554,0.5529249605075173,0.46665894853938633,0.42534347763714564,0.6628369654672529,0.5118897358260358,0.08937264584021645,0.05261594353259919,0.05227246142356237,0.09595367824313179
synthetic,UMAP,4,n_neighbors,120.0,min_dist,0.0,0.798203689768196,0.49429949186198985,0.7371717593722813,0.4770566082689666,0.5865080423725187,0.2676051609280969,0.046760172326438344,0.20188207090685495,0.04849486466605024,0.11218018845552019
synthetic,UMAP,4,n_neighbors,120.0,min_dist,0.1,0.8538522263860959,0.5086900240688121,0.6691889003262588,0.5074777747296768,0.5705323578291592,0.3720056041814441,0.05275142407660349,0.11196210078202976,0.07271939337100267,0.06793220598768705
synthetic,UMAP,4,n_neighbors,120.0,min_dist,0.5,0.9032155228318144,0.5452261285454099,0.5320704967034369,0.4469634622176697,0.5087210643633091,0.4403923248378844,0.06463820974283364,0.056324054372930005,0.04284493525392023,0.06824706432850278
synthetic,DensMAP,0,dens_lambda,0.01,dens_frac,0.1,0.9191618449344335,0.5577571793264927,0.7357288051416151,0.6155072277745199,0.736691893197897,0.37211803394528764,0.05447798978507737,0.14161431018614812,0.06894085006161729,0.21604242523730696
synthetic,DensMAP,0,dens_lambda,0.01,dens_frac,0.3,0.9090703935154307,0.559470687475409,0.7339033002544465,0.621318474260465,0.732667560962719,0.31203818754298795,0.05471118186899797,0.1263274545702158,0.06809505404233145,0.228074642693853
synthetic,DensMAP,0,dens_lambda,0.01,dens_frac,0.5,0.9212650346183177,0.5563037385098477,0.7211285412152192,0.6053553736202799,0.7340794748988881,0.3902521933024565,0.05438363046447586,0.11054552974797664,0.061412580376357176,0.13566452857822303
synthetic,DensMAP,0,dens_lambda,0.05,dens_frac,0.1,0.9336660517332649,0.5945877471373717,0.7283118526106147,0.6175474979425318,0.7368680678423387,0.3958996383029578,0.06295875868767331,0.13898204539702458,0.07363764452902616,0.22635345719889877
synthetic,DensMAP,0,dens_lambda,0.05,dens_frac,0.3,0.9353908853950381,0.6111007643462788,0.7294095884308628,0.6185273645363797,0.7368068261802232,0.432032230266529,0.06647577527425574,0.1385628473128411,0.07489807562356765,0.2737757230409482
synthetic,DensMAP,0,dens_lambda,0.05,dens_frac,0.5,0.9334219240116812,0.6125114198921309,0.7313143719080302,0.6266087471549893,0.7322975942093911,0.4351080212269024,0.06689379517320121,0.13515108160019587,0.07242798907364555,0.2159738509931311
synthetic,DensMAP,0,dens_lambda,0.1,dens_frac,0.1,0.9347675627244654,0.6476448386282204,0.7209112591537409,0.6168348295594208,0.7351382006192958,0.3826118091826213,0.0848606141808663,0.12780515713385668,0.07227590073860547,0.21611128884592484
synthetic,DensMAP,0,dens_lambda,0.1,dens_frac,0.3,0.9349798112246739,0.6220504379617768,0.7270261971696286,0.6262312300597568,0.7399578355350969,0.42405862062901967,0.07208884084686579,0.13725825697194252,0.07323264387795228,0.25581066797817703
synthetic,DensMAP,0,dens_lambda,0.1,dens_frac,0.5,0.9357633689290007,0.6386318277112648,0.7551931671083616,0.6338210015276858,0.742075286975912,0.4707574088029885,0.07584389394248814,0.24512711854837776,0.1151012851371124,0.23390905676392268
synthetic,DensMAP,0,dens_lambda,0.2,dens_frac,0.1,0.9316459158103321,0.6102681294195716,0.7205094131790379,0.6190919623254718,0.7374167260207433,0.3939903367294418,0.07715774612613935,0.12273043958394925,0.08632885097584776,0.2526723773542052
synthetic,DensMAP,0,dens_lambda,0.2,dens_frac,0.3,0.941680320201611,0.6857996525164869,0.6977577162396948,0.6166297119376779,0.7311507811667627,0.5643231199024887,0.09609039913567922,0.22388846479354843,0.14922184429835933,0.2868176180516672
synthetic,DensMAP,0,dens_lambda,0.2,dens_frac,0.5,0.9257012799507383,0.6902635824358913,0.7342145421262938,0.636659930083834,0.7466566666582775,0.5227828387243227,0.13902045532946525,0.16003777479676473,0.1416831010410781,0.23550601831150708
synthetic,DensMAP,0,dens_lambda,0.5,dens_frac,0.1,0.9402080035302044,0.6595106203948158,0.7026029384252839,0.6092026922841378,0.7334251119338188,0.5155877889178548,0.14226620873857035,0.12959593229256783,0.09865033300580471,0.22483255584563183
synthetic,DensMAP,0,dens_lambda,0.5,dens_frac,0.3,0.9351903818711259,0.6530441720169229,0.7224762772451989,0.6314627780728004,0.7360979329680646,0.557943768065727,0.21253190841943326,0.1771266523115116,0.10662365674947563,0.27045685579085416
synthetic,DensMAP,0,dens_lambda,0.5,dens_frac,0.5,0.9166358361038893,0.7454360280503591,0.7495350247777054,0.6610869639991309,0.7548991232375195,0.5454369832465646,0.28636855652408094,0.14478197279002877,0.14507475364740224,0.26245669443687303
synthetic,DensMAP,0,dens_lambda,1.0,dens_frac,0.1,0.929961350638717,0.7134511018885082,0.7094045380910554,0.6137639377214243,0.7343672268181433,0.47156964908239724,0.19757567761276532,0.13282457017039492,0.08865919730720837,0.2210504087972441
synthetic,DensMAP,0,dens_lambda,1.0,dens_frac,0.3,0.9304068208110913,0.7528504638007245,0.6996130030310428,0.6255835785097135,0.7266113478283118,0.5392211235344108,0.25158459566707825,0.2078236052131512,0.1594058910303823,0.27786013694596245
synthetic,DensMAP,0,dens_lambda,1.0,dens_frac,0.5,0.9246526213528704,0.7486667354586707,0.7432900530956821,0.6755869761635706,0.7341163876815333,0.5133967166863553,0.292736407967887,0.21283294157233743,0.15282803489060953,0.23531852915415502
synthetic,DensMAP,0,dens_lambda,2.0,dens_frac,0.1,0.9274294693200246,0.7197103353274626,0.7065752571940078,0.6113922914364861,0.7317766206179703,0.48015968603602416,0.2778787782251071,0.16015696094703852,0.12271530802129671,0.22223508978750214
synthetic,DensMAP,0,dens_lambda,2.0,dens_frac,0.3,0.8926072924557823,0.7001339766224636,0.7112266872707108,0.6392748651634774,0.7279242683928426,0.33250815871972345,0.18496349415209987,0.16731042430725077,0.1354272594015206,0.19608804552923997
synthetic,DensMAP,0,dens_lambda,2.0,dens_frac,0.5,0.9065779417600183,0.7461566662388139,0.7662485455105247,0.7100366694938502,0.741103809650847,0.447535748721135,0.18858694976148177,0.22131562079591732,0.16848970098504776,0.2862029122371626
synthetic,DensMAP,0,dens_lambda,3.0,dens_frac,0.1,0.9166425475189157,0.7263475053250883,0.7142162032015128,0.6201112584825994,0.7278068186298815,0.46643638854310954,0.2526042165494765,0.1587661358339559,0.14114356272041384,0.2313995015514951
synthetic,DensMAP,0,dens_lambda,3.0,dens_frac,0.3,0.8721458658941827,0.8028077204762756,0.6932304473409794,0.6276758621441796,0.7074821371494439,0.35810580196235925,0.2996938888976339,0.20011562149202874,0.17421007799274546,0.25067471655455587
synthetic,DensMAP,0,dens_lambda,3.0,dens_frac,0.5,0.9083858291827426,0.7701466192505195,0.7533940884178594,0.6777107195559728,0.7205660407433228,0.36315796934039174,0.2731227070235825,0.17039933304436292,0.14163608110916512,0.2020503205098429
synthetic,DensMAP,0,dens_lambda,5.0,dens_frac,0.1,0.9131962359028826,0.7922791881536815,0.7114519391375328,0.6259753573618769,0.717884830440294,0.3941715679711112,0.31594486271831784,0.19040782117969296,0.18185916009296324,0.24567777023701876
synthetic,DensMAP,0,dens_lambda,5.0,dens_frac,0.3,0.8626676700232131,0.7835325365205843,0.7208898665183444,0.6570567592758048,0.6937774276656272,0.35627589510703117,0.29017270285565994,0.21672340985998792,0.19090243023276585,0.21825780946391493
synthetic,DensMAP,0,dens_lambda,5.0,dens_frac,0.5,0.897520048255074,0.7364918091374237,0.7453974374139576,0.6734997260903742,0.6916490701753945,0.36863069376263735,0.16409150249495918,0.2217097580429595,0.19441755706316344,0.20442786848528338
synthetic,DensMAP,0,dens_lambda,10.0,dens_frac,0.1,0.8816802698659981,0.7680300067365827,0.7226914619894815,0.6434896338000284,0.6952111537006322,0.38787697117636266,0.20209135815256837,0.2541312561430541,0.23740089576030418,0.2666813696123847
synthetic,DensMAP,0,dens_lambda,10.0,dens_frac,0.3,0.8857700383976831,0.8114016874175228,0.7759956174459879,0.7063487469368681,0.669961971444607,0.436724243703798,0.2631903486939216,0.3620422753252502,0.3264900511445371,0.2876190713943378
synthetic,DensMAP,0,dens_lambda,10.0,dens_frac,0.5,0.8723438526374603,0.8007955543586865,0.7653383098475752,0.7387707540023105,0.6709863011630043,0.47386007194745927,0.2651932575625666,0.3886419759005819,0.378762731631032,0.2788731502803583
synthetic,DensMAP,1,dens_lambda,0.01,dens_frac,0.1,0.8942012535245417,0.5961871612308399,0.7069288648732088,0.6241565638897348,0.6912379960050301,0.24334113937589133,0.061244941872614776,0.07811586527790369,0.06127206045450767,0.10719808505532508
synthetic,DensMAP,1,dens_lambda,0.01,dens_frac,0.3,0.9002297820719648,0.5995550331837526,0.6986322975103167,0.633559256341658,0.6920836342983508,0.26388241934614837,0.06234413461762074,0.07564456475962146,0.06245469714397988,0.1046617157545988
synthetic,DensMAP,1,dens_lambda,0.01,dens_frac,0.5,0.9024713946907675,0.5953939558674126,0.6728906651767326,0.6235256908772575,0.681504766363059,0.27225093459743405,0.06149055707149584,0.06947349676508216,0.06087138354679102,0.09604270092218926
synthetic,DensMAP,1,dens_lambda,0.05,dens_frac,0.1,0.9198254360951644,0.6358675636472849,0.730541720253121,0.6338386189921301,0.6938772599641442,0.33095186695413686,0.06902084572920837,0.08429388256587061,0.06266387776635646,0.10934759160371871
synthetic,DensMAP,1,dens_lambda,0.05,dens_frac,0.3,0.9341777971290244,0.6471993684558459,0.7501763843761614,0.6607501348574957,0.7029947172774474,0.5537545733742866,0.07784358435617447,0.09180963155835636,0.06816535066086436,0.11386237824072955
synthetic,DensMAP,1,dens_lambda,0.05,dens_frac,0.5,0.9212994306203277,0.645700206124334,0.7541524783158376,0.6744359684865507,0.7146255995181203,0.4334867466377064,0.07726034350493763,0.10325509343790934,0.07093186910117308,0.13421975744388567
synthetic,DensMAP,1,dens_lambda,0.1,dens_frac,0.1,0.9176811389942441,0.6464288141181326,0.7332338366055675,0.6376255349207508,0.6943109851602223,0.35921119122602446,0.0730210933415685,0.08642116152674857,0.06345128450972295,0.11272354778157775
synthetic,DensMAP,1,dens_lambda,0.1,dens_frac,0.3,0.9351274623552536,0.6357954159357515,0.7595232881906779,0.664456094342361,0.7025534417394645,0.5357458834803991,0.07687194436675732,0.09284322992719704,0.06842603628569392,0.1147375451147242
synthetic,DensMAP,1,dens_lambda,0.1,dens_frac,0.5,0.9323078291173063,0.6671675060130082,0.7766969603162419,0.7126557992078852,0.7272573215245987,0.562877154934984,0.08595479234360584,0.16250194908128057,0.08089417612766799,0.22161732933796102
synthetic,DensMAP,1,dens_lambda,0.2,dens_frac,0.1,0.9093430447508766,0.6294355112714021,0.7099657801726345,0.6273923048593161,0.6912916873252409,0.3792899343014703,0.11341820684209329,0.07898506145006236,0.061418648241306786,0.10823611353965293
synthetic,DensMAP,1,dens_lambda,0.2,dens_frac,0.3,0.9359731006485745,0.6264585792437746,0.7571902325421414,0.6723403291445715,0.6998311240193995,0.5797624902472147,0.0772440179801156,0.09336766230125466,0.07015272254022126,0.11854996163686018
synthetic,DensMAP,1,dens_lambda,0.2,dens_frac,0.5,0.9369135376791423,0.696025332236017,0.774095028603212,0.7026201364262891,0.7174678837817818,0.5694912254139877,0.11643101587053244,0.1270531902994697,0.08001314159510388,0.2026426271634603
synthetic,DensMAP,1,dens_lambda,0.5,dens_frac,0.1,0.9102054615817632,0.6556234527042388,0.7257506088511819,0.6387060727399938,0.689681786645794,0.4435405148856845,0.09674450941007767,0.08367522574700191,0.06319044688773075,0.10558637061180368
synthetic,DensMAP,1,dens_lambda,0.5,dens_frac,0.3,0.9288866853076219,0.7426403042284432,0.7513705967874134,0.6798738925116549,0.695244710775764,0.5265335089090111,0.226545198579073,0.09658164409897496,0.07220461262073412,0.1290615493573819
synthetic,DensMAP,1,dens_lambda,0.5,dens_frac,0.5,0.9228011097324746,0.7361700806795979,0.7167514402277184,0.6599804194466607,0.7042086444703394,0.5569033127444292,0.28420845957660135,0.1543558143964297,0.07377108187869362,0.20386313657684768
synthetic,DensMAP,1,dens_lambda,1.0,dens_frac,0.1,0.9014051186284553,0.7033713954458015,0.7087870879086308,0.625712773248971,0.6896566188394453,0.3676416567027174,0.14605019604049155,0.08335150422392704,0.07140186210010797,0.11730206129063969
synthetic,DensMAP,1,dens_lambda,1.0,dens_frac,0.3,0.9074328082490002,0.721587014754207,0.7435421506226096,0.6827077875065332,0.6974594777344612,0.5129085353879985,0.20833937951528947,0.13100766436531333,0.08297627216738818,0.13871908934952998
synthetic,DensMAP,1,dens_lambda,1.0,dens_frac,0.5,0.845305239350033,0.7829624857067833,0.6897426088444705,0.630623851194506,0.694506455122865,0.3435905057188775,0.24233318664555697,0.19292132690036506,0.10266735668873547,0.1833030963139862
synthetic,DensMAP,1,dens_lambda,2.0,dens_frac,0.1,0.902581294111824,0.7142191394455868,0.7120836510768885,0.6282018692968702,0.6870945361531344,0.43129088406016314,0.2861812806373285,0.09488461815469139,0.08312351010207854,0.11070893961955791
synthetic,DensMAP,1,dens_lambda,2.0,dens_frac,0.3,0.8776450315814024,0.7586713579457701,0.6959473120363355,0.6472773886555273,0.6728873094692193,0.29334907912163727,0.1994062875258847,0.13289209798458493,0.08664598411154131,0.13108224717840755
synthetic,DensMAP,1,dens_lambda,2.0,dens_frac,0.5,0.8784705356296441,0.8138303807301852,0.7246679737147431,0.6592471973550313,0.6711465361967586,0.33543301177023727,0.2747783005567489,0.15811009495311729,0.12966471386457323,0.18102867681502702
synthetic,DensMAP,1,dens_lambda,3.0,dens_frac,0.1,0.8869973884206279,0.715023250858432,0.7022010924505809,0.6302245220004379,0.685072722376445,0.38680434737161484,0.2569237786504836,0.12573483814249464,0.10599069375675868,0.13134487496467162
synthetic,DensMAP,1,dens_lambda,3.0,dens_frac,0.3,0.8760133188031198,0.8092880111476602,0.7204536245416314,0.6726842891646722,0.6757908353949962,0.34830729836917357,0.325955584928405,0.15164689101014148,0.14266837556065662,0.15078078177480933
synthetic,DensMAP,1,dens_lambda,3.0,dens_frac,0.5,0.837456239476711,0.7788320292215011,0.688506869552743,0.6327866046867489,0.6729485511313348,0.29414483653219714,0.25749659059750873,0.15752797843204505,0.12987291604767803,0.17708357153435775
synthetic,DensMAP,1,dens_lambda,5.0,dens_frac,0.1,0.9081911981469784,0.7720535000448826,0.6950685361313222,0.6357664729584505,0.671678415837597,0.41506410751593914,0.25706494329574764,0.14612317407506123,0.11993924919488824,0.13756699794322788
synthetic,DensMAP,1,dens_lambda,5.0,dens_frac,0.3,0.8906374921455471,0.754365146279485,0.7567149804655877,0.6954426975190415,0.6571867929419404,0.3849249424419581,0.16961603416958282,0.21806223609104475,0.17968715892227427,0.1560029030643118
synthetic,DensMAP,1,dens_lambda,5.0,dens_frac,0.5,0.8328052288634471,0.7533601118792885,0.7198047146012707,0.6692971218935587,0.6479283959130839,0.3027021734763118,0.26412557247180846,0.1905229720595244,0.16172242173265777,0.1928441741758647
synthetic,DensMAP,1,dens_lambda,10.0,dens_frac,0.1,0.8938757498957632,0.8165166245944838,0.7187556365399635,0.6590928348094252,0.6473805766615577,0.3884146102683202,0.22948146400835315,0.21825562415348754,0.17732380867816594,0.16507759960973048
synthetic,DensMAP,1,dens_lambda,10.0,dens_frac,0.3,0.8742566059199713,0.7580878843019163,0.7718680972047796,0.7371776318604294,0.6336397933219742,0.39746035661698387,0.21401558020419262,0.28320314554565407,0.2647625830723277,0.19151552697870253
synthetic,DensMAP,1,dens_lambda,10.0,dens_frac,0.5,0.8792364758695268,0.7537422430723515,0.7977666088646048,0.7426935760852149,0.6274527075945533,0.42772236832128185,0.22547942157234116,0.2837030577141829,0.2674528097120423,0.19225889515369599
synthetic,DensMAP,2,dens_lambda,0.01,dens_frac,0.1,0.9397642112115866,0.5614593636404057,0.6689795880701243,0.6154636035768487,0.7033932075446373,0.6237819998499722,0.05438301069952935,0.10702332782182625,0.0772601865484545,0.20211673342670539
synthetic,DensMAP,2,dens_lambda,0.01,dens_frac,0.3,0.9397147145257674,0.5639413288098396,0.6651293331621924,0.612135580650655,0.6888814504039014,0.6089906138080216,0.05480038497884256,0.09834284421755349,0.07773103450480026,0.15427148004668964
synthetic,DensMAP,2,dens_lambda,0.01,dens_frac,0.5,0.9361861880756611,0.5583683375573302,0.6543784852168499,0.5971942929482323,0.6985744115557143,0.5606040949054014,0.053936201021040464,0.1274766532937674,0.11338224705476001,0.17663671955953034
synthetic,DensMAP,2,dens_lambda,0.05,dens_frac,0.1,0.950840562785707,0.6230844153392747,0.6719644899030957,0.61686964502487,0.7022539448439133,0.6891786064592551,0.06557674225660831,0.11013309480584116,0.07882169702247609,0.2063819228510084
synthetic,DensMAP,2,dens_lambda,0.05,dens_frac,0.3,0.9490175746791735,0.6255617664108779,0.6829938615720315,0.6201221645320172,0.6859988976500822,0.6888207884553066,0.06685648051399432,0.1020459320160621,0.08041407236283851,0.2550627644772719
synthetic,DensMAP,2,dens_lambda,0.05,dens_frac,0.5,0.9477768018261761,0.6230634421673172,0.7061448877054428,0.6149929655981254,0.6844921849766652,0.7091521519091807,0.06733598780960323,0.10729486581973044,0.07715882562157277,0.1632337283385622
synthetic,DensMAP,2,dens_lambda,0.1,dens_frac,0.1,0.9494059978238237,0.6178197297145385,0.6739527466046532,0.6153839055234107,0.7008109906132473,0.6630364069415672,0.07040451871712752,0.10875776944360097,0.07840967781171217,0.20293718262174043
synthetic,DensMAP,2,dens_lambda,0.1,dens_frac,0.3,0.9476752916739024,0.6308818212095815,0.7038227381063239,0.6270508616198502,0.6861901729783331,0.6850750790624689,0.07335196664257906,0.11009658502866285,0.08382035190812229,0.26586813757601907
synthetic,DensMAP,2,dens_lambda,0.1,dens_frac,0.5,0.9500419043975707,0.6529984505020558,0.7266096699745552,0.639148187204855,0.686232958249126,0.7153230242862816,0.08106655950269201,0.12357990985671438,0.08661655502426782,0.17805747304416686
synthetic,DensMAP,2,dens_lambda,0.2,dens_frac,0.1,0.94054944676967,0.6228386097639343,0.6769342927301114,0.6115172915413519,0.6987656868839655,0.6218643734364097,0.07675535242513715,0.09715351058177954,0.07521485725745308,0.2029293869301511
synthetic,DensMAP,2,dens_lambda,0.2,dens_frac,0.3,0.9464781430185764,0.6654976220617634,0.6996742446931583,0.6206657891491519,0.6847069502575087,0.6259737301970562,0.09563074338825743,0.09731904688808805,0.07563915870767522,0.21927942648622056
synthetic,DensMAP,2,dens_lambda,0.2,dens_frac,0.5,0.9452776386557371,0.6635286606784065,0.7136889376585047,0.6467622875522547,0.6798847985610726,0.6672180244712896,0.09580279102200231,0.12413092285531943,0.09591762085504073,0.16781021720568012
synthetic,DensMAP,2,dens_lambda,0.5,dens_frac,0.1,0.93448987792775,0.6302060656091155,0.6864724718728791,0.6137589041601544,0.6941574615414945,0.5559029101164947,0.16928383812710163,0.1030758594830127,0.07574525408889485,0.19391350324821247
synthetic,DensMAP,2,dens_lambda,0.5,dens_frac,0.3,0.9312558148119253,0.7074049558766408,0.7005387588412406,0.6162463223542973,0.681407450845177,0.46466152421881,0.23376912581950907,0.09364087015447137,0.07262864759857225,0.17631102816528788
synthetic,DensMAP,2,dens_lambda,0.5,dens_frac,0.5,0.9117146910358146,0.7142078139327298,0.7130169572289909,0.6448445007084738,0.6834921841377385,0.4743162247641332,0.25757442494887606,0.12334014452119384,0.09579443197899691,0.18321654527616796
synthetic,DensMAP,2,dens_lambda,1.0,dens_frac,0.1,0.9237230903717201,0.6399153858350553,0.6817501524749602,0.6181213239272851,0.695210314773754,0.4645393947613025,0.1889694378327294,0.12311372675910576,0.0878875623993231,0.21532917245140576
synthetic,DensMAP,2,dens_lambda,1.0,dens_frac,0.3,0.9170704002268458,0.8503065019349848,0.7120316376104342,0.6301423071663651,0.6844183594113753,0.48351322274396746,0.3603124985461014,0.13245074257445003,0.13070692556393465,0.2542198434841627
synthetic,DensMAP,2,dens_lambda,1.0,dens_frac,0.5,0.9362130337357666,0.7666650727055979,0.7017233235933922,0.6383822469649723,0.670261468340158,0.5239935781568462,0.2863516098675304,0.15394104318823645,0.120103785150689,0.2463206791820266
synthetic,DensMAP,2,dens_lambda,2.0,dens_frac,0.1,0.9278237649528229,0.7327539704311832,0.6894745717068556,0.617240450705076,0.6907564519768893,0.4230889825249919,0.2689149450303184,0.12345164711707192,0.09423457968272643,0.21777764566341062
synthetic,DensMAP,2,dens_lambda,2.0,dens_frac,0.3,0.8946777639914127,0.8312590866267505,0.7095962328827458,0.6465173209037927,0.6787371465915659,0.3598453301898569,0.28382861067789833,0.14365700175550114,0.13788909507459568,0.3086030580833228
synthetic,DensMAP,2,dens_lambda,2.0,dens_frac,0.5,0.8848111449757927,0.7450039807080375,0.6557354494424912,0.6191188079855772,0.681994699659983,0.43782798476540863,0.33164342788490725,0.24129032160139097,0.2541747929716859,0.2487029304789498
synthetic,DensMAP,2,dens_lambda,3.0,dens_frac,0.1,0.9230897005786077,0.7583592771470447,0.681889414336757,0.6141062198877683,0.6902791025831397,0.4221185166471384,0.342116148790044,0.13724415864622816,0.11917535375055081,0.23702689240667132
synthetic,DensMAP,2,dens_lambda,3.0,dens_frac,0.3,0.88785225490961,0.791032542812536,0.6869817004880038,0.6403461747870594,0.6872916839695336,0.43964274278392895,0.3162035188458363,0.23564536912192874,0.22973846633367828,0.29714069043834535
synthetic,DensMAP,2,dens_lambda,3.0,dens_frac,0.5,0.9152641906578781,0.7664247201549665,0.6779242264464986,0.6272983450489472,0.6783319449093497,0.45672483157337407,0.3879510502729659,0.2441811559023463,0.23016794391115525,0.17782182594681123
synthetic,DensMAP,2,dens_lambda,5.0,dens_frac,0.1,0.9057633437611945,0.7619813439440805,0.6727732154137713,0.6220382735220416,0.6872069523548259,0.40831197475134545,0.30820159759931404,0.1722854120809199,0.1646463754127442,0.25836311064867623
synthetic,DensMAP,2,dens_lambda,5.0,dens_frac,0.3,0.8934067897707968,0.790559807516617,0.6884837990635897,0.6416339275452412,0.6709527440878725,0.3703622622047866,0.2711484761369837,0.23725014330745964,0.2341887442002893,0.27718628567564063
synthetic,DensMAP,2,dens_lambda,5.0,dens_frac,0.5,0.8582918274260297,0.8169247625207738,0.6399476845198696,0.6051330579975318,0.658753069423716,0.35430607514898343,0.3608974372843318,0.2609805777860186,0.25254144674142565,0.2729033283734845
synthetic,DensMAP,2,dens_lambda,10.0,dens_frac,0.1,0.8620342802301009,0.797524997923656,0.6701901595555031,0.6221859246526213,0.6720894900079614,0.368376112501011,0.30234028606749447,0.23487922937750233,0.23280563324722045,0.27362222530879843
synthetic,DensMAP,2,dens_lambda,10.0,dens_frac,0.3,0.8774520783993948,0.8384654685112992,0.7093353266235962,0.6606473663149046,0.6441817484746213,0.4213647310537894,0.31416905547613316,0.32674768560634937,0.3346378992949684,0.2742348539102449
synthetic,DensMAP,2,dens_lambda,10.0,dens_frac,0.5,0.876598050837291,0.8506743713711169,0.7158147783681027,0.6824175188066433,0.6428612775681859,0.43512358546021884,0.29506929544729327,0.34881426888947636,0.3436263614334837,0.24689167991649263
synthetic,DensMAP,3,dens_lambda,0.01,dens_frac,0.1,0.8970762559364563,0.5473393853518334,0.8062271864322035,0.778683539164043,0.5355986036901038,0.3142453290292432,0.053128333605216516,0.15896380361275847,0.27758316975354064,0.27279718607970804
synthetic,DensMAP,3,dens_lambda,0.01,dens_frac,0.3,0.899449580075151,0.553006755878151,0.7927175274475902,0.7636424191631034,0.5327395408888765,0.3745521966705039,0.05403148776985818,0.15471969632804428,0.305874727283771,0.24776842946835453
synthetic,DensMAP,3,dens_lambda,0.01,dens_frac,0.5,0.895516690869707,0.5554509693380615,0.7829603883895875,0.7606155709862172,0.5316078285300576,0.3657063269197196,0.05451015711325691,0.15272670628667864,0.2384015220202051,0.199168428599662
synthetic,DensMAP,3,dens_lambda,0.05,dens_frac,0.1,0.9210645310944052,0.5720566879670201,0.811455798201173,0.7766030005058729,0.5331816553537376,0.35956132516354083,0.057513920281489786,0.1727562696120091,0.32343683622337666,0.2697668655979547
synthetic,DensMAP,3,dens_lambda,0.05,dens_frac,0.3,0.9246735945248277,0.5783603845305239,0.8127078965670275,0.7706088679604597,0.535579308371903,0.5092061878106533,0.060563899882478754,0.18963467084959693,0.2601232995958742,0.23579743303757197
synthetic,DensMAP,3,dens_lambda,0.05,dens_frac,0.5,0.9245200709060998,0.5775705348746097,0.8099188841601377,0.7643383090086485,0.5291824909249084,0.4809937759460451,0.06169632214104154,0.22860855919565354,0.24488620263165037,0.16571963123088174
synthetic,DensMAP,3,dens_lambda,0.1,dens_frac,0.1,0.9259227566466078,0.6083293694038334,0.800688171718265,0.7759066911968887,0.5355491070042844,0.3794700693071592,0.06574801018452667,0.1923499189911805,0.34137099532540327,0.2749769178128892
synthetic,DensMAP,3,dens_lambda,0.1,dens_frac,0.3,0.92454943334684,0.6058692163332352,0.7954809525846919,0.7636449359437382,0.533977796961239,0.44670486959913946,0.06558336851473442,0.1550669553217824,0.24786816531814607,0.22890137084564116
synthetic,DensMAP,3,dens_lambda,0.1,dens_frac,0.5,0.9297440685772389,0.5961431175697295,0.8042007585576834,0.755655835281741,0.5226959083019365,0.48800116613084626,0.0626032872123958,0.21934499070148297,0.2410908698573723,0.20417015394888038
synthetic,DensMAP,3,dens_lambda,0.2,dens_frac,0.1,0.9196492614507227,0.6322496914846405,0.8042888458799042,0.7769276652077728,0.5370407189938918,0.3290984136799103,0.0948904774407226,0.16353482016783238,0.3271839017207724,0.2825225763722784
synthetic,DensMAP,3,dens_lambda,0.2,dens_frac,0.3,0.9278019528539873,0.6250198196474998,0.7966512555799125,0.7725061010957224,0.5413930716384829,0.4486338240071408,0.08782661906399998,0.16301220634092228,0.3087251530666235,0.25504746483885504
synthetic,DensMAP,3,dens_lambda,0.2,dens_frac,0.5,0.935638368824135,0.6614925851447861,0.8216466624552538,0.7727959503321731,0.5361707518211005,0.5610239350078338,0.09072527367317182,0.33717813023133536,0.29626820699806933,0.19642806934399148
synthetic,DensMAP,3,dens_lambda,0.5,dens_frac,0.1,0.9365813226353378,0.6457861961293592,0.8070996703856296,0.7717103789516602,0.5378779680184296,0.4330919916299336,0.09262560567353055,0.1813804643110103,0.3193628927082479,0.2913898764947426
synthetic,DensMAP,3,dens_lambda,0.5,dens_frac,0.3,0.9291165512722745,0.7080962316243554,0.7919314529626283,0.7603815103871732,0.538799948657675,0.4530649196077471,0.14160344635954752,0.1754562933114983,0.20667359001489008,0.1690661976262699
synthetic,DensMAP,3,dens_lambda,0.5,dens_frac,0.5,0.9157046272689826,0.7325853461286462,0.8096198067280258,0.7596860400050671,0.5404173996790266,0.5013746783234185,0.14384716650739615,0.2064705429201003,0.28135986886070047,0.19536939660663608
synthetic,DensMAP,3,dens_lambda,1.0,dens_frac,0.1,0.9038598186743445,0.7277430601871311,0.7996441272182275,0.7747154150297106,0.5379266257773705,0.335972788559658,0.153182397429047,0.17776401058213415,0.3089520893322978,0.28159792514492443
synthetic,DensMAP,3,dens_lambda,1.0,dens_frac,0.3,0.9181979179512734,0.7146230827374855,0.7844914299424748,0.7505224417134577,0.5436825030893483,0.4389080867214983,0.1758210820210148,0.16380260884281417,0.18977815527123956,0.16108094469406503
synthetic,DensMAP,3,dens_lambda,1.0,dens_frac,0.5,0.8989286064837304,0.7915140868406768,0.7875035968989906,0.7398559059193842,0.5245608427523849,0.4307052292531451,0.2517154218431576,0.2067342004891706,0.232967240446796,0.11177367792751709
synthetic,DensMAP,3,dens_lambda,2.0,dens_frac,0.1,0.9333900447903061,0.7465316665534114,0.8052833936941222,0.7712674255599208,0.5372680681779096,0.42298781184369266,0.22930333327662464,0.2638419870422311,0.31821672113936805,0.2588745794379431
synthetic,DensMAP,3,dens_lambda,2.0,dens_frac,0.3,0.9045460608607894,0.6914414357730166,0.7987812909239018,0.7625786598814261,0.5424576698470384,0.43488660005072105,0.15909844774631396,0.19718547958620217,0.3047845023988285,0.2204789990470811
synthetic,DensMAP,3,dens_lambda,2.0,dens_frac,0.5,0.8912742376461725,0.7099745889048564,0.7523991211402022,0.7212506050760109,0.529380477668186,0.3191080503986835,0.21336064802769422,0.13882001869456348,0.16567737427045603,0.11221996005985468
synthetic,DensMAP,3,dens_lambda,3.0,dens_frac,0.1,0.8978472297376088,0.7416486926582992,0.803889097222397,0.7662011461419013,0.5384375322462518,0.3891026313352178,0.2535957596270367,0.2689213193234412,0.34970550930444333,0.2670518911704338
synthetic,DensMAP,3,dens_lambda,3.0,dens_frac,0.3,0.906745727135677,0.7536583503845222,0.7935069576400652,0.7536138872599725,0.5431044824702035,0.4456529090450455,0.18177078776157682,0.2997185387242399,0.3584714191125663,0.2940523007249385
synthetic,DensMAP,3,dens_lambda,3.0,dens_frac,0.5,0.8923069566333529,0.6948109855796858,0.7938806995643454,0.7578370451653063,0.5453209272826571,0.36579801656902844,0.1808935406110436,0.2532928129280895,0.31562595147061195,0.1381289487310851
synthetic,DensMAP,3,dens_lambda,5.0,dens_frac,0.1,0.9262893676924225,0.8114662847871517,0.7903614013099003,0.7499402264599215,0.536482832619826,0.4793921512456142,0.23333989029001947,0.31729823872109897,0.3785786703117571,0.2525140384545287
synthetic,DensMAP,3,dens_lambda,5.0,dens_frac,0.3,0.9091526083495035,0.7733022427032238,0.797160064731598,0.7610551686704436,0.537152296268705,0.4734975130392695,0.19526898935042106,0.313717376148721,0.3463197436378753,0.2630061458623846
synthetic,DensMAP,3,dens_lambda,5.0,dens_frac,0.5,0.8719453623702704,0.7122396914762512,0.7739587029854891,0.7291230949019253,0.5248871853080413,0.3685874254912746,0.18128846917135077,0.2619491138034008,0.28732122672484506,0.13572830016882295
synthetic,DensMAP,3,dens_lambda,10.0,dens_frac,0.1,0.8877482279767013,0.8210065612471151,0.7689284974232361,0.7268307272069859,0.5319241039631745,0.44015288452024065,0.2146439721964611,0.3319211609460884,0.35387796875533173,0.2322890972364329
synthetic,DensMAP,3,dens_lambda,10.0,dens_frac,0.3,0.8877507447573362,0.7732472929926955,0.7840484765507354,0.752008181214917,0.5183804684399903,0.4881853443158492,0.2467792418251985,0.39863820887080387,0.40979186690179703,0.2431229941035411
synthetic,DensMAP,3,dens_lambda,10.0,dens_frac,0.5,0.8751995597311742,0.7965640071845699,0.8099155284526245,0.7951231502710993,0.5154886874905096,0.43737343449081156,0.23421824392500146,0.3791578130130651,0.4183699812839717,0.14300526300172595
synthetic,DensMAP,4,dens_lambda,0.01,dens_frac,0.1,0.8823044314634491,0.5233511101938844,0.653235447345174,0.6143578979512566,0.6210290444874533,0.26127670740626013,0.04849516527739758,0.07657304594764008,0.06627663307624876,0.1692208842457375
synthetic,DensMAP,4,dens_lambda,0.01,dens_frac,0.3,0.8834931908499922,0.5318355971775144,0.6839808590443448,0.6295617697665854,0.6200055536959344,0.3309890964438016,0.04950515755482863,0.08295350170847074,0.07465244788277255,0.21726815957818332
synthetic,DensMAP,4,dens_lambda,0.01,dens_frac,0.5,0.8800686913327946,0.5326959166912052,0.6902530958499126,0.6083453090145209,0.6159912885832959,0.28314346484163444,0.04963070135915022,0.07693322286421063,0.06293342175990774,0.1705877773548115
synthetic,DensMAP,4,dens_lambda,0.05,dens_frac,0.1,0.9200192282040505,0.573714826941969,0.663150724119735,0.6082588995460566,0.6223688107120895,0.34596930241065077,0.057337189265328506,0.07731156483602446,0.06519175476021268,0.18906940863218255
synthetic,DensMAP,4,dens_lambda,0.05,dens_frac,0.3,0.9227616801691948,0.6104677940166057,0.7135807160912048,0.6181137735853806,0.6194661237131911,0.41282279814914846,0.06204793856075775,0.08706864232157632,0.06754942673011022,0.22259017673038728
synthetic,DensMAP,4,dens_lambda,0.05,dens_frac,0.5,0.9175989241601713,0.6077018520988693,0.7165362554834358,0.6180147802137418,0.6145592404020473,0.42066778569412855,0.06323592147988508,0.08190269090144023,0.06415261951650111,0.19175296801576958
synthetic,DensMAP,4,dens_lambda,0.1,dens_frac,0.1,0.9221727535006322,0.5693238836609763,0.6624015624174181,0.614481220202366,0.6202597485400576,0.3422867696874087,0.060582953620608684,0.0773689901393553,0.06636645097196253,0.18039668193318
synthetic,DensMAP,4,dens_lambda,0.1,dens_frac,0.3,0.9281098390183213,0.6570651485445876,0.7080719027448847,0.6308956635030735,0.6203520304966699,0.45379007519999504,0.07565323357238202,0.09231758959091754,0.07510997327233951,0.30415838152463387
synthetic,DensMAP,4,dens_lambda,0.1,dens_frac,0.5,0.919160167080677,0.6202085740004815,0.7227673848719671,0.6384460054077227,0.6061104078107448,0.5063394905955673,0.06899480151300372,0.14268377949564162,0.07436317392849748,0.3031215118571568
synthetic,DensMAP,4,dens_lambda,0.2,dens_frac,0.1,0.921348927306147,0.5760495604442621,0.6741557669092004,0.6115156136875954,0.6201087417019646,0.36191220709956723,0.07041992507168426,0.07897158149111258,0.06569167681892771,0.16039083215094058
synthetic,DensMAP,4,dens_lambda,0.2,dens_frac,0.3,0.934852294339173,0.6998244126043729,0.7020140117567213,0.6167974973133367,0.6193587410727694,0.5432246730048926,0.10660393997513677,0.09491895751514148,0.06861032058157526,0.23344593376069084
synthetic,DensMAP,4,dens_lambda,0.2,dens_frac,0.5,0.9174126823931901,0.7130266048880913,0.7164951480663995,0.6369682357116072,0.5722798425166464,0.5262222488324655,0.12679516026965063,0.08864228370106332,0.06744123049667174,0.2470525511004393
synthetic,DensMAP,4,dens_lambda,0.5,dens_frac,0.1,0.9213254373535548,0.6703902436159761,0.6731805144131833,0.6100676258956592,0.6208839101375085,0.4095126467558074,0.11075823699011034,0.07707708749077052,0.06587395928424049,0.17097598545714746
synthetic,DensMAP,4,dens_lambda,0.5,dens_frac,0.3,0.9271878583790759,0.7069351568247959,0.7195127680476241,0.6372924809500677,0.6294988502507133,0.568181182797888,0.16045110132987517,0.11179546614893744,0.08286385461250297,0.30386908853670624
synthetic,DensMAP,4,dens_lambda,0.5,dens_frac,0.5,0.9283732620581058,0.7274733451957593,0.7732116386003679,0.6886834636606238,0.5950801972149306,0.6460429816124517,0.15824770703177238,0.1428774820732238,0.11378911251548326,0.24027337111919012
synthetic,DensMAP,4,dens_lambda,1.0,dens_frac,0.1,0.8853589642273191,0.6905442034766809,0.6838667649888969,0.6315907144217403,0.6238839126542892,0.3350891659194906,0.13576978631954217,0.08189479042448863,0.07301865698382518,0.21581821430448456
synthetic,DensMAP,4,dens_lambda,1.0,dens_frac,0.3,0.9041056242496849,0.7114246740139882,0.7052367493596889,0.6339619412432393,0.6286523730305142,0.47817115634672563,0.24838655420523462,0.16046669656167173,0.10620614390732305,0.2690482988502431
synthetic,DensMAP,4,dens_lambda,1.0,dens_frac,0.5,0.9277549729488029,0.7768861383272971,0.7713521571746285,0.7076356607681719,0.6107236667144855,0.6057671176646671,0.30742900811789353,0.1839921660724049,0.14655278840639385,0.3130558858263057
synthetic,DensMAP,4,dens_lambda,2.0,dens_frac,0.1,0.8945183678845369,0.7030286938160183,0.7008961416913939,0.6292169708196064,0.6232547174955685,0.4226738970113324,0.20319411669456583,0.09121662338805964,0.07303440737141126,0.20949086562154076
synthetic,DensMAP,4,dens_lambda,2.0,dens_frac,0.3,0.904955457177397,0.638221592467779,0.7145689719538355,0.6393252007761752,0.6106263511966034,0.4997047326316908,0.1992728411570116,0.19480602308996453,0.16924535176327166,0.32433319109581416
synthetic,DensMAP,4,dens_lambda,2.0,dens_frac,0.5,0.9095804610574338,0.7272380262063978,0.7550761368088396,0.7008604872990665,0.6148151130999271,0.5544787451687059,0.32572607854731395,0.22677629956516152,0.15958411412911586,0.34921750691418635
synthetic,DensMAP,4,dens_lambda,3.0,dens_frac,0.1,0.914326270407945,0.6949242407082556,0.7014724844567823,0.6352320765369768,0.6203704868879923,0.4532362375456952,0.26081443295500056,0.1293046348270954,0.09329793677389354,0.2127586428555624
synthetic,DensMAP,4,dens_lambda,3.0,dens_frac,0.3,0.8904722235505231,0.7694842864801061,0.7087073898551929,0.6450349371098466,0.6206422991965598,0.47941926257748463,0.27786211388769816,0.207203658721759,0.1615818472640409,0.2775307838515422
synthetic,DensMAP,4,dens_lambda,3.0,dens_frac,0.5,0.8855712127275275,0.7261746863881596,0.769466669015662,0.7166641918323757,0.6096490013833904,0.4649676697393933,0.2997226201885854,0.2356731229121536,0.21511004058739908,0.2910830261082989
synthetic,DensMAP,4,dens_lambda,5.0,dens_frac,0.1,0.9115368385376161,0.8006294468367843,0.7269695696053436,0.6475559123791211,0.6191179690586989,0.48174966034469496,0.3244157086420076,0.18566449570968202,0.16291381679142714,0.23784464234566607
synthetic,DensMAP,4,dens_lambda,5.0,dens_frac,0.3,0.8751349623615455,0.7205534568401484,0.7194049659437634,0.6565290742693577,0.6172698131458164,0.4508054517760121,0.23291040148145475,0.2859524336646179,0.25681749110008323,0.28423972374191886
synthetic,DensMAP,4,dens_lambda,5.0,dens_frac,0.5,0.8932020916124931,0.7276381943273442,0.7158110031971504,0.6768239738456157,0.6073646034937948,0.426386068858366,0.20570039253404862,0.2285130470792914,0.21397145895182518,0.2439410319501413
synthetic,DensMAP,4,dens_lambda,10.0,dens_frac,0.1,0.8896685316011171,0.756610114605801,0.7269469185796298,0.6637128051281922,0.6184006865777572,0.4697509555858656,0.28019898090883255,0.2782966030381578,0.25464111252174737,0.2530233351894435
synthetic,DensMAP,4,dens_lambda,10.0,dens_frac,0.3,0.8809235578217768,0.7936877463823376,0.7367271281267853,0.6995182042937955,0.6158964898460485,0.49896154857852176,0.2962735911005255,0.37882007921607513,0.36959916402745285,0.3292111286744484
synthetic,DensMAP,4,dens_lambda,10.0,dens_frac,0.5,0.8619663271529591,0.8269830763280842,0.7567464402235237,0.732579473640498,0.614923334667227,0.44152813700113447,0.30411986602467767,0.3543937826437913,0.3529460492273479,0.2475003787599033
synthetic,PaCMAP,0,n_neighbors,5.0,FP_ratio,1.0,0.676083620875521,0.5422236092479944,0.6591200999329697,0.5976422799012415,0.5256246020340621,0.14429466760423953,0.09455649632934265,0.07026658360209452,0.05717704649832721,0.08010145116420367
synthetic,PaCMAP,0,n_neighbors,5.0,FP_ratio,2.0,0.7629477877078756,0.5488721047584771,0.6843097183806363,0.6247714972915247,0.534775616422497,0.21825492473877006,0.05866054702898543,0.07161847555621845,0.05915422302971686,0.0622197346195245
synthetic,PaCMAP,0,n_neighbors,5.0,FP_ratio,5.0,0.7830602206881045,0.6001406041448022,0.7343898778438572,0.6820240621007232,0.5588276500231961,0.18996127384717262,0.06696233734282904,0.0972539861694395,0.07441182326823036,0.06875024531615664
synthetic,PaCMAP,0,n_neighbors,8.0,FP_ratio,1.0,0.6725316044728225,0.5419710922576277,0.5738192733383166,0.5638364629500527,0.531315881976411,0.17141220750711073,0.053415719567075026,0.054033082288176826,0.05326850306224459,0.062486810670019224
synthetic,PaCMAP,0,n_neighbors,8.0,FP_ratio,2.0,0.7733664206094133,0.5340075788654186,0.6235135264375221,0.5570591921637518,0.5321296410483566,0.28214932119531605,0.052580087084055274,0.07210618467325183,0.05368925753753139,0.079524515257096
synthetic,PaCMAP,0,n_neighbors,8.0,FP_ratio,5.0,0.8417775518268052,0.5042307082472385,0.6446729401618625,0.5876171037056239,0.5261397031373349,0.21563111669302182,0.0486889557096376,0.07953100320110221,0.05979275501851291,0.07611037532143072
synthetic,PaCMAP,0,n_neighbors,10.0,FP_ratio,1.0,0.740140721594565,0.5756133184675492,0.601955622445992,0.579606190944791,0.5419601862082098,0.1560497904773791,0.06022254273181943,0.056965448419760666,0.05452508293654775,0.060007012423833106
synthetic,PaCMAP,0,n_neighbors,10.0,FP_ratio,2.0,0.8153454826723847,0.5565000473993686,0.6305043041143491,0.5744283342519583,0.5342244414634576,0.23056781984960048,0.05497676997969607,0.06487660731839492,0.05411114730645406,0.05898052196046204
synthetic,PaCMAP,0,n_neighbors,10.0,FP_ratio,5.0,0.8606534065884283,0.5325629467809956,0.6531578466089316,0.6150974119944732,0.5691137324779635,0.20849456724701626,0.05216262109300715,0.073862752040218,0.06071276329684297,0.06664001361457918
synthetic,PaCMAP,0,n_neighbors,15.0,FP_ratio,1.0,0.7260626896499074,0.55322361847619,0.5960097281960807,0.5994229022004213,0.544454315817379,0.0857927005173189,0.054668335596065466,0.06437710619748105,0.07189523468029585,0.06144005919411293
synthetic,PaCMAP,0,n_neighbors,15.0,FP_ratio,2.0,0.8169402826680224,0.5428762943593073,0.6719078623388108,0.5940747433512947,0.5384870289320712,0.18171146777737132,0.05339409981074968,0.08214212825388192,0.057885388750061925,0.05742568811930598
synthetic,PaCMAP,0,n_neighbors,15.0,FP_ratio,5.0,0.8439101039514294,0.5341279648724537,0.6093973233199022,0.6304661329413868,0.5431296502765521,0.1832864614152981,0.05246896918472238,0.060648675284991564,0.08742280406012137,0.05809451063801616
synthetic,PaCMAP,0,n_neighbors,20.0,FP_ratio,1.0,0.6770467089318029,0.5048729067725728,0.5521770571955178,0.5866212975010886,0.5234769492256286,0.07154088066184507,0.04838675224808154,0.0544963517551631,0.08042985758555633,0.06348860460161172
synthetic,PaCMAP,0,n_neighbors,20.0,FP_ratio,2.0,0.7034175364241076,0.5062223206563092,0.6338293907964688,0.5932924440372852,0.5184308040526879,0.08893861787914223,0.048069208537831185,0.0777925761508476,0.06693802354083762,0.05692539631916252
synthetic,PaCMAP,0,n_neighbors,20.0,FP_ratio,5.0,0.7228361768759872,0.501427853546857,0.5931749942743241,0.5730390713415029,0.5141136863369853,0.08795838502674198,0.04698006946367577,0.07220178024971606,0.07783611131344007,0.07685636701881635
synthetic,PaCMAP,0,n_neighbors,30.0,FP_ratio,1.0,0.6828596332715045,0.5036115802110572,0.5226761935202966,0.5505147235861775,0.5149106668713648,0.0912384131140619,0.05777606160968339,0.04755395678908865,0.0768885790327066,0.09830864536376341
synthetic,PaCMAP,0,n_neighbors,30.0,FP_ratio,2.0,0.6871129925444568,0.5012286084132621,0.6263839147516063,0.5723922587183379,0.5169626820156729,0.09036815451167027,0.05882746543138849,0.07470378128437469,0.0776662890942603,0.09107567039853352
synthetic,PaCMAP,0,n_neighbors,30.0,FP_ratio,5.0,0.6736649946853982,0.5126380139580654,0.5992274322377786,0.6082253424709249,0.51964473124558,0.08690224876146818,0.058567274904660044,0.06803097263941182,0.09272114172158197,0.09033774522498063
synthetic,PaCMAP,0,n_neighbors,40.0,FP_ratio,1.0,0.7040886779267433,0.5582521461846864,0.5732811017458906,0.553434189122642,0.516023083911983,0.10729035004173615,0.07091064259606664,0.08132296759142246,0.07745921674342392,0.07468603381625452
synthetic,PaCMAP,0,n_neighbors,40.0,FP_ratio,2.0,0.7086641851209607,0.5502156461540656,0.5927416885416851,0.5573494608636417,0.5121212350010361,0.11323991558130174,0.07138494788733732,0.09205192594861428,0.07725983371007482,0.07598877986430994
synthetic,PaCMAP,0,n_neighbors,40.0,FP_ratio,5.0,0.6991281032953887,0.5494971052828064,0.6231750194421304,0.5551044925373259,0.5117428789789253,0.10919057440023301,0.07145906426527956,0.11708728235294874,0.07744562487040171,0.08290303876440783
synthetic,PaCMAP,0,n_neighbors,60.0,FP_ratio,1.0,0.793822813609743,0.6908114016874175,0.5722597082715674,0.5740952802812754,0.5422152199792114,0.27810704363143357,0.17435427991182564,0.09078783463434886,0.07987672377297414,0.08331662327425252
synthetic,PaCMAP,0,n_neighbors,60.0,FP_ratio,2.0,0.7874201236746005,0.6767845442823357,0.5708092036989965,0.5894040179563909,0.5328016214778704,0.2708811023203237,0.1481376640522233,0.10212099422630569,0.08024563723056367,0.08197915681764845
synthetic,PaCMAP,0,n_neighbors,60.0,FP_ratio,5.0,0.7868244855910116,0.6641884766681851,0.5629916635836104,0.5736481322551445,0.51494254609274,0.26268991626457,0.14238348874729592,0.07728212172798976,0.07884622588442214,0.0746030786168328
synthetic,PaCMAP,0,n_neighbors,80.0,FP_ratio,1.0,0.7528387188244285,0.8262980925319567,0.5318125266883613,0.5556246272018684,0.5505264685624737,0.40838596885836753,0.45710444953036095,0.13035143078785952,0.07929969184729624,0.07979227017154808
synthetic,PaCMAP,0,n_neighbors,80.0,FP_ratio,2.0,0.7536046590643113,0.8169037893488165,0.5666720357986877,0.5345994417780552,0.5448041483256278,0.4074175669120185,0.4294185689220866,0.14115806354447152,0.07664033376696916,0.07895555961562933
synthetic,PaCMAP,0,n_neighbors,80.0,FP_ratio,5.0,0.6430022172837394,0.7813269977575484,0.691864254919677,0.5650264807269133,0.5339131995916104,0.31965979344940854,0.3902297725384368,0.24134267998944753,0.09206272031373419,0.07736808514128965
synthetic,PaCMAP,0,n_neighbors,120.0,FP_ratio,1.0,0.6704443543996262,0.8033492477762145,0.5741464548208514,0.5672521537350284,0.580971124975776,0.32889240981467327,0.3783644592406183,0.059087842585740534,0.06054846301421124,0.06057349535073192
synthetic,PaCMAP,0,n_neighbors,120.0,FP_ratio,2.0,0.37345081665336965,0.7074192176335717,0.6960077147715727,0.52348114386002,0.5568041583927503,0.1740833789562117,0.3434068511206755,0.1699311848638398,0.05261058337322755,0.07664934334649359
synthetic,PaCMAP,0,n_neighbors,120.0,FP_ratio,5.0,0.5273477578420787,0.7159003489096888,0.6534191723315204,0.5316984326329133,0.549829320326611,0.2387968753083536,0.33282963794779485,0.07340116402425378,0.0551181794069828,0.1477028124264633
synthetic,PaCMAP,1,n_neighbors,5.0,FP_ratio,1.0,0.8045753394088418,0.5074266001901009,0.617302950757509,0.5567487892187829,0.5269719186006029,0.19754333820857248,0.047362807242333035,0.06270511246703273,0.05313153509407115,0.057587854600199204
synthetic,PaCMAP,1,n_neighbors,5.0,FP_ratio,2.0,0.8204570641418323,0.4941258339981829,0.6516985333041386,0.5970256686456952,0.5568637222011092,0.20034957563666167,0.04502359481806745,0.06615500444309444,0.055873762320379924,0.06905415608708858
synthetic,PaCMAP,1,n_neighbors,5.0,FP_ratio,5.0,0.795170969103162,0.49062792837913455,0.5843016646826046,0.5880130771921789,0.5897513336840048,0.16249072386175067,0.04568498715047263,0.06423776565478514,0.06238609333623423,0.06742750271803126
synthetic,PaCMAP,1,n_neighbors,8.0,FP_ratio,1.0,0.807613932562024,0.5643872184456531,0.6388549822608911,0.5853410950848114,0.511984489919874,0.1707095669378118,0.052634056176644364,0.06652575607385652,0.055127317405914575,0.07005327427707078
synthetic,PaCMAP,1,n_neighbors,8.0,FP_ratio,2.0,0.7507917372413903,0.523073425397169,0.5344530490377928,0.5327554804995641,0.5607320140369245,0.1461267780418132,0.05020687253751782,0.0500538978284822,0.050465343948135816,0.06289355989735182
synthetic,PaCMAP,1,n_neighbors,8.0,FP_ratio,5.0,0.8218035417814948,0.4851967157690569,0.6557790736401625,0.6244065640994665,0.5405633729558498,0.14639066007076043,0.0451720625964938,0.07958008728608534,0.06611517465472626,0.061918749976531726
synthetic,PaCMAP,1,n_neighbors,10.0,FP_ratio,1.0,0.8011927862355589,0.5710826938613203,0.6391276334963368,0.6030298683136479,0.5476288151248448,0.14850136429606792,0.056228475758434815,0.06312819392082471,0.05827508029342444,0.06409799491958133
synthetic,PaCMAP,1,n_neighbors,10.0,FP_ratio,2.0,0.7930946250793834,0.5080092349070763,0.6663998879193691,0.6399686576918269,0.5433075027747506,0.17829892599919733,0.048111556060132336,0.07317983948487689,0.06441734803624077,0.06050258699605493
synthetic,PaCMAP,1,n_neighbors,10.0,FP_ratio,5.0,0.8271609288262827,0.5023880053590649,0.6650311787174318,0.6529686685978764,0.541721092047896,0.13983514494180746,0.04745240142110296,0.07556643131418712,0.07046223026244722,0.0641440187957731
synthetic,PaCMAP,1,n_neighbors,15.0,FP_ratio,1.0,0.7396113587343613,0.5356019593976169,0.6119967382522972,0.6028511768885713,0.52979658539982,0.1088809575237882,0.05198604691205792,0.06266927024003882,0.06153471681857222,0.0565867004420305
synthetic,PaCMAP,1,n_neighbors,15.0,FP_ratio,2.0,0.7392388752003987,0.5238800535906489,0.5540973608199335,0.5536720248926383,0.5632899020888441,0.13064880288413203,0.050994399442603366,0.051421539645404565,0.052319442407517534,0.06607007795914621
synthetic,PaCMAP,1,n_neighbors,15.0,FP_ratio,5.0,0.764217084074735,0.5114303787167607,0.6384082536981994,0.6196917950434523,0.5444039802046814,0.17271520615058764,0.050193245761244815,0.07492234944645215,0.07082773826467254,0.058088763265152984
synthetic,PaCMAP,1,n_neighbors,20.0,FP_ratio,1.0,0.6514586002169465,0.4877168521114531,0.5558804998997482,0.6106422908072908,0.5200801342954147,0.0725520390355823,0.046627177469115114,0.05549363688121773,0.08477325065029248,0.05869098581373795
synthetic,PaCMAP,1,n_neighbors,20.0,FP_ratio,2.0,0.6559737046759269,0.4760092080614162,0.5767949469756266,0.6131238365132857,0.5350533012192125,0.07190668802161848,0.04500092287259663,0.05445096551163412,0.06443330412415864,0.05788522707227441
synthetic,PaCMAP,1,n_neighbors,20.0,FP_ratio,5.0,0.6689401585068444,0.4852277560635538,0.5965663561798291,0.6403470137139377,0.5299190687240509,0.07100587486329615,0.0468113671453217,0.05961104097951718,0.09054714712153888,0.058379454436942084
synthetic,PaCMAP,1,n_neighbors,30.0,FP_ratio,1.0,0.6474292344204987,0.5144056328906317,0.5624723678459462,0.5509446736113033,0.5130180478339328,0.083658570030246,0.05905133824708928,0.05320920010683053,0.07792893344941124,0.09458601108485121
synthetic,PaCMAP,1,n_neighbors,30.0,FP_ratio,2.0,0.6368243597519797,0.5055096522731981,0.5724702789180193,0.5647563462721026,0.5136858336290551,0.07773438740388439,0.056530191948576114,0.06347948748838605,0.07714048672089116,0.08945245770681594
synthetic,PaCMAP,1,n_neighbors,30.0,FP_ratio,5.0,0.6466599384731029,0.49678103756798453,0.593123819734748,0.5278452414809073,0.5324887017522666,0.08724218564772665,0.05563438226644009,0.06153137287123346,0.07478203573311692,0.09293833490842532
synthetic,PaCMAP,1,n_neighbors,40.0,FP_ratio,1.0,0.6908906802774164,0.5593419121995908,0.5813381554850299,0.5538737868068682,0.5180599983724818,0.10636765355731964,0.07132094457499032,0.10793763397414255,0.07768025301574843,0.07445223915749843
synthetic,PaCMAP,1,n_neighbors,40.0,FP_ratio,2.0,0.6817446994502512,0.5595579358707516,0.587945124115037,0.5581837736441054,0.5125801280034632,0.11288494578358238,0.07078000008174999,0.09251149241121376,0.07733884305432502,0.07596674362945648
synthetic,PaCMAP,1,n_neighbors,40.0,FP_ratio,5.0,0.6868244016983236,0.5446829233917143,0.5905462169011886,0.5506888009134236,0.51200126845744,0.10760792051378568,0.06621288237901381,0.08932471927045285,0.07701081389376108,0.08384063345907194
synthetic,PaCMAP,1,n_neighbors,60.0,FP_ratio,1.0,0.787707036666977,0.6919078791173483,0.5747102136830652,0.5710726267387808,0.5440356913051102,0.28605395343215356,0.16695647650706938,0.0791782421077942,0.07933010567516105,0.08389842276368464
synthetic,PaCMAP,1,n_neighbors,60.0,FP_ratio,2.0,0.7911315361841746,0.6832140798775838,0.5975596456037295,0.5886296884477252,0.5352756168419605,0.28806367524171983,0.14927667239805778,0.11055835658744269,0.08015046738754567,0.08201943247617696
synthetic,PaCMAP,1,n_neighbors,60.0,FP_ratio,5.0,0.7886088830611435,0.6751985530189204,0.5751875630768146,0.5730785009047826,0.5143452301553944,0.2641645993949099,0.1463096511850025,0.08395954074372937,0.07881462745675175,0.07456570192839712
synthetic,PaCMAP,1,n_neighbors,80.0,FP_ratio,1.0,0.752757342917234,0.8115224928879974,0.5379211727526616,0.5497924075439661,0.5511875429425697,0.4094605234348533,0.41929782195372356,0.15724085988442685,0.07822575015854431,0.07986455105430858
synthetic,PaCMAP,1,n_neighbors,80.0,FP_ratio,2.0,0.7536927463865322,0.8196479191677175,0.5797223823174349,0.5340113540363709,0.5460700889849739,0.4074776761940603,0.4072256016812748,0.142010306140825,0.0765513065108063,0.07918037066738372
synthetic,PaCMAP,1,n_neighbors,80.0,FP_ratio,5.0,0.6406825844652555,0.7761147450627056,0.6744984685389838,0.5650793331202459,0.5363469264655423,0.32011679008790767,0.39001233640547145,0.23469367203696576,0.09259743109412823,0.07742795395883648
synthetic,PaCMAP,1,n_neighbors,120.0,FP_ratio,1.0,0.667770694438502,0.7658194344122771,0.5693930951284355,0.47932590547475284,0.5609174168770276,0.35577922234691234,0.32980176830221475,0.07761209999254065,0.09820517720722324,0.0756976434087179
synthetic,PaCMAP,1,n_neighbors,120.0,FP_ratio,2.0,0.46638042481579267,0.7102266864317839,0.5758813556051641,0.5102219045485776,0.540435856070349,0.2143179117821219,0.27061177365914574,0.06483757045570766,0.04934198969692827,0.07569872952851753
synthetic,PaCMAP,1,n_neighbors,120.0,FP_ratio,5.0,0.5383175657026558,0.7224334919744061,0.6226330726787523,0.5499761325303125,0.5583888912658483,0.23889508079853514,0.3454682531917442,0.08969059982235378,0.057352797903787445,0.08251227687137712
synthetic,PaCMAP,2,n_neighbors,5.0,FP_ratio,1.0,0.780582030689623,0.4829383246126884,0.6800685235474191,0.6247614301689852,0.518730300948239,0.27333311651396214,0.04563841366185947,0.0729680836691474,0.06089857574008001,0.06727114052677516
synthetic,PaCMAP,2,n_neighbors,5.0,FP_ratio,2.0,0.7791944456329242,0.4892701252266151,0.6881415168972457,0.6271733449440813,0.513643048358262,0.27429671252636895,0.04676877818511861,0.07840527729456204,0.0627188713870455,0.0722249131910522
synthetic,PaCMAP,2,n_neighbors,5.0,FP_ratio,5.0,0.8142792066100726,0.4991942107333982,0.6900056124208158,0.6670727072757612,0.5619451023029383,0.1935667129985212,0.04911920452770819,0.08114415255613965,0.08018332197726816,0.07161266447929683
synthetic,PaCMAP,2,n_neighbors,8.0,FP_ratio,1.0,0.7461147198948993,0.5064094013501689,0.5928146751800966,0.5362739398271307,0.52358936542732,0.23190160523958475,0.048523690252474265,0.06091551509457002,0.049450366945066465,0.08116281441714754
synthetic,PaCMAP,2,n_neighbors,8.0,FP_ratio,2.0,0.8319797248152053,0.5157156172110883,0.6173377662229583,0.5857588806702019,0.5171917090534472,0.22032331830315588,0.04876159134991946,0.058954443245487764,0.05405409187175568,0.08073042934493604
synthetic,PaCMAP,2,n_neighbors,8.0,FP_ratio,5.0,0.8208219973338904,0.5235738452800716,0.6331897090517693,0.5960625805894132,0.5008024335590886,0.14807675473144896,0.05031691204697567,0.07039170047909873,0.05974549952696978,0.05626330144999127
synthetic,PaCMAP,2,n_neighbors,10.0,FP_ratio,1.0,0.7677749729655813,0.5517680803423493,0.6379040586443445,0.5952320429799018,0.5426724351278819,0.2138471703415502,0.05346228512911557,0.06812838572982183,0.0584617285907663,0.060393841149147975
synthetic,PaCMAP,2,n_neighbors,10.0,FP_ratio,2.0,0.8270325730139036,0.5158070602408223,0.6293310648750544,0.5639946006666113,0.5268964151815564,0.23285652937700457,0.048286428419485175,0.0632538972429604,0.051860720069852484,0.05686735172662764
synthetic,PaCMAP,2,n_neighbors,10.0,FP_ratio,5.0,0.820219647835275,0.5289148732507326,0.6330009505041531,0.5956699628103714,0.5179299647063462,0.14075182054282986,0.05140982147475186,0.06555211176580283,0.05660777011755521,0.12421119727263309
synthetic,PaCMAP,2,n_neighbors,15.0,FP_ratio,1.0,0.7238504394718452,0.546400626175022,0.6187828177708203,0.570115411170647,0.5597764763225471,0.12515085018090208,0.05258599093975877,0.07503666782348517,0.06461724241495455,0.06803719309046061
synthetic,PaCMAP,2,n_neighbors,15.0,FP_ratio,2.0,0.7652028231567309,0.5443007921986511,0.6467010458901391,0.5611250512794054,0.5553066739149949,0.1571918513942895,0.054171425274435525,0.07278270199122056,0.05266943006138411,0.06422659547319126
synthetic,PaCMAP,2,n_neighbors,15.0,FP_ratio,5.0,0.7522531478633792,0.5389715092042863,0.6196435567479502,0.58827314452445,0.5618083572217762,0.16887006504407026,0.05469559655930395,0.0707143945899284,0.06307168076147318,0.06940721073584391
synthetic,PaCMAP,2,n_neighbors,20.0,FP_ratio,1.0,0.6661012299506963,0.500171141083172,0.6146972438735268,0.5630264790490597,0.525211011083063,0.08900208359521411,0.048369891378826024,0.07055311934466464,0.07663698518527111,0.05981723367449599
synthetic,PaCMAP,2,n_neighbors,20.0,FP_ratio,2.0,0.6586582706864686,0.497739930989875,0.6060995017613271,0.5687945208007725,0.5383469281433961,0.091805945529567,0.04807675133737613,0.06783181473519691,0.05888280607957705,0.057617368229940985
synthetic,PaCMAP,2,n_neighbors,20.0,FP_ratio,5.0,0.6838034260095855,0.48507381298138674,0.6132253466655593,0.6197480031442979,0.5282244364298962,0.08727620925692404,0.04630425344733077,0.06304143405582274,0.09551881787652314,0.060586678976473046
synthetic,PaCMAP,2,n_neighbors,30.0,FP_ratio,1.0,0.6552782342938208,0.5061531091888499,0.5559698456122866,0.541649783263241,0.5103762670941838,0.08681108535467903,0.05736328072976732,0.05124749172741931,0.07542775108082923,0.09533814359606921
synthetic,PaCMAP,2,n_neighbors,30.0,FP_ratio,2.0,0.641824363946614,0.5074362478492012,0.5392508718547583,0.5729803464600223,0.5180524480305773,0.08527634347124365,0.05950487522112597,0.05424460227774665,0.07804983225649109,0.08894985214820654
synthetic,PaCMAP,2,n_neighbors,30.0,FP_ratio,5.0,0.6373956689560981,0.5046896012496656,0.5892421050688801,0.5769757357178991,0.5264433946672775,0.08403294158627558,0.05870678864346265,0.06190822839745988,0.08269690303471897,0.09132902397643926
synthetic,PaCMAP,2,n_neighbors,40.0,FP_ratio,1.0,0.6779812734742228,0.5562567586046633,0.5672194355867748,0.5524912353114391,0.5178804680205269,0.11200323480786814,0.07551414332971274,0.0813109359053495,0.0769717300679344,0.07439787137210181
synthetic,PaCMAP,2,n_neighbors,40.0,FP_ratio,2.0,0.6813076185466598,0.5610654874710466,0.6046225709920897,0.5556556674963653,0.5117663689315176,0.10978815821659821,0.07736752692494375,0.09872954414451875,0.07724312033828118,0.0760713807698492
synthetic,PaCMAP,2,n_neighbors,40.0,FP_ratio,5.0,0.6771767425979385,0.5540776460382937,0.5691040848188631,0.5526002958056173,0.5113049591484556,0.10287503581068554,0.07398650378334379,0.08077126431156473,0.07707472238558206,0.08315928622019475
synthetic,PaCMAP,2,n_neighbors,60.0,FP_ratio,1.0,0.7742967905174417,0.691722056813806,0.5723494734475448,0.571816754879828,0.5427168982524314,0.2866224491429461,0.1599496260253806,0.08654764455431735,0.07940639291122054,0.08353055165592362
synthetic,PaCMAP,2,n_neighbors,60.0,FP_ratio,2.0,0.781779179344949,0.689350829992307,0.5689857961290237,0.5879518355300634,0.5344106832304389,0.28572936605625426,0.16573715036116374,0.09625271976748155,0.0801252412948218,0.08211969044651127
synthetic,PaCMAP,2,n_neighbors,60.0,FP_ratio,5.0,0.7815409241115134,0.6670160797114763,0.5561342752804322,0.573560883859802,0.5145650289975076,0.2575510256398201,0.1553079862577182,0.0823889615184954,0.07886070344004209,0.07457411723487549
synthetic,PaCMAP,2,n_neighbors,80.0,FP_ratio,1.0,0.7528848598027348,0.8355803989768447,0.5596145634350365,0.551122945572941,0.5507085156950635,0.4034869131349083,0.3980979890963179,0.17436517874934515,0.07850020285382481,0.07980127313481722
synthetic,PaCMAP,2,n_neighbors,80.0,FP_ratio,2.0,0.7528873765833696,0.8240438960099798,0.5988503346059855,0.5346195760231343,0.5450172357527145,0.40867352499799137,0.4287916852893663,0.10218310973888953,0.07658256453074824,0.07899014325571599
synthetic,PaCMAP,2,n_neighbors,80.0,FP_ratio,5.0,0.6373939911023416,0.7896843873191168,0.6896226423008743,0.564923292720883,0.5366069937978136,0.3129333142546159,0.3773417650736528,0.22267395255488517,0.09224437906297958,0.07744749281082615
synthetic,PaCMAP,2,n_neighbors,120.0,FP_ratio,1.0,0.6601884733124777,0.8067032774356354,0.5693595380533037,0.5551854489810815,0.6051808768295946,0.33922515508402445,0.29475830952973203,0.08649497297620123,0.07223381191992492,0.07382150331401066
synthetic,PaCMAP,2,n_neighbors,120.0,FP_ratio,2.0,0.5664149047104906,0.7374699978775149,0.5564283191512744,0.5296254443166478,0.5400071644355406,0.28471125035236655,0.2891154145570188,0.05826647639005114,0.0550885177060734,0.0611655545447215
synthetic,PaCMAP,2,n_neighbors,120.0,FP_ratio,5.0,0.47857926055307093,0.6866222203206547,0.6648327725107153,0.5352689054269341,0.5635088620040789,0.18746143819301395,0.2905113456108637,0.09529320182784878,0.053972405453156486,0.08055316675494542
synthetic,PaCMAP,3,n_neighbors,5.0,FP_ratio,1.0,0.7083286143696429,0.46374032192980025,0.6336339208338263,0.5898645888125745,0.5323200774497294,0.10258675426204426,0.05403459161056448,0.06721716343584479,0.05702343618018381,0.053160019195243303
synthetic,PaCMAP,3,n_neighbors,5.0,FP_ratio,2.0,0.757571105344887,0.5558721106309653,0.5800776678503925,0.5462915656808437,0.5394073317175601,0.28657244723523273,0.059128940189144163,0.054474094458832265,0.04964488111103195,0.06037856376814049
synthetic,PaCMAP,3,n_neighbors,5.0,FP_ratio,5.0,0.8309344219248506,0.5123737519914027,0.6866796868118178,0.646281582450992,0.5421715957815401,0.16651332093306861,0.05500980278020309,0.07577924547112393,0.06554837279359173,0.06304687206321402
synthetic,PaCMAP,3,n_neighbors,8.0,FP_ratio,1.0,0.8000954698787499,0.5568851148365057,0.6363558190904522,0.5899082130102458,0.5286816515785667,0.17847627483046127,0.053190881649353955,0.07007751301732854,0.059184565651494866,0.0594464735642534
synthetic,PaCMAP,3,n_neighbors,8.0,FP_ratio,2.0,0.8395946640894832,0.5374123636009762,0.626271918013354,0.5875818687767355,0.5149098279444865,0.26438273225697173,0.05577729610329035,0.06480246794879543,0.05606917763942645,0.07086176919324967
synthetic,PaCMAP,3,n_neighbors,8.0,FP_ratio,5.0,0.8566005508393885,0.549703900758306,0.630033666135626,0.5934577126323093,0.505591867107271,0.17094623142754062,0.05417082679602084,0.06782354493599842,0.05908073463987168,0.08706024792664578
synthetic,PaCMAP,3,n_neighbors,10.0,FP_ratio,1.0,0.8369554001303692,0.5571112056302061,0.6528667389821637,0.6098012666118009,0.532017224846665,0.18307997881110688,0.05376249810932915,0.08329754896889785,0.06634784366620156,0.0589761425449047
synthetic,PaCMAP,3,n_neighbors,10.0,FP_ratio,2.0,0.8522054129240041,0.5463695858805251,0.6365999468120359,0.6008000006711415,0.5500273070698883,0.19281598366435607,0.056537735398768385,0.06627110707142105,0.05712546790188165,0.06646156149675998
synthetic,PaCMAP,3,n_neighbors,10.0,FP_ratio,5.0,0.866260793842948,0.5351296435651371,0.6055227395324997,0.5922639196844964,0.5768645779065251,0.19924936631688492,0.05383932426634091,0.06427223087512747,0.058496469534348505,0.07031719687326873
synthetic,PaCMAP,3,n_neighbors,15.0,FP_ratio,1.0,0.7470518012179541,0.5368376986893445,0.6435005398494462,0.5942823777536727,0.5288469201735907,0.1192128750905154,0.05453804930449231,0.09488164661841902,0.08208062333280122,0.05695487217294007
synthetic,PaCMAP,3,n_neighbors,15.0,FP_ratio,2.0,0.7670912475597714,0.5344694081119197,0.6062664482101077,0.579688825242303,0.5350457508773078,0.1261233434312074,0.05372136464278044,0.05843964766345232,0.05610332448515731,0.0551616352472613
synthetic,PaCMAP,3,n_neighbors,15.0,FP_ratio,5.0,0.7881718021575521,0.5538834344659684,0.6218457398034729,0.5899275083284465,0.546178310552274,0.15912924285494323,0.05554735803209623,0.06225918732174038,0.06246850926370623,0.05789878114010978
synthetic,PaCMAP,3,n_neighbors,20.0,FP_ratio,1.0,0.6676792514087679,0.5015801187752674,0.5735046757589561,0.5915348922272586,0.5116665366330005,0.08058644788924335,0.04819951087284054,0.06404870747609129,0.08115380014276576,0.0791820774886039
synthetic,PaCMAP,3,n_neighbors,20.0,FP_ratio,2.0,0.6979695452764642,0.4963896781792602,0.6093981622467803,0.6317790535059173,0.5284064835624862,0.08402250312466739,0.046836287567679546,0.07021796197096944,0.08812454478783904,0.057127469682574365
synthetic,PaCMAP,3,n_neighbors,20.0,FP_ratio,5.0,0.689837827045157,0.5045012621654884,0.6540332668064319,0.6170726653294173,0.5508377104343208,0.09202242935645198,0.047678518124561045,0.07515153064367742,0.1009809214768716,0.0655110153081026
synthetic,PaCMAP,3,n_neighbors,30.0,FP_ratio,1.0,0.6488856114812177,0.49991442945841397,0.5615134744240557,0.5591724489701753,0.5119844899198741,0.0832801573917746,0.06103947572603746,0.05344887268994866,0.08021481648099328,0.09571348597234441
synthetic,PaCMAP,3,n_neighbors,30.0,FP_ratio,2.0,0.6723973761722956,0.5025029383413913,0.5761275806439435,0.6108155292076587,0.5081086477421541,0.08890682103022635,0.057432616290423295,0.057238210739110854,0.08271018517874373,0.08828055763148245
synthetic,PaCMAP,3,n_neighbors,30.0,FP_ratio,5.0,0.6599082717351273,0.499073824726363,0.5986355693251421,0.5854308602607887,0.5231497677430939,0.08602521551991839,0.056542260303951083,0.0809451198153444,0.08541450643538714,0.08935289143051514
synthetic,PaCMAP,3,n_neighbors,40.0,FP_ratio,1.0,0.6969326316548923,0.5636657413303199,0.6127177959041912,0.552542409851015,0.5162328156315568,0.11666175314780397,0.08110163927531475,0.10841716782387173,0.07770914894982396,0.07448436780938078
synthetic,PaCMAP,3,n_neighbors,40.0,FP_ratio,2.0,0.6985047806248159,0.5578553337712532,0.5896938671928416,0.5560394765431851,0.5132521084329769,0.11601497689120632,0.07801122177003825,0.09181647896609282,0.07737222907630542,0.07584776356436818
synthetic,PaCMAP,3,n_neighbors,40.0,FP_ratio,5.0,0.6873470531435009,0.5476997044460608,0.5991716436003721,0.558017246658764,0.5114953955498285,0.10954145506631445,0.06982142356711385,0.09566321121397721,0.07787164148475449,0.08300575140128513
synthetic,PaCMAP,3,n_neighbors,60.0,FP_ratio,1.0,0.7908404285574065,0.6829397507883815,0.5756275802244801,0.5713536672430094,0.5433435766305174,0.29159980406563685,0.16895317406357313,0.09263720113071783,0.0793203554936282,0.08369259337350195
synthetic,PaCMAP,3,n_neighbors,60.0,FP_ratio,2.0,0.7951516737849613,0.687600828524185,0.5570533196756038,0.5885038494159811,0.5355809862256595,0.2800089642647378,0.1756344530662434,0.08605044123965148,0.08015154485350008,0.08221444884400356
synthetic,PaCMAP,3,n_neighbors,60.0,FP_ratio,5.0,0.7840744832839625,0.6706649921686175,0.5990701334480986,0.5733847092153601,0.5154308015359074,0.2594475389429,0.1490777676325537,0.08427424929749136,0.07883423102592468,0.07469135986825613
synthetic,PaCMAP,3,n_neighbors,80.0,FP_ratio,1.0,0.7639763120606644,0.828931903466362,0.5534962697116357,0.5530663196865099,0.5513477779763238,0.4154412196387375,0.4184975725928996,0.1462189090539647,0.07869046542150915,0.07984802071832453
synthetic,PaCMAP,3,n_neighbors,80.0,FP_ratio,2.0,0.7657548370426486,0.8197741776629007,0.6143964885876583,0.5342336696591189,0.545982001662753,0.4169498777583086,0.4648324240386814,0.16440058193609616,0.07661020610911018,0.07914184436122071
synthetic,PaCMAP,3,n_neighbors,80.0,FP_ratio,5.0,0.652731252291319,0.7759301811494808,0.6676121372585044,0.5651372190748482,0.5355155499291526,0.323342138894872,0.3981336769181682,0.22567702924290095,0.09318912626139937,0.07740647024995662
synthetic,PaCMAP,3,n_neighbors,120.0,FP_ratio,1.0,0.7175534543233677,0.793084557956844,0.6109321400437417,0.5343997771810212,0.6296850920176946,0.36548567751680033,0.3285401290104917,0.06937108392371837,0.07073026848813227,0.07097243630258088
synthetic,PaCMAP,3,n_neighbors,120.0,FP_ratio,2.0,0.42976378335887866,0.7141092400245302,0.6192933047762624,0.5365784702839516,0.5352529658162465,0.11190000181062097,0.3058476962388257,0.11717538568939677,0.055021215076537136,0.061151210654854085
synthetic,PaCMAP,3,n_neighbors,120.0,FP_ratio,5.0,0.4791354690733801,0.7041599867113983,0.6995010062927906,0.5700625587773145,0.5596799997315434,0.18461918445849237,0.30403409694290107,0.35992043227939263,0.06704974687788373,0.08026419551979505
synthetic,PaCMAP,4,n_neighbors,5.0,FP_ratio,1.0,0.48314302277099225,0.5620432567476986,0.6633692645715307,0.6278126072253417,0.538842733928468,0.065258333470235,0.07383399492533924,0.06862828014077169,0.06447073866985567,0.08052870703971338
synthetic,PaCMAP,4,n_neighbors,5.0,FP_ratio,2.0,0.618884747386533,0.518727364704165,0.656954829660092,0.6108541198440602,0.5008821316125265,0.10406676550123205,0.05012499334445782,0.07515631952098123,0.11549289560519206,0.13771064073334316
synthetic,PaCMAP,4,n_neighbors,5.0,FP_ratio,5.0,0.7826843814466287,0.5326388696634813,0.6985249148698951,0.6705206967455509,0.5494065011799505,0.13239888570559344,0.05440082989412561,0.10055972576258582,0.108619285726273,0.0644587941580102
synthetic,PaCMAP,4,n_neighbors,8.0,FP_ratio,1.0,0.7012136755148285,0.5227080727416717,0.6355512882141681,0.605500927433664,0.5592387241935606,0.09781367732351556,0.0520395872348037,0.06714208882994926,0.06182821706636507,0.06615616638125485
synthetic,PaCMAP,4,n_neighbors,8.0,FP_ratio,2.0,0.8019612432560765,0.5370801485571717,0.5974715582815087,0.559271442341814,0.5672890665176732,0.12496969771088123,0.054780154100999325,0.06289118563839044,0.05562655451371208,0.06130439299748554
synthetic,PaCMAP,4,n_neighbors,8.0,FP_ratio,5.0,0.7472799893288502,0.5463414818301022,0.6087945543578477,0.5797957884192856,0.5695214509408145,0.1051475246065308,0.05821032323590955,0.07890066642521112,0.06515538559006893,0.06417474563334516
synthetic,PaCMAP,4,n_neighbors,10.0,FP_ratio,1.0,0.7465744518242046,0.5293116856641658,0.6706196901171897,0.6352941571259707,0.5530734505649753,0.13770430470933184,0.052129998744445585,0.0818878215983948,0.11328227290843272,0.061052293317062946
synthetic,PaCMAP,4,n_neighbors,10.0,FP_ratio,2.0,0.7852766655005583,0.5446367824134081,0.6149048782759046,0.5857983102334817,0.5440323355975969,0.12195266454310426,0.05535302095750926,0.05854853653106648,0.054562406628924635,0.05873089196283277
synthetic,PaCMAP,4,n_neighbors,10.0,FP_ratio,5.0,0.7892674406606046,0.5457156423788947,0.6219673842008258,0.5893805280037987,0.5561237886944536,0.11286354516084698,0.05318708109882714,0.06238729963235674,0.056333271347072014,0.06129134407692345
synthetic,PaCMAP,4,n_neighbors,15.0,FP_ratio,1.0,0.7207891952929492,0.5321900437835938,0.6364879500737837,0.5968587221969146,0.5562890572894778,0.1386596353930475,0.05178186585171901,0.07634740339015797,0.08680907424457891,0.0651318415271546
synthetic,PaCMAP,4,n_neighbors,15.0,FP_ratio,2.0,0.6987858211290446,0.5446552388047305,0.5825831229724185,0.5434333418064948,0.533225279551409,0.1522422148990385,0.05450789394633476,0.05731525665595087,0.04970543896181644,0.05446516146265608
synthetic,PaCMAP,4,n_neighbors,15.0,FP_ratio,5.0,0.7710392374490247,0.537580148976635,0.6255126891884976,0.590048313798921,0.5482152250127726,0.14598694369889484,0.054043105790873486,0.0688065342737577,0.06411863601558744,0.05745702124636207
synthetic,PaCMAP,4,n_neighbors,20.0,FP_ratio,1.0,0.6334325783830356,0.49401929028463953,0.5699694378938237,0.6152488382960052,0.5363351814892462,0.07028163636326627,0.0464886416619637,0.05663430822558386,0.09050451422944672,0.05815103409878117
synthetic,PaCMAP,4,n_neighbors,20.0,FP_ratio,2.0,0.6332119406140442,0.49224621832736437,0.6137005987421131,0.5866804418460082,0.5387789754857177,0.06826051007722159,0.04789800970602476,0.06722567573271489,0.06854136956262163,0.05774584185343415
synthetic,PaCMAP,4,n_neighbors,20.0,FP_ratio,5.0,0.6704116362513728,0.4813389105192203,0.5985495793201169,0.6148646097857464,0.5427068311298918,0.07485216916710141,0.045887387847971736,0.05818702997385228,0.12925947169702223,0.05924584983580498
synthetic,PaCMAP,4,n_neighbors,30.0,FP_ratio,1.0,0.6257723370573297,0.5138485854434441,0.5331904640859598,0.5557575971120781,0.510844388292272,0.07945893193063754,0.05664870210992269,0.04938742360159863,0.08088628274523452,0.09695376298443484
synthetic,PaCMAP,4,n_neighbors,30.0,FP_ratio,2.0,0.6429795662580254,0.5039542818408405,0.5798125669568515,0.5756766574468603,0.5145843243157083,0.08319983033522058,0.055816601435772786,0.05556420545304053,0.07829784901773333,0.09103344692744597
synthetic,PaCMAP,4,n_neighbors,30.0,FP_ratio,5.0,0.6584233711605463,0.5112684658292499,0.6440403892956287,0.5433209256048034,0.5310289689840344,0.09067633971602772,0.05673569975223068,0.07644123072469686,0.07921898088791617,0.09232594192156032
synthetic,PaCMAP,4,n_neighbors,40.0,FP_ratio,1.0,0.6709493883803594,0.5575776489745378,0.5770193599155704,0.5519165703998075,0.517325098427096,0.10301620941365328,0.07411380237777203,0.08757567418074647,0.07759001485527303,0.07437806402680568
synthetic,PaCMAP,4,n_neighbors,40.0,FP_ratio,2.0,0.6777002329699942,0.5491762157518588,0.6096892698735485,0.5543469415662261,0.5129744236362614,0.10428606089240208,0.07255424212641431,0.10008132919540505,0.07718515727088003,0.07594313630888079
synthetic,PaCMAP,4,n_neighbors,40.0,FP_ratio,5.0,0.698410820814447,0.5491351083348224,0.6016670315998587,0.5537118739193573,0.512215194811405,0.12706651091945942,0.06989709725237978,0.09095504734961532,0.07740941583192638,0.0829254771478542
synthetic,PaCMAP,4,n_neighbors,60.0,FP_ratio,1.0,0.7737573605346985,0.6886717186843279,0.5617777363907184,0.5729451115311339,0.5437135433838451,0.2724937264293725,0.1518603942996994,0.11474085542214617,0.07971880652451566,0.08364585987285984
synthetic,PaCMAP,4,n_neighbors,60.0,FP_ratio,2.0,0.7841390806535912,0.6869217172162058,0.5853381588407371,0.5884568695107966,0.5354400465101061,0.2750062398349082,0.15550104838698964,0.09753043062917002,0.08016648498736921,0.08214673166713805
synthetic,PaCMAP,4,n_neighbors,60.0,FP_ratio,5.0,0.7838051877560299,0.6660462802401679,0.5673268182271964,0.5727068562976982,0.5152747611365445,0.27191155597845734,0.14430899815427925,0.08758216368096675,0.07879391353933964,0.07465357460531978
synthetic,PaCMAP,4,n_neighbors,80.0,FP_ratio,1.0,0.7474217679712818,0.8100661158272784,0.5552433349356837,0.5542596931708835,0.5510138850787627,0.3886355247731335,0.44003500063451007,0.13931218138008294,0.0790166016695051,0.07979355352216254
synthetic,PaCMAP,4,n_neighbors,80.0,FP_ratio,2.0,0.7541675789996468,0.8142158676307614,0.5956020097332296,0.5351707509821736,0.5454971019270989,0.39942157935877065,0.4461864132763757,0.10393789651279566,0.07670201987181459,0.07909581907092374
synthetic,PaCMAP,4,n_neighbors,80.0,FP_ratio,5.0,0.6400064094013502,0.7922590539086023,0.6733747259855083,0.5649853733098769,0.5361304833309424,0.31541413973784127,0.44834883289826233,0.23055093445311542,0.09268608830584922,0.07742685016146961
synthetic,PaCMAP,4,n_neighbors,120.0,FP_ratio,1.0,0.7283873560296612,0.8005547823446161,0.6136985014249172,0.5174840750705327,0.616932564540742,0.14208329696350103,0.28112440490935914,0.06613196075677764,0.06182935326185891,0.18584681762479965
synthetic,PaCMAP,4,n_neighbors,120.0,FP_ratio,2.0,0.36450533935011686,0.6645320172248467,0.6198339931493231,0.550590227005224,0.5278846710441871,0.14619907936660168,0.25113710782934723,0.08564196526554874,0.06089747350421857,0.05814397626422892
synthetic,PaCMAP,4,n_neighbors,120.0,FP_ratio,5.0,0.5330616888101416,0.7221381897132464,0.6210814774173469,0.5440868658446861,0.534618737096256,0.24121474152660916,0.35561225203288865,0.11047448044163068,0.1420155850048428,0.05262278516616399
synthetic,TriMap,0,n_inliers,5.0,n_outliers,2.0,0.5444937453806589,0.5527244569836048,0.541792400832551,0.5400801510739522,0.6057110786166767,0.06196156258318468,0.05972023101888636,0.05944024716033663,0.053962894036680815,0.08477909424672765
synthetic,TriMap,0,n_inliers,5.0,n_outliers,5.0,0.5446942489045713,0.5477588487909806,0.5440642148189722,0.5304450758767415,0.6231699858808606,0.06306315538630614,0.06324301633412056,0.06329790439506333,0.05301122220026194,0.10034627131852718
synthetic,TriMap,0,n_inliers,5.0,n_outliers,10.0,0.5644014802025841,0.5597559226140291,0.5558133857494847,0.539224445658092,0.6156850802727183,0.07054477813222157,0.06474955258279147,0.06761764632582885,0.05412018721725011,0.11081007752150718
synthetic,TriMap,0,n_inliers,8.0,n_outliers,2.0,0.5558729495578436,0.5491665680927585,0.5521472752913383,0.5383175657026558,0.5910248246852556,0.06184553259084985,0.06232490869174653,0.05947800167176925,0.054415787081148345,0.0875336791584253
synthetic,TriMap,0,n_inliers,8.0,n_outliers,5.0,0.5418905552773114,0.5802563592754691,0.5283334969240746,0.5143074784458712,0.595947647607087,0.07180261996925946,0.07005225996419819,0.06151622979423045,0.050466377247535645,0.10447427254468133
synthetic,TriMap,0,n_inliers,8.0,n_outliers,10.0,0.6069661132266051,0.5927156818084579,0.5850382424817471,0.5372747795929359,0.6077505098578102,0.09347837920342443,0.06287880417193427,0.07737428340365675,0.05476118513514672,0.10381574427989715
synthetic,TriMap,0,n_inliers,10.0,n_outliers,2.0,0.5604081882619029,0.5822190287072389,0.5550965227319822,0.5459635452714305,0.5983654348703312,0.06060581946761622,0.06526288217868825,0.05665538405723781,0.05299410075746508,0.08532473814335896
synthetic,TriMap,0,n_inliers,10.0,n_outliers,5.0,0.5716238016978202,0.539084764332856,0.562309616031557,0.5209660410788935,0.6012521822585422,0.08087966466168815,0.05738753786822143,0.07426434656041155,0.05321916545352867,0.11668799885454827
synthetic,TriMap,0,n_inliers,10.0,n_outliers,10.0,0.6025692974574643,0.5987811231385262,0.5733054306253613,0.5227722506478613,0.6106506800760738,0.10042746775695295,0.06797161342061118,0.0883924670470985,0.052542257550119015,0.10532266554968095
synthetic,TriMap,0,n_inliers,15.0,n_outliers,2.0,0.5337630316803956,0.5802739767399133,0.5288032959759195,0.5117202279532114,0.6154258518673253,0.06092505827508206,0.06534558132589657,0.05809121305742416,0.05040727938422024,0.09603834888771537
synthetic,TriMap,0,n_inliers,15.0,n_outliers,5.0,0.581680857114813,0.5813960414396321,0.5633998015099005,0.5224064785289251,0.6107639352046437,0.08500955146325637,0.06354345565904154,0.0762650543204211,0.0523248007669785,0.11702300152036271
synthetic,TriMap,0,n_inliers,15.0,n_outliers,10.0,0.64815155046271,0.6119216542966899,0.5918939529311685,0.5249727558496274,0.6040827215459073,0.14787017018597326,0.07484672496435048,0.10098676057562792,0.05273305486863614,0.09157190856743785
synthetic,TriMap,0,n_inliers,20.0,n_outliers,2.0,0.5443167318093387,0.5396921473927411,0.5403041445504568,0.5375591758046777,0.6025055390147139,0.06797042082880297,0.057435165093095326,0.06326566765688252,0.05370877423280071,0.0960105954665114
synthetic,TriMap,0,n_inliers,20.0,n_outliers,5.0,0.593146470760462,0.5784585389752843,0.5618922499096056,0.5436212614272327,0.5966464736967062,0.10995202609621947,0.07062277583072504,0.08536552470539793,0.05454317067745027,0.09744605701985803
synthetic,TriMap,0,n_inliers,20.0,n_outliers,10.0,0.6696591188415427,0.6076032781906697,0.6003423660590319,0.5124366715072748,0.5996112412845984,0.2024596985826917,0.07375803421815247,0.12583720493053685,0.05214001069304791,0.0893827949876109
synthetic,TriMap,0,n_inliers,30.0,n_outliers,2.0,0.5609887256616827,0.5705067705593713,0.5468024721497249,0.5193326504468545,0.612908232305564,0.07378282215606058,0.06030764293594533,0.06402274873685926,0.05200710352332696,0.1009586018085867
synthetic,TriMap,0,n_inliers,30.0,n_outliers,5.0,0.6451196687245543,0.629061769347122,0.5934690381451663,0.5334777965417756,0.6150852475547379,0.17258231456527875,0.07667843959339896,0.12370702279176532,0.05394605133559251,0.11535044835451645
synthetic,TriMap,0,n_inliers,30.0,n_outliers,10.0,0.7482917351440732,0.6202769465410625,0.6507136331490211,0.5127630140629312,0.596092781957032,0.29945080220244236,0.06837504991119643,0.14750425294517835,0.05138231425631265,0.07595886202910156
synthetic,TriMap,0,n_inliers,40.0,n_outliers,2.0,0.5894971388398815,0.5755768251483433,0.5745067739150789,0.5274891170210714,0.6053344004483225,0.0831715929429753,0.061888128397699194,0.07436215687992642,0.05266088830726896,0.09577955008773109
synthetic,TriMap,0,n_inliers,40.0,n_outliers,5.0,0.7000349832508248,0.6055793670967844,0.635072680430101,0.5237353387041432,0.6128042053726556,0.1957771424719449,0.07468442267129166,0.12788939704749172,0.053541551627390355,0.09510892176166749
synthetic,TriMap,0,n_inliers,40.0,n_outliers,10.0,0.8000031879221374,0.630977458873707,0.6795328687356281,0.5211766117253455,0.5850516653117998,0.4444268494539636,0.06944248158894689,0.16500643082918398,0.052527724606882306,0.07818284555575065
synthetic,TriMap,0,n_inliers,60.0,n_outliers,2.0,0.6236490131283667,0.6097597397313252,0.584091932963031,0.5337689041685437,0.599102851596352,0.13363412109580122,0.06755677373598047,0.11029930237601517,0.055207356694738315,0.11574057044818337
synthetic,TriMap,0,n_inliers,60.0,n_outliers,5.0,0.7585836900869882,0.6241062282770371,0.6592933383333377,0.5189442273022041,0.5999644295003603,0.304456961274,0.0727900226974384,0.14900927430155886,0.0519619673384931,0.07822543495659541
synthetic,TriMap,0,n_inliers,60.0,n_outliers,10.0,0.8608178362565739,0.6100038674529089,0.6928839705402438,0.5216866792673484,0.579765587051667,0.5097254859702027,0.06449880833213195,0.16797479704409812,0.05216448357514379,0.07366323737306908
synthetic,TriMap,0,n_inliers,80.0,n_outliers,2.0,0.6710357978488237,0.6210504371228499,0.6129245913796908,0.5317831642476211,0.5999023489113664,0.1532402588686701,0.07556852918719595,0.10290364152508445,0.053780648760989855,0.08917725050068262
synthetic,TriMap,0,n_inliers,80.0,n_outliers,5.0,0.8042137619242969,0.6178948136701458,0.6753541739548439,0.5211514439189966,0.5897706290022057,0.3687228844774934,0.06291523064507296,0.16324783144852623,0.05265583801153632,0.07761889826180593
synthetic,TriMap,0,n_inliers,80.0,n_outliers,10.0,0.8816928537691726,0.665766498126257,0.7013755884023393,0.5245365138729143,0.5747169250980915,0.5813706375606751,0.07074318372175889,0.19070292801267724,0.05236465234731587,0.07360702442398746
synthetic,TriMap,0,n_inliers,120.0,n_outliers,2.0,0.7269142004313762,0.6192178013572158,0.6361469262977569,0.5217093302930623,0.5982991596469461,0.24071739537912443,0.07288125333308089,0.13008746116527503,0.05276216561047339,0.0852977328356348
synthetic,TriMap,0,n_inliers,120.0,n_outliers,5.0,0.8631768986383377,0.6691884808628196,0.691992610732056,0.5215600013087259,0.5801313591706033,0.5353298769594607,0.0749182016336401,0.1910623224287776,0.0522291205662105,0.07535048991535193
synthetic,TriMap,0,n_inliers,120.0,n_outliers,10.0,0.9081073054591489,0.7019200519463523,0.7195844962957185,0.5243272016167799,0.5768201147819755,0.6024356785894511,0.07759585498275934,0.20434800953776455,0.05222739243818106,0.07548481623703944
synthetic,TriMap,1,n_inliers,5.0,n_outliers,2.0,0.5370767928496584,0.5622303374415583,0.531783164247621,0.5188779520788188,0.6079745033343148,0.06050366333307122,0.07345335502792925,0.05729320388964744,0.05115471387935531,0.08714784661027983
synthetic,TriMap,1,n_inliers,5.0,n_outliers,5.0,0.5532898936995753,0.5473775565247958,0.5520889698732969,0.5297366021280219,0.5907160995940433,0.06652126717083082,0.06001084924433455,0.06494106920072283,0.053388272803060334,0.09657949900232232
synthetic,TriMap,1,n_inliers,5.0,n_outliers,10.0,0.5709065192168785,0.5553830162609197,0.5595784895792698,0.520548674956942,0.5952446268830762,0.07679895066742257,0.05735803543619173,0.07289562598308598,0.052958023786567734,0.1130778153079546
synthetic,TriMap,1,n_inliers,8.0,n_outliers,2.0,0.5421925689534974,0.535333922260002,0.5414358569092759,0.5419392130362526,0.5920760000637585,0.06818272855917458,0.05837217621487876,0.0685541560915641,0.055810510819486604,0.10399729354379081
synthetic,TriMap,1,n_inliers,8.0,n_outliers,5.0,0.558202649498867,0.57822951193751,0.5487496214342462,0.5148443916479796,0.595924996581373,0.07883949667268267,0.06311772035416001,0.07315360927222295,0.05267883115564879,0.11235316345676613
synthetic,TriMap,1,n_inliers,8.0,n_outliers,10.0,0.5550700965353159,0.5369597625501363,0.5436145500122064,0.527263026227371,0.6155265230927207,0.08190616190122546,0.0574737110996792,0.07106930469567438,0.05306560861477301,0.11213167334611247
synthetic,TriMap,1,n_inliers,10.0,n_outliers,2.0,0.5657261457434108,0.5892337158000971,0.5576216926356482,0.539452633768988,0.6038671173381857,0.0802881437047334,0.07805342144587228,0.06979525941063734,0.05596499888215979,0.11045294103083167
synthetic,TriMap,1,n_inliers,10.0,n_outliers,5.0,0.5617118806307724,0.545611195982547,0.5540466057437968,0.5369115242546345,0.6005399333388703,0.07154435226152607,0.0568030512920589,0.06665718968721962,0.053502369537773674,0.10272498556294807
synthetic,TriMap,1,n_inliers,10.0,n_outliers,10.0,0.6036389292272897,0.5697953605665776,0.5780839581241259,0.5378670619690117,0.5910852274204929,0.10480139347253935,0.06173580642761392,0.08740811691467737,0.054325751236724555,0.11028285640626967
synthetic,TriMap,1,n_inliers,15.0,n_outliers,2.0,0.5328259503573409,0.5389106870056098,0.5244920507483647,0.5243930573767259,0.5978427834251538,0.06319555366317928,0.05934981195381365,0.06405759187228705,0.05310798295652077,0.09948509000568329
synthetic,TriMap,1,n_inliers,15.0,n_outliers,5.0,0.5754778317767045,0.5715910835495668,0.555153150296267,0.5296313168047959,0.6107068881769195,0.09019981918392887,0.0641164630414491,0.07521123537705071,0.05312004133955983,0.11426276766363132
synthetic,TriMap,1,n_inliers,15.0,n_outliers,10.0,0.656464476899729,0.5935155985869116,0.6026116632648182,0.5192051335613537,0.606062588978682,0.13644055525615806,0.06699085448486544,0.09789535753465436,0.05160084884201724,0.0897712539945503
synthetic,TriMap,1,n_inliers,20.0,n_outliers,2.0,0.5653654071857442,0.5758587045794501,0.556013889273397,0.5210323163022788,0.5986632539121257,0.07832972181507453,0.06207268332821307,0.07300279826285719,0.054324202982779624,0.10696563567230277
synthetic,TriMap,1,n_inliers,20.0,n_outliers,5.0,0.6168704839517483,0.5737844578728674,0.5872593013920313,0.5361732686017354,0.6069250058095685,0.10621186594908591,0.06601811331749388,0.0824080784874145,0.05426855318200107,0.10500509981661552
synthetic,TriMap,1,n_inliers,20.0,n_outliers,10.0,0.6730592894792697,0.5822865623209414,0.6053151051301218,0.5247311449086786,0.6047127556315064,0.1888838276335226,0.06396540901901682,0.11737455174417447,0.052343436893082726,0.09134883142921935
synthetic,TriMap,1,n_inliers,30.0,n_outliers,2.0,0.5729384001161075,0.568861634951036,0.5586636398184898,0.5402479364496111,0.6040810436921507,0.09047152937851544,0.06288632051263186,0.07369211680207602,0.054781418725722425,0.10051534923846661
synthetic,TriMap,1,n_inliers,30.0,n_outliers,5.0,0.6544393074155265,0.6009908565359535,0.601966947958849,0.5186120122583996,0.5935667731264875,0.14758423197585616,0.06896987074396259,0.10959923761764503,0.05271700028276012,0.09892129427707982
synthetic,TriMap,1,n_inliers,30.0,n_outliers,10.0,0.7583320120235,0.6883067854922698,0.6574607025677035,0.5239375200818122,0.5920441208423832,0.30465649988805593,0.08796695299838853,0.1562743942398242,0.05296287029983806,0.08233892147044111
synthetic,TriMap,1,n_inliers,40.0,n_outliers,2.0,0.5910181132702292,0.554189642776546,0.5750785025826364,0.5490969371618601,0.6003931211351687,0.09463821695907312,0.060883370648045054,0.08351338897791989,0.056067349698243535,0.1021014139380817
synthetic,TriMap,1,n_inliers,40.0,n_outliers,5.0,0.6917178621794146,0.5959463892167695,0.6220592466939989,0.5284148728312692,0.6038805401682383,0.19501112495011355,0.06083352876295969,0.12117503514104086,0.053614047090929366,0.08820772319592465
synthetic,TriMap,1,n_inliers,40.0,n_outliers,10.0,0.8020510084320541,0.6311305630289958,0.6691792526671583,0.5319928959671947,0.5872337141222433,0.3729565723702541,0.06722790206088965,0.1506873841745545,0.05262320252539228,0.076097002179094
synthetic,TriMap,1,n_inliers,60.0,n_outliers,2.0,0.6126037018487432,0.5902349750293414,0.5726137354142076,0.5356338386189922,0.608094469877911,0.12315340349576967,0.0662274837130838,0.0915481668536022,0.05348081039037264,0.09877252440673889
synthetic,TriMap,1,n_inliers,60.0,n_outliers,5.0,0.7582321797249829,0.6338079981610723,0.6558260535453468,0.5197512749591233,0.5994560398121139,0.3143627187864106,0.07294991721524847,0.16611935045890092,0.05228398598583877,0.08519585045523483
synthetic,TriMap,1,n_inliers,60.0,n_outliers,10.0,0.8475820868977239,0.6379913070396872,0.6921499095217363,0.5260381929850613,0.5767756516574258,0.5210844680613042,0.06661590567870428,0.16736596452231173,0.05230017515673177,0.07316568188950572
synthetic,TriMap,1,n_inliers,80.0,n_outliers,2.0,0.666465324215876,0.5888687826080391,0.6048008429537274,0.520870403414768,0.6072555429996166,0.14557387349281556,0.07467650410220956,0.09786509625575618,0.05350448241941805,0.10279214098819961
synthetic,TriMap,1,n_inliers,80.0,n_outliers,5.0,0.7891684472889658,0.6186334887864838,0.6719271576570115,0.5268217506893882,0.5901120722416713,0.4198022049629011,0.07046715570380502,0.16725484551641168,0.052906906799620464,0.07952481768533315
synthetic,TriMap,1,n_inliers,80.0,n_outliers,10.0,0.8749260695688502,0.6733264876900065,0.7070870025897673,0.5294073233282914,0.5747597103688845,0.5622716955522644,0.0702089964325488,0.18682802482234467,0.05267363013217789,0.07504321497464111
synthetic,TriMap,1,n_inliers,120.0,n_outliers,2.0,0.7227480895537663,0.5861854749878146,0.640299614345314,0.5280918859831258,0.5963838895838001,0.24941510225278513,0.06960891669820678,0.13734957514859752,0.0535996176330948,0.08738978918239713
synthetic,TriMap,1,n_inliers,120.0,n_outliers,5.0,0.8553857847196181,0.673356689057625,0.6942975623301697,0.5284522050773532,0.5803914265028747,0.5469563540969659,0.07265088977823712,0.1808200894907157,0.05245666679748062,0.07501463259786584
synthetic,TriMap,1,n_inliers,120.0,n_outliers,10.0,0.9096442195001843,0.6394464257100887,0.7200417114443888,0.523814617294142,0.5726514871237308,0.603860528585722,0.06654350856572253,0.20754856154392576,0.05211344400415332,0.07311470346292934
synthetic,TriMap,2,n_inliers,5.0,n_outliers,2.0,0.5474249558934194,0.5189584890591351,0.5497991189589924,0.5345927303630288,0.5769233027880056,0.06274096613180953,0.055635430877577774,0.06328223768993502,0.05581632715381008,0.08909651974965929
synthetic,TriMap,2,n_inliers,5.0,n_outliers,5.0,0.5271959120771075,0.5390902173575649,0.5198284562319264,0.5051422023005052,0.604648997188756,0.06209142565016784,0.060639882969517556,0.06082284318835793,0.05095370811408028,0.10112224088996957
synthetic,TriMap,2,n_inliers,5.0,n_outliers,10.0,0.5520440872853081,0.5654241320672249,0.5422412267124386,0.5120889363162218,0.6025021833072008,0.08135063680661433,0.06303475050966732,0.06985131899301072,0.05206657229003,0.12401371819886095
synthetic,TriMap,2,n_inliers,8.0,n_outliers,2.0,0.5566246280407954,0.5768754839559429,0.5516883822889114,0.5382588408211753,0.6071288650409942,0.06598043590212263,0.06555287542586766,0.06377811800897248,0.05422064632109805,0.09213292599229304
synthetic,TriMap,2,n_inliers,8.0,n_outliers,5.0,0.5512504624584417,0.5653926723092889,0.5329392054859106,0.508196735064375,0.5819535083502587,0.065391217097521,0.06539956806778817,0.0587831770702093,0.05065773680617735,0.08147646174845588
synthetic,TriMap,2,n_inliers,8.0,n_outliers,10.0,0.5928360678154931,0.596375080851578,0.5716099594043283,0.5365340071594019,0.6160097449746182,0.10118963780831657,0.07013450395339277,0.08232781201574976,0.054666077899013656,0.11740477725882636
synthetic,TriMap,2,n_inliers,10.0,n_outliers,2.0,0.52836034258418,0.55953906001599,0.5226283746882338,0.5177646961113223,0.6202203189767777,0.05815949477716932,0.05964359104783366,0.05493715798370917,0.05027654422114433,0.0903273814572742
synthetic,TriMap,2,n_inliers,10.0,n_outliers,5.0,0.5572378835888285,0.531010932056151,0.5482718525770576,0.5337487699234648,0.6074946371599305,0.07000962446608834,0.05375312247760308,0.06565561432853562,0.05294185512611163,0.10600175945103456
synthetic,TriMap,2,n_inliers,10.0,n_outliers,10.0,0.5947488210980043,0.5656632262275387,0.5689602088592356,0.5266170525310844,0.6074677914998251,0.1027829907922571,0.06154754874349651,0.0932760877085691,0.05365720515801137,0.11645133917866975
synthetic,TriMap,2,n_inliers,15.0,n_outliers,2.0,0.5374324978460553,0.5258901223910423,0.5365537219410419,0.5160096610819305,0.6162555505499586,0.06730710984275036,0.058202681899045525,0.06562688282591729,0.052378267572940104,0.1084841130706708
synthetic,TriMap,2,n_inliers,15.0,n_outliers,5.0,0.5588435896338839,0.5676993017611591,0.5430856066154418,0.5286464166496784,0.602331881150907,0.08747735589174327,0.06240559700949287,0.0743178610833152,0.05279168673380605,0.10743850917087575
synthetic,TriMap,2,n_inliers,15.0,n_outliers,10.0,0.6459191660395688,0.5724228795493955,0.591131368398799,0.5058259277063152,0.6130651116318051,0.15235831694598995,0.06679674297499164,0.12205673325971064,0.05138406898074828,0.09674448872158266
synthetic,TriMap,2,n_inliers,20.0,n_outliers,2.0,0.5462429079219027,0.5624811765781682,0.5417542296595886,0.5320004463090992,0.6010357391239423,0.06725156059226764,0.06212924940559093,0.0630654115307957,0.052360059613494575,0.09494346495482084
synthetic,TriMap,2,n_inliers,20.0,n_outliers,5.0,0.5891632459423204,0.5818427700023239,0.5559807516617045,0.5033787780023306,0.615949342239381,0.10409266449674366,0.06127299821360621,0.08134494270538133,0.05059399887333069,0.10049294633137315
synthetic,TriMap,2,n_inliers,20.0,n_outliers,10.0,0.6925769233027881,0.5838310267038815,0.6176842430236937,0.5271187308043044,0.5948637540803307,0.18726907732242334,0.06309622140865029,0.1289956092054981,0.05348165886735798,0.09190958200719224
synthetic,TriMap,2,n_inliers,30.0,n_outliers,2.0,0.5577227833244827,0.5770076149392743,0.547771432694155,0.5391917275098385,0.5814174340750287,0.09599325756725355,0.07311301687768952,0.0831352434604144,0.0551684164071448,0.12250945134057506
synthetic,TriMap,2,n_inliers,30.0,n_outliers,5.0,0.660269010292794,0.6115378452498701,0.6092823903375758,0.523726110508482,0.6030718146575627,0.1587822014593578,0.06829692673570499,0.12704230569519082,0.05365412968488118,0.11102946786350798
synthetic,TriMap,2,n_inliers,30.0,n_outliers,10.0,0.7558034864123208,0.6365286380273809,0.6596129694739676,0.5241346678982113,0.5859149210695647,0.34288252716906986,0.07422892663710176,0.17538823476311485,0.052923663822235754,0.08106779665256
synthetic,TriMap,2,n_inliers,40.0,n_outliers,2.0,0.5613310078280267,0.6017979041928727,0.5339924781816092,0.5096455617831894,0.6089828934420246,0.08055707528917137,0.06645571150361718,0.06917973605762837,0.05102611970774451,0.09577931993330802
synthetic,TriMap,2,n_inliers,40.0,n_outliers,5.0,0.7135165381850153,0.6186238411273834,0.621985421128709,0.5272772879843021,0.5914954626639788,0.20373661085101075,0.08145463399607868,0.13468518307752658,0.0531258579650567,0.08909162592641395
synthetic,TriMap,2,n_inliers,40.0,n_outliers,10.0,0.805704534987026,0.6776104677940167,0.6792841269162139,0.5151271100059648,0.5855130750948616,0.4043621622246574,0.07825223180845639,0.15628982541642297,0.05171544880371293,0.07607517509903647
synthetic,TriMap,2,n_inliers,60.0,n_outliers,2.0,0.6226859250720849,0.6175013569642257,0.5769144940557835,0.5164794601337752,0.6045567152321437,0.11664183997961598,0.07645628998619687,0.08851833968559364,0.05201534083712431,0.09956263069179551
synthetic,TriMap,2,n_inliers,60.0,n_outliers,5.0,0.7494326756985533,0.6301855119005971,0.6622941797769965,0.5303804785071129,0.5926380810722156,0.29800371235006473,0.07665916629756472,0.14199572490377027,0.05312263057695939,0.079374574151801
synthetic,TriMap,2,n_inliers,60.0,n_outliers,10.0,0.8428614453535616,0.6361918088857457,0.6916775936892565,0.5206757723790036,0.5765818595485398,0.4941519229009751,0.06499097071702903,0.17688598499096986,0.05213761914132333,0.07377689273515001
synthetic,TriMap,2,n_inliers,80.0,n_outliers,2.0,0.6668235459929077,0.6547161532853636,0.6055034442142988,0.5273846706247236,0.6119384328342558,0.13419387314665532,0.07618278151688672,0.08967349914058652,0.05244638302965203,0.0942858924899416
synthetic,TriMap,2,n_inliers,80.0,n_outliers,5.0,0.8036726540877971,0.6441880404262083,0.6828432741973777,0.5196053016823001,0.5845155910365697,0.4285580634495033,0.07289941297953215,0.17348440153162656,0.05252298281481338,0.07705458803751339
synthetic,TriMap,2,n_inliers,80.0,n_outliers,10.0,0.8914848082926242,0.6233616806725509,0.7109871736469577,0.5261774548468582,0.5764300137835685,0.5881793444371897,0.06262576765551703,0.19512181007095375,0.052426500117697436,0.07489914230526273
synthetic,TriMap,2,n_inliers,120.0,n_outliers,2.0,0.726503126261012,0.6380668104587336,0.6412505379618607,0.5159635201036243,0.5959929496585147,0.25295026124728387,0.07566295052727955,0.1301767347321871,0.05183792020147232,0.08099138795574895
synthetic,TriMap,2,n_inliers,120.0,n_outliers,5.0,0.8608354537210182,0.6250378565753829,0.6954624123006816,0.5231472509624588,0.5801464598544126,0.5286547914420681,0.0631783044802288,0.17642565513071615,0.052376903483717346,0.07690256761983325
synthetic,TriMap,2,n_inliers,120.0,n_outliers,10.0,0.9031970664404919,0.6404090943029315,0.7148302976764243,0.5261296360147953,0.571979506694217,0.6044719199237261,0.0635526841334555,0.2053034405694288,0.05256239167145503,0.07356585606502883
synthetic,TriMap,3,n_inliers,5.0,n_outliers,2.0,0.5305264517839361,0.5580990420293976,0.5227407908899253,0.5150247609268128,0.6026179552164055,0.07033800714657064,0.06627359201981062,0.06545036578914115,0.0543505603049307,0.10369437229897756
synthetic,TriMap,3,n_inliers,5.0,n_outliers,5.0,0.5399425670659119,0.5537613706051767,0.5341879481442517,0.5042730740545923,0.6027236600030705,0.062000029152109476,0.061095857718420306,0.05957036194635751,0.05012640153755647,0.09323570319333119
synthetic,TriMap,3,n_inliers,5.0,n_outliers,10.0,0.5459660620520655,0.5425864451228566,0.5367080844866481,0.521682904096396,0.6095751758181005,0.07288184737971706,0.0560742343229221,0.06897012935348465,0.05305450096147583,0.10974237264115197
synthetic,TriMap,3,n_inliers,8.0,n_outliers,2.0,0.5212152023617469,0.5715235499358641,0.516247916315366,0.5077512648920007,0.5957278487649739,0.05996196209174723,0.06521971648213903,0.056165383229853684,0.050815098882717166,0.08518374136167794
synthetic,TriMap,3,n_inliers,8.0,n_outliers,5.0,0.5513477779763238,0.5607093630112105,0.5461837635769828,0.5293863501563341,0.5880709631467811,0.07233989660724405,0.062131013112744694,0.07030222407520609,0.0532345870639082,0.09602807677135464
synthetic,TriMap,3,n_inliers,8.0,n_outliers,10.0,0.5728654134776958,0.5728037523521412,0.553343165556347,0.5121623424180726,0.6202832384926498,0.0795165765457144,0.06517216338423139,0.0679050361330082,0.05051857628629788,0.10232438740838226
synthetic,TriMap,3,n_inliers,10.0,n_outliers,2.0,0.5541363709197743,0.548666567673295,0.5474924895071221,0.5210348330829137,0.5982505018880049,0.06500769827336601,0.05617267064445987,0.06205720089401545,0.052485928739592,0.09974722800301544
synthetic,TriMap,3,n_inliers,10.0,n_outliers,5.0,0.5263183945624116,0.5252760279161308,0.5216334074105766,0.5191254355079157,0.6036489963498292,0.06845416095512707,0.05372562075178231,0.06382729478066737,0.05134835576290961,0.10220487915062515
synthetic,TriMap,3,n_inliers,10.0,n_outliers,10.0,0.5920206308897911,0.5562991244120171,0.5673125564702655,0.5269249386954183,0.6065273544692572,0.09938855383010016,0.06165618181643483,0.09378256185059869,0.05292239036719526,0.10446683584358007
synthetic,TriMap,3,n_inliers,15.0,n_outliers,2.0,0.5675709459487801,0.5649610444304064,0.5612928366550644,0.5505440860269178,0.5907890862324549,0.08187943337520753,0.07292901175752865,0.07308430055419472,0.05776304120390735,0.10069936269678079
synthetic,TriMap,3,n_inliers,15.0,n_outliers,5.0,0.554366236884427,0.5582898978942097,0.5397835904224753,0.515116203956547,0.6181506863680254,0.07076696914032927,0.058933732907292674,0.06610004646467094,0.05074556998375182,0.10366393047500133
synthetic,TriMap,3,n_inliers,15.0,n_outliers,10.0,0.6621834414290617,0.6190261065655256,0.6014858233941471,0.5358762884868191,0.5908830460428238,0.13577544211427442,0.0724933655059,0.10188273492472628,0.05342352121079457,0.08592140234892906
synthetic,TriMap,3,n_inliers,20.0,n_outliers,2.0,0.5442252887796047,0.5576586054182932,0.5390252005244971,0.5104786161733357,0.622566797455367,0.06830061271290194,0.061033493530898125,0.06565144829006912,0.05075624713413462,0.11468226323675165
synthetic,TriMap,3,n_inliers,20.0,n_outliers,5.0,0.5797051843164298,0.5906364015406054,0.5569773967931182,0.5223242636948521,0.5923830473012142,0.08931787678510938,0.06730694348941947,0.07632197241384293,0.05178549879627874,0.10103582728032315
synthetic,TriMap,3,n_inliers,20.0,n_outliers,10.0,0.6852430245327387,0.6121964028493312,0.609163262720858,0.5208653698534982,0.6179929681149061,0.18681906965389788,0.06894723085348857,0.11728785163337549,0.05172239943048994,0.09024276185000955
synthetic,TriMap,3,n_inliers,30.0,n_outliers,2.0,0.5819308573245447,0.5935982328844236,0.5680537483672385,0.531703466194183,0.609699336996088,0.10732713060119922,0.07346578771439494,0.08285245879694916,0.054942357413852505,0.11956688623489889
synthetic,TriMap,3,n_inliers,30.0,n_outliers,5.0,0.6387371130344908,0.5912689524068392,0.5879488992859894,0.5295474241169665,0.6222538777297633,0.13546234084230735,0.06709162983715894,0.1031174905766089,0.052562049232329836,0.09984056571373229
synthetic,TriMap,3,n_inliers,30.0,n_outliers,10.0,0.7614318468387977,0.621768977994109,0.657827313613518,0.5141052970682023,0.5901263339986024,0.2838159109466479,0.06457499462573135,0.14152903855870022,0.05118840439903857,0.07612604261892744
synthetic,TriMap,3,n_inliers,40.0,n_outliers,2.0,0.5699996392614424,0.5564450976888403,0.5562596948487373,0.5283636982916933,0.5901892535144744,0.08913060971056587,0.057998270450514235,0.07182337620747403,0.05408130733012547,0.09657683478736513
synthetic,TriMap,3,n_inliers,40.0,n_outliers,5.0,0.7089007625006397,0.6101557132178802,0.6214761925135843,0.5231984255020348,0.611594472814155,0.1872365720529192,0.07516501466382833,0.11588182608005924,0.052410060369808456,0.09570056652005678
synthetic,TriMap,3,n_inliers,40.0,n_outliers,10.0,0.8068974890079605,0.5856791826167639,0.6782379850989808,0.5231975865751565,0.5783922637518992,0.39039861364368506,0.06630808197646246,0.15513804869045167,0.0526375628762396,0.07680311453738797
synthetic,TriMap,3,n_inliers,60.0,n_outliers,2.0,0.6182706529116215,0.5761653323534669,0.5771313566538228,0.5187655358771275,0.6039468153916236,0.11564698902940818,0.06775776718866053,0.09048522292717748,0.052285424680279816,0.09894905484944497
synthetic,TriMap,3,n_inliers,60.0,n_outliers,5.0,0.7550476132949777,0.6367211717459493,0.652745094584811,0.5143368408866115,0.5848553564222788,0.3102022764718101,0.0753236502501055,0.15395392815117173,0.05228087848257208,0.08248246532057203
synthetic,TriMap,3,n_inliers,60.0,n_outliers,10.0,0.8493362830002373,0.6557622951025965,0.6893999072146872,0.5229962441243658,0.5807118965703829,0.5217458194715683,0.07111281714074309,0.18545385341046605,0.05229413600756337,0.07648837240283674
synthetic,TriMap,3,n_inliers,80.0,n_outliers,2.0,0.6829628212775346,0.6174954844760776,0.6252756923453795,0.5295692362158022,0.6120172919608154,0.15025547516465365,0.07195139746137717,0.12401519119683234,0.05375350693584349,0.10541142240647242
synthetic,TriMap,3,n_inliers,80.0,n_outliers,5.0,0.789163413727696,0.5983205522823426,0.6753642410773835,0.5086346548948447,0.5878696206959905,0.39949617604342547,0.06386894739593658,0.16507601630185212,0.05148142140525097,0.07747025990830814
synthetic,TriMap,3,n_inliers,80.0,n_outliers,10.0,0.8888522557485368,0.6644221178037901,0.7128781148306332,0.5243485942521763,0.5740650789136568,0.5925830252544362,0.0695036037329692,0.20077158193989306,0.052072261421616584,0.07274830767940296
synthetic,TriMap,3,n_inliers,120.0,n_outliers,2.0,0.7320861846360609,0.6161099967365744,0.635155314727613,0.5153183853342159,0.5942387535560012,0.26268174059005645,0.07112992583997237,0.14123130392881506,0.05312663670355004,0.09182275546199975
synthetic,TriMap,3,n_inliers,120.0,n_outliers,5.0,0.8706156632681739,0.6354321605974501,0.6991725664199384,0.5261900387500326,0.5804996480701745,0.536643789979797,0.06565649186785871,0.17290386704432617,0.05257270551845496,0.0777630414921774
synthetic,TriMap,3,n_inliers,120.0,n_outliers,10.0,0.8964781010722325,0.6549351132005983,0.7182380186560559,0.5281120202282049,0.5729509840192819,0.5971996109413901,0.06861606815060448,0.20927651384883533,0.052421849391298,0.0726125502967374
synthetic,TriMap,4,n_inliers,5.0,n_outliers,2.0,0.5401959229831568,0.5782790086233294,0.5301048910275932,0.5254635280734297,0.612443466814989,0.06087020571471013,0.06552142921491633,0.05810162827162245,0.052572409769222575,0.09390572248633672
synthetic,TriMap,4,n_inliers,5.0,n_outliers,5.0,0.5568502993710566,0.5718033320497752,0.5491091016015953,0.5171401150504321,0.60198120971578,0.06846190772382874,0.06530651894964562,0.06479275065948954,0.05313788338037184,0.10783381256141414
synthetic,TriMap,4,n_inliers,5.0,n_outliers,10.0,0.5538578471961805,0.5624107067203916,0.5435205902018374,0.5209182222468307,0.5971615747999789,0.07060532991448257,0.060048074041583986,0.06528754043072382,0.051703721655273135,0.10158745624596424
synthetic,TriMap,4,n_inliers,8.0,n_outliers,2.0,0.554292411319137,0.5477320031308751,0.5522466881264163,0.53115900265017,0.6029208078194697,0.06775565228009175,0.05655575851927628,0.06320899572521592,0.05458474382486021,0.0976882278551279
synthetic,TriMap,4,n_inliers,8.0,n_outliers,5.0,0.5482966009199672,0.5645990474824224,0.5410952525966883,0.5116615030717309,0.5958444596010567,0.06524552653750115,0.06090150004019041,0.060313552095121924,0.050518937998237194,0.0892229408315895
synthetic,TriMap,4,n_inliers,8.0,n_outliers,10.0,0.5695331959171106,0.5914853955414392,0.5517991206368462,0.4976606523998761,0.6162647787456197,0.09282925451573174,0.0668282861729206,0.07818726460336275,0.05043921983824464,0.1077826148610911
synthetic,TriMap,4,n_inliers,10.0,n_outliers,2.0,0.5421984414416455,0.5242848358094261,0.5424236933084675,0.5378486055776893,0.5908301936494914,0.06051477831883143,0.05595449571638855,0.059456571742165426,0.05462688123789852,0.08483902151206074
synthetic,TriMap,4,n_inliers,10.0,n_outliers,5.0,0.5501464346866063,0.5621275688989673,0.5450403062418676,0.5203594969458867,0.5984711396569964,0.08358324299404565,0.06275977369176579,0.07286644634127562,0.053465608074148345,0.12257646788413362
synthetic,TriMap,4,n_inliers,10.0,n_outliers,10.0,0.5679820201191443,0.5485398897146726,0.5516925769233028,0.5244249365981012,0.5994258384444954,0.09095928141641385,0.059225283124120766,0.07771698294283443,0.05212194061339918,0.09550227731660735
synthetic,TriMap,4,n_inliers,15.0,n_outliers,2.0,0.5458058270183113,0.5400872819524177,0.5421409749504824,0.5253301386997807,0.6186758545938377,0.06242251087161332,0.05877718508466487,0.05885025557435156,0.05178066876660297,0.09207459671539896
synthetic,TriMap,4,n_inliers,15.0,n_outliers,5.0,0.5770105511833483,0.5533976958034361,0.5646384770457022,0.5234064793678519,0.5979937902632468,0.089795276361754,0.05975098268502002,0.07765852578587398,0.0521658833353713,0.09906947242218316
synthetic,TriMap,4,n_inliers,15.0,n_outliers,10.0,0.64908611500513,0.6387882875740667,0.5897370719270738,0.506931213868468,0.6007798664260624,0.1391844237915534,0.07661111554347219,0.10053472812852463,0.050500691947797924,0.09004465090991134
synthetic,TriMap,4,n_inliers,20.0,n_outliers,2.0,0.5427194150330663,0.5476988655191826,0.5310096736658336,0.5100868373211722,0.5924778460384614,0.06606290292818227,0.061466444883300726,0.061034363685763725,0.05078397564144015,0.09202254386614092
synthetic,TriMap,4,n_inliers,20.0,n_outliers,5.0,0.5911833818652532,0.5773645783259884,0.5578112901101427,0.5250222525354468,0.6171104170389405,0.09730061316920138,0.06698824410042228,0.08587535862361997,0.053210728986814435,0.1157238726065946
synthetic,TriMap,4,n_inliers,20.0,n_outliers,10.0,0.7000593121302954,0.6140386862740657,0.6254946522606143,0.5224006060407769,0.6004552017241626,0.17485003339940683,0.06746691035273936,0.1213759415564529,0.053028609501541264,0.08952892514722743
synthetic,TriMap,4,n_inliers,30.0,n_outliers,2.0,0.5452043164465742,0.5720503960154328,0.5310876938655149,0.5019358237716642,0.6181808877356441,0.06761411528808667,0.061522458410432294,0.06086127493963746,0.049294892703887094,0.0978077614552583
synthetic,TriMap,4,n_inliers,30.0,n_outliers,5.0,0.6443679902416025,0.6266561465236129,0.5906921901780119,0.5277026239115973,0.5973830514958486,0.1840612591639799,0.07855900210456898,0.12782819695250458,0.05500423092664947,0.10267981945539456
synthetic,TriMap,4,n_inliers,30.0,n_outliers,10.0,0.7523974432864458,0.6196322312350931,0.6523768056852398,0.5211287928932826,0.5948578815921826,0.26992854333817,0.06621012276249025,0.12756858347486916,0.05210736176998598,0.08024318146030832
synthetic,TriMap,4,n_inliers,40.0,n_outliers,2.0,0.5751120596577681,0.5613104541195085,0.5578784042604064,0.5195155365063225,0.6266456599376341,0.09307746387959692,0.0652078488572152,0.08278941354397672,0.05265575766041405,0.12801303629738306
synthetic,TriMap,4,n_inliers,40.0,n_outliers,5.0,0.7062589817608907,0.5834853888300242,0.6317949931166049,0.5258238471676571,0.6031917812011588,0.18486015824167787,0.06333613972491414,0.11462050866647046,0.05324473480999281,0.09444520018389393
synthetic,TriMap,4,n_inliers,40.0,n_outliers,10.0,0.8073597377179007,0.6215525348595091,0.6810618129713196,0.5285960810369807,0.5891036821339615,0.39994722917734493,0.06562179774101817,0.15175016745946127,0.052779725943634434,0.08020850220256193
synthetic,TriMap,4,n_inliers,60.0,n_outliers,2.0,0.620471997040266,0.6137610014773502,0.5801707887338832,0.5152865061128407,0.6065600726175107,0.12765665394720457,0.07189591885417126,0.10313244797932752,0.05332291763002013,0.10327104586920646
synthetic,TriMap,4,n_inliers,60.0,n_outliers,5.0,0.7720417550685864,0.6711951939556996,0.6665894853938635,0.5370692425077538,0.5919149261031259,0.33538564677230015,0.08388356606563886,0.14815935177188413,0.05414603198340825,0.08433634615257066
synthetic,TriMap,4,n_inliers,60.0,n_outliers,10.0,0.8594495465180759,0.660579832701202,0.6919347247774537,0.5276195701506461,0.5811657560115402,0.5363800732749784,0.06982989792282754,0.17994874277561204,0.052285143659857,0.07520648358986246
synthetic,TriMap,4,n_inliers,80.0,n_outliers,2.0,0.6688210308901267,0.6082618357901306,0.608695980449648,0.5326346750290898,0.5842102216528705,0.1429988861091858,0.06787171931636665,0.10844539485288907,0.05461002268589441,0.099175220989523
synthetic,TriMap,4,n_inliers,80.0,n_outliers,5.0,0.7886961314564861,0.6706201095806288,0.6750823616462764,0.5237881910974758,0.5905449585108713,0.3831548678105831,0.0757039405085908,0.1628150844650756,0.05240374312154053,0.07835276764716329
synthetic,TriMap,4,n_inliers,80.0,n_outliers,10.0,0.8845485608628866,0.6680404094298737,0.7079099898573741,0.5288829940293573,0.5745097101591528,0.5552575903220333,0.0739969566985928,0.19795270111731275,0.0528676603211115,0.07563136573493667
synthetic,TriMap,4,n_inliers,120.0,n_outliers,2.0,0.737085349903817,0.6442971009203866,0.6373138735854644,0.5141975790248146,0.5996464762134868,0.25115294891006196,0.07660543077100945,0.12186775617054671,0.05172464919739584,0.08660931706692129
synthetic,TriMap,4,n_inliers,120.0,n_outliers,5.0,0.850526720240537,0.6202018625854552,0.693170044605742,0.529893900917702,0.5784996463923209,0.5343513507875141,0.06469259509644172,0.17477604470628852,0.05271183414184781,0.07586377662668806
synthetic,TriMap,4,n_inliers,120.0,n_outliers,10.0,0.9018463941664381,0.6340030486602758,0.7153655330247761,0.5268460795688588,0.5724761514061673,0.6142019948387597,0.06490408489024155,0.2038389036017822,0.05235950597271247,0.07336610906572406
